id,purchase_id,product_name,hsn_code,quantity,price_at_purchase,gst_rate,total_amount
1,1,"ZEBRONICS ZEB-USB150WF1 WiFi USB Mini Adapter Supports 150 Mbps Wireless Data, Comes with Advan",85444220,38,259.96,18.0,9878.48
2,1,MI Braided USB Type-C Cable for Charging Adapter (Red),85444220,40,296.48,18.0,11859.2
3,1,Wayona Type C to Lightning MFI Certified 20W Fast charging Nylon Braided USB C Cable for iPhone,85444220,38,636.48,18.0,24186.24
4,1,Firestick Remote,84713010,44,1259.14,18.0,55402.16
5,1,AmazonBasics USB Type-C to USB Type-C 2.0 Cable - 3 Feet Laptop (0.9 Meters) - White,85444220,41,295.14,18.0,12100.74
6,1,VW 80 cm (32 inches) Frameless Series HD Ready LED TV VW32A (Black),84713010,31,6279.97,18.0,194679.07
7,1,Portronics Konnect L 1.2M Fast Charging 3A 8 Pin USB Cable with Charge & Sync Function for iPho,85444220,41,134.97,18.0,5533.77
8,1,"Wecool Unbreakable 3 in 1 Charging Cable with 3A Speed, Fast Charging Multi Purpose Cable 1.25 ",85444220,24,309.33,18.0,7423.92
9,1,"Flix (Beetel) Usb To Type C Pvc Data Sync And 2A 480Mbps Data Sync, Tough Fast Charging Long Ca",84713010,15,117.93,18.0,1768.95
10,1,"AmazonBasics USB 2.0 Cable - A-Male to B-Male - for Personal Computer, Printer- 6 Feet (1.8 Met",85444220,39,187.45,18.0,7310.55
11,1,"boAt Deuce USB 300 2 in 1 Type-C & Micro USB Stress Resistant, Sturdy Cable with 3A Fast Chargi",85444220,27,266.59,18.0,7197.93
12,1,"FLiX (Beetel USB to Micro USB PVC Data Sync & 2A Fast Charging Cable, Made in India, 480Mbps Da",85444220,36,50.19,18.0,1806.84
13,1,Mi 108 cm (43 inches) Full HD Android LED TV 4C | L43M6-INC (Black),84713010,47,17718.26,18.0,832758.22
14,1,AmazonBasics Micro USB Fast Charging Cable for Android Phones with Gold Plated Connectors (3 Fe,85444220,29,162.36,18.0,4708.44
15,1,"pTron Solero TB301 3A Type-C Data and Fast Charging Cable, Made in India, 480Mbps Data Sync, St",85444220,24,135.22,18.0,3245.28
16,2,TCL 100 cm (40 inches) Full HD Certified Android R Smart LED TV 40S6505 (Black),84713010,37,16743.35,18.0,619503.95
17,2,Amazon Basics USB Type-C to USB-A 2.0 Male Fast Charging Cable for Laptop - 3 Feet (0.9 Meters),85444220,28,190.7,18.0,5339.6
18,2,"Portronics Konnect L 20W PD Quick Charge Type-C to 8-Pin USB Mobile Charging Cable, 1.2M, Tangl",85444220,21,233.58,18.0,4905.18
19,2,AmazonBasics Micro USB Fast Charging Cable for Android Phones with Gold Plated Connectors (3 Fe,85444220,28,162.36,18.0,4546.08
20,2,"Amazonbasics Micro Usb Fast Charging Cable For Android Smartphone,Personal Computer,Printer Wit",85444220,40,171.95,18.0,6878.0
21,2,"Duracell USB Lightning Apple Certified (Mfi) Braided Sync & Charge Cable For Iphone, Ipad And I",85444220,48,822.98,18.0,39503.04
22,2,Wayona Nylon Braided USB to Lightning Fast Charging and Data Sync Cable Compatible for iPhone 1,85444220,15,360.09,18.0,5401.35
23,2,"Model-P4 6 Way Swivel Tilt Wall Mount 32-55-inch Full Motion Cantilever for LED,LCD and Plasma ",84713010,35,1418.39,18.0,49643.65
24,2,Redmi 80 cm (32 inches) Android 11 Series HD Ready Smart LED TV | L32M6-RA/L32M7-RA (Black),84713010,39,12353.05,18.0,481768.95
25,2,boAt Rugged v3 Extra Tough Unbreakable Braided Micro USB Cable 1.5 Meter (Black),85444220,34,259.0,18.0,8806.0
26,3,Portronics Konnect L 1.2M Fast Charging 3A 8 Pin USB Cable with Charge & Sync Function for iPho,85444220,20,134.97,18.0,2699.4
27,3,MI Braided USB Type-C Cable for Charging Adapter (Red),85444220,21,296.48,18.0,6226.08
28,3,"boAt A400 USB Type-C to USB-A 2.0 Male Data Cable, 2 Meter (Black)",85444220,38,266.95,18.0,10144.1
29,3,"TP-Link USB WiFi Adapter for PC(TL-WN725N), N150 Wireless Network Adapter for Desktop - Nano Si",85444220,25,429.66,18.0,10741.5
30,3,7SEVEN® Compatible for Samsung Smart 4K Ultra HD TV Monitor Remote Control Replacement of Origi,84713010,35,341.72,18.0,11960.2
31,3,"Gilary Multi Charging Cable, 3 in 1 Nylon Braided Fast Charging Cable for iPhone Micro USB Type",85444220,39,306.96,18.0,11971.44
32,3,Lapster 1.5 mtr USB 2.0 Type A Male to USB A Male Cable for computer and laptop,85444220,27,119.99,18.0,3239.73
33,3,"CEDO 65W OnePlus Dash Warp Charge Cable, USB A to Type C Data Sync Fast Charging Cable Compatib",85444220,40,309.66,18.0,12386.4
34,3,"Model-P4 6 Way Swivel Tilt Wall Mount 32-55-inch Full Motion Cantilever for LED,LCD and Plasma ",84713010,23,1418.39,18.0,32622.97
35,3,Samsung 80 cm (32 Inches) Wondertainment Series HD Ready LED Smart TV UA32T4340BKXXL (Glossy Bl,84713010,35,11694.88,18.0,409320.8
36,4,"Wecool Unbreakable 3 in 1 Charging Cable with 3A Speed, Fast Charging Multi Purpose Cable 1.25 ",85444220,15,309.33,18.0,4639.95
37,4,boAt Rugged v3 Extra Tough Unbreakable Braided Micro USB Cable 1.5 Meter (Black),85444220,50,259.0,18.0,12950.0
38,4,OnePlus 80 cm (32 inches) Y Series HD Ready Smart Android LED TV 32 Y1S (Black),84713010,27,14108.22,18.0,380921.94
39,4,SKYWALL 81.28 cm (32 inches) HD Ready Smart LED TV 32SWELS-PRO (Black),84713010,50,6237.94,18.0,311897.0
40,4,"boAt Micro USB 55 Tangle-free, Sturdy Micro USB Cable with 3A Fast Charging & 480mbps Data Tran",85444220,22,153.59,18.0,3378.98
41,4,AmazonBasics Micro USB Fast Charging Cable for Android Phones with Gold Plated Connectors (3 Fe,85444220,23,162.36,18.0,3734.28
42,4,"Sounce 65W OnePlus Dash Warp Charge Cable, 6.5A Type-C to USB C PD Data Sync Fast Charging Cabl",85444220,40,179.16,18.0,7166.4
43,4,Acer 80 cm (32 inches) N Series HD Ready TV AR32NSV53HD (Black),84713010,19,7178.24,18.0,136386.56
44,4,TP-Link Nano AC600 USB Wi-Fi Adapter(Archer T2U Nano)- 2.4G/5G Dual Band Wireless Network Adapt,85444220,50,881.15,18.0,44057.5
45,4,MI Braided USB Type-C Cable for Charging Adapter (Red),85444220,46,296.48,18.0,13638.08
46,4,"Duracell Type C To Type C 5A (100W) Braided Sync & Fast Charging Cable, 3.9 Feet (1.2M). USB C ",85444220,33,841.71,18.0,27776.43
47,4,"TP-Link USB WiFi Adapter for PC(TL-WN725N), N150 Wireless Network Adapter for Desktop - Nano Si",85444220,20,429.66,18.0,8593.2
48,4,Acer 80 cm (32 inches) I Series HD Ready Android Smart LED TV AR32AR2841HDFL (Black),84713010,35,10008.34,18.0,350291.9
49,4,"Ambrane Unbreakable 60W / 3A Fast Charging 1.5m Braided Type C to Type C Cable for Smartphones,",85444220,29,220.11,18.0,6383.19
50,4,7SEVEN® Compatible for Samsung Smart 4K Ultra HD TV Monitor Remote Control Replacement of Origi,84713010,49,341.72,18.0,16744.28
51,4,Tizum High Speed HDMI Cable with Ethernet | Supports 3D 4K | for All HDMI Devices Laptop Comput,85444220,38,171.72,18.0,6525.36
52,4,Lapster 1.5 mtr USB 2.0 Type A Male to USB A Male Cable for computer and laptop,85444220,42,119.99,18.0,5039.58
53,5,"Wayona Usb Nylon Braided Data Sync And Charging Cable For Iphone, Ipad Tablet (Red, Black)",85444220,28,347.81,18.0,9738.68
54,5,"boAt A 350 Type C Cable for Smartphone, Charging Adapter (1.5m, Carbon Black)",85444220,38,263.29,18.0,10005.02
55,5,TP-Link Nano AC600 USB Wi-Fi Adapter(Archer T2U Nano)- 2.4G/5G Dual Band Wireless Network Adapt,85444220,17,881.15,18.0,14979.55
56,5,"pTron Solero MB301 3A Micro USB Data & Charging Cable, Made in India, 480Mbps Data Sync, Strong",85444220,22,88.12,18.0,1938.64
57,5,"Portronics Konnect L 1.2Mtr, Fast Charging 3A Micro USB Cable with Charge & Sync Function (Grey",85444220,19,132.32,18.0,2514.08
58,5,OnePlus 108 cm (43 inches) Y Series 4K Ultra HD Smart Android LED TV 43Y1S Pro (Black),84713010,46,27018.16,18.0,1242835.36
59,5,"Sounce Fast Phone Charging Cable & Data Sync USB Cable Compatible for iPhone 13, 12,11, X, 8, 7",85444220,50,170.05,18.0,8502.5
60,5,Mi 108 cm (43 inches) Full HD Android LED TV 4C | L43M6-INC (Black),84713010,48,17718.26,18.0,850476.48
61,5,"AmazonBasics USB 2.0 Cable - A-Male to B-Male - for Personal Computer, Printer- 6 Feet (1.8 Met",85444220,31,187.45,18.0,5810.95
62,5,"boAt Type C A325 Tangle-free, Sturdy Type C Cable with 3A Rapid Charging & 480mbps Data Transmi",85444220,25,170.57,18.0,4264.25
63,5,"boAt Deuce USB 300 2 in 1 Type-C & Micro USB Stress Resistant, Sturdy Cable with 3A Fast Chargi",85444220,23,266.59,18.0,6131.57
64,5,"AmazonBasics USB 2.0 - A-Male to A-Female Extension Cable for Personal Computer, Printer (Black",85444220,48,170.83,18.0,8199.84
65,6,"Portronics Konnect L 1.2Mtr, Fast Charging 3A Micro USB Cable with Charge & Sync Function (Grey",85444220,25,132.32,18.0,3308.0
66,6,Redmi 80 cm (32 inches) Android 11 Series HD Ready Smart LED TV | L32M6-RA/L32M7-RA (Black),84713010,29,12353.05,18.0,358238.45
67,6,"AmazonBasics USB 2.0 - A-Male to A-Female Extension Cable for Personal Computer, Printer (Black",85444220,28,170.83,18.0,4783.24
68,6,Ambrane Unbreakable 3 in 1 Fast Charging Braided Multipurpose Cable for Speaker with 2.1 A Spee,85444220,30,254.5,18.0,7635.0
69,6,"boAt Micro USB 55 Tangle-free, Sturdy Micro USB Cable with 3A Fast Charging & 480mbps Data Tran",85444220,41,153.59,18.0,6297.19
70,6,"AmazonBasics USB 2.0 Cable - A-Male to B-Male - for Personal Computer, Printer- 6 Feet (1.8 Met",85444220,47,187.45,18.0,8810.15
71,6,"Wayona Nylon Braided 3A Lightning to USB A Syncing and Fast Charging Data Cable for iPhone, Ipa",85444220,33,361.67,18.0,11935.11
72,6,"Portronics Konnect L 20W PD Quick Charge Type-C to 8-Pin USB Mobile Charging Cable, 1.2M, Tangl",85444220,19,233.58,18.0,4438.02
73,6,"Gizga Essentials USB WiFi Adapter for PC, 150 Mbps Wireless Network Adapter for Desktop - Nano ",85444220,18,228.1,18.0,4105.8
74,6,Lapster USB 3.0 A to Micro B SuperSpeed for hard disk cable - short cable,85444220,35,169.29,18.0,5925.15
75,6,"Amazonbasics Micro Usb Fast Charging Cable For Android Smartphone,Personal Computer,Printer Wit",85444220,30,171.95,18.0,5158.5
76,6,OnePlus 80 cm (32 inches) Y Series HD Ready Smart Android LED TV 32 Y1S (Black),84713010,45,14108.22,18.0,634869.9
77,6,"FLiX (Beetel USB to Micro USB PVC Data Sync & 2A Fast Charging Cable, Made in India, 480Mbps Da",85444220,32,50.19,18.0,1606.08
78,6,"boAt Deuce USB 300 2 in 1 Type-C & Micro USB Stress Resistant, Tangle-Free, Sturdy Cable with 3",85444220,30,287.31,18.0,8619.3
79,6,OnePlus 108 cm (43 inches) Y Series Full HD Smart Android LED TV 43 Y1S (Black),84713010,34,21645.62,18.0,735951.08
80,6,"Lapster 65W compatible for OnePlus Dash Warp Charge Cable , type c to c cable fast charging Dat",85444220,32,177.73,18.0,5687.36
81,6,SKYWALL 81.28 cm (32 inches) HD Ready Smart LED TV 32SWELS-PRO (Black),84713010,39,6237.94,18.0,243279.66
82,6,AmazonBasics USB Type-C to USB Type-C 2.0 Cable - 3 Feet Laptop (0.9 Meters) - White,85444220,17,295.14,18.0,5017.38
83,6,"Ambrane 2 in 1 Type-C & Micro USB Cable with 60W / 3A Fast Charging, 480 mbps High Data, PD Tec",85444220,17,176.93,18.0,3007.81
84,6,"Duracell USB C To Lightning Apple Certified (Mfi) Braided Sync & Charge Cable For Iphone, Ipad ",85444220,32,822.95,18.0,26334.4
85,6,Mi 108 cm (43 inches) Full HD Android LED TV 4C | L43M6-INC (Black),84713010,20,17718.26,18.0,354365.2
86,6,"Amazonbasics Nylon Braided Usb-C To Lightning Cable, Fast Charging Mfi Certified Smartphone, Ip",85444220,44,770.95,18.0,33921.8
87,7,"pTron Solero TB301 3A Type-C Data and Fast Charging Cable, Made in India, 480Mbps Data Sync, St",85444220,34,135.22,18.0,4597.48
88,7,"Gizga Essentials USB WiFi Adapter for PC, 150 Mbps Wireless Network Adapter for Desktop - Nano ",85444220,45,228.1,18.0,10264.5
89,7,MI 80 cm (32 inches) 5A Series HD Ready Smart Android LED TV L32M7-5AIN (Black),84713010,26,12464.21,18.0,324069.46
90,7,Lapster USB 3.0 A to Micro B SuperSpeed for hard disk cable - short cable,85444220,30,169.29,18.0,5078.7
91,7,"Wecool Unbreakable 3 in 1 Charging Cable with 3A Speed, Fast Charging Multi Purpose Cable 1.25 ",85444220,20,309.33,18.0,6186.6
92,7,D-Link DWA-131 300 Mbps Wireless Nano USB Adapter (Black),85444220,37,443.51,18.0,16409.87
93,7,AmazonBasics USB Type-C to USB Type-C 2.0 Cable - 3 Feet Laptop (0.9 Meters) - White,85444220,48,295.14,18.0,14166.72
94,7,OnePlus 126 cm (50 inches) Y Series 4K Ultra HD Smart Android LED TV 50Y1S Pro (Black),84713010,34,29341.61,18.0,997614.74
95,7,Tizum High Speed HDMI Cable with Ethernet | Supports 3D 4K | for All HDMI Devices Laptop Comput,85444220,35,171.72,18.0,6010.2
96,7,SWAPKART Fast Charging Cable and Data Sync USB Cable Compatible for iPhone 6/6S/7/7+/8/8+/10/11,85444220,30,178.35,18.0,5350.5
97,7,"Portronics Konnect L 20W PD Quick Charge Type-C to 8-Pin USB Mobile Charging Cable, 1.2M, Tangl",85444220,50,233.58,18.0,11679.0
98,7,"Wayona Usb Nylon Braided Data Sync And Charging Cable For Iphone, Ipad Tablet (Red, Black)",85444220,15,347.81,18.0,5217.15
99,7,TCL 80 cm (32 inches) HD Ready Certified Android Smart LED TV 32S5205 (Black),84713010,34,9842.22,18.0,334635.48
100,7,"boAt Deuce USB 300 2 in 1 Type-C & Micro USB Stress Resistant, Sturdy Cable with 3A Fast Chargi",85444220,20,266.59,18.0,5331.8
101,7,"Model-P4 6 Way Swivel Tilt Wall Mount 32-55-inch Full Motion Cantilever for LED,LCD and Plasma ",84713010,37,1418.39,18.0,52480.43
102,7,Redmi 108 cm (43 inches) 4K Ultra HD Android Smart LED TV X43 | L43R7-7AIN (Black),84713010,42,23642.17,18.0,992971.14
103,7,"Flix (Beetel) Usb To Type C Pvc Data Sync And 2A 480Mbps Data Sync, Tough Fast Charging Long Ca",84713010,39,117.93,18.0,4599.27
104,7,"Ambrane Unbreakable 60W / 3A Fast Charging 1.5m Braided Micro USB Cable for Smartphones, Tablet",85444220,26,179.11,18.0,4656.86
105,8,"Ambrane Unbreakable 60W / 3A Fast Charging 1.5m Braided Type C Cable for Smartphones, Tablets, ",85444220,38,174.35,18.0,6625.3
106,8,"Airtel DigitalTV DTH Television, Setup Box Remote Compatible for SD and HD Recording (Black)",84713010,21,156.06,18.0,3277.26
107,8,"Duracell USB C To Lightning Apple Certified (Mfi) Braided Sync & Charge Cable For Iphone, Ipad ",85444220,19,822.95,18.0,15636.05
108,8,Acer 80 cm (32 inches) N Series HD Ready TV AR32NSV53HD (Black),84713010,30,7178.24,18.0,215347.2
109,8,"Amazonbasics Nylon Braided Usb-C To Lightning Cable, Fast Charging Mfi Certified Smartphone, Ip",85444220,17,770.95,18.0,13106.15
110,8,"boAt A400 USB Type-C to USB-A 2.0 Male Data Cable, 2 Meter (Black)",85444220,25,266.95,18.0,6673.75
111,8,Portronics Konnect L 1.2M POR-1401 Fast Charging 3A 8 Pin USB Cable with Charge & Sync Function,85444220,49,135.13,18.0,6621.37
112,8,Samsung 108 cm (43 inches) Crystal 4K Neo Series Ultra HD Smart LED TV UA43AUE65AKXXL (Black),84713010,27,28757.97,18.0,776465.19
113,8,"Gizga Essentials USB WiFi Adapter for PC, 150 Mbps Wireless Network Adapter for Desktop - Nano ",85444220,29,228.1,18.0,6614.9
114,8,"Sounce 65W OnePlus Dash Warp Charge Cable, 6.5A Type-C to USB C PD Data Sync Fast Charging Cabl",85444220,30,179.16,18.0,5374.8
115,8,"Lapster 65W compatible for OnePlus Dash Warp Charge Cable , type c to c cable fast charging Dat",85444220,45,177.73,18.0,7997.85
116,8,OnePlus 126 cm (50 inches) Y Series 4K Ultra HD Smart Android LED TV 50Y1S Pro (Black),84713010,44,29341.61,18.0,1291030.84
117,8,"AmazonBasics New Release Nylon USB-A to Lightning Cable Cord, Fast Charging MFi Certified Charg",85444220,37,678.87,18.0,25118.19
118,8,Ambrane Unbreakable 3 in 1 Fast Charging Braided Multipurpose Cable for Speaker with 2.1 A Spee,85444220,30,254.5,18.0,7635.0
119,8,"Sounce Fast Phone Charging Cable & Data Sync USB Cable Compatible for iPhone 13, 12,11, X, 8, 7",85444220,30,170.05,18.0,5101.5
120,8,"Amazon Basics High-Speed HDMI Cable, 6 Feet - Supports Ethernet, 3D, 4K video,Black",85444220,26,270.44,18.0,7031.44
121,9,"Wayona Nylon Braided (2 Pack) Lightning Fast Usb Data Cable Fast Charger Cord For Iphone, Ipad ",85444220,21,574.4,18.0,12062.4
122,9,OnePlus 108 cm (43 inches) Y Series 4K Ultra HD Smart Android LED TV 43Y1S Pro (Black),84713010,49,27018.16,18.0,1323889.84
123,9,"Portronics Konnect L 20W PD Quick Charge Type-C to 8-Pin USB Mobile Charging Cable, 1.2M, Tangl",85444220,17,233.58,18.0,3970.86
124,9,AmazonBasics USB Type-C to USB Type-C 2.0 Cable - 3 Feet Laptop (0.9 Meters) - White,85444220,20,295.14,18.0,5902.8
125,9,VW 80 cm (32 inches) Frameless Series HD Ready LED TV VW32A (Black),84713010,22,6279.97,18.0,138159.34
126,9,"Ambrane Unbreakable 3A Fast Charging Braided Type C Cable    1.5 Meter (RCT15, Blue) Supports Q",85444220,36,176.06,18.0,6338.16
127,9,"CEDO 65W OnePlus Dash Warp Charge Cable, USB A to Type C Data Sync Fast Charging Cable Compatib",85444220,32,309.66,18.0,9909.12
128,9,"Ambrane Unbreakable 60W / 3A Fast Charging 1.5m Braided Type C to Type C Cable for Smartphones,",85444220,43,220.11,18.0,9464.73
129,9,Zoul USB C 60W Fast Charging 3A 6ft/2M Long Type C Nylon Braided Data Cable Quick Charger Cable,85444220,17,330.12,18.0,5612.04
130,9,"Model-P4 6 Way Swivel Tilt Wall Mount 32-55-inch Full Motion Cantilever for LED,LCD and Plasma ",84713010,17,1418.39,18.0,24112.63
131,10,Wayona Usb Type C Fast Charger Cable Fast Charging Usb C Cable/Cord Compatible For Samsung Gala,85444220,45,279.35,18.0,12570.75
132,10,OnePlus 108 cm (43 inches) Y Series 4K Ultra HD Smart Android LED TV 43Y1S Pro (Black),84713010,41,27018.16,18.0,1107744.56
133,10,Acer 80 cm (32 inches) N Series HD Ready TV AR32NSV53HD (Black),84713010,34,7178.24,18.0,244060.16
134,10,Acer 80 cm (32 inches) I Series HD Ready Android Smart LED TV AR32AR2841HDFL (Black),84713010,45,10008.34,18.0,450375.3
135,10,Ambrane Unbreakable 3 in 1 Fast Charging Braided Multipurpose Cable for Speaker with 2.1 A Spee,85444220,32,254.5,18.0,8144.0
136,10,"Duracell USB C To Lightning Apple Certified (Mfi) Braided Sync & Charge Cable For Iphone, Ipad ",85444220,26,822.95,18.0,21396.7
137,10,"tizum HDMI to VGA Adapter Cable 1080P for Projector, Computer, Laptop, TV, Projectors & TV",85444220,36,239.87,18.0,8635.32
138,10,TCL 100 cm (40 inches) Full HD Certified Android R Smart LED TV 40S6505 (Black),84713010,41,16743.35,18.0,686477.35
139,10,Mi 108 cm (43 inches) Full HD Android LED TV 4C | L43M6-INC (Black),84713010,37,17718.26,18.0,655575.62
140,10,Portronics Konnect L POR-1081 Fast Charging 3A Type-C Cable 1.2Meter with Charge & Sync Functio,85444220,23,134.7,18.0,3098.1
141,10,Flix Micro Usb Cable For Smartphone (Black),85444220,22,51.54,18.0,1133.88
142,10,"boAt Micro USB 55 Tangle-free, Sturdy Micro USB Cable with 3A Fast Charging & 480mbps Data Tran",85444220,17,153.59,18.0,2611.03
143,10,"Ambrane 2 in 1 Type-C & Micro USB Cable with 60W / 3A Fast Charging, 480 mbps High Data, PD Tec",85444220,41,176.93,18.0,7254.13
144,10,"boAt Type C A325 Tangle-free, Sturdy Type C Cable with 3A Rapid Charging & 480mbps Data Transmi",85444220,25,170.57,18.0,4264.25
145,10,AmazonBasics Micro USB Fast Charging Cable for Android Phones with Gold Plated Connectors (3 Fe,85444220,38,162.36,18.0,6169.68
146,10,Samsung 108 cm (43 inches) Crystal 4K Series Ultra HD Smart LED TV UA43AUE60AKLXL (Black),84713010,48,26340.22,18.0,1264330.56
147,10,"Amazonbasics Nylon Braided Usb-C To Lightning Cable, Fast Charging Mfi Certified Smartphone, Ip",85444220,38,770.95,18.0,29296.1
148,10,"Amazon Basics High-Speed HDMI Cable, 6 Feet (2-Pack),Black",85444220,27,264.76,18.0,7148.52
149,10,"Airtel DigitalTV DTH Television, Setup Box Remote Compatible for SD and HD Recording (Black)",84713010,44,156.06,18.0,6866.64
150,10,boAt Rugged v3 Extra Tough Unbreakable Braided Micro USB Cable 1.5 Meter (Black),85444220,40,259.0,18.0,10360.0
151,10,"pTron Solero TB301 3A Type-C Data and Fast Charging Cable, Made in India, 480Mbps Data Sync, St",85444220,44,135.22,18.0,5949.68
152,10,"Lapster 65W compatible for OnePlus Dash Warp Charge Cable , type c to c cable fast charging Dat",85444220,35,177.73,18.0,6220.55
153,10,OnePlus 80 cm (32 inches) Y Series HD Ready LED Smart Android TV 32Y1 (Black),84713010,42,13015.39,18.0,546646.38
154,11,"Amazon Basics High-Speed HDMI Cable, 6 Feet (2-Pack),Black",85444220,27,264.76,18.0,7148.52
155,11,MI Usb Type-C Cable Smartphone (Black),85444220,45,204.43,18.0,9199.35
156,11,SKYWALL 81.28 cm (32 inches) HD Ready Smart LED TV 32SWELS-PRO (Black),84713010,18,6237.94,18.0,112282.92
157,11,Acer 127 cm (50 inches) I Series 4K Ultra HD Android Smart LED TV AR50AR2851UDFL (Black),84713010,40,23913.02,18.0,956520.8
158,11,"boAt A 350 Type C Cable for Smartphone, Charging Adapter (1.5m, Carbon Black)",85444220,21,263.29,18.0,5529.09
159,11,7SEVEN® Compatible for Samsung Smart 4K Ultra HD TV Monitor Remote Control Replacement of Origi,84713010,29,341.72,18.0,9909.88
160,11,"Amazonbasics Micro Usb Fast Charging Cable For Android Smartphone,Personal Computer,Printer Wit",85444220,36,171.95,18.0,6190.2
161,11,OnePlus 108 cm (43 inches) Y Series Full HD Smart Android LED TV 43 Y1S (Black),84713010,23,21645.62,18.0,497849.26
162,11,"Ambrane Unbreakable 60W / 3A Fast Charging 1.5m Braided Type C Cable for Smartphones, Tablets, ",85444220,48,174.35,18.0,8368.8
163,11,Lapster USB 3.0 A to Micro B SuperSpeed for hard disk cable - short cable,85444220,40,169.29,18.0,6771.6
164,11,OnePlus 108 cm (43 inches) Y Series 4K Ultra HD Smart Android LED TV 43Y1S Pro (Black),84713010,38,27018.16,18.0,1026690.08
165,11,Tata Sky Universal Remote,84713010,37,204.52,18.0,7567.24
166,11,"AmazonBasics USB 2.0 Cable - A-Male to B-Male - for Personal Computer, Printer- 6 Feet (1.8 Met",85444220,31,187.45,18.0,5810.95
167,11,"Portronics Konnect L 20W PD Quick Charge Type-C to 8-Pin USB Mobile Charging Cable, 1.2M, Tangl",85444220,44,233.58,18.0,10277.52
168,11,Samsung 108 cm (43 inches) Crystal 4K Series Ultra HD Smart LED TV UA43AUE60AKLXL (Black),84713010,40,26340.22,18.0,1053608.8
169,11,AmazonBasics Micro USB Fast Charging Cable for Android Phones with Gold Plated Connectors (3 Fe,85444220,48,162.36,18.0,7793.28
170,11,"oraimo 65W Type C to C Fast Charging Cable USB C to USB C Cable High Speed Syncing, Nylon Braid",85444220,25,301.24,18.0,7531.0
171,11,Lapster 1.5 mtr USB 2.0 Type A Male to USB A Male Cable for computer and laptop,85444220,33,119.99,18.0,3959.67
172,11,"boAt A400 USB Type-C to USB-A 2.0 Male Data Cable, 2 Meter (Black)",85444220,25,266.95,18.0,6673.75
173,11,"Ambrane Unbreakable 3A Fast Charging Braided Type C Cable    1.5 Meter (RCT15, Blue) Supports Q",85444220,42,176.06,18.0,7394.52
174,12,"Pinnaclz Original Combo of 2 Micro USB Fast Charging Cable, USB Charging Cable for Data Transfe",85444220,35,102.44,18.0,3585.4
175,12,SKYWALL 81.28 cm (32 inches) HD Ready Smart LED TV 32SWELS-PRO (Black),84713010,43,6237.94,18.0,268231.42
176,12,Samsung 80 cm (32 Inches) Wondertainment Series HD Ready LED Smart TV UA32T4340BKXXL (Glossy Bl,84713010,40,11694.88,18.0,467795.2
177,12,"Amazon Basics High-Speed HDMI Cable, 6 Feet (2-Pack),Black",85444220,31,264.76,18.0,8207.56
178,12,"AmazonBasics Flexible Premium HDMI Cable (Black, 4K@60Hz, 18Gbps), 3-Foot",85444220,33,195.71,18.0,6458.43
179,12,"tizum HDMI to VGA Adapter Cable 1080P for Projector, Computer, Laptop, TV, Projectors & TV",85444220,37,239.87,18.0,8875.19
180,12,LG 80 cm (32 inches) HD Ready Smart LED TV 32LM563BPTC (Dark Iron Gray),84713010,34,11542.16,18.0,392433.44
181,12,"Wecool Unbreakable 3 in 1 Charging Cable with 3A Speed, Fast Charging Multi Purpose Cable 1.25 ",85444220,23,309.33,18.0,7114.59
182,12,Redmi 108 cm (43 inches) 4K Ultra HD Android Smart LED TV X43 | L43R7-7AIN (Black),84713010,46,23642.17,18.0,1087539.82
183,12,"Ambrane 60W / 3A Type C Fast Charging Unbreakable 1.5m L Shaped Braided Cable, PD Technology, 4",85444220,25,162.69,18.0,4067.25
184,12,"Amazonbasics Nylon Braided Usb-C To Lightning Cable, Fast Charging Mfi Certified Smartphone, Ip",85444220,18,770.95,18.0,13877.1
185,12,TCL 80 cm (32 inches) HD Ready Certified Android Smart LED TV 32S5205 (Black),84713010,23,9842.22,18.0,226371.06
186,12,"Samsung Original Type C to C Cable - 3.28 Feet (1 Meter), White",85444220,29,517.68,18.0,15012.72
187,12,MI Braided USB Type-C Cable for Charging Adapter (Red),85444220,38,296.48,18.0,11266.24
188,12,Samsung 108 cm (43 inches) Crystal 4K Series Ultra HD Smart LED TV UA43AUE60AKLXL (Black),84713010,38,26340.22,18.0,1000928.36
189,12,Portronics Konnect L 1.2M POR-1401 Fast Charging 3A 8 Pin USB Cable with Charge & Sync Function,85444220,19,135.13,18.0,2567.47
190,12,Wayona Usb Type C Fast Charger Cable Fast Charging Usb C Cable/Cord Compatible For Samsung Gala,85444220,30,279.35,18.0,8380.5
191,12,"boAt Deuce USB 300 2 in 1 Type-C & Micro USB Stress Resistant, Sturdy Cable with 3A Fast Chargi",85444220,34,266.59,18.0,9064.06
192,12,Ambrane Unbreakable 3 in 1 Fast Charging Braided Multipurpose Cable for Speaker with 2.1 A Spee,85444220,19,254.5,18.0,4835.5
193,12,Mi 108 cm (43 inches) Full HD Android LED TV 4C | L43M6-INC (Black),84713010,41,17718.26,18.0,726448.66
194,12,TP-Link Nano AC600 USB Wi-Fi Adapter(Archer T2U Nano)- 2.4G/5G Dual Band Wireless Network Adapt,85444220,49,881.15,18.0,43176.35
195,13,TP-LINK WiFi Dongle 300 Mbps Mini Wireless Network USB Wi-Fi Adapter for PC Desktop Laptop(Supp,85444220,32,575.21,18.0,18406.72
196,13,Firestick Remote,84713010,49,1259.14,18.0,61697.86
197,13,Samsung 80 cm (32 Inches) Wondertainment Series HD Ready LED Smart TV UA32T4340BKXXL (Glossy Bl,84713010,45,11694.88,18.0,526269.6
198,13,Ambrane Unbreakable 3 in 1 Fast Charging Braided Multipurpose Cable for Speaker with 2.1 A Spee,85444220,50,254.5,18.0,12725.0
199,13,"FLiX (Beetel USB to Micro USB PVC Data Sync & 2A Fast Charging Cable, Made in India, 480Mbps Da",85444220,50,50.19,18.0,2509.5
200,13,MI Usb Type-C Cable Smartphone (Black),85444220,31,204.43,18.0,6337.33
201,13,"Amazon Basics High-Speed HDMI Cable, 6 Feet - Supports Ethernet, 3D, 4K video,Black",85444220,36,270.44,18.0,9735.84
202,13,"Ambrane 60W / 3A Type C Fast Charging Unbreakable 1.5m L Shaped Braided Cable, PD Technology, 4",85444220,18,162.69,18.0,2928.42
203,13,"Samsung Original Type C to C Cable - 3.28 Feet (1 Meter), White",85444220,21,517.68,18.0,10871.28
204,13,"Gizga Essentials USB WiFi Adapter for PC, 150 Mbps Wireless Network Adapter for Desktop - Nano ",85444220,27,228.1,18.0,6158.7
205,14,"Amazonbasics Nylon Braided Usb-C To Lightning Cable, Fast Charging Mfi Certified Smartphone, Ip",85444220,30,770.95,18.0,23128.5
206,14,Acer 80 cm (32 inches) N Series HD Ready TV AR32NSV53HD (Black),84713010,47,7178.24,18.0,337377.28
207,14,"Wayona Nylon Braided 3A Lightning to USB A Syncing and Fast Charging Data Cable for iPhone, Ipa",85444220,40,361.67,18.0,14466.8
208,14,Tata Sky Universal Remote,84713010,17,204.52,18.0,3476.84
209,14,SWAPKART Fast Charging Cable and Data Sync USB Cable Compatible for iPhone 6/6S/7/7+/8/8+/10/11,85444220,42,178.35,18.0,7490.7
210,14,TCL 80 cm (32 inches) HD Ready Certified Android Smart LED TV 32S5205 (Black),84713010,32,9842.22,18.0,314951.04
211,14,VW 80 cm (32 inches) Frameless Series HD Ready LED TV VW32A (Black),84713010,36,6279.97,18.0,226078.92
212,14,"Duracell Type C To Type C 5A (100W) Braided Sync & Fast Charging Cable, 3.9 Feet (1.2M). USB C ",85444220,37,841.71,18.0,31143.27
213,14,"Sounce 65W OnePlus Dash Warp Charge Cable, 6.5A Type-C to USB C PD Data Sync Fast Charging Cabl",85444220,44,179.16,18.0,7883.04
214,14,Portronics Konnect L 1.2M Fast Charging 3A 8 Pin USB Cable with Charge & Sync Function for iPho,85444220,46,134.97,18.0,6208.62
215,14,"Gilary Multi Charging Cable, 3 in 1 Nylon Braided Fast Charging Cable for iPhone Micro USB Type",85444220,35,306.96,18.0,10743.6
216,14,"AmazonBasics New Release Nylon USB-A to Lightning Cable Cord, Fast Charging MFi Certified Charg",85444220,45,678.87,18.0,30549.15
217,14,"Ambrane Unbreakable 60W / 3A Fast Charging 1.5m Braided Type C to Type C Cable for Smartphones,",85444220,29,220.11,18.0,6383.19
218,14,OnePlus 80 cm (32 inches) Y Series HD Ready LED Smart Android TV 32Y1 (Black),84713010,19,13015.39,18.0,247292.41
219,14,"boAt Micro USB 55 Tangle-free, Sturdy Micro USB Cable with 3A Fast Charging & 480mbps Data Tran",85444220,31,153.59,18.0,4761.29
220,14,TP-Link UE300 USB 3.0 to RJ45 Gigabit Ethernet Network Adapter - Plug and Play,84713010,37,937.01,18.0,34669.37
221,14,Mi 108 cm (43 inches) Full HD Android LED TV 4C | L43M6-INC (Black),84713010,42,17718.26,18.0,744166.92
222,14,Samsung 108 cm (43 inches) Crystal 4K Series Ultra HD Smart LED TV UA43AUE60AKLXL (Black),84713010,26,26340.22,18.0,684845.72
223,14,"LOHAYA Remote Compatible for Mi Smart LED TV 4A Remote Control (32""/43"") [ Compatible for Mi Tv",84713010,36,221.25,18.0,7965.0
224,14,"Airtel DigitalTV DTH Television, Setup Box Remote Compatible for SD and HD Recording (Black)",84713010,45,156.06,18.0,7022.7
225,14,boAt Rugged v3 Extra Tough Unbreakable Braided Micro USB Cable 1.5 Meter (Black),85444220,35,259.0,18.0,9065.0
226,14,"AmazonBasics USB 2.0 - A-Male to A-Female Extension Cable for Personal Computer, Printer (Black",85444220,34,170.83,18.0,5808.22
227,14,Flix Micro Usb Cable For Smartphone (Black),85444220,27,51.54,18.0,1391.58
228,14,TCL 100 cm (40 inches) Full HD Certified Android R Smart LED TV 40S6505 (Black),84713010,43,16743.35,18.0,719964.05
229,14,"Amazon Basics High-Speed HDMI Cable, 6 Feet - Supports Ethernet, 3D, 4K video,Black",85444220,31,270.44,18.0,8383.64
230,15,Flix Micro Usb Cable For Smartphone (Black),85444220,15,51.54,18.0,773.1
231,15,"Gizga Essentials USB WiFi Adapter for PC, 150 Mbps Wireless Network Adapter for Desktop - Nano ",85444220,49,228.1,18.0,11176.9
232,15,AmazonBasics Micro USB Fast Charging Cable for Android Phones with Gold Plated Connectors (3 Fe,85444220,25,162.36,18.0,4059.0
233,15,OnePlus 108 cm (43 inches) Y Series 4K Ultra HD Smart Android LED TV 43Y1S Pro (Black),84713010,19,27018.16,18.0,513345.04
234,15,OnePlus 126 cm (50 inches) Y Series 4K Ultra HD Smart Android LED TV 50Y1S Pro (Black),84713010,25,29341.61,18.0,733540.25
235,15,"AmazonBasics New Release Nylon USB-A to Lightning Cable Cord, Fast Charging MFi Certified Charg",85444220,17,678.87,18.0,11540.79
236,15,"Wayona Usb Nylon Braided Data Sync And Charging Cable For Iphone, Ipad Tablet (Red, Black)",85444220,50,347.81,18.0,17390.5
237,15,"TP-Link USB WiFi Adapter for PC(TL-WN725N), N150 Wireless Network Adapter for Desktop - Nano Si",85444220,36,429.66,18.0,15467.76
238,15,"Amazonbasics Micro Usb Fast Charging Cable For Android Smartphone,Personal Computer,Printer Wit",85444220,25,171.95,18.0,4298.75
239,15,Wayona Nylon Braided USB to Lightning Fast Charging and Data Sync Cable Compatible for iPhone 1,85444220,32,360.09,18.0,11522.88
240,15,Acer 80 cm (32 inches) N Series HD Ready TV AR32NSV53HD (Black),84713010,29,7178.24,18.0,208168.96
241,15,"boAt Deuce USB 300 2 in 1 Type-C & Micro USB Stress Resistant, Tangle-Free, Sturdy Cable with 3",85444220,49,287.31,18.0,14078.19
242,15,TP-LINK WiFi Dongle 300 Mbps Mini Wireless Network USB Wi-Fi Adapter for PC Desktop Laptop(Supp,85444220,25,575.21,18.0,14380.25
243,15,boAt Rugged v3 Extra Tough Unbreakable Braided Micro USB Cable 1.5 Meter (Black),85444220,18,259.0,18.0,4662.0
244,15,"Samsung Original Type C to C Cable - 3.28 Feet (1 Meter), White",85444220,42,517.68,18.0,21742.56
245,15,"Ambrane Unbreakable 60W / 3A Fast Charging 1.5m Braided Type C to Type C Cable for Smartphones,",85444220,21,220.11,18.0,4622.31
246,15,"Airtel DigitalTV DTH Television, Setup Box Remote Compatible for SD and HD Recording (Black)",84713010,15,156.06,18.0,2340.9
247,15,"Amazon Basics High-Speed HDMI Cable, 6 Feet - Supports Ethernet, 3D, 4K video,Black",85444220,22,270.44,18.0,5949.68
248,16,AmazonBasics USB Type-C to USB Type-C 2.0 Cable - 3 Feet Laptop (0.9 Meters) - White,85444220,46,295.14,18.0,13576.44
249,16,"Wecool Nylon Braided Multifunction Fast Charging Cable For Android Smartphone, Ios And Type C U",85444220,48,282.43,18.0,13556.64
250,16,"Duracell USB Lightning Apple Certified (Mfi) Braided Sync & Charge Cable For Iphone, Ipad And I",85444220,32,822.98,18.0,26335.36
251,16,Firestick Remote,84713010,16,1259.14,18.0,20146.24
252,16,Mi 108 cm (43 inches) Full HD Android LED TV 4C | L43M6-INC (Black),84713010,33,17718.26,18.0,584702.58
253,16,"Sounce Fast Phone Charging Cable & Data Sync USB Cable Compatible for iPhone 13, 12,11, X, 8, 7",85444220,48,170.05,18.0,8162.4
254,16,"Ambrane 60W / 3A Fast Charging Output Cable with Type-C to USB for Mobile, Neckband, True Wirel",85444220,43,153.46,18.0,6598.78
255,16,MI Usb Type-C Cable Smartphone (Black),85444220,32,204.43,18.0,6541.76
256,16,"Gilary Multi Charging Cable, 3 in 1 Nylon Braided Fast Charging Cable for iPhone Micro USB Type",85444220,33,306.96,18.0,10129.68
257,16,"ZEBRONICS ZEB-USB150WF1 WiFi USB Mini Adapter Supports 150 Mbps Wireless Data, Comes with Advan",85444220,24,259.96,18.0,6239.04
258,16,7SEVEN® Compatible for Samsung Smart 4K Ultra HD TV Monitor Remote Control Replacement of Origi,84713010,46,341.72,18.0,15719.12
259,16,"Duracell USB C To Lightning Apple Certified (Mfi) Braided Sync & Charge Cable For Iphone, Ipad ",85444220,50,822.95,18.0,41147.5
260,16,"FLiX (Beetel USB to Micro USB PVC Data Sync & 2A Fast Charging Cable, Made in India, 480Mbps Da",85444220,44,50.19,18.0,2208.36
261,16,"AmazonBasics USB 2.0 - A-Male to A-Female Extension Cable for Personal Computer, Printer (Black",85444220,20,170.83,18.0,3416.6
262,16,"Portronics Konnect L 1.2Mtr, Fast Charging 3A Micro USB Cable with Charge & Sync Function (Grey",85444220,45,132.32,18.0,5954.4
263,16,OnePlus 108 cm (43 inches) Y Series 4K Ultra HD Smart Android LED TV 43Y1S Pro (Black),84713010,29,27018.16,18.0,783526.64
264,16,VW 80 cm (32 inches) Frameless Series HD Ready LED TV VW32A (Black),84713010,21,6279.97,18.0,131879.37
265,16,OnePlus 108 cm (43 inches) Y Series Full HD Smart Android LED TV 43 Y1S (Black),84713010,41,21645.62,18.0,887470.42
266,16,Wayona Nylon Braided USB to Lightning Fast Charging and Data Sync Cable Compatible for iPhone 1,85444220,49,360.09,18.0,17644.41
267,17,"Ambrane Unbreakable 60W / 3A Fast Charging 1.5m Braided Micro USB Cable for Smartphones, Tablet",85444220,37,179.11,18.0,6627.07
268,17,"Amazon Basics High-Speed HDMI Cable, 6 Feet (2-Pack),Black",85444220,20,264.76,18.0,5295.2
269,17,"boAt Type C A325 Tangle-free, Sturdy Type C Cable with 3A Rapid Charging & 480mbps Data Transmi",85444220,26,170.57,18.0,4434.82
270,17,Ambrane Unbreakable 3 in 1 Fast Charging Braided Multipurpose Cable for Speaker with 2.1 A Spee,85444220,32,254.5,18.0,8144.0
271,17,Flix Micro Usb Cable For Smartphone (Black),85444220,42,51.54,18.0,2164.68
272,17,Samsung 108 cm (43 inches) Crystal 4K Series Ultra HD Smart LED TV UA43AUE60AKLXL (Black),84713010,15,26340.22,18.0,395103.3
273,17,Portronics Konnect L 1.2M Fast Charging 3A 8 Pin USB Cable with Charge & Sync Function for iPho,85444220,29,134.97,18.0,3914.13
274,17,"Wayona Usb Nylon Braided Data Sync And Charging Cable For Iphone, Ipad Tablet (Red, Black)",85444220,47,347.81,18.0,16347.07
275,17,"oraimo 65W Type C to C Fast Charging Cable USB C to USB C Cable High Speed Syncing, Nylon Braid",85444220,19,301.24,18.0,5723.56
276,17,Wayona Type C to Lightning MFI Certified 20W Fast charging Nylon Braided USB C Cable for iPhone,85444220,17,636.48,18.0,10820.16
277,17,"Ambrane Unbreakable 60W / 3A Fast Charging 1.5m Braided Type C to Type C Cable for Smartphones,",85444220,22,220.11,18.0,4842.42
278,17,LG 80 cm (32 inches) HD Ready Smart LED TV 32LM563BPTC (Dark Iron Gray),84713010,20,11542.16,18.0,230843.2
279,17,"LOHAYA Remote Compatible for Mi Smart LED TV 4A Remote Control (32""/43"") [ Compatible for Mi Tv",84713010,40,221.25,18.0,8850.0
280,18,"AmazonBasics New Release Nylon USB-A to Lightning Cable Cord, Fast Charging MFi Certified Charg",85444220,15,678.87,18.0,10183.05
281,18,"TP-Link USB WiFi Adapter for PC(TL-WN725N), N150 Wireless Network Adapter for Desktop - Nano Si",85444220,49,429.66,18.0,21053.34
282,18,"boAt Deuce USB 300 2 in 1 Type-C & Micro USB Stress Resistant, Tangle-Free, Sturdy Cable with 3",85444220,47,287.31,18.0,13503.57
283,18,"Samsung Original Type C to C Cable - 3.28 Feet (1 Meter), White",85444220,24,517.68,18.0,12424.32
284,18,AmazonBasics USB Type-C to USB Type-C 2.0 Cable - 3 Feet Laptop (0.9 Meters) - White,85444220,31,295.14,18.0,9149.34
285,18,Wayona Usb Type C Fast Charger Cable Fast Charging Usb C Cable/Cord Compatible For Samsung Gala,85444220,46,279.35,18.0,12850.1
286,18,"boAt Micro USB 55 Tangle-free, Sturdy Micro USB Cable with 3A Fast Charging & 480mbps Data Tran",85444220,25,153.59,18.0,3839.75
287,18,"Lapster 65W compatible for OnePlus Dash Warp Charge Cable , type c to c cable fast charging Dat",85444220,35,177.73,18.0,6220.55
288,18,TCL 80 cm (32 inches) HD Ready Certified Android Smart LED TV 32S5205 (Black),84713010,18,9842.22,18.0,177159.96
289,18,Redmi 108 cm (43 inches) 4K Ultra HD Android Smart LED TV X43 | L43R7-7AIN (Black),84713010,48,23642.17,18.0,1134824.16
290,18,"Amazonbasics Nylon Braided Usb-C To Lightning Cable, Fast Charging Mfi Certified Smartphone, Ip",85444220,24,770.95,18.0,18502.8
291,18,"Amazon Basics High-Speed HDMI Cable, 6 Feet (2-Pack),Black",85444220,50,264.76,18.0,13238.0
292,18,"Ambrane Unbreakable 3A Fast Charging Braided Type C Cable    1.5 Meter (RCT15, Blue) Supports Q",85444220,25,176.06,18.0,4401.5
293,18,LG 80 cm (32 inches) HD Ready Smart LED TV 32LM563BPTC (Dark Iron Gray),84713010,45,11542.16,18.0,519397.2
294,18,"Duracell Type C To Type C 5A (100W) Braided Sync & Fast Charging Cable, 3.9 Feet (1.2M). USB C ",85444220,15,841.71,18.0,12625.65
295,18,"AmazonBasics USB 2.0 - A-Male to A-Female Extension Cable for Personal Computer, Printer (Black",85444220,27,170.83,18.0,4612.41
296,18,"Ambrane 2 in 1 Type-C & Micro USB Cable with 60W / 3A Fast Charging, 480 mbps High Data, PD Tec",85444220,41,176.93,18.0,7254.13
297,18,"tizum HDMI to VGA Adapter Cable 1080P for Projector, Computer, Laptop, TV, Projectors & TV",85444220,17,239.87,18.0,4077.79
298,18,"Wayona Nylon Braided 3A Lightning to USB A Syncing and Fast Charging Data Cable for iPhone, Ipa",85444220,45,361.67,18.0,16275.15
299,18,"LOHAYA Remote Compatible for Mi Smart LED TV 4A Remote Control (32""/43"") [ Compatible for Mi Tv",84713010,50,221.25,18.0,11062.5
300,18,Wayona Type C to Lightning MFI Certified 20W Fast charging Nylon Braided USB C Cable for iPhone,85444220,43,636.48,18.0,27368.64
301,18,"Gizga Essentials USB WiFi Adapter for PC, 150 Mbps Wireless Network Adapter for Desktop - Nano ",85444220,43,228.1,18.0,9808.3
302,18,"ZEBRONICS ZEB-USB150WF1 WiFi USB Mini Adapter Supports 150 Mbps Wireless Data, Comes with Advan",85444220,50,259.96,18.0,12998.0
303,18,TCL 100 cm (40 inches) Full HD Certified Android R Smart LED TV 40S6505 (Black),84713010,20,16743.35,18.0,334867.0
304,19,"Lapster 65W compatible for OnePlus Dash Warp Charge Cable , type c to c cable fast charging Dat",85444220,43,177.73,18.0,7642.39
305,19,OnePlus 80 cm (32 inches) Y Series HD Ready LED Smart Android TV 32Y1 (Black),84713010,26,13015.39,18.0,338400.14
306,19,D-Link DWA-131 300 Mbps Wireless Nano USB Adapter (Black),85444220,46,443.51,18.0,20401.46
307,19,"Ambrane Unbreakable 60W / 3A Fast Charging 1.5m Braided Type C Cable for Smartphones, Tablets, ",85444220,17,174.35,18.0,2963.95
308,19,Zoul USB C 60W Fast Charging 3A 6ft/2M Long Type C Nylon Braided Data Cable Quick Charger Cable,85444220,27,330.12,18.0,8913.24
309,19,"Airtel DigitalTV DTH Television, Setup Box Remote Compatible for SD and HD Recording (Black)",84713010,37,156.06,18.0,5774.22
310,19,"Amazonbasics Nylon Braided Usb-C To Lightning Cable, Fast Charging Mfi Certified Smartphone, Ip",85444220,30,770.95,18.0,23128.5
311,19,"Ambrane 60W / 3A Type C Fast Charging Unbreakable 1.5m L Shaped Braided Cable, PD Technology, 4",85444220,27,162.69,18.0,4392.63
312,19,Wayona Usb Type C Fast Charger Cable Fast Charging Usb C Cable/Cord Compatible For Samsung Gala,85444220,33,279.35,18.0,9218.55
313,19,"Amazon Basics High-Speed HDMI Cable, 6 Feet - Supports Ethernet, 3D, 4K video,Black",85444220,24,270.44,18.0,6490.56
314,19,"boAt A400 USB Type-C to USB-A 2.0 Male Data Cable, 2 Meter (Black)",85444220,29,266.95,18.0,7741.55
315,19,Wayona Nylon Braided USB to Lightning Fast Charging and Data Sync Cable Compatible for iPhone 1,85444220,33,360.09,18.0,11882.97
316,19,"AmazonBasics New Release Nylon USB-A to Lightning Cable Cord, Fast Charging MFi Certified Charg",85444220,23,678.87,18.0,15614.01
317,19,TP-Link Nano AC600 USB Wi-Fi Adapter(Archer T2U Nano)- 2.4G/5G Dual Band Wireless Network Adapt,85444220,18,881.15,18.0,15860.7
318,19,"Portronics Konnect L 1.2Mtr, Fast Charging 3A Micro USB Cable with Charge & Sync Function (Grey",85444220,48,132.32,18.0,6351.36
319,19,"boAt Micro USB 55 Tangle-free, Sturdy Micro USB Cable with 3A Fast Charging & 480mbps Data Tran",85444220,24,153.59,18.0,3686.16
320,19,MI Usb Type-C Cable Smartphone (Black),85444220,21,204.43,18.0,4293.03
321,19,Amazon Basics USB Type-C to USB-A 2.0 Male Fast Charging Cable for Laptop - 3 Feet (0.9 Meters),85444220,30,190.7,18.0,5721.0
322,20,"ZEBRONICS ZEB-USB150WF1 WiFi USB Mini Adapter Supports 150 Mbps Wireless Data, Comes with Advan",85444220,17,259.96,18.0,4419.32
323,20,OnePlus 108 cm (43 inches) Y Series Full HD Smart Android LED TV 43 Y1S (Black),84713010,31,21645.62,18.0,671014.22
324,20,LG 80 cm (32 inches) HD Ready Smart LED TV 32LM563BPTC (Dark Iron Gray),84713010,39,11542.16,18.0,450144.24
325,20,Flix Micro Usb Cable For Smartphone (Black),85444220,40,51.54,18.0,2061.6
326,20,"Sounce Fast Phone Charging Cable & Data Sync USB Cable Compatible for iPhone 13, 12,11, X, 8, 7",85444220,41,170.05,18.0,6972.05
327,20,Redmi 108 cm (43 inches) 4K Ultra HD Android Smart LED TV X43 | L43R7-7AIN (Black),84713010,21,23642.17,18.0,496485.57
328,20,"Samsung Original Type C to C Cable - 3.28 Feet (1 Meter), White",85444220,34,517.68,18.0,17601.12
329,20,TCL 80 cm (32 inches) HD Ready Certified Android Smart LED TV 32S5205 (Black),84713010,22,9842.22,18.0,216528.84
330,20,7SEVEN® Compatible for Samsung Smart 4K Ultra HD TV Monitor Remote Control Replacement of Origi,84713010,28,341.72,18.0,9568.16
331,20,SKYWALL 81.28 cm (32 inches) HD Ready Smart LED TV 32SWELS-PRO (Black),84713010,38,6237.94,18.0,237041.72
332,20,Lapster 1.5 mtr USB 2.0 Type A Male to USB A Male Cable for computer and laptop,85444220,30,119.99,18.0,3599.7
333,20,"Wayona Nylon Braided (2 Pack) Lightning Fast Usb Data Cable Fast Charger Cord For Iphone, Ipad ",85444220,45,574.4,18.0,25848.0
334,20,"boAt Type C A325 Tangle-free, Sturdy Type C Cable with 3A Rapid Charging & 480mbps Data Transmi",85444220,39,170.57,18.0,6652.23
335,20,"boAt A400 USB Type-C to USB-A 2.0 Male Data Cable, 2 Meter (Black)",85444220,32,266.95,18.0,8542.4
336,20,Portronics Konnect L 1.2M POR-1401 Fast Charging 3A 8 Pin USB Cable with Charge & Sync Function,85444220,21,135.13,18.0,2837.73
337,20,"CEDO 65W OnePlus Dash Warp Charge Cable, USB A to Type C Data Sync Fast Charging Cable Compatib",85444220,49,309.66,18.0,15173.34
338,20,Acer 80 cm (32 inches) N Series HD Ready TV AR32NSV53HD (Black),84713010,40,7178.24,18.0,287129.6
339,20,"Wayona Usb Nylon Braided Data Sync And Charging Cable For Iphone, Ipad Tablet (Red, Black)",85444220,22,347.81,18.0,7651.82
340,21,AmazonBasics USB Type-C to USB Type-C 2.0 Cable - 3 Feet Laptop (0.9 Meters) - White,85444220,22,295.14,18.0,6493.08
341,21,Acer 80 cm (32 inches) I Series HD Ready Android Smart LED TV AR32AR2841HDFL (Black),84713010,42,10008.34,18.0,420350.28
342,21,Acer 127 cm (50 inches) I Series 4K Ultra HD Android Smart LED TV AR50AR2851UDFL (Black),84713010,48,23913.02,18.0,1147824.96
343,21,LG 80 cm (32 inches) HD Ready Smart LED TV 32LM563BPTC (Dark Iron Gray),84713010,18,11542.16,18.0,207758.88
344,21,"Ambrane Unbreakable 3A Fast Charging Braided Type C Cable    1.5 Meter (RCT15, Blue) Supports Q",85444220,21,176.06,18.0,3697.26
345,21,TP-Link UE300 USB 3.0 to RJ45 Gigabit Ethernet Network Adapter - Plug and Play,84713010,26,937.01,18.0,24362.26
346,21,"oraimo 65W Type C to C Fast Charging Cable USB C to USB C Cable High Speed Syncing, Nylon Braid",85444220,22,301.24,18.0,6627.28
347,21,MI Braided USB Type-C Cable for Charging Adapter (Red),85444220,50,296.48,18.0,14824.0
348,21,Firestick Remote,84713010,50,1259.14,18.0,62957.0
349,21,"pTron Solero MB301 3A Micro USB Data & Charging Cable, Made in India, 480Mbps Data Sync, Strong",85444220,49,88.12,18.0,4317.88
350,21,MI 80 cm (32 inches) 5A Series HD Ready Smart Android LED TV L32M7-5AIN (Black),84713010,43,12464.21,18.0,535961.03
351,21,"Ambrane Unbreakable 60W / 3A Fast Charging 1.5m Braided Type C Cable for Smartphones, Tablets, ",85444220,33,174.35,18.0,5753.55
352,21,"boAt Micro USB 55 Tangle-free, Sturdy Micro USB Cable with 3A Fast Charging & 480mbps Data Tran",85444220,30,153.59,18.0,4607.7
353,21,"AmazonBasics New Release Nylon USB-A to Lightning Cable Cord, Fast Charging MFi Certified Charg",85444220,31,678.87,18.0,21044.97
354,21,"Sounce 65W OnePlus Dash Warp Charge Cable, 6.5A Type-C to USB C PD Data Sync Fast Charging Cabl",85444220,24,179.16,18.0,4299.84
355,21,"Amazonbasics Micro Usb Fast Charging Cable For Android Smartphone,Personal Computer,Printer Wit",85444220,20,171.95,18.0,3439.0
356,21,"Duracell USB Lightning Apple Certified (Mfi) Braided Sync & Charge Cable For Iphone, Ipad And I",85444220,21,822.98,18.0,17282.58
357,21,"AmazonBasics Flexible Premium HDMI Cable (Black, 4K@60Hz, 18Gbps), 3-Foot",85444220,36,195.71,18.0,7045.56
358,21,Lapster 1.5 mtr USB 2.0 Type A Male to USB A Male Cable for computer and laptop,85444220,26,119.99,18.0,3119.74
359,21,"Wayona Usb Nylon Braided Data Sync And Charging Cable For Iphone, Ipad Tablet (Red, Black)",85444220,28,347.81,18.0,9738.68
360,21,"Lapster 65W compatible for OnePlus Dash Warp Charge Cable , type c to c cable fast charging Dat",85444220,18,177.73,18.0,3199.14
361,21,Wayona Type C to Lightning MFI Certified 20W Fast charging Nylon Braided USB C Cable for iPhone,85444220,27,636.48,18.0,17184.96
362,21,"tizum HDMI to VGA Adapter Cable 1080P for Projector, Computer, Laptop, TV, Projectors & TV",85444220,40,239.87,18.0,9594.8
363,21,"Amazon Basics High-Speed HDMI Cable, 6 Feet (2-Pack),Black",85444220,35,264.76,18.0,9266.6
364,22,Portronics Konnect L 1.2M Fast Charging 3A 8 Pin USB Cable with Charge & Sync Function for iPho,85444220,42,134.97,18.0,5668.74
365,22,Samsung 108 cm (43 inches) Crystal 4K Series Ultra HD Smart LED TV UA43AUE60AKLXL (Black),84713010,17,26340.22,18.0,447783.74
366,22,"Gizga Essentials USB WiFi Adapter for PC, 150 Mbps Wireless Network Adapter for Desktop - Nano ",85444220,43,228.1,18.0,9808.3
367,22,TP-Link Nano AC600 USB Wi-Fi Adapter(Archer T2U Nano)- 2.4G/5G Dual Band Wireless Network Adapt,85444220,36,881.15,18.0,31721.4
368,22,"Pinnaclz Original Combo of 2 Micro USB Fast Charging Cable, USB Charging Cable for Data Transfe",85444220,20,102.44,18.0,2048.8
369,22,"Model-P4 6 Way Swivel Tilt Wall Mount 32-55-inch Full Motion Cantilever for LED,LCD and Plasma ",84713010,36,1418.39,18.0,51062.04
370,22,TCL 100 cm (40 inches) Full HD Certified Android R Smart LED TV 40S6505 (Black),84713010,27,16743.35,18.0,452070.45
371,22,TCL 80 cm (32 inches) HD Ready Certified Android Smart LED TV 32S5205 (Black),84713010,39,9842.22,18.0,383846.58
372,22,OnePlus 80 cm (32 inches) Y Series HD Ready LED Smart Android TV 32Y1 (Black),84713010,35,13015.39,18.0,455538.65
373,22,"ZEBRONICS ZEB-USB150WF1 WiFi USB Mini Adapter Supports 150 Mbps Wireless Data, Comes with Advan",85444220,31,259.96,18.0,8058.76
374,22,"Amazonbasics Micro Usb Fast Charging Cable For Android Smartphone,Personal Computer,Printer Wit",85444220,37,171.95,18.0,6362.15
375,22,MI 80 cm (32 inches) 5A Series HD Ready Smart Android LED TV L32M7-5AIN (Black),84713010,28,12464.21,18.0,348997.88
376,22,Wayona Type C to Lightning MFI Certified 20W Fast charging Nylon Braided USB C Cable for iPhone,85444220,28,636.48,18.0,17821.44
377,22,"Ambrane Unbreakable 60W / 3A Fast Charging 1.5m Braided Type C Cable for Smartphones, Tablets, ",85444220,15,174.35,18.0,2615.25
378,22,Acer 80 cm (32 inches) I Series HD Ready Android Smart LED TV AR32AR2841HDFL (Black),84713010,47,10008.34,18.0,470391.98
379,22,SWAPKART Fast Charging Cable and Data Sync USB Cable Compatible for iPhone 6/6S/7/7+/8/8+/10/11,85444220,29,178.35,18.0,5172.15
380,22,OnePlus 108 cm (43 inches) Y Series Full HD Smart Android LED TV 43 Y1S (Black),84713010,32,21645.62,18.0,692659.84
381,22,Lapster 1.5 mtr USB 2.0 Type A Male to USB A Male Cable for computer and laptop,85444220,26,119.99,18.0,3119.74
382,22,TP-LINK WiFi Dongle 300 Mbps Mini Wireless Network USB Wi-Fi Adapter for PC Desktop Laptop(Supp,85444220,16,575.21,18.0,9203.36
383,22,Wayona Nylon Braided USB to Lightning Fast Charging and Data Sync Cable Compatible for iPhone 1,85444220,48,360.09,18.0,17284.32
384,22,"Ambrane Unbreakable 60W / 3A Fast Charging 1.5m Braided Type C to Type C Cable for Smartphones,",85444220,49,220.11,18.0,10785.39
385,23,"pTron Solero MB301 3A Micro USB Data & Charging Cable, Made in India, 480Mbps Data Sync, Strong",85444220,43,88.12,18.0,3789.16
386,23,Samsung 108 cm (43 inches) Crystal 4K Neo Series Ultra HD Smart LED TV UA43AUE65AKXXL (Black),84713010,16,28757.97,18.0,460127.52
387,23,AmazonBasics Micro USB Fast Charging Cable for Android Phones with Gold Plated Connectors (3 Fe,85444220,46,162.36,18.0,7468.56
388,23,TCL 80 cm (32 inches) HD Ready Certified Android Smart LED TV 32S5205 (Black),84713010,37,9842.22,18.0,364162.14
389,23,Redmi 80 cm (32 inches) Android 11 Series HD Ready Smart LED TV | L32M6-RA/L32M7-RA (Black),84713010,39,12353.05,18.0,481768.95
390,23,Lapster USB 3.0 A to Micro B SuperSpeed for hard disk cable - short cable,85444220,19,169.29,18.0,3216.51
391,23,Portronics Konnect CL 20W POR-1067 Type-C to 8 Pin USB 1.2M Cable with Power Delivery & 3A Quic,85444220,33,307.7,18.0,10154.1
392,23,Acer 80 cm (32 inches) I Series HD Ready Android Smart LED TV AR32AR2841HDFL (Black),84713010,22,10008.34,18.0,220183.48
393,23,Wayona Nylon Braided USB to Lightning Fast Charging and Data Sync Cable Compatible for iPhone 1,85444220,50,360.09,18.0,18004.5
394,23,OnePlus 80 cm (32 inches) Y Series HD Ready LED Smart Android TV 32Y1 (Black),84713010,45,13015.39,18.0,585692.55
395,23,"Duracell USB C To Lightning Apple Certified (Mfi) Braided Sync & Charge Cable For Iphone, Ipad ",85444220,29,822.95,18.0,23865.55
396,23,"ZEBRONICS ZEB-USB150WF1 WiFi USB Mini Adapter Supports 150 Mbps Wireless Data, Comes with Advan",85444220,33,259.96,18.0,8578.68
397,23,Acer 127 cm (50 inches) I Series 4K Ultra HD Android Smart LED TV AR50AR2851UDFL (Black),84713010,43,23913.02,18.0,1028259.86
398,23,MI Braided USB Type-C Cable for Charging Adapter (Red),85444220,37,296.48,18.0,10969.76
399,23,Mi 108 cm (43 inches) Full HD Android LED TV 4C | L43M6-INC (Black),84713010,29,17718.26,18.0,513829.54
400,23,OnePlus 108 cm (43 inches) Y Series 4K Ultra HD Smart Android LED TV 43Y1S Pro (Black),84713010,34,27018.16,18.0,918617.44
401,23,D-Link DWA-131 300 Mbps Wireless Nano USB Adapter (Black),85444220,45,443.51,18.0,19957.95
402,23,"boAt A 350 Type C Cable for Smartphone, Charging Adapter (1.5m, Carbon Black)",85444220,32,263.29,18.0,8425.28
403,23,Tizum High Speed HDMI Cable with Ethernet | Supports 3D 4K | for All HDMI Devices Laptop Comput,85444220,36,171.72,18.0,6181.92
404,23,Portronics Konnect L POR-1081 Fast Charging 3A Type-C Cable 1.2Meter with Charge & Sync Functio,85444220,48,134.7,18.0,6465.6
405,23,"boAt A400 USB Type-C to USB-A 2.0 Male Data Cable, 2 Meter (Black)",85444220,45,266.95,18.0,12012.75
406,23,"pTron Solero TB301 3A Type-C Data and Fast Charging Cable, Made in India, 480Mbps Data Sync, St",85444220,33,135.22,18.0,4462.26
407,24,Wayona Usb Type C Fast Charger Cable Fast Charging Usb C Cable/Cord Compatible For Samsung Gala,85444220,31,279.35,18.0,8659.85
408,24,Portronics Konnect CL 20W POR-1067 Type-C to 8 Pin USB 1.2M Cable with Power Delivery & 3A Quic,85444220,32,307.7,18.0,9846.4
409,24,"Samsung Original Type C to C Cable - 3.28 Feet (1 Meter), White",85444220,27,517.68,18.0,13977.36
410,24,VW 80 cm (32 inches) Frameless Series HD Ready LED TV VW32A (Black),84713010,18,6279.97,18.0,113039.46
411,24,Redmi 80 cm (32 inches) Android 11 Series HD Ready Smart LED TV | L32M6-RA/L32M7-RA (Black),84713010,28,12353.05,18.0,345885.4
412,24,OnePlus 108 cm (43 inches) Y Series 4K Ultra HD Smart Android LED TV 43Y1S Pro (Black),84713010,33,27018.16,18.0,891599.28
413,24,"AmazonBasics USB 2.0 Cable - A-Male to B-Male - for Personal Computer, Printer- 6 Feet (1.8 Met",85444220,37,187.45,18.0,6935.65
414,24,"AmazonBasics USB 2.0 - A-Male to A-Female Extension Cable for Personal Computer, Printer (Black",85444220,40,170.83,18.0,6833.2
415,24,"Airtel DigitalTV DTH Television, Setup Box Remote Compatible for SD and HD Recording (Black)",84713010,34,156.06,18.0,5306.04
416,24,"CEDO 65W OnePlus Dash Warp Charge Cable, USB A to Type C Data Sync Fast Charging Cable Compatib",85444220,29,309.66,18.0,8980.14
417,25,"ZEBRONICS ZEB-USB150WF1 WiFi USB Mini Adapter Supports 150 Mbps Wireless Data, Comes with Advan",85444220,46,259.96,18.0,11958.16
418,25,TCL 80 cm (32 inches) HD Ready Certified Android Smart LED TV 32S5205 (Black),84713010,42,9842.22,18.0,413373.24
419,25,"Wecool Nylon Braided Multifunction Fast Charging Cable For Android Smartphone, Ios And Type C U",85444220,17,282.43,18.0,4801.31
420,25,"Ambrane 60W / 3A Fast Charging Output Cable with Type-C to USB for Mobile, Neckband, True Wirel",85444220,32,153.46,18.0,4910.72
421,25,"boAt A400 USB Type-C to USB-A 2.0 Male Data Cable, 2 Meter (Black)",85444220,32,266.95,18.0,8542.4
422,25,"Wayona Usb Nylon Braided Data Sync And Charging Cable For Iphone, Ipad Tablet (Red, Black)",85444220,32,347.81,18.0,11129.92
423,25,Wayona Nylon Braided USB to Lightning Fast Charging and Data Sync Cable Compatible for iPhone 1,85444220,24,360.09,18.0,8642.16
424,25,Acer 80 cm (32 inches) N Series HD Ready TV AR32NSV53HD (Black),84713010,18,7178.24,18.0,129208.32
425,25,D-Link DWA-131 300 Mbps Wireless Nano USB Adapter (Black),85444220,40,443.51,18.0,17740.4
426,25,"Model-P4 6 Way Swivel Tilt Wall Mount 32-55-inch Full Motion Cantilever for LED,LCD and Plasma ",84713010,46,1418.39,18.0,65245.94
427,25,"TP-Link USB WiFi Adapter for PC(TL-WN725N), N150 Wireless Network Adapter for Desktop - Nano Si",85444220,38,429.66,18.0,16327.08
428,25,OnePlus 108 cm (43 inches) Y Series Full HD Smart Android LED TV 43 Y1S (Black),84713010,19,21645.62,18.0,411266.78
429,25,"Ambrane 2 in 1 Type-C & Micro USB Cable with 60W / 3A Fast Charging, 480 mbps High Data, PD Tec",85444220,46,176.93,18.0,8138.78
430,25,Mi 108 cm (43 inches) Full HD Android LED TV 4C | L43M6-INC (Black),84713010,45,17718.26,18.0,797321.7
431,25,"Sounce 65W OnePlus Dash Warp Charge Cable, 6.5A Type-C to USB C PD Data Sync Fast Charging Cabl",85444220,15,179.16,18.0,2687.4
432,25,"AmazonBasics USB 2.0 - A-Male to A-Female Extension Cable for Personal Computer, Printer (Black",85444220,33,170.83,18.0,5637.39
433,25,"Gizga Essentials USB WiFi Adapter for PC, 150 Mbps Wireless Network Adapter for Desktop - Nano ",85444220,28,228.1,18.0,6386.8
434,25,VW 80 cm (32 inches) Frameless Series HD Ready LED TV VW32A (Black),84713010,19,6279.97,18.0,119319.43
435,25,"boAt Type C A750 Stress Resistant, Tangle-free, Sturdy Flat Cable with 6.5A Fast Charging & 480",85444220,49,338.19,18.0,16571.31
436,25,"Duracell Type C To Type C 5A (100W) Braided Sync & Fast Charging Cable, 3.9 Feet (1.2M). USB C ",85444220,42,841.71,18.0,35351.82
437,25,"Ambrane Unbreakable 60W / 3A Fast Charging 1.5m Braided Type C to Type C Cable for Smartphones,",85444220,36,220.11,18.0,7923.96
438,25,"Ambrane Unbreakable 3A Fast Charging Braided Type C Cable    1.5 Meter (RCT15, Blue) Supports Q",85444220,49,176.06,18.0,8626.94
439,26,"FLiX (Beetel USB to Micro USB PVC Data Sync & 2A Fast Charging Cable, Made in India, 480Mbps Da",85444220,49,50.19,18.0,2459.31
440,26,"boAt A 350 Type C Cable for Smartphone, Charging Adapter (1.5m, Carbon Black)",85444220,38,263.29,18.0,10005.02
441,26,Redmi 80 cm (32 inches) Android 11 Series HD Ready Smart LED TV | L32M6-RA/L32M7-RA (Black),84713010,25,12353.05,18.0,308826.25
442,26,Acer 80 cm (32 inches) N Series HD Ready TV AR32NSV53HD (Black),84713010,22,7178.24,18.0,157921.28
443,26,VW 80 cm (32 inches) Frameless Series HD Ready LED TV VW32A (Black),84713010,22,6279.97,18.0,138159.34
444,26,"ZEBRONICS ZEB-USB150WF1 WiFi USB Mini Adapter Supports 150 Mbps Wireless Data, Comes with Advan",85444220,18,259.96,18.0,4679.28
445,26,"Wayona Nylon Braided (2 Pack) Lightning Fast Usb Data Cable Fast Charger Cord For Iphone, Ipad ",85444220,48,574.4,18.0,27571.2
446,26,"pTron Solero TB301 3A Type-C Data and Fast Charging Cable, Made in India, 480Mbps Data Sync, St",85444220,30,135.22,18.0,4056.6
447,26,Portronics Konnect L 1.2M Fast Charging 3A 8 Pin USB Cable with Charge & Sync Function for iPho,85444220,34,134.97,18.0,4588.98
448,26,"Samsung Original Type C to C Cable - 3.28 Feet (1 Meter), White",85444220,37,517.68,18.0,19154.16
449,26,"Wayona Usb Nylon Braided Data Sync And Charging Cable For Iphone, Ipad Tablet (Red, Black)",85444220,22,347.81,18.0,7651.82
450,26,MI 80 cm (32 inches) 5A Series HD Ready Smart Android LED TV L32M7-5AIN (Black),84713010,27,12464.21,18.0,336533.67
451,26,"tizum HDMI to VGA Adapter Cable 1080P for Projector, Computer, Laptop, TV, Projectors & TV",85444220,27,239.87,18.0,6476.49
452,26,OnePlus 108 cm (43 inches) Y Series Full HD Smart Android LED TV 43 Y1S (Black),84713010,46,21645.62,18.0,995698.52
453,26,"boAt Micro USB 55 Tangle-free, Sturdy Micro USB Cable with 3A Fast Charging & 480mbps Data Tran",85444220,19,153.59,18.0,2918.21
454,26,"AmazonBasics USB 2.0 Cable - A-Male to B-Male - for Personal Computer, Printer- 6 Feet (1.8 Met",85444220,29,187.45,18.0,5436.05
455,26,"Ambrane Unbreakable 60W / 3A Fast Charging 1.5m Braided Type C to Type C Cable for Smartphones,",85444220,15,220.11,18.0,3301.65
456,26,D-Link DWA-131 300 Mbps Wireless Nano USB Adapter (Black),85444220,25,443.51,18.0,11087.75
457,26,"LOHAYA Remote Compatible for Mi Smart LED TV 4A Remote Control (32""/43"") [ Compatible for Mi Tv",84713010,34,221.25,18.0,7522.5
458,26,"Duracell Type C To Type C 5A (100W) Braided Sync & Fast Charging Cable, 3.9 Feet (1.2M). USB C ",85444220,36,841.71,18.0,30301.56
459,27,Ambrane Unbreakable 3 in 1 Fast Charging Braided Multipurpose Cable for Speaker with 2.1 A Spee,85444220,45,254.5,18.0,11452.5
460,27,SWAPKART Fast Charging Cable and Data Sync USB Cable Compatible for iPhone 6/6S/7/7+/8/8+/10/11,85444220,30,178.35,18.0,5350.5
461,27,"Portronics Konnect L 1.2Mtr, Fast Charging 3A Micro USB Cable with Charge & Sync Function (Grey",85444220,17,132.32,18.0,2249.44
462,27,SKYWALL 81.28 cm (32 inches) HD Ready Smart LED TV 32SWELS-PRO (Black),84713010,50,6237.94,18.0,311897.0
463,27,Tata Sky Universal Remote,84713010,42,204.52,18.0,8589.84
464,27,"Gizga Essentials USB WiFi Adapter for PC, 150 Mbps Wireless Network Adapter for Desktop - Nano ",85444220,47,228.1,18.0,10720.7
465,27,"oraimo 65W Type C to C Fast Charging Cable USB C to USB C Cable High Speed Syncing, Nylon Braid",85444220,36,301.24,18.0,10844.64
466,27,TCL 100 cm (40 inches) Full HD Certified Android R Smart LED TV 40S6505 (Black),84713010,49,16743.35,18.0,820424.15
467,27,"boAt A400 USB Type-C to USB-A 2.0 Male Data Cable, 2 Meter (Black)",85444220,16,266.95,18.0,4271.2
468,27,"Wecool Nylon Braided Multifunction Fast Charging Cable For Android Smartphone, Ios And Type C U",85444220,36,282.43,18.0,10167.48
469,27,"Ambrane Unbreakable 60W / 3A Fast Charging 1.5m Braided Micro USB Cable for Smartphones, Tablet",85444220,17,179.11,18.0,3044.87
470,27,Tizum High Speed HDMI Cable with Ethernet | Supports 3D 4K | for All HDMI Devices Laptop Comput,85444220,25,171.72,18.0,4293.0
471,27,"boAt Micro USB 55 Tangle-free, Sturdy Micro USB Cable with 3A Fast Charging & 480mbps Data Tran",85444220,34,153.59,18.0,5222.06
472,27,Lapster 1.5 mtr USB 2.0 Type A Male to USB A Male Cable for computer and laptop,85444220,31,119.99,18.0,3719.69
473,27,Portronics Konnect CL 20W POR-1067 Type-C to 8 Pin USB 1.2M Cable with Power Delivery & 3A Quic,85444220,37,307.7,18.0,11384.9
474,27,"AmazonBasics USB 2.0 - A-Male to A-Female Extension Cable for Personal Computer, Printer (Black",85444220,46,170.83,18.0,7858.18
475,27,"Duracell USB C To Lightning Apple Certified (Mfi) Braided Sync & Charge Cable For Iphone, Ipad ",85444220,33,822.95,18.0,27157.35
476,27,"Wayona Usb Nylon Braided Data Sync And Charging Cable For Iphone, Ipad Tablet (Red, Black)",85444220,21,347.81,18.0,7304.01
477,27,TP-LINK WiFi Dongle 300 Mbps Mini Wireless Network USB Wi-Fi Adapter for PC Desktop Laptop(Supp,85444220,17,575.21,18.0,9778.57
478,27,"AmazonBasics New Release Nylon USB-A to Lightning Cable Cord, Fast Charging MFi Certified Charg",85444220,22,678.87,18.0,14935.14
479,27,"Sounce 65W OnePlus Dash Warp Charge Cable, 6.5A Type-C to USB C PD Data Sync Fast Charging Cabl",85444220,49,179.16,18.0,8778.84
480,27,"pTron Solero MB301 3A Micro USB Data & Charging Cable, Made in India, 480Mbps Data Sync, Strong",85444220,32,88.12,18.0,2819.84
481,27,TCL 80 cm (32 inches) HD Ready Certified Android Smart LED TV 32S5205 (Black),84713010,47,9842.22,18.0,462584.34
482,28,Amazon Basics USB Type-C to USB-A 2.0 Male Fast Charging Cable for Laptop - 3 Feet (0.9 Meters),85444220,47,190.7,18.0,8962.9
483,28,MI 80 cm (32 inches) 5A Series HD Ready Smart Android LED TV L32M7-5AIN (Black),84713010,35,12464.21,18.0,436247.35
484,28,"CEDO 65W OnePlus Dash Warp Charge Cable, USB A to Type C Data Sync Fast Charging Cable Compatib",85444220,15,309.66,18.0,4644.9
485,28,boAt Rugged v3 Extra Tough Unbreakable Braided Micro USB Cable 1.5 Meter (Black),85444220,49,259.0,18.0,12691.0
486,28,"boAt Deuce USB 300 2 in 1 Type-C & Micro USB Stress Resistant, Tangle-Free, Sturdy Cable with 3",85444220,42,287.31,18.0,12067.02
487,28,Acer 80 cm (32 inches) N Series HD Ready TV AR32NSV53HD (Black),84713010,16,7178.24,18.0,114851.84
488,28,"boAt Type C A325 Tangle-free, Sturdy Type C Cable with 3A Rapid Charging & 480mbps Data Transmi",85444220,35,170.57,18.0,5969.95
489,28,"Pinnaclz Original Combo of 2 Micro USB Fast Charging Cable, USB Charging Cable for Data Transfe",85444220,22,102.44,18.0,2253.68
490,28,Tizum High Speed HDMI Cable with Ethernet | Supports 3D 4K | for All HDMI Devices Laptop Comput,85444220,23,171.72,18.0,3949.56
491,28,"Ambrane 2 in 1 Type-C & Micro USB Cable with 60W / 3A Fast Charging, 480 mbps High Data, PD Tec",85444220,15,176.93,18.0,2653.95
492,29,TCL 80 cm (32 inches) HD Ready Certified Android Smart LED TV 32S5205 (Black),84713010,36,9842.22,18.0,354319.92
493,29,"Amazonbasics Nylon Braided Usb-C To Lightning Cable, Fast Charging Mfi Certified Smartphone, Ip",85444220,34,770.95,18.0,26212.3
494,29,"Ambrane 60W / 3A Fast Charging Output Cable with Type-C to USB for Mobile, Neckband, True Wirel",85444220,50,153.46,18.0,7673.0
495,29,"boAt Type C A325 Tangle-free, Sturdy Type C Cable with 3A Rapid Charging & 480mbps Data Transmi",85444220,16,170.57,18.0,2729.12
496,29,"Wecool Unbreakable 3 in 1 Charging Cable with 3A Speed, Fast Charging Multi Purpose Cable 1.25 ",85444220,50,309.33,18.0,15466.5
497,29,"boAt A400 USB Type-C to USB-A 2.0 Male Data Cable, 2 Meter (Black)",85444220,46,266.95,18.0,12279.7
498,29,"Wecool Nylon Braided Multifunction Fast Charging Cable For Android Smartphone, Ios And Type C U",85444220,48,282.43,18.0,13556.64
499,29,"Duracell USB Lightning Apple Certified (Mfi) Braided Sync & Charge Cable For Iphone, Ipad And I",85444220,42,822.98,18.0,34565.16
500,29,"pTron Solero MB301 3A Micro USB Data & Charging Cable, Made in India, 480Mbps Data Sync, Strong",85444220,42,88.12,18.0,3701.04
501,29,Zoul USB C 60W Fast Charging 3A 6ft/2M Long Type C Nylon Braided Data Cable Quick Charger Cable,85444220,24,330.12,18.0,7922.88
502,29,MI Braided USB Type-C Cable for Charging Adapter (Red),85444220,16,296.48,18.0,4743.68
503,29,"Amazon Basics High-Speed HDMI Cable, 6 Feet (2-Pack),Black",85444220,39,264.76,18.0,10325.64
504,29,Redmi 108 cm (43 inches) 4K Ultra HD Android Smart LED TV X43 | L43R7-7AIN (Black),84713010,25,23642.17,18.0,591054.25
505,29,"Portronics Konnect L 20W PD Quick Charge Type-C to 8-Pin USB Mobile Charging Cable, 1.2M, Tangl",85444220,42,233.58,18.0,9810.36
506,29,"AmazonBasics New Release Nylon USB-A to Lightning Cable Cord, Fast Charging MFi Certified Charg",85444220,40,678.87,18.0,27154.8
507,29,AmazonBasics USB Type-C to USB Type-C 2.0 Cable - 3 Feet Laptop (0.9 Meters) - White,85444220,40,295.14,18.0,11805.6
508,29,"Gilary Multi Charging Cable, 3 in 1 Nylon Braided Fast Charging Cable for iPhone Micro USB Type",85444220,19,306.96,18.0,5832.24
509,29,"CEDO 65W OnePlus Dash Warp Charge Cable, USB A to Type C Data Sync Fast Charging Cable Compatib",85444220,35,309.66,18.0,10838.1
510,29,"Amazonbasics Micro Usb Fast Charging Cable For Android Smartphone,Personal Computer,Printer Wit",85444220,45,171.95,18.0,7737.75
511,29,"Ambrane Unbreakable 3A Fast Charging Braided Type C Cable    1.5 Meter (RCT15, Blue) Supports Q",85444220,37,176.06,18.0,6514.22
512,29,Samsung 108 cm (43 inches) Crystal 4K Neo Series Ultra HD Smart LED TV UA43AUE65AKXXL (Black),84713010,47,28757.97,18.0,1351624.59
513,29,"TP-Link USB WiFi Adapter for PC(TL-WN725N), N150 Wireless Network Adapter for Desktop - Nano Si",85444220,25,429.66,18.0,10741.5
514,30,"Pinnaclz Original Combo of 2 Micro USB Fast Charging Cable, USB Charging Cable for Data Transfe",85444220,18,102.44,18.0,1843.92
515,30,OnePlus 108 cm (43 inches) Y Series Full HD Smart Android LED TV 43 Y1S (Black),84713010,25,21645.62,18.0,541140.5
516,30,"AmazonBasics USB 2.0 Cable - A-Male to B-Male - for Personal Computer, Printer- 6 Feet (1.8 Met",85444220,29,187.45,18.0,5436.05
517,30,TP-LINK WiFi Dongle 300 Mbps Mini Wireless Network USB Wi-Fi Adapter for PC Desktop Laptop(Supp,85444220,29,575.21,18.0,16681.09
518,30,AmazonBasics USB Type-C to USB Type-C 2.0 Cable - 3 Feet Laptop (0.9 Meters) - White,85444220,37,295.14,18.0,10920.18
519,30,TCL 80 cm (32 inches) HD Ready Certified Android Smart LED TV 32S5205 (Black),84713010,21,9842.22,18.0,206686.62
520,30,"Duracell USB Lightning Apple Certified (Mfi) Braided Sync & Charge Cable For Iphone, Ipad And I",85444220,18,822.98,18.0,14813.64
521,30,"Amazon Basics High-Speed HDMI Cable, 6 Feet (2-Pack),Black",85444220,15,264.76,18.0,3971.4
522,30,"Ambrane 60W / 3A Type C Fast Charging Unbreakable 1.5m L Shaped Braided Cable, PD Technology, 4",85444220,45,162.69,18.0,7321.05
523,30,"Ambrane 60W / 3A Fast Charging Output Cable with Type-C to USB for Mobile, Neckband, True Wirel",85444220,32,153.46,18.0,4910.72
524,30,TP-Link Nano AC600 USB Wi-Fi Adapter(Archer T2U Nano)- 2.4G/5G Dual Band Wireless Network Adapt,85444220,39,881.15,18.0,34364.85
525,30,Portronics Konnect L 1.2M POR-1401 Fast Charging 3A 8 Pin USB Cable with Charge & Sync Function,85444220,42,135.13,18.0,5675.46
526,30,"boAt Deuce USB 300 2 in 1 Type-C & Micro USB Stress Resistant, Sturdy Cable with 3A Fast Chargi",85444220,32,266.59,18.0,8530.88
527,30,Samsung 108 cm (43 inches) Crystal 4K Neo Series Ultra HD Smart LED TV UA43AUE65AKXXL (Black),84713010,15,28757.97,18.0,431369.55
528,30,"Duracell USB C To Lightning Apple Certified (Mfi) Braided Sync & Charge Cable For Iphone, Ipad ",85444220,38,822.95,18.0,31272.1
529,30,"boAt Type C A750 Stress Resistant, Tangle-free, Sturdy Flat Cable with 6.5A Fast Charging & 480",85444220,15,338.19,18.0,5072.85
530,30,"TP-Link USB WiFi Adapter for PC(TL-WN725N), N150 Wireless Network Adapter for Desktop - Nano Si",85444220,49,429.66,18.0,21053.34
531,30,"Portronics Konnect L 1.2Mtr, Fast Charging 3A Micro USB Cable with Charge & Sync Function (Grey",85444220,40,132.32,18.0,5292.8
532,30,"Wecool Unbreakable 3 in 1 Charging Cable with 3A Speed, Fast Charging Multi Purpose Cable 1.25 ",85444220,38,309.33,18.0,11754.54
533,30,D-Link DWA-131 300 Mbps Wireless Nano USB Adapter (Black),85444220,44,443.51,18.0,19514.44
534,30,"pTron Solero TB301 3A Type-C Data and Fast Charging Cable, Made in India, 480Mbps Data Sync, St",85444220,27,135.22,18.0,3650.94
535,30,boAt Rugged v3 Extra Tough Unbreakable Braided Micro USB Cable 1.5 Meter (Black),85444220,30,259.0,18.0,7770.0
536,30,"Sounce 65W OnePlus Dash Warp Charge Cable, 6.5A Type-C to USB C PD Data Sync Fast Charging Cabl",85444220,39,179.16,18.0,6987.24
537,30,"boAt Deuce USB 300 2 in 1 Type-C & Micro USB Stress Resistant, Tangle-Free, Sturdy Cable with 3",85444220,29,287.31,18.0,8331.99
538,31,"boAt A400 USB Type-C to USB-A 2.0 Male Data Cable, 2 Meter (Black)",85444220,33,266.95,18.0,8809.35
539,31,Wayona Type C to Lightning MFI Certified 20W Fast charging Nylon Braided USB C Cable for iPhone,85444220,24,636.48,18.0,15275.52
540,31,"pTron Solero MB301 3A Micro USB Data & Charging Cable, Made in India, 480Mbps Data Sync, Strong",85444220,39,88.12,18.0,3436.68
541,31,"Ambrane Unbreakable 60W / 3A Fast Charging 1.5m Braided Type C to Type C Cable for Smartphones,",85444220,34,220.11,18.0,7483.74
542,31,"boAt Type C A325 Tangle-free, Sturdy Type C Cable with 3A Rapid Charging & 480mbps Data Transmi",85444220,28,170.57,18.0,4775.96
543,31,7SEVEN® Compatible for Samsung Smart 4K Ultra HD TV Monitor Remote Control Replacement of Origi,84713010,49,341.72,18.0,16744.28
544,31,"Ambrane Unbreakable 3A Fast Charging Braided Type C Cable    1.5 Meter (RCT15, Blue) Supports Q",85444220,48,176.06,18.0,8450.88
545,31,"Sounce 65W OnePlus Dash Warp Charge Cable, 6.5A Type-C to USB C PD Data Sync Fast Charging Cabl",85444220,30,179.16,18.0,5374.8
546,31,"Duracell USB C To Lightning Apple Certified (Mfi) Braided Sync & Charge Cable For Iphone, Ipad ",85444220,31,822.95,18.0,25511.45
547,31,"Amazonbasics Micro Usb Fast Charging Cable For Android Smartphone,Personal Computer,Printer Wit",85444220,20,171.95,18.0,3439.0
548,31,Portronics Konnect L 1.2M Fast Charging 3A 8 Pin USB Cable with Charge & Sync Function for iPho,85444220,20,134.97,18.0,2699.4
549,31,"Portronics Konnect L 1.2Mtr, Fast Charging 3A Micro USB Cable with Charge & Sync Function (Grey",85444220,33,132.32,18.0,4366.56
550,31,TP-LINK WiFi Dongle 300 Mbps Mini Wireless Network USB Wi-Fi Adapter for PC Desktop Laptop(Supp,85444220,28,575.21,18.0,16105.88
551,31,"Gilary Multi Charging Cable, 3 in 1 Nylon Braided Fast Charging Cable for iPhone Micro USB Type",85444220,33,306.96,18.0,10129.68
552,31,Wayona Usb Type C Fast Charger Cable Fast Charging Usb C Cable/Cord Compatible For Samsung Gala,85444220,29,279.35,18.0,8101.15
553,31,OnePlus 108 cm (43 inches) Y Series 4K Ultra HD Smart Android LED TV 43Y1S Pro (Black),84713010,20,27018.16,18.0,540363.2
554,32,Zoul USB C 60W Fast Charging 3A 6ft/2M Long Type C Nylon Braided Data Cable Quick Charger Cable,85444220,21,330.12,18.0,6932.52
555,32,"Sounce 65W OnePlus Dash Warp Charge Cable, 6.5A Type-C to USB C PD Data Sync Fast Charging Cabl",85444220,46,179.16,18.0,8241.36
556,32,Firestick Remote,84713010,45,1259.14,18.0,56661.3
557,32,"boAt A400 USB Type-C to USB-A 2.0 Male Data Cable, 2 Meter (Black)",85444220,38,266.95,18.0,10144.1
558,32,"Amazonbasics Micro Usb Fast Charging Cable For Android Smartphone,Personal Computer,Printer Wit",85444220,36,171.95,18.0,6190.2
559,32,"Duracell Type C To Type C 5A (100W) Braided Sync & Fast Charging Cable, 3.9 Feet (1.2M). USB C ",85444220,49,841.71,18.0,41243.79
560,32,7SEVEN® Compatible for Samsung Smart 4K Ultra HD TV Monitor Remote Control Replacement of Origi,84713010,40,341.72,18.0,13668.8
561,32,Acer 80 cm (32 inches) I Series HD Ready Android Smart LED TV AR32AR2841HDFL (Black),84713010,44,10008.34,18.0,440366.96
562,32,"boAt A 350 Type C Cable for Smartphone, Charging Adapter (1.5m, Carbon Black)",85444220,35,263.29,18.0,9215.15
563,32,Wayona Usb Type C Fast Charger Cable Fast Charging Usb C Cable/Cord Compatible For Samsung Gala,85444220,29,279.35,18.0,8101.15
564,32,"Portronics Konnect L 20W PD Quick Charge Type-C to 8-Pin USB Mobile Charging Cable, 1.2M, Tangl",85444220,23,233.58,18.0,5372.34
565,32,"AmazonBasics Flexible Premium HDMI Cable (Black, 4K@60Hz, 18Gbps), 3-Foot",85444220,18,195.71,18.0,3522.78
566,32,Samsung 108 cm (43 inches) Crystal 4K Neo Series Ultra HD Smart LED TV UA43AUE65AKXXL (Black),84713010,33,28757.97,18.0,949013.01
567,32,Portronics Konnect CL 20W POR-1067 Type-C to 8 Pin USB 1.2M Cable with Power Delivery & 3A Quic,85444220,40,307.7,18.0,12308.0
568,32,TCL 80 cm (32 inches) HD Ready Certified Android Smart LED TV 32S5205 (Black),84713010,47,9842.22,18.0,462584.34
569,33,Flix Micro Usb Cable For Smartphone (Black),85444220,40,51.54,18.0,2061.6
570,33,"Ambrane 60W / 3A Fast Charging Output Cable with Type-C to USB for Mobile, Neckband, True Wirel",85444220,21,153.46,18.0,3222.66
571,33,Redmi 108 cm (43 inches) 4K Ultra HD Android Smart LED TV X43 | L43R7-7AIN (Black),84713010,17,23642.17,18.0,401916.89
572,33,Acer 80 cm (32 inches) N Series HD Ready TV AR32NSV53HD (Black),84713010,33,7178.24,18.0,236881.92
573,33,"boAt Type C A325 Tangle-free, Sturdy Type C Cable with 3A Rapid Charging & 480mbps Data Transmi",85444220,26,170.57,18.0,4434.82
574,33,boAt Rugged v3 Extra Tough Unbreakable Braided Micro USB Cable 1.5 Meter (Black),85444220,20,259.0,18.0,5180.0
575,33,"Duracell USB Lightning Apple Certified (Mfi) Braided Sync & Charge Cable For Iphone, Ipad And I",85444220,17,822.98,18.0,13990.66
576,33,AmazonBasics USB Type-C to USB Type-C 2.0 Cable - 3 Feet Laptop (0.9 Meters) - White,85444220,19,295.14,18.0,5607.66
577,33,Redmi 80 cm (32 inches) Android 11 Series HD Ready Smart LED TV | L32M6-RA/L32M7-RA (Black),84713010,43,12353.05,18.0,531181.15
578,33,"Pinnaclz Original Combo of 2 Micro USB Fast Charging Cable, USB Charging Cable for Data Transfe",85444220,17,102.44,18.0,1741.48
579,33,Tizum High Speed HDMI Cable with Ethernet | Supports 3D 4K | for All HDMI Devices Laptop Comput,85444220,20,171.72,18.0,3434.4
580,33,"Sounce 65W OnePlus Dash Warp Charge Cable, 6.5A Type-C to USB C PD Data Sync Fast Charging Cabl",85444220,25,179.16,18.0,4479.0
581,33,"Ambrane 60W / 3A Type C Fast Charging Unbreakable 1.5m L Shaped Braided Cable, PD Technology, 4",85444220,15,162.69,18.0,2440.35
582,33,Ambrane Unbreakable 3 in 1 Fast Charging Braided Multipurpose Cable for Speaker with 2.1 A Spee,85444220,48,254.5,18.0,12216.0
583,34,"ZEBRONICS ZEB-USB150WF1 WiFi USB Mini Adapter Supports 150 Mbps Wireless Data, Comes with Advan",85444220,50,259.96,18.0,12998.0
584,34,"Gizga Essentials USB WiFi Adapter for PC, 150 Mbps Wireless Network Adapter for Desktop - Nano ",85444220,17,228.1,18.0,3877.7
585,34,"Flix (Beetel) Usb To Type C Pvc Data Sync And 2A 480Mbps Data Sync, Tough Fast Charging Long Ca",84713010,16,117.93,18.0,1886.88
586,34,"Amazon Basics High-Speed HDMI Cable, 6 Feet - Supports Ethernet, 3D, 4K video,Black",85444220,39,270.44,18.0,10547.16
587,34,7SEVEN® Compatible for Samsung Smart 4K Ultra HD TV Monitor Remote Control Replacement of Origi,84713010,24,341.72,18.0,8201.28
588,34,Wayona Type C to Lightning MFI Certified 20W Fast charging Nylon Braided USB C Cable for iPhone,85444220,31,636.48,18.0,19730.88
589,34,"Ambrane 2 in 1 Type-C & Micro USB Cable with 60W / 3A Fast Charging, 480 mbps High Data, PD Tec",85444220,38,176.93,18.0,6723.34
590,34,"Lapster 65W compatible for OnePlus Dash Warp Charge Cable , type c to c cable fast charging Dat",85444220,37,177.73,18.0,6576.01
591,34,Portronics Konnect L POR-1081 Fast Charging 3A Type-C Cable 1.2Meter with Charge & Sync Functio,85444220,36,134.7,18.0,4849.2
592,34,OnePlus 108 cm (43 inches) Y Series Full HD Smart Android LED TV 43 Y1S (Black),84713010,38,21645.62,18.0,822533.56
593,34,boAt Rugged v3 Extra Tough Unbreakable Braided Micro USB Cable 1.5 Meter (Black),85444220,17,259.0,18.0,4403.0
594,34,"boAt Type C A750 Stress Resistant, Tangle-free, Sturdy Flat Cable with 6.5A Fast Charging & 480",85444220,16,338.19,18.0,5411.04
595,34,"Amazon Basics High-Speed HDMI Cable, 6 Feet (2-Pack),Black",85444220,50,264.76,18.0,13238.0
596,34,"boAt A400 USB Type-C to USB-A 2.0 Male Data Cable, 2 Meter (Black)",85444220,29,266.95,18.0,7741.55
597,34,Portronics Konnect L 1.2M POR-1401 Fast Charging 3A 8 Pin USB Cable with Charge & Sync Function,85444220,35,135.13,18.0,4729.55
598,34,Portronics Konnect L 1.2M Fast Charging 3A 8 Pin USB Cable with Charge & Sync Function for iPho,85444220,25,134.97,18.0,3374.25
599,34,TP-LINK WiFi Dongle 300 Mbps Mini Wireless Network USB Wi-Fi Adapter for PC Desktop Laptop(Supp,85444220,37,575.21,18.0,21282.77
600,34,"Model-P4 6 Way Swivel Tilt Wall Mount 32-55-inch Full Motion Cantilever for LED,LCD and Plasma ",84713010,48,1418.39,18.0,68082.72
601,34,"Wayona Usb Nylon Braided Data Sync And Charging Cable For Iphone, Ipad Tablet (Red, Black)",85444220,24,347.81,18.0,8347.44
602,34,TP-Link UE300 USB 3.0 to RJ45 Gigabit Ethernet Network Adapter - Plug and Play,84713010,41,937.01,18.0,38417.41
603,34,"Samsung Original Type C to C Cable - 3.28 Feet (1 Meter), White",85444220,27,517.68,18.0,13977.36
604,35,TP-Link UE300 USB 3.0 to RJ45 Gigabit Ethernet Network Adapter - Plug and Play,84713010,42,937.01,18.0,39354.42
605,35,"Model-P4 6 Way Swivel Tilt Wall Mount 32-55-inch Full Motion Cantilever for LED,LCD and Plasma ",84713010,37,1418.39,18.0,52480.43
606,35,"boAt Type C A750 Stress Resistant, Tangle-free, Sturdy Flat Cable with 6.5A Fast Charging & 480",85444220,22,338.19,18.0,7440.18
607,35,"boAt Deuce USB 300 2 in 1 Type-C & Micro USB Stress Resistant, Tangle-Free, Sturdy Cable with 3",85444220,30,287.31,18.0,8619.3
608,35,Lapster 1.5 mtr USB 2.0 Type A Male to USB A Male Cable for computer and laptop,85444220,46,119.99,18.0,5519.54
609,35,Firestick Remote,84713010,19,1259.14,18.0,23923.66
610,35,Samsung 80 cm (32 Inches) Wondertainment Series HD Ready LED Smart TV UA32T4340BKXXL (Glossy Bl,84713010,17,11694.88,18.0,198812.96
611,35,"Samsung Original Type C to C Cable - 3.28 Feet (1 Meter), White",85444220,39,517.68,18.0,20189.52
612,35,"Amazon Basics High-Speed HDMI Cable, 6 Feet (2-Pack),Black",85444220,41,264.76,18.0,10855.16
613,35,"Ambrane Unbreakable 60W / 3A Fast Charging 1.5m Braided Type C to Type C Cable for Smartphones,",85444220,44,220.11,18.0,9684.84
614,35,OnePlus 126 cm (50 inches) Y Series 4K Ultra HD Smart Android LED TV 50Y1S Pro (Black),84713010,33,29341.61,18.0,968273.13
615,35,MI 80 cm (32 inches) 5A Series HD Ready Smart Android LED TV L32M7-5AIN (Black),84713010,33,12464.21,18.0,411318.93
616,35,SWAPKART Fast Charging Cable and Data Sync USB Cable Compatible for iPhone 6/6S/7/7+/8/8+/10/11,85444220,44,178.35,18.0,7847.4
617,36,Mi 108 cm (43 inches) Full HD Android LED TV 4C | L43M6-INC (Black),84713010,24,17718.26,18.0,425238.24
618,36,OnePlus 108 cm (43 inches) Y Series 4K Ultra HD Smart Android LED TV 43Y1S Pro (Black),84713010,50,27018.16,18.0,1350908.0
619,36,OnePlus 126 cm (50 inches) Y Series 4K Ultra HD Smart Android LED TV 50Y1S Pro (Black),84713010,42,29341.61,18.0,1232347.62
620,36,"Wayona Nylon Braided (2 Pack) Lightning Fast Usb Data Cable Fast Charger Cord For Iphone, Ipad ",85444220,34,574.4,18.0,19529.6
621,36,Portronics Konnect L 1.2M Fast Charging 3A 8 Pin USB Cable with Charge & Sync Function for iPho,85444220,21,134.97,18.0,2834.37
622,36,Acer 127 cm (50 inches) I Series 4K Ultra HD Android Smart LED TV AR50AR2851UDFL (Black),84713010,31,23913.02,18.0,741303.62
623,36,OnePlus 108 cm (43 inches) Y Series Full HD Smart Android LED TV 43 Y1S (Black),84713010,19,21645.62,18.0,411266.78
624,36,OnePlus 80 cm (32 inches) Y Series HD Ready LED Smart Android TV 32Y1 (Black),84713010,20,13015.39,18.0,260307.8
625,36,"ZEBRONICS ZEB-USB150WF1 WiFi USB Mini Adapter Supports 150 Mbps Wireless Data, Comes with Advan",85444220,47,259.96,18.0,12218.12
626,36,"pTron Solero T351 3.5Amps Fast Charging Type-C to Type-C PD Data & Charging USB Cable, Made in ",85444220,32,178.2,18.0,5702.4
627,36,"Portronics Konnect L 1.2Mtr, Fast Charging 3A Micro USB Cable with Charge & Sync Function (Grey",85444220,40,132.32,18.0,5292.8
628,36,"AmazonBasics Flexible Premium HDMI Cable (Black, 4K@60Hz, 18Gbps), 3-Foot",85444220,19,195.71,18.0,3718.49
629,36,LG 80 cm (32 inches) HD Ready Smart LED TV 32LM563BPTC (Dark Iron Gray),84713010,39,11542.16,18.0,450144.24
630,36,TP-Link UE300 USB 3.0 to RJ45 Gigabit Ethernet Network Adapter - Plug and Play,84713010,37,937.01,18.0,34669.37
631,37,Lapster USB 3.0 A to Micro B SuperSpeed for hard disk cable - short cable,85444220,28,169.29,18.0,4740.12
632,37,"Samsung Original Type C to C Cable - 3.28 Feet (1 Meter), White",85444220,46,517.68,18.0,23813.28
633,37,"Ambrane 2 in 1 Type-C & Micro USB Cable with 60W / 3A Fast Charging, 480 mbps High Data, PD Tec",85444220,41,176.93,18.0,7254.13
634,37,"oraimo 65W Type C to C Fast Charging Cable USB C to USB C Cable High Speed Syncing, Nylon Braid",85444220,34,301.24,18.0,10242.16
635,37,"Sounce Fast Phone Charging Cable & Data Sync USB Cable Compatible for iPhone 13, 12,11, X, 8, 7",85444220,26,170.05,18.0,4421.3
636,37,MI 80 cm (32 inches) 5A Series HD Ready Smart Android LED TV L32M7-5AIN (Black),84713010,50,12464.21,18.0,623210.5
637,37,"boAt Type C A750 Stress Resistant, Tangle-free, Sturdy Flat Cable with 6.5A Fast Charging & 480",85444220,35,338.19,18.0,11836.65
638,37,Wayona Usb Type C Fast Charger Cable Fast Charging Usb C Cable/Cord Compatible For Samsung Gala,85444220,30,279.35,18.0,8380.5
639,37,"Portronics Konnect L 20W PD Quick Charge Type-C to 8-Pin USB Mobile Charging Cable, 1.2M, Tangl",85444220,29,233.58,18.0,6773.82
640,37,TP-Link UE300 USB 3.0 to RJ45 Gigabit Ethernet Network Adapter - Plug and Play,84713010,20,937.01,18.0,18740.2
641,37,"AmazonBasics Flexible Premium HDMI Cable (Black, 4K@60Hz, 18Gbps), 3-Foot",85444220,48,195.71,18.0,9394.08
642,37,boAt Rugged v3 Extra Tough Unbreakable Braided Micro USB Cable 1.5 Meter (Black),85444220,28,259.0,18.0,7252.0
643,37,MI Braided USB Type-C Cable for Charging Adapter (Red),85444220,38,296.48,18.0,11266.24
644,37,"Wayona Nylon Braided (2 Pack) Lightning Fast Usb Data Cable Fast Charger Cord For Iphone, Ipad ",85444220,22,574.4,18.0,12636.8
645,37,"Ambrane Unbreakable 60W / 3A Fast Charging 1.5m Braided Micro USB Cable for Smartphones, Tablet",85444220,27,179.11,18.0,4835.97
646,37,"Gilary Multi Charging Cable, 3 in 1 Nylon Braided Fast Charging Cable for iPhone Micro USB Type",85444220,48,306.96,18.0,14734.08
647,37,Portronics Konnect L 1.2M POR-1401 Fast Charging 3A 8 Pin USB Cable with Charge & Sync Function,85444220,33,135.13,18.0,4459.29
648,37,Tata Sky Universal Remote,84713010,29,204.52,18.0,5931.08
649,37,Redmi 80 cm (32 inches) Android 11 Series HD Ready Smart LED TV | L32M6-RA/L32M7-RA (Black),84713010,29,12353.05,18.0,358238.45
650,37,"boAt A 350 Type C Cable for Smartphone, Charging Adapter (1.5m, Carbon Black)",85444220,22,263.29,18.0,5792.38
651,37,VW 80 cm (32 inches) Frameless Series HD Ready LED TV VW32A (Black),84713010,15,6279.97,18.0,94199.55
652,37,"FLiX (Beetel USB to Micro USB PVC Data Sync & 2A Fast Charging Cable, Made in India, 480Mbps Da",85444220,16,50.19,18.0,803.04
653,37,"Ambrane 60W / 3A Fast Charging Output Cable with Type-C to USB for Mobile, Neckband, True Wirel",85444220,17,153.46,18.0,2608.82
654,37,Ambrane Unbreakable 3 in 1 Fast Charging Braided Multipurpose Cable for Speaker with 2.1 A Spee,85444220,28,254.5,18.0,7126.0
655,37,"Duracell USB C To Lightning Apple Certified (Mfi) Braided Sync & Charge Cable For Iphone, Ipad ",85444220,39,822.95,18.0,32095.05
656,38,LG 80 cm (32 inches) HD Ready Smart LED TV 32LM563BPTC (Dark Iron Gray),84713010,27,11542.16,18.0,311638.32
657,38,"Samsung Original Type C to C Cable - 3.28 Feet (1 Meter), White",85444220,28,517.68,18.0,14495.04
658,38,Samsung 108 cm (43 inches) Crystal 4K Neo Series Ultra HD Smart LED TV UA43AUE65AKXXL (Black),84713010,36,28757.97,18.0,1035286.92
659,38,Tizum High Speed HDMI Cable with Ethernet | Supports 3D 4K | for All HDMI Devices Laptop Comput,85444220,17,171.72,18.0,2919.24
660,38,TP-Link AC600 600 Mbps WiFi Wireless Network USB Adapter for Desktop PC with 2.4GHz/5GHz High G,85444220,44,1038.52,18.0,45694.88
661,38,Samsung 80 cm (32 Inches) Wondertainment Series HD Ready LED Smart TV UA32T4340BKXXL (Glossy Bl,84713010,45,11694.88,18.0,526269.6
662,38,"Ambrane 60W / 3A Type C Fast Charging Unbreakable 1.5m L Shaped Braided Cable, PD Technology, 4",85444220,50,162.69,18.0,8134.5
663,38,"Gizga Essentials USB WiFi Adapter for PC, 150 Mbps Wireless Network Adapter for Desktop - Nano ",85444220,41,228.1,18.0,9352.1
664,38,MI Usb Type-C Cable Smartphone (Black),85444220,21,204.43,18.0,4293.03
665,38,Wayona Type C to Lightning MFI Certified 20W Fast charging Nylon Braided USB C Cable for iPhone,85444220,23,636.48,18.0,14639.04
666,38,MI Braided USB Type-C Cable for Charging Adapter (Red),85444220,23,296.48,18.0,6819.04
667,38,"pTron Solero T351 3.5Amps Fast Charging Type-C to Type-C PD Data & Charging USB Cable, Made in ",85444220,39,178.2,18.0,6949.8
668,38,boAt Rugged v3 Extra Tough Unbreakable Braided Micro USB Cable 1.5 Meter (Black),85444220,25,259.0,18.0,6475.0
669,38,Zoul USB C 60W Fast Charging 3A 6ft/2M Long Type C Nylon Braided Data Cable Quick Charger Cable,85444220,15,330.12,18.0,4951.8
670,38,Tata Sky Universal Remote,84713010,36,204.52,18.0,7362.72
671,38,"boAt A400 USB Type-C to USB-A 2.0 Male Data Cable, 2 Meter (Black)",85444220,47,266.95,18.0,12546.65
672,39,Samsung 108 cm (43 inches) Crystal 4K Neo Series Ultra HD Smart LED TV UA43AUE65AKXXL (Black),84713010,18,28757.97,18.0,517643.46
673,39,TCL 100 cm (40 inches) Full HD Certified Android R Smart LED TV 40S6505 (Black),84713010,28,16743.35,18.0,468813.8
674,39,Portronics Konnect L 1.2M POR-1401 Fast Charging 3A 8 Pin USB Cable with Charge & Sync Function,85444220,15,135.13,18.0,2026.95
675,39,"AmazonBasics Flexible Premium HDMI Cable (Black, 4K@60Hz, 18Gbps), 3-Foot",85444220,18,195.71,18.0,3522.78
676,39,"Wecool Nylon Braided Multifunction Fast Charging Cable For Android Smartphone, Ios And Type C U",85444220,37,282.43,18.0,10449.91
677,39,Lapster 1.5 mtr USB 2.0 Type A Male to USB A Male Cable for computer and laptop,85444220,29,119.99,18.0,3479.71
678,39,"Gizga Essentials USB WiFi Adapter for PC, 150 Mbps Wireless Network Adapter for Desktop - Nano ",85444220,34,228.1,18.0,7755.4
679,39,"AmazonBasics USB 2.0 Cable - A-Male to B-Male - for Personal Computer, Printer- 6 Feet (1.8 Met",85444220,17,187.45,18.0,3186.65
680,39,"Portronics Konnect L 1.2Mtr, Fast Charging 3A Micro USB Cable with Charge & Sync Function (Grey",85444220,38,132.32,18.0,5028.16
681,39,"boAt Deuce USB 300 2 in 1 Type-C & Micro USB Stress Resistant, Sturdy Cable with 3A Fast Chargi",85444220,46,266.59,18.0,12263.14
682,39,Acer 80 cm (32 inches) N Series HD Ready TV AR32NSV53HD (Black),84713010,20,7178.24,18.0,143564.8
683,39,"boAt Type C A750 Stress Resistant, Tangle-free, Sturdy Flat Cable with 6.5A Fast Charging & 480",85444220,36,338.19,18.0,12174.84
684,40,"Ambrane 60W / 3A Fast Charging Output Cable with Type-C to USB for Mobile, Neckband, True Wirel",85444220,45,153.46,18.0,6905.7
685,40,"pTron Solero T351 3.5Amps Fast Charging Type-C to Type-C PD Data & Charging USB Cable, Made in ",85444220,22,178.2,18.0,3920.4
686,40,AmazonBasics USB Type-C to USB Type-C 2.0 Cable - 3 Feet Laptop (0.9 Meters) - White,85444220,47,295.14,18.0,13871.58
687,40,TP-Link UE300 USB 3.0 to RJ45 Gigabit Ethernet Network Adapter - Plug and Play,84713010,49,937.01,18.0,45913.49
688,40,Tata Sky Universal Remote,84713010,21,204.52,18.0,4294.92
689,40,"Pinnaclz Original Combo of 2 Micro USB Fast Charging Cable, USB Charging Cable for Data Transfe",85444220,21,102.44,18.0,2151.24
690,40,"AmazonBasics USB 2.0 - A-Male to A-Female Extension Cable for Personal Computer, Printer (Black",85444220,16,170.83,18.0,2733.28
691,40,"Lapster 65W compatible for OnePlus Dash Warp Charge Cable , type c to c cable fast charging Dat",85444220,47,177.73,18.0,8353.31
692,40,"boAt A400 USB Type-C to USB-A 2.0 Male Data Cable, 2 Meter (Black)",85444220,16,266.95,18.0,4271.2
693,40,"TP-Link USB WiFi Adapter for PC(TL-WN725N), N150 Wireless Network Adapter for Desktop - Nano Si",85444220,29,429.66,18.0,12460.14
694,40,"Flix (Beetel) Usb To Type C Pvc Data Sync And 2A 480Mbps Data Sync, Tough Fast Charging Long Ca",84713010,24,117.93,18.0,2830.32
695,40,Acer 127 cm (50 inches) I Series 4K Ultra HD Android Smart LED TV AR50AR2851UDFL (Black),84713010,16,23913.02,18.0,382608.32
696,40,"Model-P4 6 Way Swivel Tilt Wall Mount 32-55-inch Full Motion Cantilever for LED,LCD and Plasma ",84713010,36,1418.39,18.0,51062.04
697,41,"Amazon Basics High-Speed HDMI Cable, 6 Feet (2-Pack),Black",85444220,28,264.76,18.0,7413.28
698,41,"Gilary Multi Charging Cable, 3 in 1 Nylon Braided Fast Charging Cable for iPhone Micro USB Type",85444220,17,306.96,18.0,5218.32
699,41,"ZEBRONICS ZEB-USB150WF1 WiFi USB Mini Adapter Supports 150 Mbps Wireless Data, Comes with Advan",85444220,33,259.96,18.0,8578.68
700,41,Wayona Nylon Braided USB to Lightning Fast Charging and Data Sync Cable Compatible for iPhone 1,85444220,35,360.09,18.0,12603.15
701,41,OnePlus 108 cm (43 inches) Y Series Full HD Smart Android LED TV 43 Y1S (Black),84713010,21,21645.62,18.0,454558.02
702,41,"pTron Solero MB301 3A Micro USB Data & Charging Cable, Made in India, 480Mbps Data Sync, Strong",85444220,23,88.12,18.0,2026.76
703,41,MI Braided USB Type-C Cable for Charging Adapter (Red),85444220,35,296.48,18.0,10376.8
704,41,Wayona Usb Type C Fast Charger Cable Fast Charging Usb C Cable/Cord Compatible For Samsung Gala,85444220,27,279.35,18.0,7542.45
705,41,MI 80 cm (32 inches) 5A Series HD Ready Smart Android LED TV L32M7-5AIN (Black),84713010,15,12464.21,18.0,186963.15
706,41,"Samsung Original Type C to C Cable - 3.28 Feet (1 Meter), White",85444220,28,517.68,18.0,14495.04
707,41,OnePlus 80 cm (32 inches) Y Series HD Ready Smart Android LED TV 32 Y1S (Black),84713010,21,14108.22,18.0,296272.62
708,41,TP-Link UE300 USB 3.0 to RJ45 Gigabit Ethernet Network Adapter - Plug and Play,84713010,30,937.01,18.0,28110.3
709,41,"Wayona Usb Nylon Braided Data Sync And Charging Cable For Iphone, Ipad Tablet (Red, Black)",85444220,42,347.81,18.0,14608.02
710,41,TP-Link Nano AC600 USB Wi-Fi Adapter(Archer T2U Nano)- 2.4G/5G Dual Band Wireless Network Adapt,85444220,31,881.15,18.0,27315.65
711,41,"Ambrane 60W / 3A Type C Fast Charging Unbreakable 1.5m L Shaped Braided Cable, PD Technology, 4",85444220,39,162.69,18.0,6344.91
712,41,Ambrane Unbreakable 3 in 1 Fast Charging Braided Multipurpose Cable for Speaker with 2.1 A Spee,85444220,28,254.5,18.0,7126.0
713,41,Wayona Type C to Lightning MFI Certified 20W Fast charging Nylon Braided USB C Cable for iPhone,85444220,38,636.48,18.0,24186.24
714,41,SWAPKART Fast Charging Cable and Data Sync USB Cable Compatible for iPhone 6/6S/7/7+/8/8+/10/11,85444220,36,178.35,18.0,6420.6
715,41,"TP-Link USB WiFi Adapter for PC(TL-WN725N), N150 Wireless Network Adapter for Desktop - Nano Si",85444220,35,429.66,18.0,15038.1
716,42,"Airtel DigitalTV DTH Television, Setup Box Remote Compatible for SD and HD Recording (Black)",84713010,21,156.06,18.0,3277.26
717,42,Tata Sky Universal Remote,84713010,43,204.52,18.0,8794.36
718,42,"Ambrane 60W / 3A Fast Charging Output Cable with Type-C to USB for Mobile, Neckband, True Wirel",85444220,31,153.46,18.0,4757.26
719,42,TP-LINK WiFi Dongle 300 Mbps Mini Wireless Network USB Wi-Fi Adapter for PC Desktop Laptop(Supp,85444220,15,575.21,18.0,8628.15
720,42,Portronics Konnect CL 20W POR-1067 Type-C to 8 Pin USB 1.2M Cable with Power Delivery & 3A Quic,85444220,36,307.7,18.0,11077.2
721,42,Acer 80 cm (32 inches) I Series HD Ready Android Smart LED TV AR32AR2841HDFL (Black),84713010,33,10008.34,18.0,330275.22
722,42,"Duracell USB Lightning Apple Certified (Mfi) Braided Sync & Charge Cable For Iphone, Ipad And I",85444220,18,822.98,18.0,14813.64
723,42,"AmazonBasics Flexible Premium HDMI Cable (Black, 4K@60Hz, 18Gbps), 3-Foot",85444220,16,195.71,18.0,3131.36
724,42,OnePlus 108 cm (43 inches) Y Series 4K Ultra HD Smart Android LED TV 43Y1S Pro (Black),84713010,36,27018.16,18.0,972653.76
725,42,TCL 80 cm (32 inches) HD Ready Certified Android Smart LED TV 32S5205 (Black),84713010,43,9842.22,18.0,423215.46
726,42,Firestick Remote,84713010,41,1259.14,18.0,51624.74
727,42,"Lapster 65W compatible for OnePlus Dash Warp Charge Cable , type c to c cable fast charging Dat",85444220,23,177.73,18.0,4087.79
728,42,boAt Rugged v3 Extra Tough Unbreakable Braided Micro USB Cable 1.5 Meter (Black),85444220,40,259.0,18.0,10360.0
729,42,"Gilary Multi Charging Cable, 3 in 1 Nylon Braided Fast Charging Cable for iPhone Micro USB Type",85444220,28,306.96,18.0,8594.88
730,42,"TP-Link USB WiFi Adapter for PC(TL-WN725N), N150 Wireless Network Adapter for Desktop - Nano Si",85444220,17,429.66,18.0,7304.22
731,42,"Ambrane Unbreakable 60W / 3A Fast Charging 1.5m Braided Type C to Type C Cable for Smartphones,",85444220,48,220.11,18.0,10565.28
732,42,"AmazonBasics New Release Nylon USB-A to Lightning Cable Cord, Fast Charging MFi Certified Charg",85444220,18,678.87,18.0,12219.66
733,43,"pTron Solero TB301 3A Type-C Data and Fast Charging Cable, Made in India, 480Mbps Data Sync, St",85444220,23,135.22,18.0,3110.06
734,43,OnePlus 80 cm (32 inches) Y Series HD Ready Smart Android LED TV 32 Y1S (Black),84713010,49,14108.22,18.0,691302.78
735,43,Tizum High Speed HDMI Cable with Ethernet | Supports 3D 4K | for All HDMI Devices Laptop Comput,85444220,21,171.72,18.0,3606.12
736,43,"boAt Type C A325 Tangle-free, Sturdy Type C Cable with 3A Rapid Charging & 480mbps Data Transmi",85444220,32,170.57,18.0,5458.24
737,43,"boAt A 350 Type C Cable for Smartphone, Charging Adapter (1.5m, Carbon Black)",85444220,33,263.29,18.0,8688.57
738,43,Samsung 80 cm (32 Inches) Wondertainment Series HD Ready LED Smart TV UA32T4340BKXXL (Glossy Bl,84713010,24,11694.88,18.0,280677.12
739,43,"Duracell USB C To Lightning Apple Certified (Mfi) Braided Sync & Charge Cable For Iphone, Ipad ",85444220,27,822.95,18.0,22219.65
740,43,Zoul USB C 60W Fast Charging 3A 6ft/2M Long Type C Nylon Braided Data Cable Quick Charger Cable,85444220,47,330.12,18.0,15515.64
741,43,OnePlus 108 cm (43 inches) Y Series 4K Ultra HD Smart Android LED TV 43Y1S Pro (Black),84713010,45,27018.16,18.0,1215817.2
742,43,"AmazonBasics USB 2.0 - A-Male to A-Female Extension Cable for Personal Computer, Printer (Black",85444220,23,170.83,18.0,3929.09
743,43,"Ambrane Unbreakable 60W / 3A Fast Charging 1.5m Braided Micro USB Cable for Smartphones, Tablet",85444220,28,179.11,18.0,5015.08
744,43,"Gizga Essentials USB WiFi Adapter for PC, 150 Mbps Wireless Network Adapter for Desktop - Nano ",85444220,21,228.1,18.0,4790.1
745,43,"tizum HDMI to VGA Adapter Cable 1080P for Projector, Computer, Laptop, TV, Projectors & TV",85444220,21,239.87,18.0,5037.27
746,43,TP-Link AC600 600 Mbps WiFi Wireless Network USB Adapter for Desktop PC with 2.4GHz/5GHz High G,85444220,47,1038.52,18.0,48810.44
747,44,Mi 108 cm (43 inches) Full HD Android LED TV 4C | L43M6-INC (Black),84713010,20,17718.26,18.0,354365.2
748,44,"Flix (Beetel) Usb To Type C Pvc Data Sync And 2A 480Mbps Data Sync, Tough Fast Charging Long Ca",84713010,29,117.93,18.0,3419.97
749,44,"boAt Type C A750 Stress Resistant, Tangle-free, Sturdy Flat Cable with 6.5A Fast Charging & 480",85444220,24,338.19,18.0,8116.56
750,44,"tizum HDMI to VGA Adapter Cable 1080P for Projector, Computer, Laptop, TV, Projectors & TV",85444220,33,239.87,18.0,7915.71
751,44,"Wecool Unbreakable 3 in 1 Charging Cable with 3A Speed, Fast Charging Multi Purpose Cable 1.25 ",85444220,50,309.33,18.0,15466.5
752,44,"Sounce Fast Phone Charging Cable & Data Sync USB Cable Compatible for iPhone 13, 12,11, X, 8, 7",85444220,28,170.05,18.0,4761.4
753,44,"LOHAYA Remote Compatible for Mi Smart LED TV 4A Remote Control (32""/43"") [ Compatible for Mi Tv",84713010,50,221.25,18.0,11062.5
754,44,Samsung 108 cm (43 inches) Crystal 4K Neo Series Ultra HD Smart LED TV UA43AUE65AKXXL (Black),84713010,25,28757.97,18.0,718949.25
755,44,"Ambrane 2 in 1 Type-C & Micro USB Cable with 60W / 3A Fast Charging, 480 mbps High Data, PD Tec",85444220,23,176.93,18.0,4069.39
756,44,TP-Link UE300 USB 3.0 to RJ45 Gigabit Ethernet Network Adapter - Plug and Play,84713010,26,937.01,18.0,24362.26
757,44,"Lapster 65W compatible for OnePlus Dash Warp Charge Cable , type c to c cable fast charging Dat",85444220,44,177.73,18.0,7820.12
758,44,AmazonBasics USB Type-C to USB Type-C 2.0 Cable - 3 Feet Laptop (0.9 Meters) - White,85444220,40,295.14,18.0,11805.6
759,45,"CEDO 65W OnePlus Dash Warp Charge Cable, USB A to Type C Data Sync Fast Charging Cable Compatib",85444220,35,309.66,18.0,10838.1
760,45,"Gizga Essentials USB WiFi Adapter for PC, 150 Mbps Wireless Network Adapter for Desktop - Nano ",85444220,46,228.1,18.0,10492.6
761,45,OnePlus 108 cm (43 inches) Y Series 4K Ultra HD Smart Android LED TV 43Y1S Pro (Black),84713010,37,27018.16,18.0,999671.92
762,45,Portronics Konnect L 1.2M Fast Charging 3A 8 Pin USB Cable with Charge & Sync Function for iPho,85444220,20,134.97,18.0,2699.4
763,45,Tata Sky Universal Remote,84713010,39,204.52,18.0,7976.28
764,45,SWAPKART Fast Charging Cable and Data Sync USB Cable Compatible for iPhone 6/6S/7/7+/8/8+/10/11,85444220,18,178.35,18.0,3210.3
765,45,"boAt Type C A325 Tangle-free, Sturdy Type C Cable with 3A Rapid Charging & 480mbps Data Transmi",85444220,45,170.57,18.0,7675.65
766,45,"Portronics Konnect L 20W PD Quick Charge Type-C to 8-Pin USB Mobile Charging Cable, 1.2M, Tangl",85444220,15,233.58,18.0,3503.7
767,45,"boAt Micro USB 55 Tangle-free, Sturdy Micro USB Cable with 3A Fast Charging & 480mbps Data Tran",85444220,22,153.59,18.0,3378.98
768,45,TCL 80 cm (32 inches) HD Ready Certified Android Smart LED TV 32S5205 (Black),84713010,31,9842.22,18.0,305108.82
769,45,"Ambrane 60W / 3A Fast Charging Output Cable with Type-C to USB for Mobile, Neckband, True Wirel",85444220,47,153.46,18.0,7212.62
770,45,Portronics Konnect L POR-1081 Fast Charging 3A Type-C Cable 1.2Meter with Charge & Sync Functio,85444220,24,134.7,18.0,3232.8
771,45,"boAt A400 USB Type-C to USB-A 2.0 Male Data Cable, 2 Meter (Black)",85444220,19,266.95,18.0,5072.05
772,45,Ambrane Unbreakable 3 in 1 Fast Charging Braided Multipurpose Cable for Speaker with 2.1 A Spee,85444220,36,254.5,18.0,9162.0
773,45,"pTron Solero TB301 3A Type-C Data and Fast Charging Cable, Made in India, 480Mbps Data Sync, St",85444220,23,135.22,18.0,3110.06
774,45,MI Usb Type-C Cable Smartphone (Black),85444220,40,204.43,18.0,8177.2
775,45,MI 80 cm (32 inches) 5A Series HD Ready Smart Android LED TV L32M7-5AIN (Black),84713010,46,12464.21,18.0,573353.66
776,46,Samsung 80 cm (32 Inches) Wondertainment Series HD Ready LED Smart TV UA32T4340BKXXL (Glossy Bl,84713010,25,11694.88,18.0,292372.0
777,46,"Pinnaclz Original Combo of 2 Micro USB Fast Charging Cable, USB Charging Cable for Data Transfe",85444220,24,102.44,18.0,2458.56
778,46,TCL 80 cm (32 inches) HD Ready Certified Android Smart LED TV 32S5205 (Black),84713010,26,9842.22,18.0,255897.72
779,46,"CEDO 65W OnePlus Dash Warp Charge Cable, USB A to Type C Data Sync Fast Charging Cable Compatib",85444220,31,309.66,18.0,9599.46
780,46,"boAt Type C A750 Stress Resistant, Tangle-free, Sturdy Flat Cable with 6.5A Fast Charging & 480",85444220,32,338.19,18.0,10822.08
781,46,"Ambrane Unbreakable 3A Fast Charging Braided Type C Cable    1.5 Meter (RCT15, Blue) Supports Q",85444220,26,176.06,18.0,4577.56
782,46,TP-Link AC600 600 Mbps WiFi Wireless Network USB Adapter for Desktop PC with 2.4GHz/5GHz High G,85444220,21,1038.52,18.0,21808.92
783,46,7SEVEN® Compatible for Samsung Smart 4K Ultra HD TV Monitor Remote Control Replacement of Origi,84713010,27,341.72,18.0,9226.44
784,46,"Amazonbasics Micro Usb Fast Charging Cable For Android Smartphone,Personal Computer,Printer Wit",85444220,25,171.95,18.0,4298.75
785,46,"Ambrane 2 in 1 Type-C & Micro USB Cable with 60W / 3A Fast Charging, 480 mbps High Data, PD Tec",85444220,32,176.93,18.0,5661.76
786,46,"Airtel DigitalTV DTH Television, Setup Box Remote Compatible for SD and HD Recording (Black)",84713010,20,156.06,18.0,3121.2
787,46,"Wayona Nylon Braided (2 Pack) Lightning Fast Usb Data Cable Fast Charger Cord For Iphone, Ipad ",85444220,43,574.4,18.0,24699.2
788,46,Portronics Konnect L 1.2M POR-1401 Fast Charging 3A 8 Pin USB Cable with Charge & Sync Function,85444220,47,135.13,18.0,6351.11
789,46,Portronics Konnect L 1.2M Fast Charging 3A 8 Pin USB Cable with Charge & Sync Function for iPho,85444220,31,134.97,18.0,4184.07
790,46,"Portronics Konnect L 20W PD Quick Charge Type-C to 8-Pin USB Mobile Charging Cable, 1.2M, Tangl",85444220,42,233.58,18.0,9810.36
791,46,Tizum High Speed HDMI Cable with Ethernet | Supports 3D 4K | for All HDMI Devices Laptop Comput,85444220,36,171.72,18.0,6181.92
792,46,"boAt A400 USB Type-C to USB-A 2.0 Male Data Cable, 2 Meter (Black)",85444220,33,266.95,18.0,8809.35
793,46,OnePlus 80 cm (32 inches) Y Series HD Ready Smart Android LED TV 32 Y1S (Black),84713010,47,14108.22,18.0,663086.34
794,46,Firestick Remote,84713010,31,1259.14,18.0,39033.34
795,46,Zoul USB C 60W Fast Charging 3A 6ft/2M Long Type C Nylon Braided Data Cable Quick Charger Cable,85444220,30,330.12,18.0,9903.6
796,46,TP-LINK WiFi Dongle 300 Mbps Mini Wireless Network USB Wi-Fi Adapter for PC Desktop Laptop(Supp,85444220,33,575.21,18.0,18981.93
797,47,"boAt Type C A325 Tangle-free, Sturdy Type C Cable with 3A Rapid Charging & 480mbps Data Transmi",85444220,29,170.57,18.0,4946.53
798,47,"Flix (Beetel) Usb To Type C Pvc Data Sync And 2A 480Mbps Data Sync, Tough Fast Charging Long Ca",84713010,17,117.93,18.0,2004.81
799,47,TP-Link AC600 600 Mbps WiFi Wireless Network USB Adapter for Desktop PC with 2.4GHz/5GHz High G,85444220,40,1038.52,18.0,41540.8
800,47,"Gizga Essentials USB WiFi Adapter for PC, 150 Mbps Wireless Network Adapter for Desktop - Nano ",85444220,25,228.1,18.0,5702.5
801,47,"Ambrane Unbreakable 60W / 3A Fast Charging 1.5m Braided Type C Cable for Smartphones, Tablets, ",85444220,38,174.35,18.0,6625.3
802,47,"pTron Solero TB301 3A Type-C Data and Fast Charging Cable, Made in India, 480Mbps Data Sync, St",85444220,32,135.22,18.0,4327.04
803,47,Zoul USB C 60W Fast Charging 3A 6ft/2M Long Type C Nylon Braided Data Cable Quick Charger Cable,85444220,27,330.12,18.0,8913.24
804,47,"AmazonBasics New Release Nylon USB-A to Lightning Cable Cord, Fast Charging MFi Certified Charg",85444220,47,678.87,18.0,31906.89
805,47,Wayona Nylon Braided USB to Lightning Fast Charging and Data Sync Cable Compatible for iPhone 1,85444220,16,360.09,18.0,5761.44
806,47,"boAt Micro USB 55 Tangle-free, Sturdy Micro USB Cable with 3A Fast Charging & 480mbps Data Tran",85444220,26,153.59,18.0,3993.34
807,47,OnePlus 108 cm (43 inches) Y Series Full HD Smart Android LED TV 43 Y1S (Black),84713010,36,21645.62,18.0,779242.32
808,47,"Pinnaclz Original Combo of 2 Micro USB Fast Charging Cable, USB Charging Cable for Data Transfe",85444220,15,102.44,18.0,1536.6
809,47,"boAt A 350 Type C Cable for Smartphone, Charging Adapter (1.5m, Carbon Black)",85444220,24,263.29,18.0,6318.96
810,47,"ZEBRONICS ZEB-USB150WF1 WiFi USB Mini Adapter Supports 150 Mbps Wireless Data, Comes with Advan",85444220,20,259.96,18.0,5199.2
811,47,MI Usb Type-C Cable Smartphone (Black),85444220,29,204.43,18.0,5928.47
812,47,TP-Link UE300 USB 3.0 to RJ45 Gigabit Ethernet Network Adapter - Plug and Play,84713010,50,937.01,18.0,46850.5
813,47,Tizum High Speed HDMI Cable with Ethernet | Supports 3D 4K | for All HDMI Devices Laptop Comput,85444220,29,171.72,18.0,4979.88
814,47,"oraimo 65W Type C to C Fast Charging Cable USB C to USB C Cable High Speed Syncing, Nylon Braid",85444220,17,301.24,18.0,5121.08
815,47,Tata Sky Universal Remote,84713010,37,204.52,18.0,7567.24
816,47,"Ambrane Unbreakable 60W / 3A Fast Charging 1.5m Braided Type C to Type C Cable for Smartphones,",85444220,23,220.11,18.0,5062.53
817,47,"Gilary Multi Charging Cable, 3 in 1 Nylon Braided Fast Charging Cable for iPhone Micro USB Type",85444220,44,306.96,18.0,13506.24
818,47,Samsung 80 cm (32 Inches) Wondertainment Series HD Ready LED Smart TV UA32T4340BKXXL (Glossy Bl,84713010,42,11694.88,18.0,491184.96
819,47,Firestick Remote,84713010,46,1259.14,18.0,57920.44
820,47,Samsung 108 cm (43 inches) Crystal 4K Series Ultra HD Smart LED TV UA43AUE60AKLXL (Black),84713010,28,26340.22,18.0,737526.16
821,47,"Amazonbasics Nylon Braided Usb-C To Lightning Cable, Fast Charging Mfi Certified Smartphone, Ip",85444220,36,770.95,18.0,27754.2
822,48,SWAPKART Fast Charging Cable and Data Sync USB Cable Compatible for iPhone 6/6S/7/7+/8/8+/10/11,85444220,45,178.35,18.0,8025.75
823,48,"pTron Solero TB301 3A Type-C Data and Fast Charging Cable, Made in India, 480Mbps Data Sync, St",85444220,44,135.22,18.0,5949.68
824,48,"AmazonBasics USB 2.0 - A-Male to A-Female Extension Cable for Personal Computer, Printer (Black",85444220,19,170.83,18.0,3245.77
825,48,"Model-P4 6 Way Swivel Tilt Wall Mount 32-55-inch Full Motion Cantilever for LED,LCD and Plasma ",84713010,24,1418.39,18.0,34041.36
826,48,"Portronics Konnect L 20W PD Quick Charge Type-C to 8-Pin USB Mobile Charging Cable, 1.2M, Tangl",85444220,49,233.58,18.0,11445.42
827,48,"Wayona Nylon Braided (2 Pack) Lightning Fast Usb Data Cable Fast Charger Cord For Iphone, Ipad ",85444220,35,574.4,18.0,20104.0
828,48,"AmazonBasics USB 2.0 Cable - A-Male to B-Male - for Personal Computer, Printer- 6 Feet (1.8 Met",85444220,36,187.45,18.0,6748.2
829,48,Redmi 80 cm (32 inches) Android 11 Series HD Ready Smart LED TV | L32M6-RA/L32M7-RA (Black),84713010,17,12353.05,18.0,210001.85
830,48,Firestick Remote,84713010,35,1259.14,18.0,44069.9
831,48,"CEDO 65W OnePlus Dash Warp Charge Cable, USB A to Type C Data Sync Fast Charging Cable Compatib",85444220,28,309.66,18.0,8670.48
832,48,Portronics Konnect CL 20W POR-1067 Type-C to 8 Pin USB 1.2M Cable with Power Delivery & 3A Quic,85444220,33,307.7,18.0,10154.1
833,48,Tata Sky Universal Remote,84713010,49,204.52,18.0,10021.48
834,48,"LOHAYA Remote Compatible for Mi Smart LED TV 4A Remote Control (32""/43"") [ Compatible for Mi Tv",84713010,30,221.25,18.0,6637.5
835,48,7SEVEN® Compatible for Samsung Smart 4K Ultra HD TV Monitor Remote Control Replacement of Origi,84713010,42,341.72,18.0,14352.24
836,48,Ambrane Unbreakable 3 in 1 Fast Charging Braided Multipurpose Cable for Speaker with 2.1 A Spee,85444220,15,254.5,18.0,3817.5
837,49,Zoul USB C 60W Fast Charging 3A 6ft/2M Long Type C Nylon Braided Data Cable Quick Charger Cable,85444220,44,330.12,18.0,14525.28
838,49,Acer 80 cm (32 inches) N Series HD Ready TV AR32NSV53HD (Black),84713010,29,7178.24,18.0,208168.96
839,49,"boAt A400 USB Type-C to USB-A 2.0 Male Data Cable, 2 Meter (Black)",85444220,44,266.95,18.0,11745.8
840,49,"oraimo 65W Type C to C Fast Charging Cable USB C to USB C Cable High Speed Syncing, Nylon Braid",85444220,49,301.24,18.0,14760.76
841,49,MI Usb Type-C Cable Smartphone (Black),85444220,48,204.43,18.0,9812.64
842,49,"boAt Type C A750 Stress Resistant, Tangle-free, Sturdy Flat Cable with 6.5A Fast Charging & 480",85444220,28,338.19,18.0,9469.32
843,49,MI Braided USB Type-C Cable for Charging Adapter (Red),85444220,45,296.48,18.0,13341.6
844,49,Acer 80 cm (32 inches) I Series HD Ready Android Smart LED TV AR32AR2841HDFL (Black),84713010,18,10008.34,18.0,180150.12
845,49,MI 80 cm (32 inches) 5A Series HD Ready Smart Android LED TV L32M7-5AIN (Black),84713010,15,12464.21,18.0,186963.15
846,49,"Model-P4 6 Way Swivel Tilt Wall Mount 32-55-inch Full Motion Cantilever for LED,LCD and Plasma ",84713010,37,1418.39,18.0,52480.43
847,49,"Gilary Multi Charging Cable, 3 in 1 Nylon Braided Fast Charging Cable for iPhone Micro USB Type",85444220,19,306.96,18.0,5832.24
848,50,"Amazonbasics Nylon Braided Usb-C To Lightning Cable, Fast Charging Mfi Certified Smartphone, Ip",85444220,50,770.95,18.0,38547.5
849,50,OnePlus 108 cm (43 inches) Y Series 4K Ultra HD Smart Android LED TV 43Y1S Pro (Black),84713010,26,27018.16,18.0,702472.16
850,50,"Duracell Type C To Type C 5A (100W) Braided Sync & Fast Charging Cable, 3.9 Feet (1.2M). USB C ",85444220,47,841.71,18.0,39560.37
851,50,Samsung 108 cm (43 inches) Crystal 4K Neo Series Ultra HD Smart LED TV UA43AUE65AKXXL (Black),84713010,35,28757.97,18.0,1006528.95
852,50,"Portronics Konnect L 1.2Mtr, Fast Charging 3A Micro USB Cable with Charge & Sync Function (Grey",85444220,25,132.32,18.0,3308.0
853,50,Amazon Basics USB Type-C to USB-A 2.0 Male Fast Charging Cable for Laptop - 3 Feet (0.9 Meters),85444220,41,190.7,18.0,7818.7
854,50,D-Link DWA-131 300 Mbps Wireless Nano USB Adapter (Black),85444220,38,443.51,18.0,16853.38
855,50,"boAt Deuce USB 300 2 in 1 Type-C & Micro USB Stress Resistant, Sturdy Cable with 3A Fast Chargi",85444220,48,266.59,18.0,12796.32
856,50,"boAt Deuce USB 300 2 in 1 Type-C & Micro USB Stress Resistant, Tangle-Free, Sturdy Cable with 3",85444220,42,287.31,18.0,12067.02
857,50,"FLiX (Beetel USB to Micro USB PVC Data Sync & 2A Fast Charging Cable, Made in India, 480Mbps Da",85444220,47,50.19,18.0,2358.93
858,50,"boAt A 350 Type C Cable for Smartphone, Charging Adapter (1.5m, Carbon Black)",85444220,25,263.29,18.0,6582.25
859,50,"Wayona Nylon Braided (2 Pack) Lightning Fast Usb Data Cable Fast Charger Cord For Iphone, Ipad ",85444220,15,574.4,18.0,8616.0
860,50,Lapster 1.5 mtr USB 2.0 Type A Male to USB A Male Cable for computer and laptop,85444220,31,119.99,18.0,3719.69
861,50,"CEDO 65W OnePlus Dash Warp Charge Cable, USB A to Type C Data Sync Fast Charging Cable Compatib",85444220,23,309.66,18.0,7122.18
862,50,Acer 80 cm (32 inches) N Series HD Ready TV AR32NSV53HD (Black),84713010,24,7178.24,18.0,172277.76
863,51,VW 80 cm (32 inches) Frameless Series HD Ready LED TV VW32A (Black),84713010,47,6279.97,18.0,295158.59
864,51,"Portronics Konnect L 1.2Mtr, Fast Charging 3A Micro USB Cable with Charge & Sync Function (Grey",85444220,42,132.32,18.0,5557.44
865,51,"Wayona Nylon Braided (2 Pack) Lightning Fast Usb Data Cable Fast Charger Cord For Iphone, Ipad ",85444220,40,574.4,18.0,22976.0
866,51,"Ambrane Unbreakable 3A Fast Charging Braided Type C Cable    1.5 Meter (RCT15, Blue) Supports Q",85444220,33,176.06,18.0,5809.98
867,51,"boAt Deuce USB 300 2 in 1 Type-C & Micro USB Stress Resistant, Sturdy Cable with 3A Fast Chargi",85444220,20,266.59,18.0,5331.8
868,51,"CEDO 65W OnePlus Dash Warp Charge Cable, USB A to Type C Data Sync Fast Charging Cable Compatib",85444220,19,309.66,18.0,5883.54
869,51,Samsung 80 cm (32 Inches) Wondertainment Series HD Ready LED Smart TV UA32T4340BKXXL (Glossy Bl,84713010,29,11694.88,18.0,339151.52
870,51,OnePlus 108 cm (43 inches) Y Series 4K Ultra HD Smart Android LED TV 43Y1S Pro (Black),84713010,26,27018.16,18.0,702472.16
871,51,"boAt Micro USB 55 Tangle-free, Sturdy Micro USB Cable with 3A Fast Charging & 480mbps Data Tran",85444220,40,153.59,18.0,6143.6
872,51,Wayona Usb Type C Fast Charger Cable Fast Charging Usb C Cable/Cord Compatible For Samsung Gala,85444220,44,279.35,18.0,12291.4
873,52,TP-Link AC600 600 Mbps WiFi Wireless Network USB Adapter for Desktop PC with 2.4GHz/5GHz High G,85444220,39,1038.52,18.0,40502.28
874,52,"Sounce 65W OnePlus Dash Warp Charge Cable, 6.5A Type-C to USB C PD Data Sync Fast Charging Cabl",85444220,21,179.16,18.0,3762.36
875,52,"Ambrane Unbreakable 60W / 3A Fast Charging 1.5m Braided Type C Cable for Smartphones, Tablets, ",85444220,50,174.35,18.0,8717.5
876,52,Portronics Konnect L 1.2M POR-1401 Fast Charging 3A 8 Pin USB Cable with Charge & Sync Function,85444220,23,135.13,18.0,3107.99
877,52,"Duracell USB C To Lightning Apple Certified (Mfi) Braided Sync & Charge Cable For Iphone, Ipad ",85444220,39,822.95,18.0,32095.05
878,52,D-Link DWA-131 300 Mbps Wireless Nano USB Adapter (Black),85444220,24,443.51,18.0,10644.24
879,52,"boAt A 350 Type C Cable for Smartphone, Charging Adapter (1.5m, Carbon Black)",85444220,42,263.29,18.0,11058.18
880,52,Zoul USB C 60W Fast Charging 3A 6ft/2M Long Type C Nylon Braided Data Cable Quick Charger Cable,85444220,18,330.12,18.0,5942.16
881,52,Firestick Remote,84713010,22,1259.14,18.0,27701.08
882,52,"Wayona Nylon Braided 3A Lightning to USB A Syncing and Fast Charging Data Cable for iPhone, Ipa",85444220,46,361.67,18.0,16636.82
883,52,"oraimo 65W Type C to C Fast Charging Cable USB C to USB C Cable High Speed Syncing, Nylon Braid",85444220,46,301.24,18.0,13857.04
884,52,Acer 80 cm (32 inches) N Series HD Ready TV AR32NSV53HD (Black),84713010,26,7178.24,18.0,186634.24
885,52,TP-Link Nano AC600 USB Wi-Fi Adapter(Archer T2U Nano)- 2.4G/5G Dual Band Wireless Network Adapt,85444220,24,881.15,18.0,21147.6
886,52,"FLiX (Beetel USB to Micro USB PVC Data Sync & 2A Fast Charging Cable, Made in India, 480Mbps Da",85444220,38,50.19,18.0,1907.22
887,53,Samsung 108 cm (43 inches) Crystal 4K Series Ultra HD Smart LED TV UA43AUE60AKLXL (Black),84713010,22,26340.22,18.0,579484.84
888,53,"Duracell USB C To Lightning Apple Certified (Mfi) Braided Sync & Charge Cable For Iphone, Ipad ",85444220,27,822.95,18.0,22219.65
889,53,TP-Link AC600 600 Mbps WiFi Wireless Network USB Adapter for Desktop PC with 2.4GHz/5GHz High G,85444220,39,1038.52,18.0,40502.28
890,53,"Ambrane 60W / 3A Fast Charging Output Cable with Type-C to USB for Mobile, Neckband, True Wirel",85444220,39,153.46,18.0,5984.94
891,53,"boAt Micro USB 55 Tangle-free, Sturdy Micro USB Cable with 3A Fast Charging & 480mbps Data Tran",85444220,49,153.59,18.0,7525.91
892,53,"Ambrane Unbreakable 60W / 3A Fast Charging 1.5m Braided Micro USB Cable for Smartphones, Tablet",85444220,48,179.11,18.0,8597.28
893,53,"boAt A400 USB Type-C to USB-A 2.0 Male Data Cable, 2 Meter (Black)",85444220,32,266.95,18.0,8542.4
894,53,"Airtel DigitalTV DTH Television, Setup Box Remote Compatible for SD and HD Recording (Black)",84713010,16,156.06,18.0,2496.96
895,53,TCL 100 cm (40 inches) Full HD Certified Android R Smart LED TV 40S6505 (Black),84713010,32,16743.35,18.0,535787.2
896,53,"Wayona Nylon Braided (2 Pack) Lightning Fast Usb Data Cable Fast Charger Cord For Iphone, Ipad ",85444220,18,574.4,18.0,10339.2
897,53,TP-Link Nano AC600 USB Wi-Fi Adapter(Archer T2U Nano)- 2.4G/5G Dual Band Wireless Network Adapt,85444220,31,881.15,18.0,27315.65
898,53,Firestick Remote,84713010,23,1259.14,18.0,28960.22
899,53,Tizum High Speed HDMI Cable with Ethernet | Supports 3D 4K | for All HDMI Devices Laptop Comput,85444220,39,171.72,18.0,6697.08
900,53,"ZEBRONICS ZEB-USB150WF1 WiFi USB Mini Adapter Supports 150 Mbps Wireless Data, Comes with Advan",85444220,16,259.96,18.0,4159.36
901,53,"Model-P4 6 Way Swivel Tilt Wall Mount 32-55-inch Full Motion Cantilever for LED,LCD and Plasma ",84713010,16,1418.39,18.0,22694.24
902,53,"CEDO 65W OnePlus Dash Warp Charge Cable, USB A to Type C Data Sync Fast Charging Cable Compatib",85444220,20,309.66,18.0,6193.2
903,53,Portronics Konnect L POR-1081 Fast Charging 3A Type-C Cable 1.2Meter with Charge & Sync Functio,85444220,25,134.7,18.0,3367.5
904,54,"boAt Type C A325 Tangle-free, Sturdy Type C Cable with 3A Rapid Charging & 480mbps Data Transmi",85444220,35,170.57,18.0,5969.95
905,54,"Duracell USB C To Lightning Apple Certified (Mfi) Braided Sync & Charge Cable For Iphone, Ipad ",85444220,45,822.95,18.0,37032.75
906,54,boAt Rugged v3 Extra Tough Unbreakable Braided Micro USB Cable 1.5 Meter (Black),85444220,25,259.0,18.0,6475.0
907,54,"LOHAYA Remote Compatible for Mi Smart LED TV 4A Remote Control (32""/43"") [ Compatible for Mi Tv",84713010,49,221.25,18.0,10841.25
908,54,MI 80 cm (32 inches) 5A Series HD Ready Smart Android LED TV L32M7-5AIN (Black),84713010,29,12464.21,18.0,361462.09
909,54,Portronics Konnect CL 20W POR-1067 Type-C to 8 Pin USB 1.2M Cable with Power Delivery & 3A Quic,85444220,50,307.7,18.0,15385.0
910,54,Amazon Basics USB Type-C to USB-A 2.0 Male Fast Charging Cable for Laptop - 3 Feet (0.9 Meters),85444220,35,190.7,18.0,6674.5
911,54,Mi 108 cm (43 inches) Full HD Android LED TV 4C | L43M6-INC (Black),84713010,24,17718.26,18.0,425238.24
912,54,Wayona Usb Type C Fast Charger Cable Fast Charging Usb C Cable/Cord Compatible For Samsung Gala,85444220,21,279.35,18.0,5866.35
913,54,Tizum High Speed HDMI Cable with Ethernet | Supports 3D 4K | for All HDMI Devices Laptop Comput,85444220,36,171.72,18.0,6181.92
914,54,Flix Micro Usb Cable For Smartphone (Black),85444220,27,51.54,18.0,1391.58
915,54,"Ambrane 2 in 1 Type-C & Micro USB Cable with 60W / 3A Fast Charging, 480 mbps High Data, PD Tec",85444220,47,176.93,18.0,8315.71
916,54,Acer 80 cm (32 inches) N Series HD Ready TV AR32NSV53HD (Black),84713010,36,7178.24,18.0,258416.64
917,54,"pTron Solero MB301 3A Micro USB Data & Charging Cable, Made in India, 480Mbps Data Sync, Strong",85444220,38,88.12,18.0,3348.56
918,54,AmazonBasics Micro USB Fast Charging Cable for Android Phones with Gold Plated Connectors (3 Fe,85444220,19,162.36,18.0,3084.84
919,55,Redmi 108 cm (43 inches) 4K Ultra HD Android Smart LED TV X43 | L43R7-7AIN (Black),84713010,19,23642.17,18.0,449201.23
920,55,"Duracell USB C To Lightning Apple Certified (Mfi) Braided Sync & Charge Cable For Iphone, Ipad ",85444220,43,822.95,18.0,35386.85
921,55,"Amazonbasics Micro Usb Fast Charging Cable For Android Smartphone,Personal Computer,Printer Wit",85444220,42,171.95,18.0,7221.9
922,55,Samsung 80 cm (32 Inches) Wondertainment Series HD Ready LED Smart TV UA32T4340BKXXL (Glossy Bl,84713010,38,11694.88,18.0,444405.44
923,55,"FLiX (Beetel USB to Micro USB PVC Data Sync & 2A Fast Charging Cable, Made in India, 480Mbps Da",85444220,41,50.19,18.0,2057.79
924,55,"pTron Solero T351 3.5Amps Fast Charging Type-C to Type-C PD Data & Charging USB Cable, Made in ",85444220,34,178.2,18.0,6058.8
925,55,Lapster USB 3.0 A to Micro B SuperSpeed for hard disk cable - short cable,85444220,15,169.29,18.0,2539.35
926,55,LG 80 cm (32 inches) HD Ready Smart LED TV 32LM563BPTC (Dark Iron Gray),84713010,21,11542.16,18.0,242385.36
927,55,"Pinnaclz Original Combo of 2 Micro USB Fast Charging Cable, USB Charging Cable for Data Transfe",85444220,32,102.44,18.0,3278.08
928,55,"boAt Type C A325 Tangle-free, Sturdy Type C Cable with 3A Rapid Charging & 480mbps Data Transmi",85444220,42,170.57,18.0,7163.94
929,55,MI 80 cm (32 inches) 5A Series HD Ready Smart Android LED TV L32M7-5AIN (Black),84713010,27,12464.21,18.0,336533.67
930,55,OnePlus 80 cm (32 inches) Y Series HD Ready LED Smart Android TV 32Y1 (Black),84713010,35,13015.39,18.0,455538.65
931,55,"Wayona Nylon Braided 3A Lightning to USB A Syncing and Fast Charging Data Cable for iPhone, Ipa",85444220,28,361.67,18.0,10126.76
932,55,"Sounce 65W OnePlus Dash Warp Charge Cable, 6.5A Type-C to USB C PD Data Sync Fast Charging Cabl",85444220,16,179.16,18.0,2866.56
933,55,boAt Rugged v3 Extra Tough Unbreakable Braided Micro USB Cable 1.5 Meter (Black),85444220,18,259.0,18.0,4662.0
934,56,Redmi 108 cm (43 inches) 4K Ultra HD Android Smart LED TV X43 | L43R7-7AIN (Black),84713010,41,23642.17,18.0,969328.97
935,56,Tata Sky Universal Remote,84713010,34,204.52,18.0,6953.68
936,56,"Portronics Konnect L 1.2Mtr, Fast Charging 3A Micro USB Cable with Charge & Sync Function (Grey",85444220,35,132.32,18.0,4631.2
937,56,"Wayona Usb Nylon Braided Data Sync And Charging Cable For Iphone, Ipad Tablet (Red, Black)",85444220,35,347.81,18.0,12173.35
938,56,"Flix (Beetel) Usb To Type C Pvc Data Sync And 2A 480Mbps Data Sync, Tough Fast Charging Long Ca",84713010,20,117.93,18.0,2358.6
939,56,TP-Link Nano AC600 USB Wi-Fi Adapter(Archer T2U Nano)- 2.4G/5G Dual Band Wireless Network Adapt,85444220,28,881.15,18.0,24672.2
940,56,"boAt Deuce USB 300 2 in 1 Type-C & Micro USB Stress Resistant, Tangle-Free, Sturdy Cable with 3",85444220,49,287.31,18.0,14078.19
941,56,"boAt Type C A750 Stress Resistant, Tangle-free, Sturdy Flat Cable with 6.5A Fast Charging & 480",85444220,21,338.19,18.0,7101.99
942,56,Portronics Konnect L 1.2M Fast Charging 3A 8 Pin USB Cable with Charge & Sync Function for iPho,85444220,33,134.97,18.0,4454.01
943,56,OnePlus 108 cm (43 inches) Y Series Full HD Smart Android LED TV 43 Y1S (Black),84713010,37,21645.62,18.0,800887.94
944,56,Lapster USB 3.0 A to Micro B SuperSpeed for hard disk cable - short cable,85444220,48,169.29,18.0,8125.92
945,56,"Ambrane 2 in 1 Type-C & Micro USB Cable with 60W / 3A Fast Charging, 480 mbps High Data, PD Tec",85444220,43,176.93,18.0,7607.99
946,56,"boAt Micro USB 55 Tangle-free, Sturdy Micro USB Cable with 3A Fast Charging & 480mbps Data Tran",85444220,42,153.59,18.0,6450.78
947,56,Mi 108 cm (43 inches) Full HD Android LED TV 4C | L43M6-INC (Black),84713010,50,17718.26,18.0,885913.0
948,56,"boAt A400 USB Type-C to USB-A 2.0 Male Data Cable, 2 Meter (Black)",85444220,40,266.95,18.0,10678.0
949,56,"Model-P4 6 Way Swivel Tilt Wall Mount 32-55-inch Full Motion Cantilever for LED,LCD and Plasma ",84713010,47,1418.39,18.0,66664.33
950,56,MI Usb Type-C Cable Smartphone (Black),85444220,36,204.43,18.0,7359.48
951,56,"Ambrane Unbreakable 60W / 3A Fast Charging 1.5m Braided Type C Cable for Smartphones, Tablets, ",85444220,26,174.35,18.0,4533.1
952,56,"TP-Link USB WiFi Adapter for PC(TL-WN725N), N150 Wireless Network Adapter for Desktop - Nano Si",85444220,19,429.66,18.0,8163.54
953,57,TCL 80 cm (32 inches) HD Ready Certified Android Smart LED TV 32S5205 (Black),84713010,35,9842.22,18.0,344477.7
954,57,Redmi 108 cm (43 inches) 4K Ultra HD Android Smart LED TV X43 | L43R7-7AIN (Black),84713010,46,23642.17,18.0,1087539.82
955,57,VW 80 cm (32 inches) Frameless Series HD Ready LED TV VW32A (Black),84713010,15,6279.97,18.0,94199.55
956,57,"pTron Solero TB301 3A Type-C Data and Fast Charging Cable, Made in India, 480Mbps Data Sync, St",85444220,50,135.22,18.0,6761.0
957,57,AmazonBasics USB Type-C to USB Type-C 2.0 Cable - 3 Feet Laptop (0.9 Meters) - White,85444220,30,295.14,18.0,8854.2
958,57,"boAt Type C A750 Stress Resistant, Tangle-free, Sturdy Flat Cable with 6.5A Fast Charging & 480",85444220,36,338.19,18.0,12174.84
959,57,SKYWALL 81.28 cm (32 inches) HD Ready Smart LED TV 32SWELS-PRO (Black),84713010,40,6237.94,18.0,249517.6
960,57,"Ambrane Unbreakable 60W / 3A Fast Charging 1.5m Braided Type C Cable for Smartphones, Tablets, ",85444220,26,174.35,18.0,4533.1
961,57,MI 80 cm (32 inches) 5A Series HD Ready Smart Android LED TV L32M7-5AIN (Black),84713010,37,12464.21,18.0,461175.77
962,57,"boAt Type C A325 Tangle-free, Sturdy Type C Cable with 3A Rapid Charging & 480mbps Data Transmi",85444220,32,170.57,18.0,5458.24
963,57,"tizum HDMI to VGA Adapter Cable 1080P for Projector, Computer, Laptop, TV, Projectors & TV",85444220,30,239.87,18.0,7196.1
964,57,TP-Link AC600 600 Mbps WiFi Wireless Network USB Adapter for Desktop PC with 2.4GHz/5GHz High G,85444220,31,1038.52,18.0,32194.12
965,57,"TP-Link USB WiFi Adapter for PC(TL-WN725N), N150 Wireless Network Adapter for Desktop - Nano Si",85444220,40,429.66,18.0,17186.4
966,57,"Sounce Fast Phone Charging Cable & Data Sync USB Cable Compatible for iPhone 13, 12,11, X, 8, 7",85444220,44,170.05,18.0,7482.2
967,57,AmazonBasics Micro USB Fast Charging Cable for Android Phones with Gold Plated Connectors (3 Fe,85444220,47,162.36,18.0,7630.92
968,57,"AmazonBasics New Release Nylon USB-A to Lightning Cable Cord, Fast Charging MFi Certified Charg",85444220,23,678.87,18.0,15614.01
969,57,"Amazon Basics High-Speed HDMI Cable, 6 Feet - Supports Ethernet, 3D, 4K video,Black",85444220,48,270.44,18.0,12981.12
970,57,"Portronics Konnect L 1.2Mtr, Fast Charging 3A Micro USB Cable with Charge & Sync Function (Grey",85444220,45,132.32,18.0,5954.4
971,57,TP-Link Nano AC600 USB Wi-Fi Adapter(Archer T2U Nano)- 2.4G/5G Dual Band Wireless Network Adapt,85444220,49,881.15,18.0,43176.35
972,57,SWAPKART Fast Charging Cable and Data Sync USB Cable Compatible for iPhone 6/6S/7/7+/8/8+/10/11,85444220,20,178.35,18.0,3567.0
973,57,Wayona Usb Type C Fast Charger Cable Fast Charging Usb C Cable/Cord Compatible For Samsung Gala,85444220,37,279.35,18.0,10335.95
974,57,Wayona Nylon Braided USB to Lightning Fast Charging and Data Sync Cable Compatible for iPhone 1,85444220,46,360.09,18.0,16564.14
975,57,Lapster 1.5 mtr USB 2.0 Type A Male to USB A Male Cable for computer and laptop,85444220,24,119.99,18.0,2879.76
976,57,Redmi 80 cm (32 inches) Android 11 Series HD Ready Smart LED TV | L32M6-RA/L32M7-RA (Black),84713010,25,12353.05,18.0,308826.25
977,58,boAt Rugged v3 Extra Tough Unbreakable Braided Micro USB Cable 1.5 Meter (Black),85444220,44,259.0,18.0,11396.0
978,58,"Airtel DigitalTV DTH Television, Setup Box Remote Compatible for SD and HD Recording (Black)",84713010,17,156.06,18.0,2653.02
979,58,"FLiX (Beetel USB to Micro USB PVC Data Sync & 2A Fast Charging Cable, Made in India, 480Mbps Da",85444220,47,50.19,18.0,2358.93
980,58,Ambrane Unbreakable 3 in 1 Fast Charging Braided Multipurpose Cable for Speaker with 2.1 A Spee,85444220,47,254.5,18.0,11961.5
981,58,Amazon Basics USB Type-C to USB-A 2.0 Male Fast Charging Cable for Laptop - 3 Feet (0.9 Meters),85444220,23,190.7,18.0,4386.1
982,58,"Amazonbasics Nylon Braided Usb-C To Lightning Cable, Fast Charging Mfi Certified Smartphone, Ip",85444220,35,770.95,18.0,26983.25
983,58,"Ambrane 2 in 1 Type-C & Micro USB Cable with 60W / 3A Fast Charging, 480 mbps High Data, PD Tec",85444220,28,176.93,18.0,4954.04
984,58,Wayona Type C to Lightning MFI Certified 20W Fast charging Nylon Braided USB C Cable for iPhone,85444220,18,636.48,18.0,11456.64
985,58,"Portronics Konnect L 1.2Mtr, Fast Charging 3A Micro USB Cable with Charge & Sync Function (Grey",85444220,34,132.32,18.0,4498.88
986,58,"boAt A400 USB Type-C to USB-A 2.0 Male Data Cable, 2 Meter (Black)",85444220,41,266.95,18.0,10944.95
987,58,"Duracell USB Lightning Apple Certified (Mfi) Braided Sync & Charge Cable For Iphone, Ipad And I",85444220,29,822.98,18.0,23866.42
988,58,"Model-P4 6 Way Swivel Tilt Wall Mount 32-55-inch Full Motion Cantilever for LED,LCD and Plasma ",84713010,24,1418.39,18.0,34041.36
989,59,Wayona Type C to Lightning MFI Certified 20W Fast charging Nylon Braided USB C Cable for iPhone,85444220,43,636.48,18.0,27368.64
990,59,"Amazon Basics High-Speed HDMI Cable, 6 Feet (2-Pack),Black",85444220,37,264.76,18.0,9796.12
991,59,"CEDO 65W OnePlus Dash Warp Charge Cable, USB A to Type C Data Sync Fast Charging Cable Compatib",85444220,17,309.66,18.0,5264.22
992,59,TP-Link AC600 600 Mbps WiFi Wireless Network USB Adapter for Desktop PC with 2.4GHz/5GHz High G,85444220,34,1038.52,18.0,35309.68
993,59,"Amazonbasics Nylon Braided Usb-C To Lightning Cable, Fast Charging Mfi Certified Smartphone, Ip",85444220,26,770.95,18.0,20044.7
994,59,OnePlus 80 cm (32 inches) Y Series HD Ready LED Smart Android TV 32Y1 (Black),84713010,45,13015.39,18.0,585692.55
995,59,"Samsung Original Type C to C Cable - 3.28 Feet (1 Meter), White",85444220,26,517.68,18.0,13459.68
996,59,Firestick Remote,84713010,32,1259.14,18.0,40292.48
997,59,Mi 108 cm (43 inches) Full HD Android LED TV 4C | L43M6-INC (Black),84713010,21,17718.26,18.0,372083.46
998,59,"Pinnaclz Original Combo of 2 Micro USB Fast Charging Cable, USB Charging Cable for Data Transfe",85444220,18,102.44,18.0,1843.92
999,59,TCL 80 cm (32 inches) HD Ready Certified Android Smart LED TV 32S5205 (Black),84713010,19,9842.22,18.0,187002.18
1000,59,"Duracell USB C To Lightning Apple Certified (Mfi) Braided Sync & Charge Cable For Iphone, Ipad ",85444220,43,822.95,18.0,35386.85
1001,59,"tizum HDMI to VGA Adapter Cable 1080P for Projector, Computer, Laptop, TV, Projectors & TV",85444220,16,239.87,18.0,3837.92
1002,59,TP-Link Nano AC600 USB Wi-Fi Adapter(Archer T2U Nano)- 2.4G/5G Dual Band Wireless Network Adapt,85444220,17,881.15,18.0,14979.55
1003,59,"oraimo 65W Type C to C Fast Charging Cable USB C to USB C Cable High Speed Syncing, Nylon Braid",85444220,49,301.24,18.0,14760.76
1004,59,"TP-Link USB WiFi Adapter for PC(TL-WN725N), N150 Wireless Network Adapter for Desktop - Nano Si",85444220,22,429.66,18.0,9452.52
1005,59,TP-LINK WiFi Dongle 300 Mbps Mini Wireless Network USB Wi-Fi Adapter for PC Desktop Laptop(Supp,85444220,26,575.21,18.0,14955.46
1006,60,Portronics Konnect L POR-1081 Fast Charging 3A Type-C Cable 1.2Meter with Charge & Sync Functio,85444220,49,134.7,18.0,6600.3
1007,60,"Ambrane 60W / 3A Fast Charging Output Cable with Type-C to USB for Mobile, Neckband, True Wirel",85444220,18,153.46,18.0,2762.28
1008,60,"oraimo 65W Type C to C Fast Charging Cable USB C to USB C Cable High Speed Syncing, Nylon Braid",85444220,40,301.24,18.0,12049.6
1009,60,Wayona Type C to Lightning MFI Certified 20W Fast charging Nylon Braided USB C Cable for iPhone,85444220,49,636.48,18.0,31187.52
1010,60,"Amazon Basics High-Speed HDMI Cable, 6 Feet - Supports Ethernet, 3D, 4K video,Black",85444220,45,270.44,18.0,12169.8
1011,60,Zoul USB C 60W Fast Charging 3A 6ft/2M Long Type C Nylon Braided Data Cable Quick Charger Cable,85444220,27,330.12,18.0,8913.24
1012,60,Portronics Konnect L 1.2M Fast Charging 3A 8 Pin USB Cable with Charge & Sync Function for iPho,85444220,22,134.97,18.0,2969.34
1013,60,OnePlus 80 cm (32 inches) Y Series HD Ready Smart Android LED TV 32 Y1S (Black),84713010,47,14108.22,18.0,663086.34
1014,60,"AmazonBasics New Release Nylon USB-A to Lightning Cable Cord, Fast Charging MFi Certified Charg",85444220,38,678.87,18.0,25797.06
1015,60,"Ambrane 60W / 3A Type C Fast Charging Unbreakable 1.5m L Shaped Braided Cable, PD Technology, 4",85444220,33,162.69,18.0,5368.77
1016,60,"CEDO 65W OnePlus Dash Warp Charge Cable, USB A to Type C Data Sync Fast Charging Cable Compatib",85444220,40,309.66,18.0,12386.4
1017,60,"pTron Solero MB301 3A Micro USB Data & Charging Cable, Made in India, 480Mbps Data Sync, Strong",85444220,48,88.12,18.0,4229.76
1018,60,"boAt Micro USB 55 Tangle-free, Sturdy Micro USB Cable with 3A Fast Charging & 480mbps Data Tran",85444220,33,153.59,18.0,5068.47
1019,60,Ambrane Unbreakable 3 in 1 Fast Charging Braided Multipurpose Cable for Speaker with 2.1 A Spee,85444220,38,254.5,18.0,9671.0
1020,60,"Portronics Konnect L 1.2Mtr, Fast Charging 3A Micro USB Cable with Charge & Sync Function (Grey",85444220,43,132.32,18.0,5689.76
1021,60,"ZEBRONICS ZEB-USB150WF1 WiFi USB Mini Adapter Supports 150 Mbps Wireless Data, Comes with Advan",85444220,23,259.96,18.0,5979.08
1022,60,Portronics Konnect CL 20W POR-1067 Type-C to 8 Pin USB 1.2M Cable with Power Delivery & 3A Quic,85444220,23,307.7,18.0,7077.1
1023,60,SKYWALL 81.28 cm (32 inches) HD Ready Smart LED TV 32SWELS-PRO (Black),84713010,24,6237.94,18.0,149710.56
1024,60,"Lapster 65W compatible for OnePlus Dash Warp Charge Cable , type c to c cable fast charging Dat",85444220,41,177.73,18.0,7286.93
1025,60,Redmi 80 cm (32 inches) Android 11 Series HD Ready Smart LED TV | L32M6-RA/L32M7-RA (Black),84713010,17,12353.05,18.0,210001.85
1026,60,Samsung 80 cm (32 Inches) Wondertainment Series HD Ready LED Smart TV UA32T4340BKXXL (Glossy Bl,84713010,24,11694.88,18.0,280677.12
1027,60,"Flix (Beetel) Usb To Type C Pvc Data Sync And 2A 480Mbps Data Sync, Tough Fast Charging Long Ca",84713010,28,117.93,18.0,3302.04
1028,60,"Gilary Multi Charging Cable, 3 in 1 Nylon Braided Fast Charging Cable for iPhone Micro USB Type",85444220,41,306.96,18.0,12585.36
1029,60,"Amazonbasics Nylon Braided Usb-C To Lightning Cable, Fast Charging Mfi Certified Smartphone, Ip",85444220,42,770.95,18.0,32379.9
1030,61,"boAt Deuce USB 300 2 in 1 Type-C & Micro USB Stress Resistant, Sturdy Cable with 3A Fast Chargi",85444220,23,266.59,18.0,6131.57
1031,61,Acer 80 cm (32 inches) N Series HD Ready TV AR32NSV53HD (Black),84713010,32,7178.24,18.0,229703.68
1032,61,"Portronics Konnect L 1.2Mtr, Fast Charging 3A Micro USB Cable with Charge & Sync Function (Grey",85444220,42,132.32,18.0,5557.44
1033,61,"Amazonbasics Micro Usb Fast Charging Cable For Android Smartphone,Personal Computer,Printer Wit",85444220,31,171.95,18.0,5330.45
1034,61,"Flix (Beetel) Usb To Type C Pvc Data Sync And 2A 480Mbps Data Sync, Tough Fast Charging Long Ca",84713010,16,117.93,18.0,1886.88
1035,61,Portronics Konnect L POR-1081 Fast Charging 3A Type-C Cable 1.2Meter with Charge & Sync Functio,85444220,38,134.7,18.0,5118.6
1036,61,SKYWALL 81.28 cm (32 inches) HD Ready Smart LED TV 32SWELS-PRO (Black),84713010,22,6237.94,18.0,137234.68
1037,61,Acer 80 cm (32 inches) I Series HD Ready Android Smart LED TV AR32AR2841HDFL (Black),84713010,49,10008.34,18.0,490408.66
1038,61,"Ambrane 60W / 3A Fast Charging Output Cable with Type-C to USB for Mobile, Neckband, True Wirel",85444220,19,153.46,18.0,2915.74
1039,61,"Sounce Fast Phone Charging Cable & Data Sync USB Cable Compatible for iPhone 13, 12,11, X, 8, 7",85444220,23,170.05,18.0,3911.15
1040,61,"Ambrane 2 in 1 Type-C & Micro USB Cable with 60W / 3A Fast Charging, 480 mbps High Data, PD Tec",85444220,35,176.93,18.0,6192.55
1041,61,Ambrane Unbreakable 3 in 1 Fast Charging Braided Multipurpose Cable for Speaker with 2.1 A Spee,85444220,16,254.5,18.0,4072.0
1042,61,MI Usb Type-C Cable Smartphone (Black),85444220,34,204.43,18.0,6950.62
1043,61,"boAt A 350 Type C Cable for Smartphone, Charging Adapter (1.5m, Carbon Black)",85444220,39,263.29,18.0,10268.31
1044,61,Wayona Usb Type C Fast Charger Cable Fast Charging Usb C Cable/Cord Compatible For Samsung Gala,85444220,36,279.35,18.0,10056.6
1045,62,"boAt A400 USB Type-C to USB-A 2.0 Male Data Cable, 2 Meter (Black)",85444220,41,266.95,18.0,10944.95
1046,62,AmazonBasics Micro USB Fast Charging Cable for Android Phones with Gold Plated Connectors (3 Fe,85444220,41,162.36,18.0,6656.76
1047,62,"Wayona Nylon Braided (2 Pack) Lightning Fast Usb Data Cable Fast Charger Cord For Iphone, Ipad ",85444220,17,574.4,18.0,9764.8
1048,62,"Samsung Original Type C to C Cable - 3.28 Feet (1 Meter), White",85444220,30,517.68,18.0,15530.4
1049,62,Portronics Konnect CL 20W POR-1067 Type-C to 8 Pin USB 1.2M Cable with Power Delivery & 3A Quic,85444220,39,307.7,18.0,12000.3
1050,62,Acer 80 cm (32 inches) N Series HD Ready TV AR32NSV53HD (Black),84713010,33,7178.24,18.0,236881.92
1051,62,boAt Rugged v3 Extra Tough Unbreakable Braided Micro USB Cable 1.5 Meter (Black),85444220,30,259.0,18.0,7770.0
1052,62,MI 80 cm (32 inches) 5A Series HD Ready Smart Android LED TV L32M7-5AIN (Black),84713010,27,12464.21,18.0,336533.67
1053,62,Wayona Type C to Lightning MFI Certified 20W Fast charging Nylon Braided USB C Cable for iPhone,85444220,27,636.48,18.0,17184.96
1054,62,TP-Link AC600 600 Mbps WiFi Wireless Network USB Adapter for Desktop PC with 2.4GHz/5GHz High G,85444220,39,1038.52,18.0,40502.28
1055,62,"Flix (Beetel) Usb To Type C Pvc Data Sync And 2A 480Mbps Data Sync, Tough Fast Charging Long Ca",84713010,39,117.93,18.0,4599.27
1056,63,"Ambrane 60W / 3A Fast Charging Output Cable with Type-C to USB for Mobile, Neckband, True Wirel",85444220,15,153.46,18.0,2301.9
1057,63,"Wecool Unbreakable 3 in 1 Charging Cable with 3A Speed, Fast Charging Multi Purpose Cable 1.25 ",85444220,30,309.33,18.0,9279.9
1058,63,"LOHAYA Remote Compatible for Mi Smart LED TV 4A Remote Control (32""/43"") [ Compatible for Mi Tv",84713010,43,221.25,18.0,9513.75
1059,63,Acer 80 cm (32 inches) I Series HD Ready Android Smart LED TV AR32AR2841HDFL (Black),84713010,16,10008.34,18.0,160133.44
1060,63,"Sounce 65W OnePlus Dash Warp Charge Cable, 6.5A Type-C to USB C PD Data Sync Fast Charging Cabl",85444220,32,179.16,18.0,5733.12
1061,63,"TP-Link USB WiFi Adapter for PC(TL-WN725N), N150 Wireless Network Adapter for Desktop - Nano Si",85444220,37,429.66,18.0,15897.42
1062,63,"boAt Type C A750 Stress Resistant, Tangle-free, Sturdy Flat Cable with 6.5A Fast Charging & 480",85444220,30,338.19,18.0,10145.7
1063,63,"Airtel DigitalTV DTH Television, Setup Box Remote Compatible for SD and HD Recording (Black)",84713010,17,156.06,18.0,2653.02
1064,63,TCL 80 cm (32 inches) HD Ready Certified Android Smart LED TV 32S5205 (Black),84713010,15,9842.22,18.0,147633.3
1065,63,"Portronics Konnect L 20W PD Quick Charge Type-C to 8-Pin USB Mobile Charging Cable, 1.2M, Tangl",85444220,27,233.58,18.0,6306.66
1066,63,Wayona Nylon Braided USB to Lightning Fast Charging and Data Sync Cable Compatible for iPhone 1,85444220,40,360.09,18.0,14403.6
1067,63,Portronics Konnect L POR-1081 Fast Charging 3A Type-C Cable 1.2Meter with Charge & Sync Functio,85444220,22,134.7,18.0,2963.4
1068,63,"Amazonbasics Micro Usb Fast Charging Cable For Android Smartphone,Personal Computer,Printer Wit",85444220,15,171.95,18.0,2579.25
1069,63,Samsung 108 cm (43 inches) Crystal 4K Neo Series Ultra HD Smart LED TV UA43AUE65AKXXL (Black),84713010,23,28757.97,18.0,661433.31
1070,63,Lapster 1.5 mtr USB 2.0 Type A Male to USB A Male Cable for computer and laptop,85444220,29,119.99,18.0,3479.71
1071,63,"oraimo 65W Type C to C Fast Charging Cable USB C to USB C Cable High Speed Syncing, Nylon Braid",85444220,22,301.24,18.0,6627.28
1072,63,Portronics Konnect L 1.2M Fast Charging 3A 8 Pin USB Cable with Charge & Sync Function for iPho,85444220,40,134.97,18.0,5398.8
1073,63,OnePlus 108 cm (43 inches) Y Series Full HD Smart Android LED TV 43 Y1S (Black),84713010,32,21645.62,18.0,692659.84
1074,63,"Wayona Usb Nylon Braided Data Sync And Charging Cable For Iphone, Ipad Tablet (Red, Black)",85444220,40,347.81,18.0,13912.4
1075,64,"AmazonBasics Flexible Premium HDMI Cable (Black, 4K@60Hz, 18Gbps), 3-Foot",85444220,42,195.71,18.0,8219.82
1076,64,"Lapster 65W compatible for OnePlus Dash Warp Charge Cable , type c to c cable fast charging Dat",85444220,27,177.73,18.0,4798.71
1077,64,"AmazonBasics USB 2.0 - A-Male to A-Female Extension Cable for Personal Computer, Printer (Black",85444220,23,170.83,18.0,3929.09
1078,64,TP-Link Nano AC600 USB Wi-Fi Adapter(Archer T2U Nano)- 2.4G/5G Dual Band Wireless Network Adapt,85444220,39,881.15,18.0,34364.85
1079,64,boAt Rugged v3 Extra Tough Unbreakable Braided Micro USB Cable 1.5 Meter (Black),85444220,20,259.0,18.0,5180.0
1080,64,Flix Micro Usb Cable For Smartphone (Black),85444220,20,51.54,18.0,1030.8
1081,64,Tata Sky Universal Remote,84713010,23,204.52,18.0,4703.96
1082,64,"Wayona Nylon Braided (2 Pack) Lightning Fast Usb Data Cable Fast Charger Cord For Iphone, Ipad ",85444220,26,574.4,18.0,14934.4
1083,64,"Pinnaclz Original Combo of 2 Micro USB Fast Charging Cable, USB Charging Cable for Data Transfe",85444220,28,102.44,18.0,2868.32
1084,64,"LOHAYA Remote Compatible for Mi Smart LED TV 4A Remote Control (32""/43"") [ Compatible for Mi Tv",84713010,16,221.25,18.0,3540.0
1085,64,VW 80 cm (32 inches) Frameless Series HD Ready LED TV VW32A (Black),84713010,15,6279.97,18.0,94199.55
1086,64,"Portronics Konnect L 20W PD Quick Charge Type-C to 8-Pin USB Mobile Charging Cable, 1.2M, Tangl",85444220,37,233.58,18.0,8642.46
1087,64,Tizum High Speed HDMI Cable with Ethernet | Supports 3D 4K | for All HDMI Devices Laptop Comput,85444220,43,171.72,18.0,7383.96
1088,64,Zoul USB C 60W Fast Charging 3A 6ft/2M Long Type C Nylon Braided Data Cable Quick Charger Cable,85444220,21,330.12,18.0,6932.52
1089,64,"Duracell USB C To Lightning Apple Certified (Mfi) Braided Sync & Charge Cable For Iphone, Ipad ",85444220,19,822.95,18.0,15636.05
1090,64,Firestick Remote,84713010,43,1259.14,18.0,54143.02
1091,64,"boAt A400 USB Type-C to USB-A 2.0 Male Data Cable, 2 Meter (Black)",85444220,24,266.95,18.0,6406.8
1092,65,VW 80 cm (32 inches) Frameless Series HD Ready LED TV VW32A (Black),84713010,15,6279.97,18.0,94199.55
1093,65,TCL 100 cm (40 inches) Full HD Certified Android R Smart LED TV 40S6505 (Black),84713010,33,16743.35,18.0,552530.55
1094,65,"Airtel DigitalTV DTH Television, Setup Box Remote Compatible for SD and HD Recording (Black)",84713010,38,156.06,18.0,5930.28
1095,65,Mi 108 cm (43 inches) Full HD Android LED TV 4C | L43M6-INC (Black),84713010,17,17718.26,18.0,301210.42
1096,65,"Amazonbasics Nylon Braided Usb-C To Lightning Cable, Fast Charging Mfi Certified Smartphone, Ip",85444220,47,770.95,18.0,36234.65
1097,65,"Duracell USB C To Lightning Apple Certified (Mfi) Braided Sync & Charge Cable For Iphone, Ipad ",85444220,50,822.95,18.0,41147.5
1098,65,Wayona Type C to Lightning MFI Certified 20W Fast charging Nylon Braided USB C Cable for iPhone,85444220,47,636.48,18.0,29914.56
1099,65,Wayona Usb Type C Fast Charger Cable Fast Charging Usb C Cable/Cord Compatible For Samsung Gala,85444220,42,279.35,18.0,11732.7
1100,65,"ZEBRONICS ZEB-USB150WF1 WiFi USB Mini Adapter Supports 150 Mbps Wireless Data, Comes with Advan",85444220,21,259.96,18.0,5459.16
1101,65,"Pinnaclz Original Combo of 2 Micro USB Fast Charging Cable, USB Charging Cable for Data Transfe",85444220,29,102.44,18.0,2970.76
1102,65,Wayona Nylon Braided USB to Lightning Fast Charging and Data Sync Cable Compatible for iPhone 1,85444220,39,360.09,18.0,14043.51
1103,65,"Ambrane Unbreakable 3A Fast Charging Braided Type C Cable    1.5 Meter (RCT15, Blue) Supports Q",85444220,26,176.06,18.0,4577.56
1104,65,"boAt A 350 Type C Cable for Smartphone, Charging Adapter (1.5m, Carbon Black)",85444220,44,263.29,18.0,11584.76
1105,65,OnePlus 126 cm (50 inches) Y Series 4K Ultra HD Smart Android LED TV 50Y1S Pro (Black),84713010,43,29341.61,18.0,1261689.23
1106,65,Acer 127 cm (50 inches) I Series 4K Ultra HD Android Smart LED TV AR50AR2851UDFL (Black),84713010,47,23913.02,18.0,1123911.94
1107,65,Redmi 108 cm (43 inches) 4K Ultra HD Android Smart LED TV X43 | L43R7-7AIN (Black),84713010,15,23642.17,18.0,354632.55
1108,65,AmazonBasics USB Type-C to USB Type-C 2.0 Cable - 3 Feet Laptop (0.9 Meters) - White,85444220,35,295.14,18.0,10329.9
1109,66,MI Usb Type-C Cable Smartphone (Black),85444220,42,204.43,18.0,8586.06
1110,66,"Pinnaclz Original Combo of 2 Micro USB Fast Charging Cable, USB Charging Cable for Data Transfe",85444220,29,102.44,18.0,2970.76
1111,66,"Ambrane Unbreakable 60W / 3A Fast Charging 1.5m Braided Type C to Type C Cable for Smartphones,",85444220,34,220.11,18.0,7483.74
1112,66,"Airtel DigitalTV DTH Television, Setup Box Remote Compatible for SD and HD Recording (Black)",84713010,22,156.06,18.0,3433.32
1113,66,Ambrane Unbreakable 3 in 1 Fast Charging Braided Multipurpose Cable for Speaker with 2.1 A Spee,85444220,30,254.5,18.0,7635.0
1114,66,"Model-P4 6 Way Swivel Tilt Wall Mount 32-55-inch Full Motion Cantilever for LED,LCD and Plasma ",84713010,19,1418.39,18.0,26949.41
1115,66,TP-Link UE300 USB 3.0 to RJ45 Gigabit Ethernet Network Adapter - Plug and Play,84713010,37,937.01,18.0,34669.37
1116,66,OnePlus 80 cm (32 inches) Y Series HD Ready Smart Android LED TV 32 Y1S (Black),84713010,29,14108.22,18.0,409138.38
1117,66,"boAt Deuce USB 300 2 in 1 Type-C & Micro USB Stress Resistant, Tangle-Free, Sturdy Cable with 3",85444220,38,287.31,18.0,10917.78
1118,66,"Duracell USB Lightning Apple Certified (Mfi) Braided Sync & Charge Cable For Iphone, Ipad And I",85444220,23,822.98,18.0,18928.54
1119,66,"Flix (Beetel) Usb To Type C Pvc Data Sync And 2A 480Mbps Data Sync, Tough Fast Charging Long Ca",84713010,36,117.93,18.0,4245.48
1120,66,"pTron Solero MB301 3A Micro USB Data & Charging Cable, Made in India, 480Mbps Data Sync, Strong",85444220,49,88.12,18.0,4317.88
1121,66,Acer 80 cm (32 inches) N Series HD Ready TV AR32NSV53HD (Black),84713010,46,7178.24,18.0,330199.04
1122,66,"boAt Micro USB 55 Tangle-free, Sturdy Micro USB Cable with 3A Fast Charging & 480mbps Data Tran",85444220,44,153.59,18.0,6757.96
1123,66,"boAt Type C A750 Stress Resistant, Tangle-free, Sturdy Flat Cable with 6.5A Fast Charging & 480",85444220,25,338.19,18.0,8454.75
1124,66,Firestick Remote,84713010,50,1259.14,18.0,62957.0
1125,66,SWAPKART Fast Charging Cable and Data Sync USB Cable Compatible for iPhone 6/6S/7/7+/8/8+/10/11,85444220,44,178.35,18.0,7847.4
1126,66,OnePlus 108 cm (43 inches) Y Series 4K Ultra HD Smart Android LED TV 43Y1S Pro (Black),84713010,49,27018.16,18.0,1323889.84
1127,66,"AmazonBasics Flexible Premium HDMI Cable (Black, 4K@60Hz, 18Gbps), 3-Foot",85444220,27,195.71,18.0,5284.17
1128,66,"CEDO 65W OnePlus Dash Warp Charge Cable, USB A to Type C Data Sync Fast Charging Cable Compatib",85444220,31,309.66,18.0,9599.46
1129,66,Wayona Nylon Braided USB to Lightning Fast Charging and Data Sync Cable Compatible for iPhone 1,85444220,45,360.09,18.0,16204.05
1130,67,Acer 80 cm (32 inches) I Series HD Ready Android Smart LED TV AR32AR2841HDFL (Black),84713010,49,10008.34,18.0,490408.66
1131,67,SKYWALL 81.28 cm (32 inches) HD Ready Smart LED TV 32SWELS-PRO (Black),84713010,26,6237.94,18.0,162186.44
1132,67,"Gizga Essentials USB WiFi Adapter for PC, 150 Mbps Wireless Network Adapter for Desktop - Nano ",85444220,47,228.1,18.0,10720.7
1133,67,"boAt Micro USB 55 Tangle-free, Sturdy Micro USB Cable with 3A Fast Charging & 480mbps Data Tran",85444220,24,153.59,18.0,3686.16
1134,67,OnePlus 108 cm (43 inches) Y Series 4K Ultra HD Smart Android LED TV 43Y1S Pro (Black),84713010,15,27018.16,18.0,405272.4
1135,67,"TP-Link USB WiFi Adapter for PC(TL-WN725N), N150 Wireless Network Adapter for Desktop - Nano Si",85444220,33,429.66,18.0,14178.78
1136,67,Portronics Konnect L 1.2M POR-1401 Fast Charging 3A 8 Pin USB Cable with Charge & Sync Function,85444220,16,135.13,18.0,2162.08
1137,67,"Duracell USB C To Lightning Apple Certified (Mfi) Braided Sync & Charge Cable For Iphone, Ipad ",85444220,44,822.95,18.0,36209.8
1138,67,SWAPKART Fast Charging Cable and Data Sync USB Cable Compatible for iPhone 6/6S/7/7+/8/8+/10/11,85444220,17,178.35,18.0,3031.95
1139,67,"AmazonBasics USB 2.0 - A-Male to A-Female Extension Cable for Personal Computer, Printer (Black",85444220,35,170.83,18.0,5979.05
1140,67,"Ambrane 2 in 1 Type-C & Micro USB Cable with 60W / 3A Fast Charging, 480 mbps High Data, PD Tec",85444220,33,176.93,18.0,5838.69
1141,67,"Samsung Original Type C to C Cable - 3.28 Feet (1 Meter), White",85444220,32,517.68,18.0,16565.76
1142,67,MI Usb Type-C Cable Smartphone (Black),85444220,17,204.43,18.0,3475.31
1143,67,"pTron Solero MB301 3A Micro USB Data & Charging Cable, Made in India, 480Mbps Data Sync, Strong",85444220,19,88.12,18.0,1674.28
1144,67,"Flix (Beetel) Usb To Type C Pvc Data Sync And 2A 480Mbps Data Sync, Tough Fast Charging Long Ca",84713010,24,117.93,18.0,2830.32
1145,67,Firestick Remote,84713010,31,1259.14,18.0,39033.34
1146,68,"Airtel DigitalTV DTH Television, Setup Box Remote Compatible for SD and HD Recording (Black)",84713010,41,156.06,18.0,6398.46
1147,68,SKYWALL 81.28 cm (32 inches) HD Ready Smart LED TV 32SWELS-PRO (Black),84713010,30,6237.94,18.0,187138.2
1148,68,Samsung 108 cm (43 inches) Crystal 4K Neo Series Ultra HD Smart LED TV UA43AUE65AKXXL (Black),84713010,48,28757.97,18.0,1380382.56
1149,68,"Lapster 65W compatible for OnePlus Dash Warp Charge Cable , type c to c cable fast charging Dat",85444220,16,177.73,18.0,2843.68
1150,68,TCL 80 cm (32 inches) HD Ready Certified Android Smart LED TV 32S5205 (Black),84713010,27,9842.22,18.0,265739.94
1151,68,"Sounce 65W OnePlus Dash Warp Charge Cable, 6.5A Type-C to USB C PD Data Sync Fast Charging Cabl",85444220,34,179.16,18.0,6091.44
1152,68,"ZEBRONICS ZEB-USB150WF1 WiFi USB Mini Adapter Supports 150 Mbps Wireless Data, Comes with Advan",85444220,37,259.96,18.0,9618.52
1153,68,"Ambrane 60W / 3A Type C Fast Charging Unbreakable 1.5m L Shaped Braided Cable, PD Technology, 4",85444220,16,162.69,18.0,2603.04
1154,68,"pTron Solero TB301 3A Type-C Data and Fast Charging Cable, Made in India, 480Mbps Data Sync, St",85444220,15,135.22,18.0,2028.3
1155,68,Zoul USB C 60W Fast Charging 3A 6ft/2M Long Type C Nylon Braided Data Cable Quick Charger Cable,85444220,20,330.12,18.0,6602.4
1156,68,"FLiX (Beetel USB to Micro USB PVC Data Sync & 2A Fast Charging Cable, Made in India, 480Mbps Da",85444220,24,50.19,18.0,1204.56
1157,68,OnePlus 108 cm (43 inches) Y Series Full HD Smart Android LED TV 43 Y1S (Black),84713010,28,21645.62,18.0,606077.36
1158,68,7SEVEN® Compatible for Samsung Smart 4K Ultra HD TV Monitor Remote Control Replacement of Origi,84713010,22,341.72,18.0,7517.84
1159,68,Portronics Konnect L POR-1081 Fast Charging 3A Type-C Cable 1.2Meter with Charge & Sync Functio,85444220,49,134.7,18.0,6600.3
1160,68,"Ambrane 60W / 3A Fast Charging Output Cable with Type-C to USB for Mobile, Neckband, True Wirel",85444220,32,153.46,18.0,4910.72
1161,69,LG 80 cm (32 inches) HD Ready Smart LED TV 32LM563BPTC (Dark Iron Gray),84713010,28,11542.16,18.0,323180.48
1162,69,"Pinnaclz Original Combo of 2 Micro USB Fast Charging Cable, USB Charging Cable for Data Transfe",85444220,50,102.44,18.0,5122.0
1163,69,"pTron Solero MB301 3A Micro USB Data & Charging Cable, Made in India, 480Mbps Data Sync, Strong",85444220,39,88.12,18.0,3436.68
1164,69,Amazon Basics USB Type-C to USB-A 2.0 Male Fast Charging Cable for Laptop - 3 Feet (0.9 Meters),85444220,48,190.7,18.0,9153.6
1165,69,"FLiX (Beetel USB to Micro USB PVC Data Sync & 2A Fast Charging Cable, Made in India, 480Mbps Da",85444220,36,50.19,18.0,1806.84
1166,69,"Duracell USB C To Lightning Apple Certified (Mfi) Braided Sync & Charge Cable For Iphone, Ipad ",85444220,32,822.95,18.0,26334.4
1167,69,"Gizga Essentials USB WiFi Adapter for PC, 150 Mbps Wireless Network Adapter for Desktop - Nano ",85444220,49,228.1,18.0,11176.9
1168,69,"TP-Link USB WiFi Adapter for PC(TL-WN725N), N150 Wireless Network Adapter for Desktop - Nano Si",85444220,49,429.66,18.0,21053.34
1169,69,AmazonBasics Micro USB Fast Charging Cable for Android Phones with Gold Plated Connectors (3 Fe,85444220,24,162.36,18.0,3896.64
1170,69,"Lapster 65W compatible for OnePlus Dash Warp Charge Cable , type c to c cable fast charging Dat",85444220,23,177.73,18.0,4087.79
1171,70,Acer 127 cm (50 inches) I Series 4K Ultra HD Android Smart LED TV AR50AR2851UDFL (Black),84713010,35,23913.02,18.0,836955.7
1172,70,"Wayona Usb Nylon Braided Data Sync And Charging Cable For Iphone, Ipad Tablet (Red, Black)",85444220,20,347.81,18.0,6956.2
1173,70,Tizum High Speed HDMI Cable with Ethernet | Supports 3D 4K | for All HDMI Devices Laptop Comput,85444220,26,171.72,18.0,4464.72
1174,70,"oraimo 65W Type C to C Fast Charging Cable USB C to USB C Cable High Speed Syncing, Nylon Braid",85444220,15,301.24,18.0,4518.6
1175,70,TCL 80 cm (32 inches) HD Ready Certified Android Smart LED TV 32S5205 (Black),84713010,44,9842.22,18.0,433057.68
1176,70,"AmazonBasics New Release Nylon USB-A to Lightning Cable Cord, Fast Charging MFi Certified Charg",85444220,41,678.87,18.0,27833.67
1177,70,Acer 80 cm (32 inches) I Series HD Ready Android Smart LED TV AR32AR2841HDFL (Black),84713010,29,10008.34,18.0,290241.86
1178,70,7SEVEN® Compatible for Samsung Smart 4K Ultra HD TV Monitor Remote Control Replacement of Origi,84713010,31,341.72,18.0,10593.32
1179,70,Samsung 80 cm (32 Inches) Wondertainment Series HD Ready LED Smart TV UA32T4340BKXXL (Glossy Bl,84713010,44,11694.88,18.0,514574.72
1180,70,AmazonBasics Micro USB Fast Charging Cable for Android Phones with Gold Plated Connectors (3 Fe,85444220,46,162.36,18.0,7468.56
1181,70,"ZEBRONICS ZEB-USB150WF1 WiFi USB Mini Adapter Supports 150 Mbps Wireless Data, Comes with Advan",85444220,37,259.96,18.0,9618.52
1182,70,"Ambrane 60W / 3A Type C Fast Charging Unbreakable 1.5m L Shaped Braided Cable, PD Technology, 4",85444220,45,162.69,18.0,7321.05
1183,70,"Sounce Fast Phone Charging Cable & Data Sync USB Cable Compatible for iPhone 13, 12,11, X, 8, 7",85444220,22,170.05,18.0,3741.1
1184,71,Samsung 80 cm (32 Inches) Wondertainment Series HD Ready LED Smart TV UA32T4340BKXXL (Glossy Bl,84713010,22,11694.88,18.0,257287.36
1185,71,"Wecool Nylon Braided Multifunction Fast Charging Cable For Android Smartphone, Ios And Type C U",85444220,28,282.43,18.0,7908.04
1186,71,"ZEBRONICS ZEB-USB150WF1 WiFi USB Mini Adapter Supports 150 Mbps Wireless Data, Comes with Advan",85444220,39,259.96,18.0,10138.44
1187,71,"LOHAYA Remote Compatible for Mi Smart LED TV 4A Remote Control (32""/43"") [ Compatible for Mi Tv",84713010,35,221.25,18.0,7743.75
1188,71,Flix Micro Usb Cable For Smartphone (Black),85444220,32,51.54,18.0,1649.28
1189,71,"Ambrane Unbreakable 3A Fast Charging Braided Type C Cable    1.5 Meter (RCT15, Blue) Supports Q",85444220,48,176.06,18.0,8450.88
1190,71,"Amazonbasics Nylon Braided Usb-C To Lightning Cable, Fast Charging Mfi Certified Smartphone, Ip",85444220,17,770.95,18.0,13106.15
1191,71,"pTron Solero MB301 3A Micro USB Data & Charging Cable, Made in India, 480Mbps Data Sync, Strong",85444220,48,88.12,18.0,4229.76
1192,71,Lapster 1.5 mtr USB 2.0 Type A Male to USB A Male Cable for computer and laptop,85444220,43,119.99,18.0,5159.57
1193,71,"Pinnaclz Original Combo of 2 Micro USB Fast Charging Cable, USB Charging Cable for Data Transfe",85444220,34,102.44,18.0,3482.96
1194,71,"CEDO 65W OnePlus Dash Warp Charge Cable, USB A to Type C Data Sync Fast Charging Cable Compatib",85444220,40,309.66,18.0,12386.4
1195,71,"Ambrane 2 in 1 Type-C & Micro USB Cable with 60W / 3A Fast Charging, 480 mbps High Data, PD Tec",85444220,17,176.93,18.0,3007.81
1196,71,"Portronics Konnect L 20W PD Quick Charge Type-C to 8-Pin USB Mobile Charging Cable, 1.2M, Tangl",85444220,49,233.58,18.0,11445.42
1197,71,"Ambrane Unbreakable 60W / 3A Fast Charging 1.5m Braided Type C to Type C Cable for Smartphones,",85444220,42,220.11,18.0,9244.62
1198,71,TCL 100 cm (40 inches) Full HD Certified Android R Smart LED TV 40S6505 (Black),84713010,46,16743.35,18.0,770194.1
1199,71,"Duracell USB Lightning Apple Certified (Mfi) Braided Sync & Charge Cable For Iphone, Ipad And I",85444220,31,822.98,18.0,25512.38
1200,72,Acer 80 cm (32 inches) N Series HD Ready TV AR32NSV53HD (Black),84713010,45,7178.24,18.0,323020.8
1201,72,"Duracell USB C To Lightning Apple Certified (Mfi) Braided Sync & Charge Cable For Iphone, Ipad ",85444220,20,822.95,18.0,16459.0
1202,72,VW 80 cm (32 inches) Frameless Series HD Ready LED TV VW32A (Black),84713010,27,6279.97,18.0,169559.19
1203,72,"Ambrane 60W / 3A Fast Charging Output Cable with Type-C to USB for Mobile, Neckband, True Wirel",85444220,46,153.46,18.0,7059.16
1204,72,"Flix (Beetel) Usb To Type C Pvc Data Sync And 2A 480Mbps Data Sync, Tough Fast Charging Long Ca",84713010,47,117.93,18.0,5542.71
1205,72,"Lapster 65W compatible for OnePlus Dash Warp Charge Cable , type c to c cable fast charging Dat",85444220,27,177.73,18.0,4798.71
1206,72,"boAt Micro USB 55 Tangle-free, Sturdy Micro USB Cable with 3A Fast Charging & 480mbps Data Tran",85444220,32,153.59,18.0,4914.88
1207,72,OnePlus 80 cm (32 inches) Y Series HD Ready Smart Android LED TV 32 Y1S (Black),84713010,33,14108.22,18.0,465571.26
1208,72,Portronics Konnect CL 20W POR-1067 Type-C to 8 Pin USB 1.2M Cable with Power Delivery & 3A Quic,85444220,38,307.7,18.0,11692.6
1209,72,"Amazon Basics High-Speed HDMI Cable, 6 Feet - Supports Ethernet, 3D, 4K video,Black",85444220,18,270.44,18.0,4867.92
1210,72,Lapster 1.5 mtr USB 2.0 Type A Male to USB A Male Cable for computer and laptop,85444220,40,119.99,18.0,4799.6
1211,72,TCL 100 cm (40 inches) Full HD Certified Android R Smart LED TV 40S6505 (Black),84713010,26,16743.35,18.0,435327.1
1212,72,Portronics Konnect L POR-1081 Fast Charging 3A Type-C Cable 1.2Meter with Charge & Sync Functio,85444220,42,134.7,18.0,5657.4
1213,72,"Gizga Essentials USB WiFi Adapter for PC, 150 Mbps Wireless Network Adapter for Desktop - Nano ",85444220,24,228.1,18.0,5474.4
1214,73,TP-Link Nano AC600 USB Wi-Fi Adapter(Archer T2U Nano)- 2.4G/5G Dual Band Wireless Network Adapt,85444220,21,881.15,18.0,18504.15
1215,73,TP-LINK WiFi Dongle 300 Mbps Mini Wireless Network USB Wi-Fi Adapter for PC Desktop Laptop(Supp,85444220,36,575.21,18.0,20707.56
1216,73,TP-Link UE300 USB 3.0 to RJ45 Gigabit Ethernet Network Adapter - Plug and Play,84713010,36,937.01,18.0,33732.36
1217,73,Lapster 1.5 mtr USB 2.0 Type A Male to USB A Male Cable for computer and laptop,85444220,15,119.99,18.0,1799.85
1218,73,TCL 80 cm (32 inches) HD Ready Certified Android Smart LED TV 32S5205 (Black),84713010,18,9842.22,18.0,177159.96
1219,73,"Duracell USB Lightning Apple Certified (Mfi) Braided Sync & Charge Cable For Iphone, Ipad And I",85444220,45,822.98,18.0,37034.1
1220,73,Redmi 108 cm (43 inches) 4K Ultra HD Android Smart LED TV X43 | L43R7-7AIN (Black),84713010,29,23642.17,18.0,685622.93
1221,73,"Model-P4 6 Way Swivel Tilt Wall Mount 32-55-inch Full Motion Cantilever for LED,LCD and Plasma ",84713010,19,1418.39,18.0,26949.41
1222,73,AmazonBasics Micro USB Fast Charging Cable for Android Phones with Gold Plated Connectors (3 Fe,85444220,25,162.36,18.0,4059.0
1223,73,"pTron Solero TB301 3A Type-C Data and Fast Charging Cable, Made in India, 480Mbps Data Sync, St",85444220,42,135.22,18.0,5679.24
1224,73,"TP-Link USB WiFi Adapter for PC(TL-WN725N), N150 Wireless Network Adapter for Desktop - Nano Si",85444220,38,429.66,18.0,16327.08
1225,73,VW 80 cm (32 inches) Frameless Series HD Ready LED TV VW32A (Black),84713010,34,6279.97,18.0,213518.98
1226,73,"Wecool Unbreakable 3 in 1 Charging Cable with 3A Speed, Fast Charging Multi Purpose Cable 1.25 ",85444220,37,309.33,18.0,11445.21
1227,73,"boAt Type C A325 Tangle-free, Sturdy Type C Cable with 3A Rapid Charging & 480mbps Data Transmi",85444220,39,170.57,18.0,6652.23
1228,73,"Pinnaclz Original Combo of 2 Micro USB Fast Charging Cable, USB Charging Cable for Data Transfe",85444220,21,102.44,18.0,2151.24
1229,73,"tizum HDMI to VGA Adapter Cable 1080P for Projector, Computer, Laptop, TV, Projectors & TV",85444220,38,239.87,18.0,9115.06
1230,73,Zoul USB C 60W Fast Charging 3A 6ft/2M Long Type C Nylon Braided Data Cable Quick Charger Cable,85444220,30,330.12,18.0,9903.6
1231,73,"boAt Deuce USB 300 2 in 1 Type-C & Micro USB Stress Resistant, Sturdy Cable with 3A Fast Chargi",85444220,34,266.59,18.0,9064.06
1232,73,"Portronics Konnect L 20W PD Quick Charge Type-C to 8-Pin USB Mobile Charging Cable, 1.2M, Tangl",85444220,28,233.58,18.0,6540.24
1233,73,"Amazonbasics Nylon Braided Usb-C To Lightning Cable, Fast Charging Mfi Certified Smartphone, Ip",85444220,37,770.95,18.0,28525.15
1234,73,"Duracell Type C To Type C 5A (100W) Braided Sync & Fast Charging Cable, 3.9 Feet (1.2M). USB C ",85444220,38,841.71,18.0,31984.98
1235,73,Portronics Konnect L 1.2M Fast Charging 3A 8 Pin USB Cable with Charge & Sync Function for iPho,85444220,18,134.97,18.0,2429.46
1236,73,OnePlus 108 cm (43 inches) Y Series Full HD Smart Android LED TV 43 Y1S (Black),84713010,15,21645.62,18.0,324684.3
1237,73,Wayona Type C to Lightning MFI Certified 20W Fast charging Nylon Braided USB C Cable for iPhone,85444220,17,636.48,18.0,10820.16
1238,73,"Sounce Fast Phone Charging Cable & Data Sync USB Cable Compatible for iPhone 13, 12,11, X, 8, 7",85444220,45,170.05,18.0,7652.25
1239,74,"Ambrane Unbreakable 3A Fast Charging Braided Type C Cable    1.5 Meter (RCT15, Blue) Supports Q",85444220,15,176.06,18.0,2640.9
1240,74,Lapster 1.5 mtr USB 2.0 Type A Male to USB A Male Cable for computer and laptop,85444220,40,119.99,18.0,4799.6
1241,74,OnePlus 80 cm (32 inches) Y Series HD Ready Smart Android LED TV 32 Y1S (Black),84713010,32,14108.22,18.0,451463.04
1242,74,"AmazonBasics USB 2.0 Cable - A-Male to B-Male - for Personal Computer, Printer- 6 Feet (1.8 Met",85444220,23,187.45,18.0,4311.35
1243,74,"Wecool Unbreakable 3 in 1 Charging Cable with 3A Speed, Fast Charging Multi Purpose Cable 1.25 ",85444220,21,309.33,18.0,6495.93
1244,74,Amazon Basics USB Type-C to USB-A 2.0 Male Fast Charging Cable for Laptop - 3 Feet (0.9 Meters),85444220,16,190.7,18.0,3051.2
1245,74,"Portronics Konnect L 1.2Mtr, Fast Charging 3A Micro USB Cable with Charge & Sync Function (Grey",85444220,26,132.32,18.0,3440.32
1246,74,AmazonBasics Micro USB Fast Charging Cable for Android Phones with Gold Plated Connectors (3 Fe,85444220,30,162.36,18.0,4870.8
1247,74,"Ambrane 2 in 1 Type-C & Micro USB Cable with 60W / 3A Fast Charging, 480 mbps High Data, PD Tec",85444220,29,176.93,18.0,5130.97
1248,74,boAt Rugged v3 Extra Tough Unbreakable Braided Micro USB Cable 1.5 Meter (Black),85444220,22,259.0,18.0,5698.0
1249,74,"Wayona Nylon Braided (2 Pack) Lightning Fast Usb Data Cable Fast Charger Cord For Iphone, Ipad ",85444220,23,574.4,18.0,13211.2
1250,74,"Amazonbasics Micro Usb Fast Charging Cable For Android Smartphone,Personal Computer,Printer Wit",85444220,33,171.95,18.0,5674.35
1251,74,Wayona Type C to Lightning MFI Certified 20W Fast charging Nylon Braided USB C Cable for iPhone,85444220,44,636.48,18.0,28005.12
1252,74,"boAt Type C A325 Tangle-free, Sturdy Type C Cable with 3A Rapid Charging & 480mbps Data Transmi",85444220,22,170.57,18.0,3752.54
1253,74,Samsung 80 cm (32 Inches) Wondertainment Series HD Ready LED Smart TV UA32T4340BKXXL (Glossy Bl,84713010,30,11694.88,18.0,350846.4
1254,74,"Duracell USB Lightning Apple Certified (Mfi) Braided Sync & Charge Cable For Iphone, Ipad And I",85444220,16,822.98,18.0,13167.68
1255,74,Wayona Usb Type C Fast Charger Cable Fast Charging Usb C Cable/Cord Compatible For Samsung Gala,85444220,33,279.35,18.0,9218.55
1256,74,MI 80 cm (32 inches) 5A Series HD Ready Smart Android LED TV L32M7-5AIN (Black),84713010,24,12464.21,18.0,299141.04
1257,74,Lapster USB 3.0 A to Micro B SuperSpeed for hard disk cable - short cable,85444220,19,169.29,18.0,3216.51
1258,74,Samsung 108 cm (43 inches) Crystal 4K Series Ultra HD Smart LED TV UA43AUE60AKLXL (Black),84713010,15,26340.22,18.0,395103.3
1259,74,"pTron Solero TB301 3A Type-C Data and Fast Charging Cable, Made in India, 480Mbps Data Sync, St",85444220,24,135.22,18.0,3245.28
1260,74,"Portronics Konnect L 20W PD Quick Charge Type-C to 8-Pin USB Mobile Charging Cable, 1.2M, Tangl",85444220,44,233.58,18.0,10277.52
1261,74,"LOHAYA Remote Compatible for Mi Smart LED TV 4A Remote Control (32""/43"") [ Compatible for Mi Tv",84713010,27,221.25,18.0,5973.75
1262,74,Acer 127 cm (50 inches) I Series 4K Ultra HD Android Smart LED TV AR50AR2851UDFL (Black),84713010,24,23913.02,18.0,573912.48
1263,75,"AmazonBasics USB 2.0 - A-Male to A-Female Extension Cable for Personal Computer, Printer (Black",85444220,18,170.83,18.0,3074.94
1264,75,OnePlus 126 cm (50 inches) Y Series 4K Ultra HD Smart Android LED TV 50Y1S Pro (Black),84713010,39,29341.61,18.0,1144322.79
1265,75,MI Usb Type-C Cable Smartphone (Black),85444220,17,204.43,18.0,3475.31
1266,75,"Sounce Fast Phone Charging Cable & Data Sync USB Cable Compatible for iPhone 13, 12,11, X, 8, 7",85444220,39,170.05,18.0,6631.95
1267,75,"Flix (Beetel) Usb To Type C Pvc Data Sync And 2A 480Mbps Data Sync, Tough Fast Charging Long Ca",84713010,15,117.93,18.0,1768.95
1268,75,OnePlus 80 cm (32 inches) Y Series HD Ready LED Smart Android TV 32Y1 (Black),84713010,32,13015.39,18.0,416492.48
1269,75,"Duracell Type C To Type C 5A (100W) Braided Sync & Fast Charging Cable, 3.9 Feet (1.2M). USB C ",85444220,39,841.71,18.0,32826.69
1270,75,Acer 80 cm (32 inches) I Series HD Ready Android Smart LED TV AR32AR2841HDFL (Black),84713010,19,10008.34,18.0,190158.46
1271,75,"pTron Solero MB301 3A Micro USB Data & Charging Cable, Made in India, 480Mbps Data Sync, Strong",85444220,18,88.12,18.0,1586.16
1272,75,Redmi 108 cm (43 inches) 4K Ultra HD Android Smart LED TV X43 | L43R7-7AIN (Black),84713010,36,23642.17,18.0,851118.12
1273,75,Wayona Nylon Braided USB to Lightning Fast Charging and Data Sync Cable Compatible for iPhone 1,85444220,38,360.09,18.0,13683.42
1274,75,"boAt Deuce USB 300 2 in 1 Type-C & Micro USB Stress Resistant, Sturdy Cable with 3A Fast Chargi",85444220,48,266.59,18.0,12796.32
1275,75,Portronics Konnect CL 20W POR-1067 Type-C to 8 Pin USB 1.2M Cable with Power Delivery & 3A Quic,85444220,31,307.7,18.0,9538.7
1276,75,TP-Link UE300 USB 3.0 to RJ45 Gigabit Ethernet Network Adapter - Plug and Play,84713010,33,937.01,18.0,30921.33
1277,76,Wayona Type C to Lightning MFI Certified 20W Fast charging Nylon Braided USB C Cable for iPhone,85444220,26,636.48,18.0,16548.48
1278,76,Acer 127 cm (50 inches) I Series 4K Ultra HD Android Smart LED TV AR50AR2851UDFL (Black),84713010,48,23913.02,18.0,1147824.96
1279,76,"Flix (Beetel) Usb To Type C Pvc Data Sync And 2A 480Mbps Data Sync, Tough Fast Charging Long Ca",84713010,27,117.93,18.0,3184.11
1280,76,Ambrane Unbreakable 3 in 1 Fast Charging Braided Multipurpose Cable for Speaker with 2.1 A Spee,85444220,40,254.5,18.0,10180.0
1281,76,MI 80 cm (32 inches) 5A Series HD Ready Smart Android LED TV L32M7-5AIN (Black),84713010,34,12464.21,18.0,423783.14
1282,76,"Ambrane Unbreakable 60W / 3A Fast Charging 1.5m Braided Micro USB Cable for Smartphones, Tablet",85444220,35,179.11,18.0,6268.85
1283,76,"Ambrane Unbreakable 60W / 3A Fast Charging 1.5m Braided Type C to Type C Cable for Smartphones,",85444220,42,220.11,18.0,9244.62
1284,76,Wayona Nylon Braided USB to Lightning Fast Charging and Data Sync Cable Compatible for iPhone 1,85444220,18,360.09,18.0,6481.62
1285,76,"Pinnaclz Original Combo of 2 Micro USB Fast Charging Cable, USB Charging Cable for Data Transfe",85444220,30,102.44,18.0,3073.2
1286,76,AmazonBasics USB Type-C to USB Type-C 2.0 Cable - 3 Feet Laptop (0.9 Meters) - White,85444220,39,295.14,18.0,11510.46
1287,76,"LOHAYA Remote Compatible for Mi Smart LED TV 4A Remote Control (32""/43"") [ Compatible for Mi Tv",84713010,19,221.25,18.0,4203.75
1288,76,"AmazonBasics New Release Nylon USB-A to Lightning Cable Cord, Fast Charging MFi Certified Charg",85444220,42,678.87,18.0,28512.54
1289,77,"Wayona Nylon Braided (2 Pack) Lightning Fast Usb Data Cable Fast Charger Cord For Iphone, Ipad ",85444220,40,574.4,18.0,22976.0
1290,77,"Duracell Type C To Type C 5A (100W) Braided Sync & Fast Charging Cable, 3.9 Feet (1.2M). USB C ",85444220,16,841.71,18.0,13467.36
1291,77,"Ambrane Unbreakable 3A Fast Charging Braided Type C Cable    1.5 Meter (RCT15, Blue) Supports Q",85444220,21,176.06,18.0,3697.26
1292,77,Portronics Konnect L 1.2M Fast Charging 3A 8 Pin USB Cable with Charge & Sync Function for iPho,85444220,15,134.97,18.0,2024.55
1293,77,"Portronics Konnect L 20W PD Quick Charge Type-C to 8-Pin USB Mobile Charging Cable, 1.2M, Tangl",85444220,35,233.58,18.0,8175.3
1294,77,"Ambrane 60W / 3A Fast Charging Output Cable with Type-C to USB for Mobile, Neckband, True Wirel",85444220,50,153.46,18.0,7673.0
1295,77,Lapster 1.5 mtr USB 2.0 Type A Male to USB A Male Cable for computer and laptop,85444220,46,119.99,18.0,5519.54
1296,77,Samsung 108 cm (43 inches) Crystal 4K Series Ultra HD Smart LED TV UA43AUE60AKLXL (Black),84713010,19,26340.22,18.0,500464.18
1297,77,SKYWALL 81.28 cm (32 inches) HD Ready Smart LED TV 32SWELS-PRO (Black),84713010,41,6237.94,18.0,255755.54
1298,77,"Duracell USB C To Lightning Apple Certified (Mfi) Braided Sync & Charge Cable For Iphone, Ipad ",85444220,27,822.95,18.0,22219.65
1299,77,"FLiX (Beetel USB to Micro USB PVC Data Sync & 2A Fast Charging Cable, Made in India, 480Mbps Da",85444220,29,50.19,18.0,1455.51
1300,77,"Sounce Fast Phone Charging Cable & Data Sync USB Cable Compatible for iPhone 13, 12,11, X, 8, 7",85444220,20,170.05,18.0,3401.0
1301,77,TP-Link UE300 USB 3.0 to RJ45 Gigabit Ethernet Network Adapter - Plug and Play,84713010,33,937.01,18.0,30921.33
1302,77,AmazonBasics USB Type-C to USB Type-C 2.0 Cable - 3 Feet Laptop (0.9 Meters) - White,85444220,32,295.14,18.0,9444.48
1303,77,SWAPKART Fast Charging Cable and Data Sync USB Cable Compatible for iPhone 6/6S/7/7+/8/8+/10/11,85444220,41,178.35,18.0,7312.35
1304,77,OnePlus 80 cm (32 inches) Y Series HD Ready Smart Android LED TV 32 Y1S (Black),84713010,30,14108.22,18.0,423246.6
1305,77,"boAt Micro USB 55 Tangle-free, Sturdy Micro USB Cable with 3A Fast Charging & 480mbps Data Tran",85444220,22,153.59,18.0,3378.98
1306,77,"boAt A 350 Type C Cable for Smartphone, Charging Adapter (1.5m, Carbon Black)",85444220,46,263.29,18.0,12111.34
1307,78,"Pinnaclz Original Combo of 2 Micro USB Fast Charging Cable, USB Charging Cable for Data Transfe",85444220,38,102.44,18.0,3892.72
1308,78,Tizum High Speed HDMI Cable with Ethernet | Supports 3D 4K | for All HDMI Devices Laptop Comput,85444220,30,171.72,18.0,5151.6
1309,78,"Ambrane Unbreakable 60W / 3A Fast Charging 1.5m Braided Type C Cable for Smartphones, Tablets, ",85444220,20,174.35,18.0,3487.0
1310,78,"AmazonBasics USB 2.0 Cable - A-Male to B-Male - for Personal Computer, Printer- 6 Feet (1.8 Met",85444220,20,187.45,18.0,3749.0
1311,78,Samsung 108 cm (43 inches) Crystal 4K Series Ultra HD Smart LED TV UA43AUE60AKLXL (Black),84713010,28,26340.22,18.0,737526.16
1312,78,Portronics Konnect CL 20W POR-1067 Type-C to 8 Pin USB 1.2M Cable with Power Delivery & 3A Quic,85444220,49,307.7,18.0,15077.3
1313,78,"Duracell Type C To Type C 5A (100W) Braided Sync & Fast Charging Cable, 3.9 Feet (1.2M). USB C ",85444220,29,841.71,18.0,24409.59
1314,78,"oraimo 65W Type C to C Fast Charging Cable USB C to USB C Cable High Speed Syncing, Nylon Braid",85444220,31,301.24,18.0,9338.44
1315,78,Portronics Konnect L POR-1081 Fast Charging 3A Type-C Cable 1.2Meter with Charge & Sync Functio,85444220,43,134.7,18.0,5792.1
1316,78,"Ambrane 2 in 1 Type-C & Micro USB Cable with 60W / 3A Fast Charging, 480 mbps High Data, PD Tec",85444220,25,176.93,18.0,4423.25
1317,78,AmazonBasics USB Type-C to USB Type-C 2.0 Cable - 3 Feet Laptop (0.9 Meters) - White,85444220,44,295.14,18.0,12986.16
1318,78,"boAt Deuce USB 300 2 in 1 Type-C & Micro USB Stress Resistant, Tangle-Free, Sturdy Cable with 3",85444220,19,287.31,18.0,5458.89
1319,78,"Gilary Multi Charging Cable, 3 in 1 Nylon Braided Fast Charging Cable for iPhone Micro USB Type",85444220,38,306.96,18.0,11664.48
1320,79,"Wayona Nylon Braided 3A Lightning to USB A Syncing and Fast Charging Data Cable for iPhone, Ipa",85444220,47,361.67,18.0,16998.49
1321,79,"boAt Micro USB 55 Tangle-free, Sturdy Micro USB Cable with 3A Fast Charging & 480mbps Data Tran",85444220,15,153.59,18.0,2303.85
1322,79,OnePlus 108 cm (43 inches) Y Series 4K Ultra HD Smart Android LED TV 43Y1S Pro (Black),84713010,47,27018.16,18.0,1269853.52
1323,79,"Duracell USB Lightning Apple Certified (Mfi) Braided Sync & Charge Cable For Iphone, Ipad And I",85444220,22,822.98,18.0,18105.56
1324,79,"Duracell USB C To Lightning Apple Certified (Mfi) Braided Sync & Charge Cable For Iphone, Ipad ",85444220,49,822.95,18.0,40324.55
1325,79,"boAt Type C A325 Tangle-free, Sturdy Type C Cable with 3A Rapid Charging & 480mbps Data Transmi",85444220,17,170.57,18.0,2899.69
1326,79,Wayona Nylon Braided USB to Lightning Fast Charging and Data Sync Cable Compatible for iPhone 1,85444220,20,360.09,18.0,7201.8
1327,79,"Gilary Multi Charging Cable, 3 in 1 Nylon Braided Fast Charging Cable for iPhone Micro USB Type",85444220,20,306.96,18.0,6139.2
1328,79,"Portronics Konnect L 20W PD Quick Charge Type-C to 8-Pin USB Mobile Charging Cable, 1.2M, Tangl",85444220,16,233.58,18.0,3737.28
1329,79,Acer 80 cm (32 inches) N Series HD Ready TV AR32NSV53HD (Black),84713010,39,7178.24,18.0,279951.36
1330,79,"tizum HDMI to VGA Adapter Cable 1080P for Projector, Computer, Laptop, TV, Projectors & TV",85444220,25,239.87,18.0,5996.75
1331,79,boAt Rugged v3 Extra Tough Unbreakable Braided Micro USB Cable 1.5 Meter (Black),85444220,42,259.0,18.0,10878.0
1332,79,Portronics Konnect L 1.2M POR-1401 Fast Charging 3A 8 Pin USB Cable with Charge & Sync Function,85444220,45,135.13,18.0,6080.85
1333,79,OnePlus 80 cm (32 inches) Y Series HD Ready LED Smart Android TV 32Y1 (Black),84713010,46,13015.39,18.0,598707.94
1334,79,"Portronics Konnect L 1.2Mtr, Fast Charging 3A Micro USB Cable with Charge & Sync Function (Grey",85444220,39,132.32,18.0,5160.48
1335,79,OnePlus 126 cm (50 inches) Y Series 4K Ultra HD Smart Android LED TV 50Y1S Pro (Black),84713010,33,29341.61,18.0,968273.13
1336,79,7SEVEN® Compatible for Samsung Smart 4K Ultra HD TV Monitor Remote Control Replacement of Origi,84713010,43,341.72,18.0,14693.96
1337,79,VW 80 cm (32 inches) Frameless Series HD Ready LED TV VW32A (Black),84713010,43,6279.97,18.0,270038.71
1338,79,MI 80 cm (32 inches) 5A Series HD Ready Smart Android LED TV L32M7-5AIN (Black),84713010,40,12464.21,18.0,498568.4
1339,80,"Wayona Nylon Braided 3A Lightning to USB A Syncing and Fast Charging Data Cable for iPhone, Ipa",85444220,38,361.67,18.0,13743.46
1340,80,"Wecool Nylon Braided Multifunction Fast Charging Cable For Android Smartphone, Ios And Type C U",85444220,32,282.43,18.0,9037.76
1341,80,MI Braided USB Type-C Cable for Charging Adapter (Red),85444220,40,296.48,18.0,11859.2
1342,80,Redmi 108 cm (43 inches) 4K Ultra HD Android Smart LED TV X43 | L43R7-7AIN (Black),84713010,39,23642.17,18.0,922044.63
1343,80,"Amazonbasics Micro Usb Fast Charging Cable For Android Smartphone,Personal Computer,Printer Wit",85444220,49,171.95,18.0,8425.55
1344,80,Lapster USB 3.0 A to Micro B SuperSpeed for hard disk cable - short cable,85444220,38,169.29,18.0,6433.02
1345,80,Acer 127 cm (50 inches) I Series 4K Ultra HD Android Smart LED TV AR50AR2851UDFL (Black),84713010,32,23913.02,18.0,765216.64
1346,80,Flix Micro Usb Cable For Smartphone (Black),85444220,45,51.54,18.0,2319.3
1347,80,"Sounce 65W OnePlus Dash Warp Charge Cable, 6.5A Type-C to USB C PD Data Sync Fast Charging Cabl",85444220,22,179.16,18.0,3941.52
1348,80,TP-LINK WiFi Dongle 300 Mbps Mini Wireless Network USB Wi-Fi Adapter for PC Desktop Laptop(Supp,85444220,17,575.21,18.0,9778.57
1349,80,Wayona Nylon Braided USB to Lightning Fast Charging and Data Sync Cable Compatible for iPhone 1,85444220,43,360.09,18.0,15483.87
1350,80,Firestick Remote,84713010,45,1259.14,18.0,56661.3
1351,80,"Portronics Konnect L 20W PD Quick Charge Type-C to 8-Pin USB Mobile Charging Cable, 1.2M, Tangl",85444220,25,233.58,18.0,5839.5
1352,80,TCL 80 cm (32 inches) HD Ready Certified Android Smart LED TV 32S5205 (Black),84713010,23,9842.22,18.0,226371.06
1353,80,"Ambrane 2 in 1 Type-C & Micro USB Cable with 60W / 3A Fast Charging, 480 mbps High Data, PD Tec",85444220,22,176.93,18.0,3892.46
1354,80,"CEDO 65W OnePlus Dash Warp Charge Cable, USB A to Type C Data Sync Fast Charging Cable Compatib",85444220,39,309.66,18.0,12076.74
1355,80,Redmi 80 cm (32 inches) Android 11 Series HD Ready Smart LED TV | L32M6-RA/L32M7-RA (Black),84713010,45,12353.05,18.0,555887.25
1356,80,"AmazonBasics USB 2.0 - A-Male to A-Female Extension Cable for Personal Computer, Printer (Black",85444220,28,170.83,18.0,4783.24
1357,80,"Ambrane Unbreakable 3A Fast Charging Braided Type C Cable    1.5 Meter (RCT15, Blue) Supports Q",85444220,27,176.06,18.0,4753.62
1358,80,"Wayona Usb Nylon Braided Data Sync And Charging Cable For Iphone, Ipad Tablet (Red, Black)",85444220,35,347.81,18.0,12173.35
1359,80,TP-Link AC600 600 Mbps WiFi Wireless Network USB Adapter for Desktop PC with 2.4GHz/5GHz High G,85444220,16,1038.52,18.0,16616.32
1360,80,OnePlus 80 cm (32 inches) Y Series HD Ready Smart Android LED TV 32 Y1S (Black),84713010,25,14108.22,18.0,352705.5
1361,80,7SEVEN® Compatible for Samsung Smart 4K Ultra HD TV Monitor Remote Control Replacement of Origi,84713010,15,341.72,18.0,5125.8
1362,81,"Amazonbasics Micro Usb Fast Charging Cable For Android Smartphone,Personal Computer,Printer Wit",85444220,49,171.95,18.0,8425.55
1363,81,"boAt Type C A325 Tangle-free, Sturdy Type C Cable with 3A Rapid Charging & 480mbps Data Transmi",85444220,32,170.57,18.0,5458.24
1364,81,"boAt A400 USB Type-C to USB-A 2.0 Male Data Cable, 2 Meter (Black)",85444220,41,266.95,18.0,10944.95
1365,81,"boAt Deuce USB 300 2 in 1 Type-C & Micro USB Stress Resistant, Tangle-Free, Sturdy Cable with 3",85444220,31,287.31,18.0,8906.61
1366,81,"Sounce 65W OnePlus Dash Warp Charge Cable, 6.5A Type-C to USB C PD Data Sync Fast Charging Cabl",85444220,26,179.16,18.0,4658.16
1367,81,7SEVEN® Compatible for Samsung Smart 4K Ultra HD TV Monitor Remote Control Replacement of Origi,84713010,34,341.72,18.0,11618.48
1368,81,"boAt Deuce USB 300 2 in 1 Type-C & Micro USB Stress Resistant, Sturdy Cable with 3A Fast Chargi",85444220,24,266.59,18.0,6398.16
1369,81,Tata Sky Universal Remote,84713010,21,204.52,18.0,4294.92
1370,81,Amazon Basics USB Type-C to USB-A 2.0 Male Fast Charging Cable for Laptop - 3 Feet (0.9 Meters),85444220,31,190.7,18.0,5911.7
1371,81,Acer 80 cm (32 inches) N Series HD Ready TV AR32NSV53HD (Black),84713010,21,7178.24,18.0,150743.04
1372,81,"Sounce Fast Phone Charging Cable & Data Sync USB Cable Compatible for iPhone 13, 12,11, X, 8, 7",85444220,22,170.05,18.0,3741.1
1373,81,"FLiX (Beetel USB to Micro USB PVC Data Sync & 2A Fast Charging Cable, Made in India, 480Mbps Da",85444220,49,50.19,18.0,2459.31
1374,81,TP-LINK WiFi Dongle 300 Mbps Mini Wireless Network USB Wi-Fi Adapter for PC Desktop Laptop(Supp,85444220,28,575.21,18.0,16105.88
1375,81,"Lapster 65W compatible for OnePlus Dash Warp Charge Cable , type c to c cable fast charging Dat",85444220,50,177.73,18.0,8886.5
1376,81,"Amazonbasics Nylon Braided Usb-C To Lightning Cable, Fast Charging Mfi Certified Smartphone, Ip",85444220,16,770.95,18.0,12335.2
1377,81,"Ambrane 2 in 1 Type-C & Micro USB Cable with 60W / 3A Fast Charging, 480 mbps High Data, PD Tec",85444220,48,176.93,18.0,8492.64
1378,81,SWAPKART Fast Charging Cable and Data Sync USB Cable Compatible for iPhone 6/6S/7/7+/8/8+/10/11,85444220,15,178.35,18.0,2675.25
1379,81,"AmazonBasics New Release Nylon USB-A to Lightning Cable Cord, Fast Charging MFi Certified Charg",85444220,15,678.87,18.0,10183.05
1380,81,Portronics Konnect L 1.2M POR-1401 Fast Charging 3A 8 Pin USB Cable with Charge & Sync Function,85444220,24,135.13,18.0,3243.12
1381,81,Portronics Konnect CL 20W POR-1067 Type-C to 8 Pin USB 1.2M Cable with Power Delivery & 3A Quic,85444220,42,307.7,18.0,12923.4
1382,81,"Samsung Original Type C to C Cable - 3.28 Feet (1 Meter), White",85444220,47,517.68,18.0,24330.96
1383,81,"Duracell USB Lightning Apple Certified (Mfi) Braided Sync & Charge Cable For Iphone, Ipad And I",85444220,48,822.98,18.0,39503.04
1384,81,"boAt A 350 Type C Cable for Smartphone, Charging Adapter (1.5m, Carbon Black)",85444220,38,263.29,18.0,10005.02
1385,81,OnePlus 80 cm (32 inches) Y Series HD Ready LED Smart Android TV 32Y1 (Black),84713010,15,13015.39,18.0,195230.85
1386,82,Redmi 108 cm (43 inches) 4K Ultra HD Android Smart LED TV X43 | L43R7-7AIN (Black),84713010,40,23642.17,18.0,945686.8
1387,82,"Ambrane 60W / 3A Fast Charging Output Cable with Type-C to USB for Mobile, Neckband, True Wirel",85444220,24,153.46,18.0,3683.04
1388,82,Ambrane Unbreakable 3 in 1 Fast Charging Braided Multipurpose Cable for Speaker with 2.1 A Spee,85444220,16,254.5,18.0,4072.0
1389,82,"Samsung Original Type C to C Cable - 3.28 Feet (1 Meter), White",85444220,40,517.68,18.0,20707.2
1390,82,Acer 80 cm (32 inches) N Series HD Ready TV AR32NSV53HD (Black),84713010,40,7178.24,18.0,287129.6
1391,82,Mi 108 cm (43 inches) Full HD Android LED TV 4C | L43M6-INC (Black),84713010,31,17718.26,18.0,549266.06
1392,82,boAt Rugged v3 Extra Tough Unbreakable Braided Micro USB Cable 1.5 Meter (Black),85444220,31,259.0,18.0,8029.0
1393,82,Firestick Remote,84713010,40,1259.14,18.0,50365.6
1394,82,Wayona Type C to Lightning MFI Certified 20W Fast charging Nylon Braided USB C Cable for iPhone,85444220,47,636.48,18.0,29914.56
1395,82,Acer 80 cm (32 inches) I Series HD Ready Android Smart LED TV AR32AR2841HDFL (Black),84713010,39,10008.34,18.0,390325.26
1396,82,"Sounce 65W OnePlus Dash Warp Charge Cable, 6.5A Type-C to USB C PD Data Sync Fast Charging Cabl",85444220,31,179.16,18.0,5553.96
1397,83,Wayona Nylon Braided USB to Lightning Fast Charging and Data Sync Cable Compatible for iPhone 1,85444220,34,360.09,18.0,12243.06
1398,83,"Ambrane Unbreakable 3A Fast Charging Braided Type C Cable    1.5 Meter (RCT15, Blue) Supports Q",85444220,25,176.06,18.0,4401.5
1399,83,Mi 108 cm (43 inches) Full HD Android LED TV 4C | L43M6-INC (Black),84713010,35,17718.26,18.0,620139.1
1400,83,"ZEBRONICS ZEB-USB150WF1 WiFi USB Mini Adapter Supports 150 Mbps Wireless Data, Comes with Advan",85444220,22,259.96,18.0,5719.12
1401,83,Portronics Konnect L 1.2M Fast Charging 3A 8 Pin USB Cable with Charge & Sync Function for iPho,85444220,39,134.97,18.0,5263.83
1402,83,VW 80 cm (32 inches) Frameless Series HD Ready LED TV VW32A (Black),84713010,31,6279.97,18.0,194679.07
1403,83,LG 80 cm (32 inches) HD Ready Smart LED TV 32LM563BPTC (Dark Iron Gray),84713010,42,11542.16,18.0,484770.72
1404,83,"AmazonBasics USB 2.0 - A-Male to A-Female Extension Cable for Personal Computer, Printer (Black",85444220,40,170.83,18.0,6833.2
1405,83,"boAt Micro USB 55 Tangle-free, Sturdy Micro USB Cable with 3A Fast Charging & 480mbps Data Tran",85444220,31,153.59,18.0,4761.29
1406,83,Lapster USB 3.0 A to Micro B SuperSpeed for hard disk cable - short cable,85444220,23,169.29,18.0,3893.67
1407,83,SWAPKART Fast Charging Cable and Data Sync USB Cable Compatible for iPhone 6/6S/7/7+/8/8+/10/11,85444220,24,178.35,18.0,4280.4
1408,83,"Amazon Basics High-Speed HDMI Cable, 6 Feet - Supports Ethernet, 3D, 4K video,Black",85444220,33,270.44,18.0,8924.52
1409,83,"Samsung Original Type C to C Cable - 3.28 Feet (1 Meter), White",85444220,15,517.68,18.0,7765.2
1410,83,"boAt Type C A750 Stress Resistant, Tangle-free, Sturdy Flat Cable with 6.5A Fast Charging & 480",85444220,27,338.19,18.0,9131.13
1411,84,"CEDO 65W OnePlus Dash Warp Charge Cable, USB A to Type C Data Sync Fast Charging Cable Compatib",85444220,35,309.66,18.0,10838.1
1412,84,AmazonBasics USB Type-C to USB Type-C 2.0 Cable - 3 Feet Laptop (0.9 Meters) - White,85444220,45,295.14,18.0,13281.3
1413,84,OnePlus 108 cm (43 inches) Y Series Full HD Smart Android LED TV 43 Y1S (Black),84713010,48,21645.62,18.0,1038989.76
1414,84,Zoul USB C 60W Fast Charging 3A 6ft/2M Long Type C Nylon Braided Data Cable Quick Charger Cable,85444220,16,330.12,18.0,5281.92
1415,84,Amazon Basics USB Type-C to USB-A 2.0 Male Fast Charging Cable for Laptop - 3 Feet (0.9 Meters),85444220,21,190.7,18.0,4004.7
1416,84,"Wayona Nylon Braided (2 Pack) Lightning Fast Usb Data Cable Fast Charger Cord For Iphone, Ipad ",85444220,29,574.4,18.0,16657.6
1417,84,TCL 100 cm (40 inches) Full HD Certified Android R Smart LED TV 40S6505 (Black),84713010,49,16743.35,18.0,820424.15
1418,84,Tizum High Speed HDMI Cable with Ethernet | Supports 3D 4K | for All HDMI Devices Laptop Comput,85444220,29,171.72,18.0,4979.88
1419,84,"Ambrane 2 in 1 Type-C & Micro USB Cable with 60W / 3A Fast Charging, 480 mbps High Data, PD Tec",85444220,50,176.93,18.0,8846.5
1420,84,"boAt A400 USB Type-C to USB-A 2.0 Male Data Cable, 2 Meter (Black)",85444220,50,266.95,18.0,13347.5
1421,84,Portronics Konnect CL 20W POR-1067 Type-C to 8 Pin USB 1.2M Cable with Power Delivery & 3A Quic,85444220,17,307.7,18.0,5230.9
1422,84,LG 80 cm (32 inches) HD Ready Smart LED TV 32LM563BPTC (Dark Iron Gray),84713010,29,11542.16,18.0,334722.64
1423,84,"Flix (Beetel) Usb To Type C Pvc Data Sync And 2A 480Mbps Data Sync, Tough Fast Charging Long Ca",84713010,30,117.93,18.0,3537.9
1424,84,"Ambrane Unbreakable 60W / 3A Fast Charging 1.5m Braided Type C Cable for Smartphones, Tablets, ",85444220,49,174.35,18.0,8543.15
1425,84,Lapster USB 3.0 A to Micro B SuperSpeed for hard disk cable - short cable,85444220,47,169.29,18.0,7956.63
1426,84,Lapster 1.5 mtr USB 2.0 Type A Male to USB A Male Cable for computer and laptop,85444220,43,119.99,18.0,5159.57
1427,84,"Samsung Original Type C to C Cable - 3.28 Feet (1 Meter), White",85444220,39,517.68,18.0,20189.52
1428,84,AmazonBasics Micro USB Fast Charging Cable for Android Phones with Gold Plated Connectors (3 Fe,85444220,19,162.36,18.0,3084.84
1429,84,Portronics Konnect L 1.2M Fast Charging 3A 8 Pin USB Cable with Charge & Sync Function for iPho,85444220,15,134.97,18.0,2024.55
1430,84,"oraimo 65W Type C to C Fast Charging Cable USB C to USB C Cable High Speed Syncing, Nylon Braid",85444220,24,301.24,18.0,7229.76
1431,84,"pTron Solero TB301 3A Type-C Data and Fast Charging Cable, Made in India, 480Mbps Data Sync, St",85444220,46,135.22,18.0,6220.12
1432,84,Redmi 108 cm (43 inches) 4K Ultra HD Android Smart LED TV X43 | L43R7-7AIN (Black),84713010,36,23642.17,18.0,851118.12
1433,84,"AmazonBasics New Release Nylon USB-A to Lightning Cable Cord, Fast Charging MFi Certified Charg",85444220,30,678.87,18.0,20366.1
1434,84,"AmazonBasics USB 2.0 Cable - A-Male to B-Male - for Personal Computer, Printer- 6 Feet (1.8 Met",85444220,19,187.45,18.0,3561.55
1435,85,Lapster USB 3.0 A to Micro B SuperSpeed for hard disk cable - short cable,85444220,44,169.29,18.0,7448.76
1436,85,OnePlus 108 cm (43 inches) Y Series 4K Ultra HD Smart Android LED TV 43Y1S Pro (Black),84713010,41,27018.16,18.0,1107744.56
1437,85,"AmazonBasics Flexible Premium HDMI Cable (Black, 4K@60Hz, 18Gbps), 3-Foot",85444220,43,195.71,18.0,8415.53
1438,85,"CEDO 65W OnePlus Dash Warp Charge Cable, USB A to Type C Data Sync Fast Charging Cable Compatib",85444220,18,309.66,18.0,5573.88
1439,85,"FLiX (Beetel USB to Micro USB PVC Data Sync & 2A Fast Charging Cable, Made in India, 480Mbps Da",85444220,37,50.19,18.0,1857.03
1440,85,"Amazonbasics Nylon Braided Usb-C To Lightning Cable, Fast Charging Mfi Certified Smartphone, Ip",85444220,26,770.95,18.0,20044.7
1441,85,"Lapster 65W compatible for OnePlus Dash Warp Charge Cable , type c to c cable fast charging Dat",85444220,23,177.73,18.0,4087.79
1442,85,AmazonBasics USB Type-C to USB Type-C 2.0 Cable - 3 Feet Laptop (0.9 Meters) - White,85444220,24,295.14,18.0,7083.36
1443,85,TCL 80 cm (32 inches) HD Ready Certified Android Smart LED TV 32S5205 (Black),84713010,24,9842.22,18.0,236213.28
1444,85,"Amazon Basics High-Speed HDMI Cable, 6 Feet - Supports Ethernet, 3D, 4K video,Black",85444220,24,270.44,18.0,6490.56
1445,85,"Duracell USB C To Lightning Apple Certified (Mfi) Braided Sync & Charge Cable For Iphone, Ipad ",85444220,31,822.95,18.0,25511.45
1446,85,TCL 100 cm (40 inches) Full HD Certified Android R Smart LED TV 40S6505 (Black),84713010,36,16743.35,18.0,602760.6
1447,85,D-Link DWA-131 300 Mbps Wireless Nano USB Adapter (Black),85444220,43,443.51,18.0,19070.93
1448,85,Samsung 108 cm (43 inches) Crystal 4K Series Ultra HD Smart LED TV UA43AUE60AKLXL (Black),84713010,24,26340.22,18.0,632165.28
1449,85,"Gizga Essentials USB WiFi Adapter for PC, 150 Mbps Wireless Network Adapter for Desktop - Nano ",85444220,34,228.1,18.0,7755.4
1450,85,"Wecool Unbreakable 3 in 1 Charging Cable with 3A Speed, Fast Charging Multi Purpose Cable 1.25 ",85444220,32,309.33,18.0,9898.56
1451,85,"Flix (Beetel) Usb To Type C Pvc Data Sync And 2A 480Mbps Data Sync, Tough Fast Charging Long Ca",84713010,26,117.93,18.0,3066.18
1452,85,"LOHAYA Remote Compatible for Mi Smart LED TV 4A Remote Control (32""/43"") [ Compatible for Mi Tv",84713010,34,221.25,18.0,7522.5
1453,85,OnePlus 80 cm (32 inches) Y Series HD Ready Smart Android LED TV 32 Y1S (Black),84713010,15,14108.22,18.0,211623.3
1454,85,"Gilary Multi Charging Cable, 3 in 1 Nylon Braided Fast Charging Cable for iPhone Micro USB Type",85444220,21,306.96,18.0,6446.16
1455,85,TP-Link UE300 USB 3.0 to RJ45 Gigabit Ethernet Network Adapter - Plug and Play,84713010,21,937.01,18.0,19677.21
1456,85,"Sounce Fast Phone Charging Cable & Data Sync USB Cable Compatible for iPhone 13, 12,11, X, 8, 7",85444220,44,170.05,18.0,7482.2
1457,85,VW 80 cm (32 inches) Frameless Series HD Ready LED TV VW32A (Black),84713010,45,6279.97,18.0,282598.65
1458,85,"Duracell USB Lightning Apple Certified (Mfi) Braided Sync & Charge Cable For Iphone, Ipad And I",85444220,18,822.98,18.0,14813.64
1459,85,MI Usb Type-C Cable Smartphone (Black),85444220,33,204.43,18.0,6746.19
1460,86,AmazonBasics USB Type-C to USB Type-C 2.0 Cable - 3 Feet Laptop (0.9 Meters) - White,85444220,36,295.14,18.0,10625.04
1461,86,LG 80 cm (32 inches) HD Ready Smart LED TV 32LM563BPTC (Dark Iron Gray),84713010,42,11542.16,18.0,484770.72
1462,86,"AmazonBasics New Release Nylon USB-A to Lightning Cable Cord, Fast Charging MFi Certified Charg",85444220,26,678.87,18.0,17650.62
1463,86,TP-Link AC600 600 Mbps WiFi Wireless Network USB Adapter for Desktop PC with 2.4GHz/5GHz High G,85444220,45,1038.52,18.0,46733.4
1464,86,MI Usb Type-C Cable Smartphone (Black),85444220,38,204.43,18.0,7768.34
1465,86,"Portronics Konnect L 20W PD Quick Charge Type-C to 8-Pin USB Mobile Charging Cable, 1.2M, Tangl",85444220,48,233.58,18.0,11211.84
1466,86,Firestick Remote,84713010,32,1259.14,18.0,40292.48
1467,86,"Ambrane 60W / 3A Fast Charging Output Cable with Type-C to USB for Mobile, Neckband, True Wirel",85444220,41,153.46,18.0,6291.86
1468,86,"Ambrane 60W / 3A Type C Fast Charging Unbreakable 1.5m L Shaped Braided Cable, PD Technology, 4",85444220,20,162.69,18.0,3253.8
1469,86,Ambrane Unbreakable 3 in 1 Fast Charging Braided Multipurpose Cable for Speaker with 2.1 A Spee,85444220,26,254.5,18.0,6617.0
1470,86,"Sounce 65W OnePlus Dash Warp Charge Cable, 6.5A Type-C to USB C PD Data Sync Fast Charging Cabl",85444220,47,179.16,18.0,8420.52
1471,86,"Ambrane Unbreakable 60W / 3A Fast Charging 1.5m Braided Micro USB Cable for Smartphones, Tablet",85444220,43,179.11,18.0,7701.73
1472,86,"boAt Type C A750 Stress Resistant, Tangle-free, Sturdy Flat Cable with 6.5A Fast Charging & 480",85444220,21,338.19,18.0,7101.99
1473,86,"boAt A400 USB Type-C to USB-A 2.0 Male Data Cable, 2 Meter (Black)",85444220,35,266.95,18.0,9343.25
1474,86,Lapster 1.5 mtr USB 2.0 Type A Male to USB A Male Cable for computer and laptop,85444220,49,119.99,18.0,5879.51
1475,86,Wayona Usb Type C Fast Charger Cable Fast Charging Usb C Cable/Cord Compatible For Samsung Gala,85444220,48,279.35,18.0,13408.8
1476,86,"boAt Deuce USB 300 2 in 1 Type-C & Micro USB Stress Resistant, Sturdy Cable with 3A Fast Chargi",85444220,43,266.59,18.0,11463.37
1477,86,TP-Link UE300 USB 3.0 to RJ45 Gigabit Ethernet Network Adapter - Plug and Play,84713010,43,937.01,18.0,40291.43
1478,86,Portronics Konnect CL 20W POR-1067 Type-C to 8 Pin USB 1.2M Cable with Power Delivery & 3A Quic,85444220,47,307.7,18.0,14461.9
1479,86,"Lapster 65W compatible for OnePlus Dash Warp Charge Cable , type c to c cable fast charging Dat",85444220,19,177.73,18.0,3376.87
1480,86,"Ambrane 2 in 1 Type-C & Micro USB Cable with 60W / 3A Fast Charging, 480 mbps High Data, PD Tec",85444220,20,176.93,18.0,3538.6
1481,87,"Amazonbasics Micro Usb Fast Charging Cable For Android Smartphone,Personal Computer,Printer Wit",85444220,29,171.95,18.0,4986.55
1482,87,"AmazonBasics Flexible Premium HDMI Cable (Black, 4K@60Hz, 18Gbps), 3-Foot",85444220,31,195.71,18.0,6067.01
1483,87,AmazonBasics USB Type-C to USB Type-C 2.0 Cable - 3 Feet Laptop (0.9 Meters) - White,85444220,15,295.14,18.0,4427.1
1484,87,Portronics Konnect CL 20W POR-1067 Type-C to 8 Pin USB 1.2M Cable with Power Delivery & 3A Quic,85444220,17,307.7,18.0,5230.9
1485,87,"Duracell Type C To Type C 5A (100W) Braided Sync & Fast Charging Cable, 3.9 Feet (1.2M). USB C ",85444220,45,841.71,18.0,37876.95
1486,87,Lapster 1.5 mtr USB 2.0 Type A Male to USB A Male Cable for computer and laptop,85444220,37,119.99,18.0,4439.63
1487,87,Tata Sky Universal Remote,84713010,41,204.52,18.0,8385.32
1488,87,Samsung 80 cm (32 Inches) Wondertainment Series HD Ready LED Smart TV UA32T4340BKXXL (Glossy Bl,84713010,41,11694.88,18.0,479490.08
1489,87,"Samsung Original Type C to C Cable - 3.28 Feet (1 Meter), White",85444220,37,517.68,18.0,19154.16
1490,87,"boAt Type C A325 Tangle-free, Sturdy Type C Cable with 3A Rapid Charging & 480mbps Data Transmi",85444220,29,170.57,18.0,4946.53
1491,87,TP-Link UE300 USB 3.0 to RJ45 Gigabit Ethernet Network Adapter - Plug and Play,84713010,44,937.01,18.0,41228.44
1492,87,"tizum HDMI to VGA Adapter Cable 1080P for Projector, Computer, Laptop, TV, Projectors & TV",85444220,29,239.87,18.0,6956.23
1493,87,Portronics Konnect L 1.2M Fast Charging 3A 8 Pin USB Cable with Charge & Sync Function for iPho,85444220,17,134.97,18.0,2294.49
1494,87,"Lapster 65W compatible for OnePlus Dash Warp Charge Cable , type c to c cable fast charging Dat",85444220,16,177.73,18.0,2843.68
1495,87,"Gilary Multi Charging Cable, 3 in 1 Nylon Braided Fast Charging Cable for iPhone Micro USB Type",85444220,50,306.96,18.0,15348.0
1496,87,"Pinnaclz Original Combo of 2 Micro USB Fast Charging Cable, USB Charging Cable for Data Transfe",85444220,24,102.44,18.0,2458.56
1497,87,"pTron Solero T351 3.5Amps Fast Charging Type-C to Type-C PD Data & Charging USB Cable, Made in ",85444220,15,178.2,18.0,2673.0
1498,88,LG 80 cm (32 inches) HD Ready Smart LED TV 32LM563BPTC (Dark Iron Gray),84713010,27,11542.16,18.0,311638.32
1499,88,"Sounce 65W OnePlus Dash Warp Charge Cable, 6.5A Type-C to USB C PD Data Sync Fast Charging Cabl",85444220,42,179.16,18.0,7524.72
1500,88,"Amazonbasics Nylon Braided Usb-C To Lightning Cable, Fast Charging Mfi Certified Smartphone, Ip",85444220,18,770.95,18.0,13877.1
1501,88,"boAt Type C A750 Stress Resistant, Tangle-free, Sturdy Flat Cable with 6.5A Fast Charging & 480",85444220,26,338.19,18.0,8792.94
1502,88,"Gilary Multi Charging Cable, 3 in 1 Nylon Braided Fast Charging Cable for iPhone Micro USB Type",85444220,45,306.96,18.0,13813.2
1503,88,"TP-Link USB WiFi Adapter for PC(TL-WN725N), N150 Wireless Network Adapter for Desktop - Nano Si",85444220,41,429.66,18.0,17616.06
1504,88,MI Braided USB Type-C Cable for Charging Adapter (Red),85444220,21,296.48,18.0,6226.08
1505,88,"Wecool Nylon Braided Multifunction Fast Charging Cable For Android Smartphone, Ios And Type C U",85444220,34,282.43,18.0,9602.62
1506,88,MI 80 cm (32 inches) 5A Series HD Ready Smart Android LED TV L32M7-5AIN (Black),84713010,18,12464.21,18.0,224355.78
1507,88,TCL 100 cm (40 inches) Full HD Certified Android R Smart LED TV 40S6505 (Black),84713010,37,16743.35,18.0,619503.95
1508,88,"boAt A 350 Type C Cable for Smartphone, Charging Adapter (1.5m, Carbon Black)",85444220,47,263.29,18.0,12374.63
1509,88,AmazonBasics USB Type-C to USB Type-C 2.0 Cable - 3 Feet Laptop (0.9 Meters) - White,85444220,44,295.14,18.0,12986.16
1510,88,TP-LINK WiFi Dongle 300 Mbps Mini Wireless Network USB Wi-Fi Adapter for PC Desktop Laptop(Supp,85444220,16,575.21,18.0,9203.36
1511,88,Tizum High Speed HDMI Cable with Ethernet | Supports 3D 4K | for All HDMI Devices Laptop Comput,85444220,17,171.72,18.0,2919.24
1512,88,TP-Link AC600 600 Mbps WiFi Wireless Network USB Adapter for Desktop PC with 2.4GHz/5GHz High G,85444220,38,1038.52,18.0,39463.76
1513,88,"boAt Deuce USB 300 2 in 1 Type-C & Micro USB Stress Resistant, Sturdy Cable with 3A Fast Chargi",85444220,42,266.59,18.0,11196.78
1514,88,TP-Link UE300 USB 3.0 to RJ45 Gigabit Ethernet Network Adapter - Plug and Play,84713010,25,937.01,18.0,23425.25
1515,88,"Pinnaclz Original Combo of 2 Micro USB Fast Charging Cable, USB Charging Cable for Data Transfe",85444220,44,102.44,18.0,4507.36
1516,88,"boAt Micro USB 55 Tangle-free, Sturdy Micro USB Cable with 3A Fast Charging & 480mbps Data Tran",85444220,23,153.59,18.0,3532.57
1517,88,Portronics Konnect CL 20W POR-1067 Type-C to 8 Pin USB 1.2M Cable with Power Delivery & 3A Quic,85444220,22,307.7,18.0,6769.4
1518,88,Acer 80 cm (32 inches) I Series HD Ready Android Smart LED TV AR32AR2841HDFL (Black),84713010,34,10008.34,18.0,340283.56
1519,89,"Duracell USB Lightning Apple Certified (Mfi) Braided Sync & Charge Cable For Iphone, Ipad And I",85444220,27,822.98,18.0,22220.46
1520,89,"CEDO 65W OnePlus Dash Warp Charge Cable, USB A to Type C Data Sync Fast Charging Cable Compatib",85444220,28,309.66,18.0,8670.48
1521,89,"Lapster 65W compatible for OnePlus Dash Warp Charge Cable , type c to c cable fast charging Dat",85444220,29,177.73,18.0,5154.17
1522,89,"Gilary Multi Charging Cable, 3 in 1 Nylon Braided Fast Charging Cable for iPhone Micro USB Type",85444220,15,306.96,18.0,4604.4
1523,89,"boAt Micro USB 55 Tangle-free, Sturdy Micro USB Cable with 3A Fast Charging & 480mbps Data Tran",85444220,20,153.59,18.0,3071.8
1524,89,"boAt Type C A750 Stress Resistant, Tangle-free, Sturdy Flat Cable with 6.5A Fast Charging & 480",85444220,37,338.19,18.0,12513.03
1525,89,"Wecool Unbreakable 3 in 1 Charging Cable with 3A Speed, Fast Charging Multi Purpose Cable 1.25 ",85444220,33,309.33,18.0,10207.89
1526,89,Samsung 108 cm (43 inches) Crystal 4K Neo Series Ultra HD Smart LED TV UA43AUE65AKXXL (Black),84713010,44,28757.97,18.0,1265350.68
1527,89,"Ambrane 2 in 1 Type-C & Micro USB Cable with 60W / 3A Fast Charging, 480 mbps High Data, PD Tec",85444220,38,176.93,18.0,6723.34
1528,89,Redmi 80 cm (32 inches) Android 11 Series HD Ready Smart LED TV | L32M6-RA/L32M7-RA (Black),84713010,29,12353.05,18.0,358238.45
1529,89,VW 80 cm (32 inches) Frameless Series HD Ready LED TV VW32A (Black),84713010,46,6279.97,18.0,288878.62
1530,89,MI 80 cm (32 inches) 5A Series HD Ready Smart Android LED TV L32M7-5AIN (Black),84713010,30,12464.21,18.0,373926.3
1531,89,Wayona Nylon Braided USB to Lightning Fast Charging and Data Sync Cable Compatible for iPhone 1,85444220,25,360.09,18.0,9002.25
1532,89,"FLiX (Beetel USB to Micro USB PVC Data Sync & 2A Fast Charging Cable, Made in India, 480Mbps Da",85444220,33,50.19,18.0,1656.27
1533,89,"Portronics Konnect L 1.2Mtr, Fast Charging 3A Micro USB Cable with Charge & Sync Function (Grey",85444220,26,132.32,18.0,3440.32
1534,90,"Samsung Original Type C to C Cable - 3.28 Feet (1 Meter), White",85444220,37,517.68,18.0,19154.16
1535,90,MI 80 cm (32 inches) 5A Series HD Ready Smart Android LED TV L32M7-5AIN (Black),84713010,37,12464.21,18.0,461175.77
1536,90,"Pinnaclz Original Combo of 2 Micro USB Fast Charging Cable, USB Charging Cable for Data Transfe",85444220,44,102.44,18.0,4507.36
1537,90,OnePlus 126 cm (50 inches) Y Series 4K Ultra HD Smart Android LED TV 50Y1S Pro (Black),84713010,50,29341.61,18.0,1467080.5
1538,90,"pTron Solero MB301 3A Micro USB Data & Charging Cable, Made in India, 480Mbps Data Sync, Strong",85444220,49,88.12,18.0,4317.88
1539,90,"Duracell USB C To Lightning Apple Certified (Mfi) Braided Sync & Charge Cable For Iphone, Ipad ",85444220,27,822.95,18.0,22219.65
1540,90,Lapster USB 3.0 A to Micro B SuperSpeed for hard disk cable - short cable,85444220,26,169.29,18.0,4401.54
1541,90,"Wecool Nylon Braided Multifunction Fast Charging Cable For Android Smartphone, Ios And Type C U",85444220,28,282.43,18.0,7908.04
1542,90,"FLiX (Beetel USB to Micro USB PVC Data Sync & 2A Fast Charging Cable, Made in India, 480Mbps Da",85444220,21,50.19,18.0,1053.99
1543,90,Portronics Konnect L 1.2M POR-1401 Fast Charging 3A 8 Pin USB Cable with Charge & Sync Function,85444220,49,135.13,18.0,6621.37
1544,90,"boAt A400 USB Type-C to USB-A 2.0 Male Data Cable, 2 Meter (Black)",85444220,29,266.95,18.0,7741.55
1545,90,"Ambrane 2 in 1 Type-C & Micro USB Cable with 60W / 3A Fast Charging, 480 mbps High Data, PD Tec",85444220,22,176.93,18.0,3892.46
1546,90,TCL 80 cm (32 inches) HD Ready Certified Android Smart LED TV 32S5205 (Black),84713010,21,9842.22,18.0,206686.62
1547,90,TP-LINK WiFi Dongle 300 Mbps Mini Wireless Network USB Wi-Fi Adapter for PC Desktop Laptop(Supp,85444220,24,575.21,18.0,13805.04
1548,91,"AmazonBasics USB 2.0 Cable - A-Male to B-Male - for Personal Computer, Printer- 6 Feet (1.8 Met",85444220,38,187.45,18.0,7123.1
1549,91,"Ambrane Unbreakable 60W / 3A Fast Charging 1.5m Braided Type C Cable for Smartphones, Tablets, ",85444220,38,174.35,18.0,6625.3
1550,91,"Gilary Multi Charging Cable, 3 in 1 Nylon Braided Fast Charging Cable for iPhone Micro USB Type",85444220,47,306.96,18.0,14427.12
1551,91,"Samsung Original Type C to C Cable - 3.28 Feet (1 Meter), White",85444220,36,517.68,18.0,18636.48
1552,91,Flix Micro Usb Cable For Smartphone (Black),85444220,23,51.54,18.0,1185.42
1553,91,Redmi 80 cm (32 inches) Android 11 Series HD Ready Smart LED TV | L32M6-RA/L32M7-RA (Black),84713010,20,12353.05,18.0,247061.0
1554,91,"AmazonBasics Flexible Premium HDMI Cable (Black, 4K@60Hz, 18Gbps), 3-Foot",85444220,38,195.71,18.0,7436.98
1555,91,"Ambrane 60W / 3A Type C Fast Charging Unbreakable 1.5m L Shaped Braided Cable, PD Technology, 4",85444220,45,162.69,18.0,7321.05
1556,91,"pTron Solero MB301 3A Micro USB Data & Charging Cable, Made in India, 480Mbps Data Sync, Strong",85444220,32,88.12,18.0,2819.84
1557,91,Samsung 108 cm (43 inches) Crystal 4K Neo Series Ultra HD Smart LED TV UA43AUE65AKXXL (Black),84713010,50,28757.97,18.0,1437898.5
1558,91,Mi 108 cm (43 inches) Full HD Android LED TV 4C | L43M6-INC (Black),84713010,46,17718.26,18.0,815039.96
1559,91,"Amazon Basics High-Speed HDMI Cable, 6 Feet - Supports Ethernet, 3D, 4K video,Black",85444220,42,270.44,18.0,11358.48
1560,92,Wayona Type C to Lightning MFI Certified 20W Fast charging Nylon Braided USB C Cable for iPhone,85444220,30,636.48,18.0,19094.4
1561,92,"Gizga Essentials USB WiFi Adapter for PC, 150 Mbps Wireless Network Adapter for Desktop - Nano ",85444220,22,228.1,18.0,5018.2
1562,92,OnePlus 80 cm (32 inches) Y Series HD Ready LED Smart Android TV 32Y1 (Black),84713010,46,13015.39,18.0,598707.94
1563,92,TP-Link AC600 600 Mbps WiFi Wireless Network USB Adapter for Desktop PC with 2.4GHz/5GHz High G,85444220,46,1038.52,18.0,47771.92
1564,92,SKYWALL 81.28 cm (32 inches) HD Ready Smart LED TV 32SWELS-PRO (Black),84713010,44,6237.94,18.0,274469.36
1565,92,MI Usb Type-C Cable Smartphone (Black),85444220,17,204.43,18.0,3475.31
1566,92,"Duracell USB Lightning Apple Certified (Mfi) Braided Sync & Charge Cable For Iphone, Ipad And I",85444220,16,822.98,18.0,13167.68
1567,92,"Duracell Type C To Type C 5A (100W) Braided Sync & Fast Charging Cable, 3.9 Feet (1.2M). USB C ",85444220,15,841.71,18.0,12625.65
1568,92,"Gilary Multi Charging Cable, 3 in 1 Nylon Braided Fast Charging Cable for iPhone Micro USB Type",85444220,39,306.96,18.0,11971.44
1569,92,AmazonBasics USB Type-C to USB Type-C 2.0 Cable - 3 Feet Laptop (0.9 Meters) - White,85444220,31,295.14,18.0,9149.34
1570,92,"Samsung Original Type C to C Cable - 3.28 Feet (1 Meter), White",85444220,36,517.68,18.0,18636.48
1571,92,"Flix (Beetel) Usb To Type C Pvc Data Sync And 2A 480Mbps Data Sync, Tough Fast Charging Long Ca",84713010,32,117.93,18.0,3773.76
1572,92,"boAt Type C A750 Stress Resistant, Tangle-free, Sturdy Flat Cable with 6.5A Fast Charging & 480",85444220,15,338.19,18.0,5072.85
1573,92,Acer 80 cm (32 inches) N Series HD Ready TV AR32NSV53HD (Black),84713010,46,7178.24,18.0,330199.04
1574,92,"boAt Micro USB 55 Tangle-free, Sturdy Micro USB Cable with 3A Fast Charging & 480mbps Data Tran",85444220,18,153.59,18.0,2764.62
1575,92,"Airtel DigitalTV DTH Television, Setup Box Remote Compatible for SD and HD Recording (Black)",84713010,17,156.06,18.0,2653.02
1576,92,"boAt A 350 Type C Cable for Smartphone, Charging Adapter (1.5m, Carbon Black)",85444220,22,263.29,18.0,5792.38
1577,92,"Lapster 65W compatible for OnePlus Dash Warp Charge Cable , type c to c cable fast charging Dat",85444220,18,177.73,18.0,3199.14
1578,92,"Wecool Nylon Braided Multifunction Fast Charging Cable For Android Smartphone, Ios And Type C U",85444220,17,282.43,18.0,4801.31
1579,92,"pTron Solero MB301 3A Micro USB Data & Charging Cable, Made in India, 480Mbps Data Sync, Strong",85444220,28,88.12,18.0,2467.36
1580,92,"boAt Type C A325 Tangle-free, Sturdy Type C Cable with 3A Rapid Charging & 480mbps Data Transmi",85444220,34,170.57,18.0,5799.38
1581,92,"Ambrane Unbreakable 60W / 3A Fast Charging 1.5m Braided Type C to Type C Cable for Smartphones,",85444220,29,220.11,18.0,6383.19
1582,93,AmazonBasics Micro USB Fast Charging Cable for Android Phones with Gold Plated Connectors (3 Fe,85444220,24,162.36,18.0,3896.64
1583,93,"Portronics Konnect L 1.2Mtr, Fast Charging 3A Micro USB Cable with Charge & Sync Function (Grey",85444220,26,132.32,18.0,3440.32
1584,93,TP-Link Nano AC600 USB Wi-Fi Adapter(Archer T2U Nano)- 2.4G/5G Dual Band Wireless Network Adapt,85444220,38,881.15,18.0,33483.7
1585,93,"Sounce 65W OnePlus Dash Warp Charge Cable, 6.5A Type-C to USB C PD Data Sync Fast Charging Cabl",85444220,40,179.16,18.0,7166.4
1586,93,"Ambrane 60W / 3A Fast Charging Output Cable with Type-C to USB for Mobile, Neckband, True Wirel",85444220,48,153.46,18.0,7366.08
1587,93,Firestick Remote,84713010,16,1259.14,18.0,20146.24
1588,93,"boAt Deuce USB 300 2 in 1 Type-C & Micro USB Stress Resistant, Tangle-Free, Sturdy Cable with 3",85444220,48,287.31,18.0,13790.88
1589,93,boAt Rugged v3 Extra Tough Unbreakable Braided Micro USB Cable 1.5 Meter (Black),85444220,32,259.0,18.0,8288.0
1590,93,"ZEBRONICS ZEB-USB150WF1 WiFi USB Mini Adapter Supports 150 Mbps Wireless Data, Comes with Advan",85444220,29,259.96,18.0,7538.84
1591,93,"Gilary Multi Charging Cable, 3 in 1 Nylon Braided Fast Charging Cable for iPhone Micro USB Type",85444220,26,306.96,18.0,7980.96
1592,93,OnePlus 126 cm (50 inches) Y Series 4K Ultra HD Smart Android LED TV 50Y1S Pro (Black),84713010,43,29341.61,18.0,1261689.23
1593,93,TP-LINK WiFi Dongle 300 Mbps Mini Wireless Network USB Wi-Fi Adapter for PC Desktop Laptop(Supp,85444220,50,575.21,18.0,28760.5
1594,93,"Gizga Essentials USB WiFi Adapter for PC, 150 Mbps Wireless Network Adapter for Desktop - Nano ",85444220,25,228.1,18.0,5702.5
1595,93,7SEVEN® Compatible for Samsung Smart 4K Ultra HD TV Monitor Remote Control Replacement of Origi,84713010,16,341.72,18.0,5467.52
1596,93,Samsung 80 cm (32 Inches) Wondertainment Series HD Ready LED Smart TV UA32T4340BKXXL (Glossy Bl,84713010,23,11694.88,18.0,268982.24
1597,93,"boAt A400 USB Type-C to USB-A 2.0 Male Data Cable, 2 Meter (Black)",85444220,47,266.95,18.0,12546.65
1598,93,Redmi 80 cm (32 inches) Android 11 Series HD Ready Smart LED TV | L32M6-RA/L32M7-RA (Black),84713010,43,12353.05,18.0,531181.15
1599,93,Portronics Konnect L 1.2M POR-1401 Fast Charging 3A 8 Pin USB Cable with Charge & Sync Function,85444220,41,135.13,18.0,5540.33
1600,93,Amazon Basics USB Type-C to USB-A 2.0 Male Fast Charging Cable for Laptop - 3 Feet (0.9 Meters),85444220,16,190.7,18.0,3051.2
1601,93,TP-Link UE300 USB 3.0 to RJ45 Gigabit Ethernet Network Adapter - Plug and Play,84713010,31,937.01,18.0,29047.31
1602,93,"boAt Micro USB 55 Tangle-free, Sturdy Micro USB Cable with 3A Fast Charging & 480mbps Data Tran",85444220,48,153.59,18.0,7372.32
1603,94,"Model-P4 6 Way Swivel Tilt Wall Mount 32-55-inch Full Motion Cantilever for LED,LCD and Plasma ",84713010,42,1418.39,18.0,59572.38
1604,94,TCL 80 cm (32 inches) HD Ready Certified Android Smart LED TV 32S5205 (Black),84713010,22,9842.22,18.0,216528.84
1605,94,"FLiX (Beetel USB to Micro USB PVC Data Sync & 2A Fast Charging Cable, Made in India, 480Mbps Da",85444220,35,50.19,18.0,1756.65
1606,94,LG 80 cm (32 inches) HD Ready Smart LED TV 32LM563BPTC (Dark Iron Gray),84713010,26,11542.16,18.0,300096.16
1607,94,D-Link DWA-131 300 Mbps Wireless Nano USB Adapter (Black),85444220,42,443.51,18.0,18627.42
1608,94,Firestick Remote,84713010,18,1259.14,18.0,22664.52
1609,94,Redmi 80 cm (32 inches) Android 11 Series HD Ready Smart LED TV | L32M6-RA/L32M7-RA (Black),84713010,28,12353.05,18.0,345885.4
1610,94,TP-Link AC600 600 Mbps WiFi Wireless Network USB Adapter for Desktop PC with 2.4GHz/5GHz High G,85444220,50,1038.52,18.0,51926.0
1611,94,"Amazonbasics Nylon Braided Usb-C To Lightning Cable, Fast Charging Mfi Certified Smartphone, Ip",85444220,36,770.95,18.0,27754.2
1612,94,Wayona Type C to Lightning MFI Certified 20W Fast charging Nylon Braided USB C Cable for iPhone,85444220,22,636.48,18.0,14002.56
1613,94,"Sounce 65W OnePlus Dash Warp Charge Cable, 6.5A Type-C to USB C PD Data Sync Fast Charging Cabl",85444220,32,179.16,18.0,5733.12
1614,94,"AmazonBasics USB 2.0 Cable - A-Male to B-Male - for Personal Computer, Printer- 6 Feet (1.8 Met",85444220,17,187.45,18.0,3186.65
1615,94,Flix Micro Usb Cable For Smartphone (Black),85444220,49,51.54,18.0,2525.46
1616,94,"Samsung Original Type C to C Cable - 3.28 Feet (1 Meter), White",85444220,50,517.68,18.0,25884.0
1617,94,"Sounce Fast Phone Charging Cable & Data Sync USB Cable Compatible for iPhone 13, 12,11, X, 8, 7",85444220,25,170.05,18.0,4251.25
1618,94,"Pinnaclz Original Combo of 2 Micro USB Fast Charging Cable, USB Charging Cable for Data Transfe",85444220,16,102.44,18.0,1639.04
1619,94,OnePlus 80 cm (32 inches) Y Series HD Ready LED Smart Android TV 32Y1 (Black),84713010,29,13015.39,18.0,377446.31
1620,94,"pTron Solero MB301 3A Micro USB Data & Charging Cable, Made in India, 480Mbps Data Sync, Strong",85444220,47,88.12,18.0,4141.64
1621,95,"Lapster 65W compatible for OnePlus Dash Warp Charge Cable , type c to c cable fast charging Dat",85444220,30,177.73,18.0,5331.9
1622,95,TP-Link Nano AC600 USB Wi-Fi Adapter(Archer T2U Nano)- 2.4G/5G Dual Band Wireless Network Adapt,85444220,40,881.15,18.0,35246.0
1623,95,"CEDO 65W OnePlus Dash Warp Charge Cable, USB A to Type C Data Sync Fast Charging Cable Compatib",85444220,23,309.66,18.0,7122.18
1624,95,"Model-P4 6 Way Swivel Tilt Wall Mount 32-55-inch Full Motion Cantilever for LED,LCD and Plasma ",84713010,22,1418.39,18.0,31204.58
1625,95,Tata Sky Universal Remote,84713010,46,204.52,18.0,9407.92
1626,95,"LOHAYA Remote Compatible for Mi Smart LED TV 4A Remote Control (32""/43"") [ Compatible for Mi Tv",84713010,32,221.25,18.0,7080.0
1627,95,AmazonBasics USB Type-C to USB Type-C 2.0 Cable - 3 Feet Laptop (0.9 Meters) - White,85444220,25,295.14,18.0,7378.5
1628,95,boAt Rugged v3 Extra Tough Unbreakable Braided Micro USB Cable 1.5 Meter (Black),85444220,37,259.0,18.0,9583.0
1629,95,"Airtel DigitalTV DTH Television, Setup Box Remote Compatible for SD and HD Recording (Black)",84713010,46,156.06,18.0,7178.76
1630,95,7SEVEN® Compatible for Samsung Smart 4K Ultra HD TV Monitor Remote Control Replacement of Origi,84713010,36,341.72,18.0,12301.92
1631,96,SWAPKART Fast Charging Cable and Data Sync USB Cable Compatible for iPhone 6/6S/7/7+/8/8+/10/11,85444220,43,178.35,18.0,7669.05
1632,96,TCL 80 cm (32 inches) HD Ready Certified Android Smart LED TV 32S5205 (Black),84713010,21,9842.22,18.0,206686.62
1633,96,SKYWALL 81.28 cm (32 inches) HD Ready Smart LED TV 32SWELS-PRO (Black),84713010,30,6237.94,18.0,187138.2
1634,96,Flix Micro Usb Cable For Smartphone (Black),85444220,41,51.54,18.0,2113.14
1635,96,"Duracell Type C To Type C 5A (100W) Braided Sync & Fast Charging Cable, 3.9 Feet (1.2M). USB C ",85444220,40,841.71,18.0,33668.4
1636,96,OnePlus 80 cm (32 inches) Y Series HD Ready Smart Android LED TV 32 Y1S (Black),84713010,21,14108.22,18.0,296272.62
1637,96,"Amazonbasics Micro Usb Fast Charging Cable For Android Smartphone,Personal Computer,Printer Wit",85444220,48,171.95,18.0,8253.6
1638,96,"Amazon Basics High-Speed HDMI Cable, 6 Feet (2-Pack),Black",85444220,15,264.76,18.0,3971.4
1639,96,"Ambrane 60W / 3A Fast Charging Output Cable with Type-C to USB for Mobile, Neckband, True Wirel",85444220,36,153.46,18.0,5524.56
1640,96,"pTron Solero T351 3.5Amps Fast Charging Type-C to Type-C PD Data & Charging USB Cable, Made in ",85444220,34,178.2,18.0,6058.8
1641,96,TP-Link Nano AC600 USB Wi-Fi Adapter(Archer T2U Nano)- 2.4G/5G Dual Band Wireless Network Adapt,85444220,32,881.15,18.0,28196.8
1642,96,"CEDO 65W OnePlus Dash Warp Charge Cable, USB A to Type C Data Sync Fast Charging Cable Compatib",85444220,31,309.66,18.0,9599.46
1643,96,Redmi 80 cm (32 inches) Android 11 Series HD Ready Smart LED TV | L32M6-RA/L32M7-RA (Black),84713010,29,12353.05,18.0,358238.45
1644,96,OnePlus 108 cm (43 inches) Y Series Full HD Smart Android LED TV 43 Y1S (Black),84713010,19,21645.62,18.0,411266.78
1645,96,"Ambrane 60W / 3A Type C Fast Charging Unbreakable 1.5m L Shaped Braided Cable, PD Technology, 4",85444220,24,162.69,18.0,3904.56
1646,96,Samsung 80 cm (32 Inches) Wondertainment Series HD Ready LED Smart TV UA32T4340BKXXL (Glossy Bl,84713010,43,11694.88,18.0,502879.84
1647,96,"TP-Link USB WiFi Adapter for PC(TL-WN725N), N150 Wireless Network Adapter for Desktop - Nano Si",85444220,22,429.66,18.0,9452.52
1648,96,AmazonBasics Micro USB Fast Charging Cable for Android Phones with Gold Plated Connectors (3 Fe,85444220,31,162.36,18.0,5033.16
1649,96,"boAt Deuce USB 300 2 in 1 Type-C & Micro USB Stress Resistant, Sturdy Cable with 3A Fast Chargi",85444220,27,266.59,18.0,7197.93
1650,96,"Wecool Nylon Braided Multifunction Fast Charging Cable For Android Smartphone, Ios And Type C U",85444220,45,282.43,18.0,12709.35
1651,96,"AmazonBasics New Release Nylon USB-A to Lightning Cable Cord, Fast Charging MFi Certified Charg",85444220,38,678.87,18.0,25797.06
1652,96,Acer 80 cm (32 inches) N Series HD Ready TV AR32NSV53HD (Black),84713010,43,7178.24,18.0,308664.32
1653,96,Portronics Konnect L POR-1081 Fast Charging 3A Type-C Cable 1.2Meter with Charge & Sync Functio,85444220,30,134.7,18.0,4041.0
