id,order_id,product_id,quantity,price_at_sale
1,1,43,2,452.09
2,2,23,1,14618.6
3,2,98,1,383.7
4,2,79,2,222.94
5,3,51,1,1381.23
6,3,77,1,204.1
7,3,94,1,225.16
8,4,9,2,558.56
9,5,50,2,223.53
10,5,12,2,336.7
11,5,86,2,35123.61
12,5,47,1,576.56
13,6,14,1,424.63
14,7,8,2,265.76
15,7,69,1,2056.67
16,7,35,1,231.66
17,7,73,1,30734.82
18,8,19,1,221.74
19,9,73,1,30734.82
20,9,70,1,276.51
21,9,51,1,1350.08
22,9,5,2,175.46
23,10,22,2,331.02
24,10,9,2,592.93
25,11,38,2,223.95
26,11,80,1,1573.93
27,11,49,2,427.15
28,12,87,1,33478.23
29,12,92,1,27057.02
30,13,60,2,175.99
31,13,51,1,1381.23
32,13,90,2,763.95
33,14,55,2,220.07
34,15,32,2,203.36
35,16,25,1,13311.09
36,16,48,2,359.69
37,17,69,2,2099.22
38,18,83,1,8733.12
39,19,75,2,422.74
40,19,60,1,165.4
41,19,94,1,211.61
42,20,22,1,367.0
43,21,71,1,415.71
44,21,50,1,263.08
45,21,94,2,233.62
46,22,69,2,2056.67
47,23,31,1,247.7
48,23,72,1,449.01
49,23,92,2,28139.31
50,24,71,1,415.71
51,25,23,1,15203.34
52,26,21,2,1135.71
53,26,15,1,186.48
54,26,35,1,272.65
55,26,93,1,367.89
56,27,63,2,165.59
57,28,91,1,296.53
58,29,19,2,221.74
59,29,57,1,747.77
60,30,11,1,175.11
61,31,9,1,623.01
62,31,77,1,199.5
63,32,55,2,234.16
64,32,52,2,215.94
65,33,5,2,168.71
66,34,58,2,18763.93
67,34,28,2,376.66
68,35,18,2,292.75
69,36,24,2,72.16
70,37,44,2,1101.44
71,38,75,2,422.74
72,38,9,1,601.52
73,39,16,1,370.6
74,39,89,1,222.16
75,39,7,1,191.99
76,40,6,2,179.84
77,41,56,1,272.01
78,41,86,2,35934.15
79,41,95,2,24780.16
80,41,8,1,271.89
81,42,50,2,263.08
82,42,68,1,9905.97
83,42,99,2,1293.07
84,42,30,2,368.39
85,43,55,1,242.96
86,44,31,1,247.7
87,45,67,1,303.65
88,46,13,1,283.78
89,46,91,1,296.53
90,46,52,1,211.07
91,47,80,1,1636.88
92,47,55,1,228.88
93,47,3,2,221.07
94,48,1,1,468.12
95,49,35,2,272.65
96,50,89,2,231.05
97,50,33,1,478.67
98,51,57,1,747.77
99,51,77,1,222.52
100,52,97,2,287.62
101,52,51,1,1350.08
102,53,39,2,40491.42
103,53,29,2,1135.67
104,53,5,2,186.26
105,54,45,2,69.26
106,54,60,2,202.45
107,54,56,2,282.24
108,55,80,2,1636.88
109,55,94,2,245.47
110,55,21,1,1069.87
111,56,18,1,319.16
112,57,74,1,133.17
113,57,86,2,35123.61
114,57,62,1,37385.36
115,58,50,1,249.33
116,59,4,2,439.58
117,60,48,2,413.77
118,60,29,1,1135.67
119,61,50,2,249.33
120,61,49,1,495.49
121,61,47,1,576.56
122,61,13,2,283.78
123,62,74,1,141.37
124,63,85,2,349.19
125,63,74,2,143.42
126,63,36,2,110.15
127,64,34,2,724.75
128,65,99,1,1386.77
129,65,74,2,151.61
130,65,26,1,228.39
131,66,98,1,383.7
132,67,62,1,38248.1
133,67,76,1,261.86
134,67,29,2,1094.52
135,68,40,2,1052.14
136,68,62,1,35947.46
137,68,22,1,335.82
138,68,61,1,195.07
139,69,71,2,400.65
140,69,13,1,289.65
141,70,83,2,8733.12
142,70,70,1,266.98
143,70,92,1,27057.02
144,71,41,2,243.69
145,72,18,1,319.16
146,73,31,2,247.7
147,73,37,1,1117.88
148,74,4,2,439.58
149,74,16,2,409.14
150,74,11,1,185.89
151,75,60,1,202.45
152,75,4,2,439.58
153,75,12,2,357.42
154,75,72,2,473.78
155,76,39,2,44892.66
156,76,70,1,291.77
157,76,59,1,426.88
158,76,36,2,121.61
159,77,20,2,16736.13
160,77,44,1,1145.5
161,77,70,2,247.91
162,77,65,1,16058.97
163,78,48,2,413.77
164,78,32,2,224.51
165,78,84,2,402.83
166,79,60,1,202.45
167,80,70,2,247.91
168,81,16,1,409.14
169,82,39,1,44892.66
170,82,61,2,215.36
171,83,85,1,391.09
172,83,43,1,452.09
173,83,97,2,276.56
174,84,49,1,505.75
175,84,80,2,1674.66
176,85,10,2,238.22
177,85,8,1,271.89
178,85,39,2,43425.58
179,86,82,2,156.85
180,86,60,2,195.83
181,86,66,2,352.13
182,86,62,1,38248.1
183,87,25,1,13311.09
184,88,86,1,35934.15
185,88,61,2,207.56
186,88,85,1,413.44
187,88,27,2,19262.78
188,89,53,1,848.59
189,89,99,1,1311.81
190,89,6,1,169.03
191,89,20,1,16159.02
192,90,22,2,335.82
193,90,34,1,724.75
194,90,30,1,333.69
195,91,45,1,66.75
196,91,18,2,325.76
197,91,88,1,35032.49
198,92,9,1,601.52
199,92,52,1,202.95
200,93,83,2,8733.12
201,93,18,1,308.15
202,93,30,1,333.69
203,93,20,2,16159.02
204,94,53,2,848.59
205,94,51,2,1298.15
206,94,15,2,168.91
207,94,83,2,8733.12
208,95,98,1,383.7
209,95,97,2,276.56
210,96,18,1,308.15
211,96,67,2,291.98
212,96,6,2,169.03
213,97,75,2,422.74
214,97,63,1,167.99
215,98,51,1,1433.16
216,98,37,2,1179.55
217,98,91,1,314.78
218,98,72,2,473.78
219,99,66,2,344.19
220,99,38,1,232.91
221,99,41,1,243.69
222,100,38,2,247.24
223,100,92,1,29870.96
224,101,99,1,1358.66
225,101,64,2,383.68
226,102,89,2,271.93
227,102,32,1,224.51
228,102,26,1,236.97
229,103,50,2,237.29
230,103,65,1,17047.21
231,103,92,2,29870.96
232,103,47,1,612.04
233,104,89,1,271.93
234,104,26,1,236.97
235,105,54,2,8163.96
236,105,83,1,9045.01
237,105,16,1,385.42
238,105,86,2,35123.61
239,106,70,2,247.91
240,106,46,1,367.16
241,106,78,1,12794.89
242,107,66,2,344.19
243,107,92,1,28139.31
244,107,48,2,392.14
245,107,39,2,42545.33
246,108,25,1,13811.51
247,108,66,2,365.37
248,108,65,1,17047.21
249,108,41,2,258.68
250,109,50,1,223.53
251,110,73,2,32626.19
252,110,68,2,9905.97
253,110,82,1,162.74
254,111,34,1,792.05
255,111,95,1,23105.82
256,111,60,1,202.45
257,112,24,1,72.16
258,113,51,2,1381.23
259,114,89,1,263.04
260,114,29,2,1094.52
261,115,92,1,27057.02
262,116,92,1,27057.02
263,116,64,2,368.92
264,116,53,2,848.59
265,117,54,2,8352.36
266,117,3,1,226.17
267,118,62,2,38248.1
268,118,21,2,1094.56
269,118,100,2,846.52
270,119,71,2,400.65
271,119,57,2,765.03
272,119,30,2,355.04
273,119,32,2,216.38
274,120,55,2,220.07
275,120,50,2,214.94
276,121,23,2,15554.19
277,121,98,2,408.26
278,122,100,2,795.6
279,122,55,2,220.07
280,122,25,1,12510.42
281,123,10,1,223.89
282,124,3,2,212.56
283,124,46,1,353.04
284,124,85,2,391.09
285,124,98,1,383.7
286,125,50,2,214.94
287,125,91,2,285.12
288,125,67,1,291.98
289,125,92,2,27057.02
290,126,88,1,34242.29
291,126,100,1,827.42
292,126,58,1,20456.92
293,127,51,1,1433.16
294,127,58,2,21585.58
295,127,65,1,17047.21
296,128,17,2,16203.47
297,128,33,1,478.67
298,128,5,2,175.46
299,128,66,2,344.19
300,129,75,2,466.7
301,130,53,2,882.53
302,131,74,1,148.54
303,131,11,2,175.11
304,131,47,1,576.56
305,132,92,1,27057.02
306,132,6,2,189.31
307,132,82,1,147.41
308,132,68,2,8972.8
309,133,33,2,488.58
310,134,21,1,1028.72
311,135,36,1,110.15
312,135,70,1,238.38
313,135,19,1,213.21
314,136,40,1,1052.14
315,136,90,1,804.16
316,136,100,2,795.6
317,137,3,1,226.17
318,137,69,2,1886.46
319,137,98,1,408.26
320,138,63,1,159.59
321,138,92,1,28788.67
322,139,64,2,368.92
323,139,94,1,237.01
324,140,57,1,765.03
325,140,15,1,179.72
326,141,9,2,537.08
327,142,43,2,452.09
328,143,40,1,1094.22
329,143,91,1,296.53
330,143,32,2,211.5
331,143,62,2,37385.36
332,144,95,1,23105.82
333,144,69,1,1957.38
334,144,12,1,357.42
335,144,50,2,237.29
336,145,5,1,175.46
337,145,40,1,1094.22
338,145,2,1,226.66
339,145,36,2,114.56
340,146,50,1,237.29
341,146,5,1,186.26
342,146,92,1,29870.96
343,146,96,1,358.74
344,147,43,1,470.17
345,148,51,2,1433.16
346,149,11,1,175.11
347,149,8,2,265.76
348,150,61,1,202.88
349,151,32,1,224.51
350,151,75,2,466.7
351,151,66,1,365.37
352,152,97,2,287.62
353,152,75,1,439.65
354,152,46,2,367.16
355,152,19,1,221.74
356,153,54,1,8352.36
357,154,41,2,234.31
358,154,53,1,848.59
359,155,75,1,422.74
360,156,8,1,255.54
361,156,10,2,223.89
362,156,96,2,324.95
363,156,51,1,1298.15
364,157,85,1,391.09
365,157,66,2,330.95
366,157,10,2,223.89
367,157,44,1,1101.44
368,158,73,2,29552.71
369,159,5,2,179.51
370,159,59,1,411.41
371,159,100,1,846.52
372,159,32,1,216.38
373,160,45,2,66.75
374,160,73,2,31444.09
375,160,43,1,481.02
376,161,7,2,199.67
377,161,80,2,1636.88
378,161,51,1,1350.08
379,162,11,1,175.11
380,163,26,1,262.73
381,163,61,2,215.36
382,163,88,2,36349.5
383,163,8,1,282.11
384,164,23,1,15203.34
385,164,97,2,287.62
386,165,21,2,1069.87
387,165,14,2,400.01
388,165,80,1,1636.88
389,165,75,2,439.65
390,166,7,2,199.67
391,167,7,1,211.95
392,167,92,1,29870.96
393,168,75,1,439.65
394,168,64,1,383.68
395,168,40,2,1094.22
396,168,85,1,405.06
397,169,73,2,32626.19
398,169,61,2,215.36
399,169,30,2,368.39
400,169,57,1,793.79
401,170,55,1,228.88
402,170,50,1,223.53
403,170,59,1,402.13
404,170,85,1,405.06
405,171,10,1,232.84
406,171,71,2,391.61
407,171,78,1,12794.89
408,171,17,2,16203.47
409,172,40,1,1178.39
410,172,65,2,15441.31
411,173,82,1,147.41
412,173,91,2,285.12
413,173,100,1,795.6
414,174,43,1,452.09
415,175,56,1,255.65
416,175,23,1,14618.6
417,175,67,2,291.98
418,176,51,1,1381.23
419,177,50,1,240.73
420,177,67,1,291.98
421,177,91,2,285.12
422,178,19,2,226.86
423,178,9,2,571.45
424,179,29,1,1028.69
425,180,11,2,185.89
426,180,64,1,407.29
427,181,10,1,247.17
428,181,59,2,426.88
429,181,49,1,471.57
430,182,2,1,226.66
431,182,82,2,153.31
432,183,73,1,30734.82
433,184,56,1,265.88
434,184,91,1,296.53
435,184,78,1,12794.89
436,185,55,1,242.96
437,186,88,1,34242.29
438,186,5,1,175.46
439,186,21,1,1069.87
440,186,49,2,444.24
441,187,82,2,180.43
442,187,1,1,496.92
443,188,8,1,265.76
444,188,80,1,1636.88
445,188,54,1,8163.96
446,188,25,1,13010.84
447,189,100,1,827.42
448,189,59,2,402.13
449,189,62,1,37385.36
450,190,68,2,9905.97
451,191,26,1,228.39
452,191,96,2,345.75
453,191,36,2,117.2
454,192,1,1,478.92
455,192,42,1,23565.29
456,192,82,1,174.54
457,193,23,2,15554.19
458,193,71,1,400.65
459,193,52,1,215.94
460,193,68,2,9547.06
461,194,58,2,17635.27
462,194,12,1,323.75
463,195,2,1,231.89
464,195,67,1,310.66
465,195,29,2,1094.52
466,195,26,2,228.39
467,196,14,2,455.4
468,196,67,1,310.66
469,196,32,2,216.38
470,197,49,1,427.15
471,197,18,2,275.14
472,197,95,2,23440.69
473,198,29,1,1152.13
474,198,12,1,323.75
475,199,92,1,32035.52
476,200,61,1,202.88
477,200,63,1,155.99
478,200,57,2,747.77
479,201,92,2,31386.15
480,201,96,1,337.95
481,201,70,1,276.51
482,202,63,1,155.99
483,202,78,1,12794.89
484,203,41,1,258.68
485,203,91,1,314.78
486,203,55,1,242.96
487,204,1,2,468.12
488,204,97,2,287.62
489,205,63,1,155.99
490,205,53,1,882.53
491,206,72,1,402.56
492,207,58,2,17635.27
493,207,66,1,330.95
494,208,80,1,1573.93
495,208,30,2,333.69
496,208,29,2,1152.13
497,208,82,2,165.1
498,209,5,1,179.51
499,209,18,2,292.75
500,210,58,2,17635.27
501,210,23,2,14618.6
502,211,45,1,74.28
503,211,63,2,159.59
504,212,8,1,255.54
505,212,67,2,291.98
506,212,95,2,23440.69
507,212,18,1,275.14
508,213,49,1,454.49
509,214,91,2,285.12
510,215,69,1,1985.75
511,215,61,2,195.07
512,215,63,1,149.99
513,216,91,1,303.37
514,216,82,1,174.54
515,216,45,2,74.28
516,217,45,2,70.27
517,217,56,1,255.65
518,217,32,1,203.36
519,218,12,2,344.47
520,218,38,1,238.28
521,218,64,2,436.81
522,219,59,2,448.53
523,220,11,2,195.31
524,220,9,2,558.56
525,220,51,2,1350.08
526,220,63,1,155.99
527,221,55,1,228.88
528,221,100,2,827.42
529,221,23,1,15203.34
530,221,63,1,155.99
531,222,64,1,427.95
532,223,61,1,215.36
533,223,8,1,282.11
534,224,30,2,347.04
535,224,83,2,8109.32
536,224,11,2,195.31
537,225,52,2,211.07
538,225,81,1,452.15
539,225,59,2,448.53
540,225,72,1,402.56
541,226,78,2,12794.89
542,227,100,2,878.34
543,227,80,1,1737.61
544,227,72,1,427.33
545,227,38,1,247.24
546,228,8,2,282.11
547,228,29,1,1259.11
548,229,95,2,25617.33
549,230,84,2,342.28
550,231,10,2,232.84
551,231,1,2,468.12
552,232,84,2,342.28
553,232,82,2,171.0
554,232,46,2,367.16
555,232,49,2,444.24
556,233,69,1,2170.14
557,234,78,2,12302.77
558,234,15,1,168.91
559,234,97,1,276.56
560,234,91,2,285.12
561,235,15,1,179.72
562,235,26,2,228.39
563,236,26,1,228.39
564,236,52,1,215.94
565,237,46,2,353.04
566,238,15,1,168.91
567,238,73,2,29552.71
568,239,47,1,620.91
569,239,69,1,1985.75
570,239,56,1,255.65
571,240,16,1,370.6
572,240,12,2,323.75
573,240,44,1,1101.44
574,241,43,2,452.09
575,242,11,2,188.58
576,242,3,2,212.56
577,242,7,2,191.99
578,243,100,1,795.6
579,244,32,1,203.36
580,244,19,2,213.21
581,245,25,2,13311.09
582,245,2,1,231.89
583,246,12,1,336.7
584,247,52,1,224.06
585,247,54,2,8666.36
586,247,15,1,186.48
587,247,60,2,182.6
588,248,70,2,291.77
589,248,18,2,336.77
590,248,97,1,338.51
591,249,7,1,211.95
592,249,56,2,282.24
593,249,36,2,121.61
594,250,43,2,499.1
595,250,56,1,282.24
596,250,49,2,471.57
597,251,31,2,222.08
598,251,56,1,265.88
599,252,75,1,517.43
600,252,41,1,258.68
601,252,23,1,16138.93
602,252,31,1,235.75
603,253,49,1,471.57
604,254,26,2,236.97
605,254,73,2,36172.52
606,254,49,2,471.57
607,255,65,2,17911.92
608,255,55,1,228.88
609,256,45,2,76.79
610,256,82,1,180.43
611,256,11,1,206.09
612,257,62,2,35947.46
613,257,52,1,202.95
614,257,63,2,149.99
615,258,31,2,213.54
616,258,55,1,220.07
617,258,3,1,212.56
618,258,26,1,214.65
619,259,18,2,325.76
620,259,75,1,500.52
621,260,72,1,433.52
622,260,55,2,220.07
623,260,97,2,309.75
624,260,58,1,19751.51
625,261,2,2,217.94
626,261,100,2,795.6
627,262,37,1,1025.36
628,263,53,1,902.9
629,263,19,1,226.86
630,263,94,2,225.16
631,263,83,1,8296.46
632,264,52,2,202.95
633,265,98,1,399.05
634,265,64,2,383.68
635,265,68,1,9331.71
636,266,46,2,367.16
637,266,2,2,226.66
638,266,95,1,24277.86
639,266,62,2,37385.36
640,267,31,1,235.75
641,267,58,1,19469.34
642,268,53,1,882.53
643,268,23,2,15203.34
644,268,58,1,18340.69
645,269,55,2,228.88
646,269,94,2,220.08
647,269,71,1,391.61
648,269,18,2,319.16
649,270,17,1,17200.61
650,271,81,1,452.15
651,272,31,1,222.08
652,272,72,1,449.01
653,272,86,2,35123.61
654,272,41,2,243.69
655,273,12,2,357.42
656,274,64,2,368.92
657,275,16,2,370.6
658,275,21,1,1028.72
659,275,89,1,222.16
660,276,25,2,12510.42
661,277,49,2,454.49
662,277,67,2,310.66
663,278,80,1,1863.53
664,278,4,1,382.12
665,278,9,1,635.9
666,278,15,1,179.72
667,279,42,2,22147.82
668,279,71,2,376.55
669,279,19,1,213.21
670,279,54,2,7849.96
671,280,15,2,179.72
672,281,44,1,1215.99
673,282,43,2,499.1
674,283,29,1,1135.67
675,284,2,2,252.81
676,285,93,2,346.57
677,285,52,2,211.07
678,285,41,2,243.69
679,286,21,2,1135.71
680,286,40,1,1161.56
681,286,75,1,517.43
682,287,12,1,336.7
683,287,41,2,243.69
684,288,32,1,211.5
685,288,80,2,1825.75
686,289,92,2,28139.31
687,289,84,2,342.28
688,290,58,2,19469.34
689,290,83,2,8608.36
690,290,50,2,237.29
691,290,28,1,351.21
692,291,73,2,36172.52
693,291,44,2,1215.99
694,292,94,2,211.61
695,292,51,1,1298.15
696,293,71,1,400.65
697,294,15,1,168.91
698,294,28,2,318.12
699,294,21,1,1028.72
700,295,50,2,214.94
701,295,80,1,1762.8
702,295,19,2,213.21
703,295,92,2,27057.02
704,296,29,2,1028.69
705,296,67,1,291.98
706,297,36,1,117.2
707,298,18,1,325.76
708,298,52,1,215.94
709,298,61,1,207.56
710,298,54,2,8352.36
711,299,58,1,17635.27
712,299,12,1,323.75
713,300,75,1,473.47
714,301,76,1,261.86
715,302,25,2,14812.34
716,302,60,1,175.99
717,302,42,1,23565.29
718,303,1,1,450.11
719,304,52,2,202.95
720,304,71,2,376.55
721,304,32,1,203.36
722,305,88,1,32925.28
723,306,50,2,228.69
724,306,43,1,481.02
725,306,31,1,227.2
726,307,25,1,15312.76
727,307,32,2,224.51
728,307,88,2,36349.5
729,307,100,1,878.34
730,308,21,1,1069.87
731,309,15,2,175.67
732,309,40,2,1220.48
733,310,83,2,8109.32
734,311,25,2,14512.09
735,312,5,1,195.71
736,312,89,1,231.05
737,312,19,1,221.74
738,313,41,1,258.68
739,313,91,1,314.78
740,314,64,2,383.68
741,315,52,1,224.06
742,315,39,1,40491.42
743,316,3,2,221.07
744,316,8,1,265.76
745,316,1,2,468.12
746,317,32,1,211.5
747,317,50,1,223.53
748,317,49,2,444.24
749,317,44,2,1145.5
750,318,41,1,258.68
751,318,88,2,36349.5
752,318,59,2,426.88
753,319,45,1,69.26
754,319,49,2,471.57
755,319,54,2,8666.36
756,319,46,2,389.75
757,320,67,1,322.34
758,320,52,1,224.06
759,321,58,1,18340.69
760,321,23,2,15203.34
761,322,63,2,177.59
762,322,47,1,589.87
763,323,52,2,202.95
764,323,51,2,1298.15
765,323,91,2,285.12
766,323,83,2,7797.42
767,324,71,1,445.84
768,324,21,2,1094.56
769,325,65,1,17294.27
770,325,60,1,165.4
771,326,37,2,1025.36
772,326,15,2,179.72
773,326,50,2,254.49
774,326,69,1,1886.46
775,327,55,1,246.48
776,327,89,2,222.16
777,328,8,2,271.89
778,328,82,1,156.85
779,328,84,1,389.67
780,328,60,1,175.99
781,329,71,2,436.8
782,329,19,2,221.74
783,329,6,1,175.79
784,330,19,1,221.74
785,331,30,1,408.43
786,332,42,1,23033.74
787,333,12,1,336.7
788,333,88,1,34242.29
789,333,23,1,15203.34
790,334,30,2,387.08
791,334,78,2,12794.89
792,335,19,1,235.39
793,335,8,1,282.11
794,335,61,1,215.36
795,335,40,1,1287.82
796,336,54,1,8163.96
797,336,42,2,23033.74
798,337,8,1,282.11
799,337,54,1,8666.36
800,338,46,2,367.16
801,338,32,1,211.5
802,338,31,2,222.08
803,339,3,1,221.07
804,339,94,1,220.08
805,339,55,1,255.29
806,339,89,2,231.05
807,340,41,2,243.69
808,340,54,1,8163.96
809,341,28,1,369.02
810,341,16,1,385.42
811,341,69,2,1843.91
812,342,19,1,221.74
813,343,26,1,223.24
814,344,92,2,31386.15
815,344,54,2,8163.96
816,344,41,2,243.69
817,345,50,1,249.33
818,345,39,1,38144.09
819,345,61,2,202.88
820,345,28,1,369.02
821,346,16,1,385.42
822,346,65,2,17911.92
823,346,29,1,1193.28
824,347,58,2,17635.27
825,347,86,2,33772.7
826,347,29,2,1152.13
827,347,44,1,1101.44
828,348,94,1,225.16
829,348,79,1,263.96
830,348,39,2,39024.34
831,349,61,1,195.07
832,349,6,1,169.03
833,350,47,2,589.87
834,351,31,1,213.54
835,351,17,2,15580.26
836,351,71,1,421.74
837,351,50,2,240.73
838,352,45,2,62.74
839,352,47,2,554.39
840,352,1,1,450.11
841,352,29,2,1152.13
842,353,26,1,228.39
843,353,17,2,16577.4
844,354,21,2,1028.72
845,354,91,1,285.12
846,354,46,2,353.04
847,354,62,2,35947.46
848,355,44,2,1101.44
849,355,56,1,255.65
850,356,36,1,117.2
851,357,84,2,368.61
852,358,43,2,452.09
853,359,21,2,1028.72
854,359,56,1,255.65
855,359,17,2,15580.26
856,360,15,1,179.72
857,360,71,2,445.84
858,360,10,2,238.22
859,360,53,1,902.9
860,361,42,2,23033.74
861,361,1,2,468.12
862,361,64,1,383.68
863,362,6,2,175.79
864,362,69,2,1843.91
865,362,46,1,367.16
866,363,17,1,17200.61
867,363,100,1,878.34
868,363,64,2,407.29
869,363,47,1,612.04
870,364,37,2,1063.91
871,364,44,2,1215.99
872,364,98,1,469.65
873,364,16,2,409.14
874,365,19,1,235.39
875,365,29,1,1259.11
876,366,7,2,199.67
877,366,94,2,220.08
878,367,86,2,35123.61
879,368,32,2,211.5
880,368,5,2,195.71
881,368,71,1,436.8
882,369,52,2,224.06
883,369,2,2,240.6
884,369,36,2,134.82
885,369,57,2,793.79
886,370,58,2,19469.34
887,371,79,2,272.88
888,371,83,2,8608.36
889,371,29,1,1135.67
890,372,78,2,12794.89
891,372,36,2,127.77
892,372,29,1,1069.84
893,373,46,2,353.04
894,374,56,1,255.65
895,374,30,1,333.69
896,375,49,1,454.49
897,375,88,1,35032.49
898,376,40,1,1178.39
899,376,21,1,1028.72
900,376,31,1,213.54
901,377,94,2,211.61
902,377,3,1,212.56
903,378,57,2,719.01
904,378,59,1,433.06
905,378,36,2,123.37
906,379,48,1,338.05
907,380,73,1,30734.82
908,380,37,1,1002.24
909,380,62,1,37385.36
910,381,6,1,186.6
911,382,68,2,9331.71
912,382,19,2,221.74
913,383,2,2,226.66
914,384,62,2,37385.36
915,384,57,1,747.77
916,384,3,1,221.07
917,385,46,1,367.16
918,385,56,1,265.88
919,385,45,2,72.78
920,386,45,1,72.78
921,387,12,1,357.42
922,388,69,2,1843.91
923,388,67,2,303.65
924,388,26,2,223.24
925,388,64,1,383.68
926,389,48,1,373.21
927,389,26,2,236.97
928,390,23,1,15203.34
929,391,58,2,20880.17
930,391,16,2,394.32
931,392,88,1,35032.49
932,392,43,2,481.02
933,393,46,1,353.04
934,393,54,1,7849.96
935,393,17,2,15580.26
936,393,1,2,450.11
937,394,81,1,486.93
938,394,2,2,217.94
939,395,38,1,223.95
940,395,48,1,338.05
941,395,41,1,234.31
942,396,32,1,203.36
943,396,29,2,1152.13
944,396,12,1,323.75
945,396,57,2,719.01
946,397,32,1,216.38
947,398,32,2,216.38
948,398,16,1,394.32
949,398,7,2,204.27
950,398,15,2,179.72
951,399,23,2,14618.6
952,399,86,2,33772.7
953,399,8,2,255.54
954,399,32,1,203.36
955,400,7,1,191.99
956,400,30,1,373.73
957,400,16,1,370.6
958,400,49,1,478.41
959,401,54,2,8352.36
960,402,6,2,179.84
961,402,7,2,204.27
962,403,68,2,8972.8
963,403,28,1,318.12
964,404,26,2,228.39
965,404,93,2,354.56
966,405,57,1,719.01
967,405,94,1,211.61
968,406,56,2,272.01
969,406,67,1,310.66
970,407,3,1,234.67
971,408,43,2,499.1
972,408,3,2,234.67
973,408,51,1,1588.94
974,408,29,1,1259.11
975,409,37,2,1063.91
976,409,86,2,37285.06
977,410,42,1,23033.74
978,410,51,1,1505.85
979,410,46,1,367.16
980,410,26,1,248.99
981,411,88,2,34242.29
982,411,57,2,834.05
983,411,78,2,12794.89
984,411,30,2,387.08
985,412,26,1,248.99
986,412,68,1,9331.71
987,412,19,1,221.74
988,413,26,2,248.99
989,413,3,2,221.07
990,414,41,1,243.69
991,414,12,2,336.7
992,415,57,1,834.05
993,415,73,2,30734.82
994,416,23,1,15203.34
995,416,83,2,8109.32
996,416,45,1,72.78
997,417,2,2,226.66
998,417,88,2,34242.29
999,417,49,2,495.49
1000,418,93,2,346.57
1001,418,73,1,34281.15
1002,418,16,1,385.42
1003,418,6,2,196.07
1004,419,7,1,199.67
1005,420,53,1,882.53
1006,420,100,1,827.42
1007,421,37,1,1063.91
1008,421,49,1,522.83
1009,421,23,2,16138.93
1010,421,21,1,1135.71
1011,422,54,2,8666.36
1012,422,60,2,202.45
1013,423,62,1,37385.36
1014,423,58,1,20456.92
1015,424,86,1,37285.06
1016,424,41,1,258.68
1017,424,91,2,314.78
1018,424,53,1,936.84
1019,425,26,2,240.41
1020,425,38,2,223.95
1021,426,41,1,234.31
1022,427,82,2,147.41
1023,427,33,1,462.17
1024,428,15,2,179.72
1025,428,83,2,8296.46
1026,428,78,1,13090.15
1027,428,51,1,1537.01
1028,429,60,2,185.25
1029,429,42,2,22147.82
1030,429,82,2,147.41
1031,429,12,2,323.75
1032,430,38,2,223.95
1033,431,15,1,168.91
1034,432,12,2,336.7
1035,433,1,1,468.12
1036,433,53,1,882.53
1037,433,83,2,8109.32
1038,433,6,1,196.07
1039,434,72,1,402.56
1040,435,12,2,396.27
1041,435,21,1,1135.71
1042,436,48,2,392.14
1043,437,86,1,35123.61
1044,438,61,1,215.36
1045,438,69,2,2170.14
1046,438,42,1,24451.2
1047,439,42,2,23033.74
1048,439,94,2,220.08
1049,439,19,2,221.74
1050,439,88,1,34242.29
1051,440,37,2,1117.88
1052,440,28,1,369.02
1053,440,58,2,20456.92
1054,441,6,1,206.89
1055,441,44,1,1215.99
1056,441,33,1,505.08
1057,442,73,2,34281.15
1058,442,38,1,232.91
1059,442,31,1,222.08
1060,442,16,1,385.42
1061,443,39,2,40491.42
1062,444,53,2,902.9
1063,444,91,2,303.37
1064,444,17,2,16577.4
1065,444,94,1,225.16
1066,445,1,2,450.11
1067,445,89,1,222.16
1068,445,55,1,220.07
1069,446,90,1,763.95
1070,446,43,2,535.27
1071,446,61,1,207.56
1072,447,38,1,238.28
1073,447,69,2,2099.22
1074,447,8,2,302.56
1075,448,78,2,13090.15
1076,448,28,1,376.66
1077,448,39,2,39024.34
1078,448,31,1,227.2
1079,449,61,1,195.07
1080,449,28,2,356.3
1081,449,49,2,478.41
1082,450,78,1,12302.77
1083,450,3,2,212.56
1084,450,41,1,234.31
1085,450,19,2,213.21
1086,451,78,1,12794.89
1087,451,17,2,16203.47
1088,451,46,1,409.52
1089,452,93,2,346.57
1090,452,21,2,1069.87
1091,452,90,2,832.88
1092,452,18,1,286.14
1093,453,64,1,383.68
1094,453,46,2,409.52
1095,453,21,2,1069.87
1096,453,37,1,1117.88
1097,454,61,1,202.88
1098,455,56,1,312.92
1099,455,64,1,407.29
1100,455,61,1,215.36
1101,456,89,1,231.05
1102,456,2,2,226.66
1103,456,3,2,221.07
1104,456,94,1,220.08
1105,457,62,2,39686.0
1106,457,16,2,453.61
1107,458,31,1,235.75
1108,458,7,2,211.95
1109,458,1,1,496.92
1110,459,61,1,202.88
1111,459,43,2,524.42
1112,460,38,2,223.95
1113,460,7,2,191.99
1114,461,3,2,212.56
1115,462,62,1,42561.8
1116,462,86,2,35934.15
1117,462,93,1,354.56
1118,462,91,1,303.37
1119,463,53,2,848.59
1120,464,78,2,13090.15
1121,464,46,1,418.0
1122,465,67,1,291.98
1123,465,27,2,16269.24
1124,466,41,1,234.31
1125,466,39,2,36677.01
1126,466,7,1,191.99
1127,466,61,1,195.07
1128,467,68,2,8972.8
1129,468,100,1,941.99
1130,468,18,1,292.75
1131,468,54,2,8352.36
1132,469,78,1,13090.15
1133,469,64,2,392.54
1134,470,76,2,221.16
1135,470,88,1,32925.28
1136,470,22,1,299.84
1137,471,85,2,349.19
1138,471,39,2,36677.01
1139,471,55,1,220.07
1140,472,41,2,249.31
1141,472,53,2,1004.73
1142,472,62,1,42561.8
1143,473,52,1,202.95
1144,474,39,2,36677.01
1145,474,31,2,213.54
1146,475,83,1,8733.12
1147,475,67,2,291.98
1148,476,32,2,203.36
1149,476,76,2,221.16
1150,477,7,1,199.67
1151,477,78,1,12794.89
1152,477,23,1,16957.58
1153,477,19,1,221.74
1154,478,7,1,211.95
1155,479,31,1,261.37
1156,479,22,1,331.02
1157,480,24,1,67.0
1158,480,72,1,449.01
1159,480,91,2,296.53
1160,480,78,2,12794.89
1161,481,89,2,231.05
1162,481,21,2,1069.87
1163,481,38,2,232.91
1164,482,38,1,232.91
1165,482,42,2,23033.74
1166,483,86,2,37285.06
1167,484,93,1,346.57
1168,484,88,1,34242.29
1169,485,100,2,973.81
1170,485,6,1,186.6
1171,485,15,1,186.48
1172,486,93,1,346.57
1173,486,23,1,16957.58
1174,486,21,1,1069.87
1175,486,89,2,231.05
1176,487,78,1,12794.89
1177,488,89,1,231.05
1178,488,95,1,21766.35
1179,488,11,1,175.11
1180,489,42,1,24451.2
1181,490,41,1,258.68
1182,490,72,2,473.78
1183,490,38,2,247.24
1184,490,28,1,351.21
1185,491,89,1,231.05
1186,492,61,2,202.88
1187,492,32,1,211.5
1188,492,66,2,344.19
1189,493,42,2,22147.82
1190,493,64,1,368.92
1191,493,11,1,168.38
1192,494,86,1,33772.7
1193,495,62,2,40261.16
1194,495,61,2,195.07
1195,496,91,1,285.12
1196,496,3,1,212.56
1197,496,66,2,330.95
1198,497,6,2,169.03
1199,497,67,2,291.98
1200,498,7,2,204.27
1201,499,42,1,22147.82
1202,499,19,1,213.21
1203,499,91,2,285.12
1204,499,66,2,370.66
1205,500,11,2,199.36
1206,500,17,1,18447.03
1207,500,66,1,391.84
1208,500,7,1,204.27
1209,501,89,1,231.05
1210,502,72,2,449.01
1211,502,94,1,245.47
1212,502,25,1,13010.84
1213,502,52,1,211.07
1214,503,6,2,186.6
1215,504,64,1,407.29
1216,504,88,1,36349.5
1217,505,18,1,319.16
1218,505,64,2,383.68
1219,505,78,1,12794.89
1220,506,25,2,13811.51
1221,506,17,1,19070.24
1222,506,7,2,211.95
1223,506,76,1,244.16
1224,507,42,1,24451.2
1225,507,54,2,8666.36
1226,507,68,1,9905.97
1227,508,22,2,311.83
1228,509,25,2,13811.51
1229,509,61,1,215.36
1230,509,29,2,1259.11
1231,509,93,2,407.88
1232,510,38,1,247.24
1233,510,23,1,17893.17
1234,511,27,1,17961.24
1235,511,64,1,407.29
1236,512,61,2,202.88
1237,512,3,1,221.07
1238,513,12,1,336.7
1239,513,85,2,363.16
1240,514,64,2,451.56
1241,514,19,1,235.39
1242,514,61,2,215.36
1243,514,18,1,336.77
1244,515,28,1,318.12
1245,515,41,1,234.31
1246,516,95,1,20929.19
1247,516,55,1,246.48
1248,516,42,2,22147.82
1249,517,28,2,338.49
1250,518,7,1,204.27
1251,518,67,2,310.66
1252,518,27,1,17310.47
1253,518,32,1,216.38
1254,519,54,1,7849.96
1255,519,68,1,8972.8
1256,519,41,1,234.31
1257,520,41,2,249.31
1258,520,93,2,394.55
1259,520,72,2,458.3
1260,520,88,2,35032.49
1261,521,15,1,168.91
1262,521,27,1,16269.24
1263,521,52,2,202.95
1264,521,1,1,450.11
1265,522,19,2,213.21
1266,522,61,2,195.07
1267,522,86,1,33772.7
1268,523,27,2,19262.78
1269,523,63,2,159.59
1270,523,29,1,1217.97
1271,524,32,2,227.77
1272,524,39,2,41078.25
1273,525,44,2,1145.5
1274,525,41,1,243.69
1275,525,21,2,1069.87
1276,526,64,2,427.95
1277,527,67,1,322.34
1278,527,30,2,368.39
1279,527,1,2,496.92
1280,527,19,2,235.39
1281,528,7,1,199.67
1282,529,22,1,367.0
1283,529,28,2,351.21
1284,529,89,1,245.27
1285,530,92,2,28139.31
1286,530,32,2,235.9
1287,530,12,2,336.7
1288,530,49,2,444.24
1289,531,50,1,237.29
1290,532,25,1,13010.84
1291,532,38,2,232.91
1292,532,27,2,18872.32
1293,532,56,1,265.88
1294,533,68,2,9331.71
1295,534,42,1,23033.74
1296,535,32,2,235.9
1297,535,87,1,31086.93
1298,535,8,2,265.76
1299,536,92,2,31386.15
1300,537,1,2,496.92
1301,537,89,1,245.27
1302,538,19,2,235.39
1303,538,39,1,44892.66
1304,538,86,2,37285.06
1305,538,12,2,357.42
1306,539,88,1,35032.49
1307,539,22,2,355.01
1308,539,84,1,389.67
1309,539,54,1,8352.36
1310,540,25,1,13311.09
1311,540,61,2,207.56
1312,540,42,2,23565.29
1313,541,67,1,291.98
1314,541,15,1,168.91
1315,541,56,1,255.65
1316,541,30,1,333.69
1317,542,19,1,226.86
1318,543,71,2,376.55
1319,543,41,1,234.31
1320,544,30,1,373.73
1321,545,15,1,175.67
1322,546,19,1,247.33
1323,546,91,2,296.53
1324,546,3,2,221.07
1325,547,91,1,296.53
1326,547,22,2,347.81
1327,547,25,1,13010.84
1328,548,54,2,8666.36
1329,548,63,2,165.59
1330,548,19,2,260.97
1331,548,50,1,237.29
1332,549,71,1,391.61
1333,549,67,2,303.65
1334,550,3,2,221.07
1335,551,8,1,255.54
1336,551,21,2,1028.72
1337,552,30,1,373.73
1338,552,12,2,362.6
1339,553,15,2,179.72
1340,553,28,1,376.66
1341,553,38,1,265.16
1342,553,52,1,215.94
1343,554,38,2,265.16
1344,554,68,2,10623.8
1345,554,39,2,43425.58
1346,554,22,2,355.01
1347,555,15,2,189.18
1348,556,19,2,252.44
1349,556,44,1,1171.93
1350,557,84,1,389.67
1351,557,52,2,215.94
1352,558,52,2,202.95
1353,558,12,1,362.6
1354,559,30,2,408.43
1355,559,28,2,351.21
1356,560,91,1,296.53
1357,560,52,1,211.07
1358,560,54,1,8163.96
1359,561,3,1,234.67
1360,561,68,1,10982.71
1361,562,86,1,35123.61
1362,562,50,1,223.53
1363,562,91,1,296.53
1364,563,22,1,331.02
1365,564,76,2,256.55
1366,564,49,1,444.24
1367,565,95,2,25617.33
1368,565,93,2,367.89
1369,565,59,2,426.88
1370,566,74,2,141.37
1371,566,42,1,24451.2
1372,566,6,1,186.6
1373,566,86,2,37285.06
1374,567,73,2,30734.82
1375,567,44,1,1145.5
1376,568,2,2,240.6
1377,569,34,2,672.98
1378,569,84,1,381.77
1379,569,71,2,436.8
1380,570,25,1,14512.09
1381,570,93,1,346.57
1382,570,16,1,385.42
1383,571,44,2,1145.5
1384,571,3,1,221.07
1385,571,42,1,23033.74
1386,571,83,1,8109.32
1387,572,20,1,15004.81
1388,572,93,1,346.57
1389,572,74,1,133.17
1390,573,34,1,714.4
1391,573,38,1,274.11
1392,573,44,2,1215.99
1393,574,19,2,247.33
1394,574,3,1,221.07
1395,574,76,2,256.55
1396,575,59,1,386.66
1397,575,16,1,370.6
1398,575,63,2,149.99
1399,575,87,2,29891.28
1400,576,7,1,191.99
1401,576,83,2,7797.42
1402,576,50,2,214.94
1403,576,20,2,14427.7
1404,577,91,2,285.12
1405,577,73,2,29552.71
1406,578,28,2,338.49
1407,578,76,2,261.86
1408,579,50,2,228.69
1409,579,20,2,15351.07
1410,579,91,2,303.37
1411,579,86,2,35934.15
1412,580,59,1,411.41
1413,580,41,1,249.31
1414,581,22,1,299.84
1415,581,94,1,211.61
1416,581,89,1,222.16
1417,582,21,2,1094.56
1418,582,49,2,505.75
1419,583,44,2,1101.44
1420,584,28,1,389.38
1421,584,54,1,9608.35
1422,584,7,1,211.95
1423,585,55,2,228.88
1424,585,86,1,35123.61
1425,586,61,2,202.88
1426,586,63,2,173.99
1427,587,55,2,242.96
1428,587,6,2,206.89
1429,587,87,2,32999.97
1430,588,61,2,202.88
1431,588,32,2,211.5
1432,589,74,1,141.37
1433,589,54,2,9608.35
1434,590,37,1,1063.91
1435,591,16,2,385.42
1436,591,61,2,202.88
1437,592,89,2,231.05
1438,592,34,1,672.98
1439,592,42,1,23033.74
1440,593,13,2,254.42
1441,593,56,2,296.55
1442,593,50,2,249.33
1443,593,34,2,672.98
1444,594,28,1,376.66
1445,594,88,2,35032.49
1446,594,22,2,319.03
1447,594,2,1,231.89
1448,595,94,1,225.16
1449,595,95,1,24780.16
1450,596,20,1,15351.07
1451,596,42,1,23565.29
1452,596,59,1,457.81
1453,596,63,1,177.59
1454,597,74,2,128.05
1455,597,21,1,1028.72
1456,597,2,2,217.94
1457,597,88,2,32925.28
1458,598,74,1,128.05
1459,598,54,1,8791.96
1460,599,73,2,31444.09
1461,599,32,2,240.78
1462,599,49,1,505.75
1463,599,87,1,35391.27
1464,600,88,2,35032.49
1465,600,86,2,35934.15
1466,601,87,1,33478.23
1467,601,16,1,370.6
1468,602,23,2,14618.6
1469,602,32,1,227.77
1470,603,87,2,33478.23
1471,604,66,1,330.95
1472,604,23,1,14618.6
1473,605,13,2,273.99
1474,605,50,1,240.73
1475,606,34,1,750.64
1476,606,74,2,148.54
1477,607,15,2,175.67
1478,607,21,1,1069.87
1479,608,59,2,473.27
1480,608,37,1,1063.91
1481,609,73,2,32626.19
1482,609,63,2,183.58
1483,609,13,2,299.44
1484,609,1,1,550.94
1485,610,44,1,1145.5
1486,611,20,2,17659.5
1487,611,34,2,714.4
1488,611,66,2,365.37
1489,611,13,2,299.44
1490,612,42,2,23033.74
1491,612,6,2,196.07
1492,612,52,1,211.07
1493,613,41,1,258.68
1494,613,59,1,473.27
1495,614,89,1,231.05
1496,614,48,2,351.57
1497,614,15,2,175.67
1498,614,22,1,311.83
1499,615,86,2,33772.7
1500,616,2,2,231.89
1501,617,41,2,234.31
1502,618,16,1,415.07
1503,619,88,2,35032.49
1504,620,57,1,719.01
1505,620,1,1,504.13
1506,620,73,2,29552.71
1507,621,20,1,17082.4
1508,621,56,2,302.69
1509,621,15,1,199.99
1510,621,50,2,254.49
1511,622,56,2,302.69
1512,623,52,1,202.95
1513,623,85,1,349.19
1514,624,85,2,349.19
1515,624,45,2,62.74
1516,624,66,2,330.95
1517,624,50,2,240.73
1518,625,91,2,285.12
1519,626,61,1,218.48
1520,627,16,1,429.9
1521,627,41,1,243.69
1522,627,32,1,211.5
1523,628,73,2,32626.19
1524,628,3,1,260.18
1525,629,66,1,365.37
1526,629,28,1,351.21
1527,629,16,1,453.61
1528,630,16,2,453.61
1529,630,55,2,269.37
1530,630,85,1,385.5
1531,631,28,2,330.85
1532,632,48,2,373.21
1533,632,41,1,258.68
1534,632,66,2,365.37
1535,632,3,1,260.18
1536,633,91,2,314.78
1537,633,20,1,17659.5
1538,633,67,2,322.34
1539,634,28,1,351.21
1540,635,91,1,296.53
1541,635,34,1,672.98
1542,636,2,2,266.76
1543,636,73,2,36172.52
1544,636,89,1,271.93
1545,636,21,2,1135.71
1546,637,34,2,714.4
1547,637,52,2,224.06
1548,637,41,2,258.68
1549,637,48,2,373.21
1550,638,37,1,1117.88
1551,639,93,1,394.55
1552,640,80,1,1674.66
1553,640,88,2,35032.49
1554,641,15,2,189.18
1555,641,42,2,22147.82
1556,642,89,2,263.04
1557,642,80,1,1674.66
1558,642,41,2,249.31
1559,642,2,1,258.04
1560,643,15,1,189.18
1561,643,57,2,719.01
1562,643,7,1,191.99
1563,643,73,1,33099.04
1564,644,85,2,349.19
1565,644,73,1,33099.04
1566,644,88,1,32925.28
1567,645,37,1,1141.01
1568,645,52,2,215.94
1569,645,2,1,258.04
1570,646,67,1,291.98
1571,646,32,2,203.36
1572,647,34,1,724.75
1573,647,42,1,22147.82
1574,648,7,1,191.99
1575,649,48,2,413.77
1576,650,48,1,392.14
1577,650,8,2,265.76
1578,650,67,2,303.65
1579,651,80,1,1636.88
1580,651,67,1,303.65
1581,651,41,1,243.69
1582,651,86,2,35123.61
1583,652,67,1,322.34
1584,652,88,2,36349.5
1585,652,22,2,367.0
1586,653,23,1,15203.34
1587,653,57,1,747.77
1588,654,57,2,747.77
1589,654,44,1,1145.5
1590,655,41,1,258.68
1591,656,48,2,413.77
1592,656,8,2,282.11
1593,657,67,2,322.34
1594,657,28,1,351.21
1595,658,91,2,296.53
1596,658,42,1,23033.74
1597,658,52,2,211.07
1598,659,43,2,481.02
1599,660,53,2,848.59
1600,660,57,2,719.01
1601,660,48,1,338.05
1602,661,80,1,1573.93
1603,661,53,2,848.59
1604,661,95,1,20929.19
1605,661,37,1,963.69
1606,662,12,2,344.47
1607,663,88,2,35032.49
1608,664,80,2,1573.93
1609,664,99,2,1171.26
1610,664,41,2,234.31
1611,665,48,2,359.69
1612,665,27,1,17310.47
1613,665,8,2,271.89
1614,665,52,1,240.29
1615,666,24,2,68.55
1616,667,93,1,394.55
1617,668,31,2,227.2
1618,668,91,2,303.37
1619,669,68,1,8972.8
1620,669,66,2,330.95
1621,670,45,2,65.25
1622,670,53,1,882.53
1623,670,91,2,296.53
1624,670,31,1,222.08
1625,671,95,1,23105.82
1626,671,79,1,246.12
1627,672,52,1,235.42
1628,672,42,1,23033.74
1629,672,86,1,35123.61
1630,672,27,1,18872.32
1631,673,7,1,199.67
1632,673,45,1,65.25
1633,673,95,2,21766.35
1634,673,61,2,202.88
1635,674,28,1,330.85
1636,674,54,2,8163.96
1637,674,21,2,1069.87
1638,675,79,2,246.12
1639,676,5,1,179.51
1640,676,37,2,1025.36
1641,676,23,1,15554.19
1642,677,53,2,902.9
1643,677,97,1,294.26
1644,677,21,1,1094.56
1645,678,88,1,32925.28
1646,679,80,1,1573.93
1647,679,52,2,227.3
1648,679,83,2,8733.12
1649,680,37,1,963.69
1650,680,97,2,276.56
1651,681,97,2,276.56
1652,681,53,2,848.59
1653,681,12,2,323.75
1654,682,67,2,291.98
1655,682,41,1,234.31
1656,683,95,1,20929.19
1657,684,78,1,13090.15
1658,685,48,2,351.57
1659,685,68,2,9331.71
1660,685,86,2,35123.61
1661,686,24,2,74.73
1662,686,57,1,834.05
1663,686,53,2,882.53
1664,686,23,1,15203.34
1665,687,44,1,1215.99
1666,687,79,2,246.12
1667,687,91,2,314.78
1668,687,12,2,357.42
1669,688,48,1,351.57
1670,688,21,1,1069.87
1671,689,86,2,41337.78
1672,689,95,2,23105.82
1673,689,31,2,235.75
1674,689,21,1,1135.71
1675,690,23,2,15203.34
1676,691,37,1,1179.55
1677,691,31,2,235.75
1678,691,67,1,322.34
1679,691,91,1,314.78
1680,692,40,1,1094.22
1681,692,99,2,1218.11
1682,692,78,2,12794.89
1683,692,79,1,231.85
1684,693,31,1,222.08
1685,693,37,2,1117.88
1686,693,61,1,202.88
1687,694,54,2,8163.96
1688,694,52,2,211.07
1689,695,4,1,359.14
1690,696,44,2,1101.44
1691,696,66,1,370.66
1692,696,95,2,20929.19
1693,697,45,1,70.27
1694,697,98,2,383.7
1695,697,86,2,33772.7
1696,697,50,2,214.94
1697,698,41,2,249.31
1698,698,91,2,303.37
1699,698,21,1,1094.56
1700,699,24,1,72.16
1701,700,39,2,39024.34
1702,700,68,2,9547.06
1703,700,43,1,481.02
1704,700,95,2,22268.66
1705,701,78,2,12302.77
1706,702,53,1,848.59
1707,703,48,1,359.69
1708,703,53,1,902.9
1709,704,67,2,303.65
1710,704,79,1,231.85
1711,705,56,2,296.55
1712,705,80,2,1636.88
1713,706,38,2,232.91
1714,707,23,1,16138.93
1715,707,54,1,9608.35
1716,707,86,2,37285.06
1717,707,88,2,36349.5
1718,708,37,1,1179.55
1719,708,79,2,246.12
1720,709,53,1,882.53
1721,710,99,1,1293.07
1722,710,61,1,215.36
1723,710,53,1,936.84
1724,710,38,1,247.24
1725,711,68,2,9331.71
1726,712,5,1,175.46
1727,712,37,1,1117.88
1728,713,37,2,1117.88
1729,713,79,1,231.85
1730,714,54,2,9105.96
1731,714,80,1,1636.88
1732,714,53,2,882.53
1733,715,99,1,1218.11
1734,715,38,1,232.91
1735,715,66,2,383.9
1736,715,81,2,452.15
1737,716,48,1,351.57
1738,716,8,2,296.42
1739,717,95,2,21766.35
1740,718,88,1,35032.49
1741,718,79,1,237.21
1742,718,41,1,249.31
1743,718,48,2,359.69
1744,719,9,2,571.45
1745,719,31,1,252.83
1746,719,12,2,344.47
1747,719,53,1,902.9
1748,720,81,2,434.76
1749,720,8,2,286.2
1750,721,99,1,1311.81
1751,722,95,1,23440.69
1752,722,43,1,452.09
1753,722,98,2,429.74
1754,722,81,2,434.76
1755,723,1,2,450.11
1756,723,44,2,1101.44
1757,723,41,1,234.31
1758,723,12,2,323.75
1759,724,41,1,249.31
1760,724,44,1,1171.93
1761,724,40,1,1119.47
1762,725,43,1,452.09
1763,726,88,2,36349.5
1764,726,50,1,263.08
1765,726,42,2,24451.2
1766,727,53,2,882.53
1767,727,9,1,558.56
1768,727,79,2,231.85
1769,727,50,2,249.33
1770,728,31,2,261.37
1771,729,78,2,14271.22
1772,730,95,1,24277.86
1773,731,91,2,296.53
1774,731,53,1,882.53
1775,732,80,1,1926.48
1776,732,21,2,1135.71
1777,732,68,2,9905.97
1778,733,44,2,1145.5
1779,733,91,1,296.53
1780,733,61,1,202.88
1781,734,38,2,232.91
1782,734,5,1,175.46
1783,734,41,2,243.69
1784,735,80,2,1573.93
1785,735,43,1,452.09
1786,736,34,1,688.51
1787,736,92,1,28788.67
1788,737,12,2,344.47
1789,738,54,2,8352.36
1790,738,61,1,207.56
1791,739,81,1,462.59
1792,739,67,2,310.66
1793,740,40,2,1287.82
1794,740,8,1,282.11
1795,741,78,2,14271.22
1796,742,7,2,211.95
1797,742,67,1,322.34
1798,742,61,1,215.36
1799,742,49,1,471.57
1800,743,43,1,470.17
1801,743,12,1,375.55
1802,743,41,2,243.69
1803,743,91,2,296.53
1804,744,64,2,383.68
1805,744,1,1,468.12
1806,744,8,2,265.76
1807,744,12,1,375.55
1808,745,64,1,383.68
1809,745,96,1,337.95
1810,745,80,1,1636.88
1811,745,24,1,74.73
1812,746,23,1,17893.17
1813,746,68,2,9905.97
1814,746,18,1,303.75
1815,746,53,1,936.84
1816,747,41,2,258.68
1817,747,40,1,1287.82
1818,748,91,2,314.78
1819,749,38,2,259.78
1820,750,64,1,383.68
1821,750,1,2,468.12
1822,750,34,1,672.98
1823,750,29,2,1069.84
1824,751,96,2,345.75
1825,751,4,2,382.12
1826,752,43,1,506.34
1827,752,12,1,362.6
1828,752,42,2,22147.82
1829,753,1,2,450.11
1830,753,57,2,805.29
1831,753,53,2,848.59
1832,754,60,2,165.4
1833,755,44,2,1101.44
1834,755,53,1,950.42
1835,755,5,1,188.96
1836,755,46,1,353.04
1837,756,86,2,33772.7
1838,756,49,2,427.15
1839,757,86,2,33772.7
1840,757,81,1,434.76
1841,757,12,2,362.6
1842,757,21,1,1028.72
1843,758,61,1,195.07
1844,758,40,2,1178.39
1845,758,77,1,191.83
1846,758,80,2,1573.93
1847,759,64,2,368.92
1848,759,23,1,16372.83
1849,759,68,2,8972.8
1850,760,29,2,1135.67
1851,761,54,1,9105.96
1852,761,60,1,172.02
1853,761,40,2,1220.48
1854,762,68,2,9331.71
1855,762,7,1,199.67
1856,763,21,2,1135.71
1857,763,41,1,286.8
1858,763,45,2,69.26
1859,764,91,2,296.53
1860,764,79,1,258.61
1861,765,41,2,271.8
1862,765,86,1,39176.33
1863,765,60,2,172.02
1864,765,98,1,399.05
1865,766,79,1,258.61
1866,766,42,1,23033.74
1867,766,57,1,834.05
1868,767,92,2,28139.31
1869,767,64,2,383.68
1870,767,29,2,1069.84
1871,767,60,1,172.02
1872,768,54,2,9105.96
1873,768,49,1,444.24
1874,768,44,2,1277.67
1875,768,41,1,271.8
1876,769,23,2,17893.17
1877,770,49,2,471.57
1878,770,41,1,286.8
1879,770,46,2,389.75
1880,770,44,1,1348.16
1881,771,77,2,204.1
1882,771,44,2,1304.1
1883,772,44,1,1304.1
1884,772,80,2,1863.53
1885,773,97,2,294.26
1886,773,21,2,1094.56
1887,773,34,1,766.17
1888,773,100,1,846.52
1889,774,98,1,383.7
1890,775,19,1,213.21
1891,776,45,1,62.74
1892,776,64,2,413.2
1893,776,49,1,427.15
1894,776,10,2,223.89
1895,777,67,2,357.38
1896,778,24,2,71.13
1897,778,18,1,303.75
1898,779,21,1,1069.87
1899,779,91,1,296.53
1900,780,31,2,247.7
1901,780,42,2,23033.74
1902,780,34,1,750.64
1903,781,49,1,444.24
1904,781,64,2,427.95
1905,782,31,2,261.37
1906,782,77,2,211.77
1907,782,18,2,303.75
1908,783,20,2,15928.18
1909,784,60,1,182.6
1910,784,18,1,303.75
1911,785,71,2,391.61
1912,786,8,1,265.76
1913,786,91,2,296.53
1914,787,20,1,15928.18
1915,788,88,2,36349.5
1916,788,3,2,234.67
1917,788,60,1,182.6
1918,788,42,1,24451.2
1919,789,34,1,750.64
1920,789,96,1,376.94
1921,789,4,2,373.5
1922,789,71,2,436.8
1923,790,19,2,235.39
1924,791,3,1,221.07
1925,791,46,1,367.16
1926,791,77,1,222.52
1927,792,71,2,436.8
1928,792,9,1,623.01
1929,793,92,2,27057.02
1930,793,86,1,37825.42
1931,793,98,1,383.7
1932,793,61,2,218.48
1933,794,91,2,285.12
1934,794,18,2,275.14
1935,794,81,2,434.76
1936,795,98,1,408.26
1937,796,97,1,276.56
1938,796,7,2,191.99
1939,797,97,1,276.56
1940,798,42,1,22147.82
1941,798,20,1,16159.02
1942,798,64,1,413.2
1943,798,19,1,238.8
1944,799,1,2,478.92
1945,799,91,2,303.37
1946,799,96,1,384.74
1947,800,45,1,66.75
1948,801,88,1,32925.28
1949,802,8,2,282.11
1950,802,21,2,1135.71
1951,803,66,1,383.9
1952,803,42,2,23033.74
1953,803,21,1,1069.87
1954,804,1,2,496.92
1955,804,81,2,479.98
1956,805,4,1,416.6
1957,806,18,2,286.14
1958,806,46,1,409.52
1959,807,60,2,202.45
1960,807,10,2,247.17
1961,808,49,1,522.83
1962,808,45,1,76.79
1963,809,7,2,199.67
1964,809,5,2,195.71
1965,809,49,2,495.49
1966,810,21,2,1069.87
1967,810,60,2,191.86
1968,810,5,2,195.71
1969,811,97,2,305.32
1970,812,77,2,222.52
1971,812,21,2,1069.87
1972,812,4,1,416.6
1973,813,7,1,204.27
1974,813,45,1,74.28
1975,813,8,2,302.56
1976,814,21,2,1028.72
1977,814,97,2,276.56
1978,814,18,2,308.15
1979,815,8,2,302.56
1980,815,24,1,68.55
1981,815,10,2,238.22
1982,816,98,1,429.74
1983,816,18,1,308.15
1984,817,7,2,227.31
1985,818,22,1,319.03
1986,819,100,1,846.52
1987,819,18,2,325.76
1988,819,85,1,371.54
1989,819,28,1,338.49
1990,820,77,1,227.12
1991,820,22,1,319.03
1992,820,91,1,303.37
1993,821,68,1,10982.71
1994,822,100,1,878.34
1995,822,66,2,365.37
1996,822,78,2,13582.26
1997,822,68,1,10982.71
1998,823,96,2,358.74
1999,823,55,2,242.96
2000,823,100,2,878.34
2001,823,68,1,10982.71
2002,824,55,1,228.88
2003,824,20,2,15004.81
2004,825,21,2,1135.71
2005,825,24,2,78.86
2006,825,37,1,1063.91
2007,826,85,1,363.16
2008,826,55,2,228.88
2009,826,68,1,10408.45
2010,827,42,2,23033.74
2011,827,78,1,14271.22
2012,827,21,1,1193.32
2013,828,76,1,235.32
2014,828,24,1,76.28
2015,829,43,1,481.02
2016,829,4,1,382.12
2017,829,31,2,227.2
2018,829,29,2,1217.97
2019,830,89,1,222.16
2020,830,97,2,276.56
2021,831,76,2,235.32
2022,831,100,2,846.52
2023,832,95,2,24780.16
2024,832,9,2,571.45
2025,833,28,2,318.12
2026,834,64,2,368.92
2027,834,34,2,647.1
2028,835,89,1,222.16
2029,836,7,1,191.99
2030,837,5,1,199.76
2031,838,42,1,22147.82
2032,838,95,2,23440.69
2033,838,34,1,647.1
2034,838,40,1,1178.39
2035,839,37,1,1002.24
2036,839,20,2,15004.81
2037,839,22,1,347.81
2038,839,91,1,296.53
2039,840,85,2,385.5
2040,840,37,2,1063.91
2041,840,97,2,305.32
2042,841,66,2,344.19
2043,841,96,1,337.95
2044,841,34,2,672.98
2045,841,28,2,369.02
2046,842,43,1,470.17
2047,842,10,1,259.71
2048,843,97,1,294.26
2049,843,66,2,352.13
2050,844,88,1,32925.28
2051,844,64,1,368.92
2052,844,34,2,724.75
2053,845,53,1,950.42
2054,845,100,1,795.6
2055,845,3,1,238.07
2056,845,20,2,14427.7
2057,846,29,2,1217.97
2058,846,91,2,303.37
2059,846,53,1,1004.73
2060,847,29,1,1217.97
2061,848,31,1,213.54
2062,848,96,1,324.95
2063,848,64,2,368.92
2064,849,91,1,285.12
2065,849,20,1,14427.7
2066,850,91,2,285.12
2067,851,96,1,324.95
2068,852,91,1,285.12
2069,853,43,1,452.09
2070,854,43,1,452.09
2071,855,3,2,238.07
2072,856,47,2,612.04
2073,856,4,2,396.49
2074,857,96,1,358.74
2075,857,88,1,36349.5
2076,857,73,1,32626.19
2077,858,8,2,282.11
2078,858,53,2,936.84
2079,858,85,1,385.5
2080,858,44,2,1215.99
2081,859,20,1,15004.81
2082,859,89,1,231.05
2083,859,73,1,30734.82
2084,859,28,1,369.02
2085,860,53,1,882.53
2086,861,91,1,314.78
2087,861,4,2,396.49
2088,861,81,2,479.98
2089,861,47,1,612.04
2090,862,66,2,344.19
2091,862,70,2,247.91
2092,863,31,2,239.16
2093,864,85,2,349.19
2094,864,20,2,16159.02
2095,864,100,1,891.07
2096,865,10,2,250.75
2097,865,31,2,239.16
2098,866,4,2,382.12
2099,867,47,2,554.39
2100,867,32,2,203.36
2101,867,44,2,1233.61
2102,868,100,2,973.81
2103,868,70,2,263.17
2104,869,43,1,499.1
2105,870,96,1,337.95
2106,871,1,2,468.12
2107,871,85,2,363.16
2108,871,3,1,246.57
2109,872,31,2,247.7
2110,872,9,2,558.56
2111,873,47,1,612.04
2112,873,1,1,496.92
2113,873,61,2,215.36
2114,874,37,2,1002.24
2115,874,66,1,344.19
2116,875,7,1,211.95
2117,875,97,2,305.32
2118,875,1,2,496.92
2119,875,27,1,19913.55
2120,876,47,1,576.56
2121,876,97,2,287.62
2122,876,8,1,296.42
2123,876,88,2,34242.29
2124,877,9,2,657.38
2125,877,91,1,314.78
2126,878,43,1,524.42
2127,878,47,2,576.56
2128,878,81,2,504.32
2129,878,96,1,337.95
2130,879,48,2,351.57
2131,879,70,1,247.91
2132,880,28,2,369.02
2133,880,33,1,478.67
2134,881,48,2,378.62
2135,881,30,2,373.73
2136,882,97,1,309.75
2137,883,32,2,227.77
2138,884,33,1,462.17
2139,884,97,1,309.75
2140,884,96,2,324.95
2141,884,73,2,33099.04
2142,885,97,1,309.75
2143,885,73,2,33099.04
2144,885,85,1,349.19
2145,886,47,2,589.87
2146,886,4,1,425.22
2147,886,27,2,19262.78
2148,887,4,1,439.58
2149,888,47,1,612.04
2150,888,27,1,19913.55
2151,888,97,1,338.51
2152,888,19,1,235.39
2153,889,3,2,212.56
2154,889,1,1,504.13
2155,889,7,2,215.03
2156,890,49,2,427.15
2157,891,70,2,282.24
2158,891,19,1,226.86
2159,891,88,1,35032.49
2160,892,72,1,387.08
2161,893,32,1,227.77
2162,893,88,2,32925.28
2163,893,91,1,285.12
2164,893,3,2,212.56
2165,894,76,2,261.86
2166,894,92,1,28788.67
2167,895,81,2,479.98
2168,895,7,2,234.99
2169,895,34,2,714.4
2170,896,76,1,256.55
2171,896,19,2,221.74
2172,896,92,2,28139.31
2173,896,81,2,452.15
2174,897,47,2,576.56
2175,898,73,2,30734.82
2176,899,90,1,746.72
2177,899,73,2,30734.82
2178,899,30,2,347.04
2179,899,89,2,231.05
2180,900,91,1,314.78
2181,900,7,1,234.99
2182,900,89,1,271.93
2183,901,85,1,385.5
2184,901,49,2,522.83
2185,902,83,1,8109.32
2186,902,47,2,576.56
2187,902,24,1,67.0
2188,902,61,1,226.29
2189,903,49,1,522.83
2190,903,34,1,714.4
2191,903,83,1,8608.36
2192,903,19,2,235.39
2193,904,73,1,34281.15
2194,904,85,1,405.06
2195,905,81,2,532.15
2196,905,96,2,397.74
2197,905,92,1,29870.96
2198,905,89,1,271.93
2199,906,89,2,263.04
2200,906,90,1,763.95
2201,906,96,1,384.74
2202,907,20,1,14427.7
2203,908,73,1,34990.41
2204,908,89,2,263.04
2205,909,60,1,165.4
2206,909,83,1,7797.42
2207,909,85,2,391.09
2208,910,88,1,36876.31
2209,911,81,1,486.93
2210,911,63,1,149.99
2211,912,24,2,64.42
2212,913,68,1,8972.8
2213,913,85,2,391.09
2214,913,63,2,149.99
2215,914,20,2,14427.7
2216,914,78,1,13779.11
2217,914,60,2,185.25
2218,914,68,2,8972.8
2219,915,30,2,333.69
2220,916,60,1,185.25
2221,916,15,1,189.18
2222,916,34,1,724.75
2223,916,88,1,36876.31
2224,917,81,1,486.93
2225,917,83,1,7797.42
2226,917,90,2,718.0
2227,918,72,2,411.85
2228,918,89,2,263.04
2229,919,78,1,15058.6
2230,920,78,1,15058.6
2231,921,83,1,9045.01
2232,921,90,2,746.72
2233,922,92,2,28139.31
2234,923,73,2,36172.52
2235,923,68,1,9905.97
2236,923,30,1,408.43
2237,924,47,2,643.09
2238,925,34,1,792.05
2239,925,63,2,183.58
2240,926,34,2,750.64
2241,926,24,1,67.0
2242,926,68,2,10408.45
2243,927,90,1,792.67
2244,927,68,2,10982.71
2245,928,91,1,330.75
2246,928,90,1,746.72
2247,928,3,2,221.07
2248,929,30,2,408.43
2249,929,91,1,348.99
2250,929,90,1,878.83
2251,930,83,2,8733.12
2252,930,3,2,212.56
2253,931,2,2,231.89
2254,932,17,2,15580.26
2255,932,64,1,368.92
2256,933,25,2,12510.42
2257,933,17,1,15580.26
2258,934,20,2,14427.7
2259,934,7,1,191.99
2260,934,17,2,15580.26
2261,934,99,2,1171.26
2262,935,38,2,223.95
2263,935,3,2,238.07
2264,935,17,1,15580.26
2265,936,17,1,16203.47
2266,936,50,2,223.53
2267,937,55,2,228.88
2268,937,71,1,391.61
2269,937,50,1,223.53
2270,938,21,1,1193.32
2271,939,24,2,74.73
2272,940,3,2,246.57
2273,940,25,2,13010.84
2274,941,2,1,226.66
2275,941,7,2,199.67
2276,941,80,2,1636.88
2277,941,92,1,31386.15
2278,942,64,1,451.56
2279,943,13,1,270.08
2280,943,36,2,121.61
2281,943,17,1,17200.61
2282,944,71,1,445.84
2283,944,92,1,32035.52
2284,945,17,2,15580.26
2285,945,66,1,330.95
2286,945,16,2,370.6
2287,946,66,1,352.13
2288,946,20,1,15351.07
2289,946,63,1,159.59
2290,947,7,2,204.27
2291,947,22,1,319.03
2292,948,2,2,217.94
2293,949,22,1,299.84
2294,949,99,2,1311.81
2295,949,53,1,848.59
2296,949,64,1,413.2
2297,950,66,1,330.95
2298,950,20,2,16159.02
2299,950,99,2,1311.81
2300,951,80,2,1573.93
2301,951,87,1,29891.28
2302,952,50,2,263.08
2303,953,100,2,922.9
2304,953,22,2,311.83
2305,953,7,1,222.71
2306,953,55,1,255.29
2307,954,53,2,882.53
2308,954,36,1,114.56
2309,954,66,2,383.9
2310,954,2,1,252.81
2311,955,7,2,222.71
2312,956,17,2,16203.47
2313,956,16,2,385.42
2314,956,13,2,254.42
2315,956,81,1,452.15
2316,957,21,2,1193.32
2317,957,53,1,984.36
2318,957,100,1,922.9
2319,957,2,1,252.81
2320,958,25,1,13811.51
2321,958,13,2,270.08
2322,958,50,1,263.08
2323,958,2,2,266.76
2324,959,89,1,271.93
2325,960,25,1,13811.51
2326,961,36,2,121.61
2327,961,22,1,331.02
2328,961,99,1,1433.63
2329,961,25,2,13811.51
2330,962,87,1,31086.93
2331,962,20,2,16736.13
2332,962,16,2,385.42
2333,962,66,2,383.9
2334,963,53,2,950.42
2335,964,81,2,486.93
2336,965,92,2,27057.02
2337,966,80,1,1573.93
2338,966,27,2,16269.24
2339,967,100,2,846.52
2340,968,78,2,12302.77
2341,969,95,2,22268.66
2342,969,2,1,231.89
2343,970,50,1,223.53
2344,970,36,2,114.56
2345,970,27,2,16920.01
2346,970,2,1,252.81
2347,971,74,1,133.17
2348,972,2,1,266.76
2349,972,17,1,17200.61
2350,972,87,2,32999.97
2351,973,74,2,133.17
2352,973,92,1,28139.31
2353,973,66,2,383.9
2354,973,69,1,1843.91
2355,974,69,2,1843.91
2356,975,91,1,314.78
2357,975,79,1,246.12
2358,976,50,2,237.29
2359,976,44,2,1215.99
2360,976,63,2,165.59
2361,977,44,2,1215.99
2362,977,88,1,40300.54
2363,977,96,2,358.74
2364,978,78,1,12794.89
2365,978,27,2,16920.01
2366,978,87,2,31086.93
2367,979,80,2,1636.88
2368,979,63,1,155.99
2369,980,78,1,13090.15
2370,980,22,1,355.01
2371,980,44,1,1171.93
2372,981,88,1,38983.53
2373,981,69,1,1886.46
2374,981,16,1,394.32
2375,982,25,2,13311.09
2376,983,79,2,263.96
2377,983,36,2,130.42
2378,983,5,2,179.51
2379,983,80,1,1674.66
2380,984,100,2,941.99
2381,985,18,2,275.14
2382,985,1,1,450.11
2383,986,1,2,478.92
2384,986,92,1,32035.52
2385,986,69,2,1886.46
2386,987,44,2,1348.16
2387,987,79,1,272.88
2388,988,27,2,19913.55
2389,989,63,2,155.99
2390,990,16,2,385.42
2391,990,79,1,258.61
2392,991,44,2,1277.67
2393,992,100,2,973.81
2394,992,96,2,397.74
2395,993,5,1,175.46
2396,993,91,1,296.53
2397,993,50,2,223.53
2398,994,69,1,1843.91
2399,994,96,1,376.94
2400,994,1,1,468.12
2401,995,95,2,24277.86
2402,995,18,1,286.14
2403,995,44,2,1277.67
2404,995,96,2,376.94
2405,996,17,2,19070.24
2406,996,25,1,13811.51
2407,997,50,2,254.49
2408,997,1,1,478.92
2409,997,63,1,177.59
2410,997,96,1,384.74
2411,998,91,2,319.34
2412,998,11,2,168.38
2413,998,47,1,554.39
2414,999,17,1,17449.89
2415,1000,27,1,17310.47
2416,1000,29,1,1094.52
2417,1000,63,1,177.59
2418,1001,42,2,22147.82
2419,1001,80,2,1762.8
2420,1002,91,1,319.34
2421,1003,80,1,1762.8
2422,1003,91,2,319.34
2423,1003,5,2,188.96
2424,1004,52,1,215.94
2425,1005,36,1,114.56
2426,1005,50,1,249.33
2427,1005,63,1,173.99
2428,1006,5,2,206.5
2429,1006,17,2,19070.24
2430,1007,29,1,1069.84
2431,1008,92,2,31386.15
2432,1008,80,2,1825.75
2433,1008,78,1,12794.89
2434,1008,27,2,16920.01
2435,1009,50,2,263.08
2436,1010,92,1,33117.8
2437,1010,44,2,1348.16
2438,1010,91,2,348.99
2439,1011,86,1,35123.61
2440,1011,78,2,12794.89
2441,1012,6,1,175.79
2442,1012,30,1,347.04
2443,1012,50,1,249.33
2444,1013,86,1,35123.61
2445,1014,94,1,233.62
2446,1014,42,2,24451.2
2447,1015,1,2,496.92
2448,1015,69,2,2170.14
2449,1016,27,1,16920.01
2450,1016,96,2,337.95
2451,1016,6,1,175.79
2452,1016,42,2,23033.74
2453,1017,11,2,179.15
2454,1017,29,2,1094.52
2455,1017,47,1,589.87
2456,1017,25,2,13311.09
2457,1018,47,1,589.87
2458,1018,27,2,17310.47
2459,1018,86,1,35934.15
2460,1019,25,1,12510.42
2461,1019,30,1,333.69
2462,1019,87,2,29891.28
2463,1019,47,2,554.39
2464,1020,18,1,308.15
2465,1020,91,1,319.34
2466,1020,78,1,12302.77
2467,1021,42,2,26223.02
2468,1022,47,1,589.87
2469,1022,29,2,1094.52
2470,1023,16,2,370.6
2471,1023,11,1,168.38
2472,1023,36,1,110.15
2473,1023,29,2,1152.13
2474,1024,6,1,169.03
2475,1025,94,2,250.55
2476,1025,14,1,409.24
2477,1026,87,1,29891.28
2478,1026,96,1,324.95
2479,1026,65,2,15441.31
2480,1027,47,2,589.87
2481,1027,1,2,478.92
2482,1027,36,2,117.2
2483,1028,86,1,33772.7
2484,1028,27,2,16269.24
2485,1028,16,2,370.6
2486,1029,16,1,385.42
2487,1029,87,2,31086.93
2488,1029,62,1,41699.06
2489,1030,16,1,409.14
2490,1030,65,1,17047.21
2491,1030,62,2,43999.69
2492,1031,42,2,25691.48
2493,1031,11,2,175.11
2494,1032,16,2,453.61
2495,1032,86,1,37285.06
2496,1033,1,1,468.12
2497,1033,86,2,35123.61
2498,1033,84,1,342.28
2499,1034,86,2,41337.78
2500,1034,87,1,36586.92
2501,1034,78,1,13582.26
2502,1034,6,2,206.89
2503,1035,87,2,33478.23
2504,1035,47,2,554.39
2505,1035,52,1,202.95
2506,1035,96,2,363.94
2507,1036,26,1,254.15
2508,1036,86,1,39986.88
2509,1036,14,2,409.24
2510,1037,78,2,12302.77
2511,1037,86,1,37825.42
2512,1037,26,1,240.41
2513,1037,84,1,329.11
2514,1038,25,1,13311.09
2515,1039,26,1,240.41
2516,1040,96,1,384.74
2517,1040,65,1,16429.56
2518,1041,1,2,450.11
2519,1041,78,1,12302.77
2520,1042,52,2,202.95
2521,1043,52,1,202.95
2522,1043,87,1,33478.23
2523,1044,61,2,195.07
2524,1044,34,1,647.1
2525,1044,11,2,168.38
2526,1045,25,2,12510.42
2527,1045,34,2,647.1
2528,1045,84,2,368.61
2529,1046,86,2,33772.7
2530,1047,34,1,672.98
2531,1048,61,2,215.36
2532,1049,1,2,468.12
2533,1049,30,2,387.08
2534,1049,52,1,211.07
2535,1050,36,1,127.77
2536,1050,86,2,35123.61
2537,1050,41,2,243.69
2538,1050,85,2,363.16
2539,1051,27,2,19913.55
2540,1051,86,1,37285.06
2541,1051,54,2,9608.35
2542,1052,41,2,234.31
2543,1052,1,1,450.11
2544,1052,31,2,213.54
2545,1052,14,2,384.62
2546,1053,78,1,13779.11
2547,1054,27,1,19262.78
2548,1054,47,1,656.39
2549,1054,65,2,16429.56
2550,1055,54,1,8791.96
2551,1055,11,1,188.58
2552,1055,14,2,384.62
2553,1056,31,2,213.54
2554,1056,78,1,13779.11
2555,1056,85,1,349.19
2556,1057,72,1,387.08
2557,1058,54,1,8791.96
2558,1058,41,2,234.31
2559,1059,65,2,15441.31
2560,1059,1,2,450.11
2561,1059,72,1,387.08
2562,1060,85,1,349.19
2563,1060,65,2,15441.31
2564,1061,41,2,249.31
2565,1061,34,2,766.17
2566,1062,14,1,384.62
2567,1063,31,1,213.54
2568,1063,14,2,384.62
2569,1063,85,1,349.19
2570,1064,11,1,199.36
2571,1064,72,2,458.3
2572,1064,65,2,18282.51
2573,1064,52,1,215.94
2574,1065,54,1,8791.96
2575,1065,41,1,234.31
2576,1065,31,2,213.54
2577,1066,25,2,12510.42
2578,1066,14,1,384.62
2579,1067,61,1,218.48
2580,1067,25,1,12510.42
2581,1068,34,2,724.75
2582,1068,52,1,202.95
2583,1069,31,2,213.54
2584,1069,72,2,433.52
2585,1070,61,1,218.48
2586,1070,52,2,202.95
2587,1071,86,2,41337.78
2588,1071,11,2,206.09
2589,1071,1,1,550.94
2590,1071,65,2,18900.17
2591,1072,61,2,238.77
2592,1072,31,1,235.75
2593,1072,34,1,792.05
2594,1073,72,1,449.01
2595,1074,41,2,271.8
2596,1074,72,2,449.01
2597,1074,34,1,750.64
2598,1074,65,1,17911.92
2599,1075,14,1,470.78
2600,1075,31,2,235.75
2601,1075,52,1,248.41
2602,1076,14,2,446.16
2603,1076,52,2,235.42
2604,1076,41,1,271.8
2605,1077,1,2,522.13
2606,1077,14,2,446.16
2607,1077,25,1,13010.84
2608,1077,31,1,247.7
2609,1078,31,2,247.7
2610,1078,25,2,14512.09
2611,1079,25,1,14512.09
2612,1080,46,2,367.16
2613,1080,96,1,337.95
2614,1080,38,1,232.91
2615,1081,75,1,439.65
2616,1081,92,1,28139.31
2617,1081,55,2,228.88
2618,1082,96,2,358.74
2619,1082,54,2,8666.36
2620,1082,91,2,314.78
2621,1082,77,2,211.77
2622,1083,68,2,9331.71
2623,1083,46,1,367.16
2624,1084,54,2,8163.96
2625,1084,30,1,347.04
2626,1084,42,1,23033.74
2627,1085,54,1,8666.36
2628,1086,9,1,558.56
2629,1086,38,2,259.78
2630,1086,77,1,199.5
2631,1086,46,1,409.52
2632,1087,38,1,259.78
2633,1087,55,1,228.88
2634,1087,40,2,1094.22
2635,1087,18,1,286.14
2636,1088,96,1,337.95
2637,1089,40,2,1119.47
2638,1090,46,1,395.4
2639,1091,96,2,345.75
2640,1091,1,2,478.92
2641,1092,30,1,333.69
2642,1092,9,1,537.08
2643,1093,55,1,220.07
2644,1093,76,1,221.16
2645,1094,91,2,285.12
2646,1094,81,2,434.76
2647,1094,18,2,275.14
2648,1094,78,2,12302.77
2649,1095,38,2,265.16
2650,1095,69,1,1886.46
2651,1095,78,1,13090.15
2652,1095,47,1,589.87
2653,1096,30,1,333.69
2654,1096,96,2,324.95
2655,1097,42,1,23565.29
2656,1097,30,2,355.04
2657,1097,76,2,235.32
2658,1097,9,2,571.45
2659,1098,92,2,30303.87
2660,1098,31,2,239.16
2661,1099,47,2,576.56
2662,1099,9,2,558.56
2663,1100,54,1,9608.35
2664,1100,91,2,314.78
2665,1100,42,1,24451.2
2666,1100,30,1,408.43
2667,1101,68,1,10982.71
2668,1101,46,1,432.12
2669,1101,38,2,274.11
2670,1101,76,1,244.16
2671,1102,69,2,1843.91
2672,1102,76,2,230.01
2673,1103,69,1,1843.91
2674,1104,91,1,314.78
2675,1105,75,1,439.65
2676,1105,78,1,12794.89
2677,1105,40,2,1094.22
2678,1106,42,1,23033.74
2679,1106,96,1,337.95
2680,1106,9,1,623.01
2681,1107,30,2,387.08
2682,1107,47,2,576.56
2683,1107,54,2,9105.96
2684,1107,40,1,1094.22
2685,1108,42,1,24451.2
2686,1108,96,1,358.74
2687,1109,42,2,22147.82
2688,1109,47,1,554.39
2689,1109,31,1,239.16
2690,1109,77,1,191.83
2691,1110,1,2,504.13
2692,1110,42,1,22147.82
2693,1110,47,1,554.39
2694,1110,40,2,1052.14
2695,1111,40,1,1052.14
2696,1111,77,1,214.84
2697,1111,55,1,220.07
2698,1111,69,2,1772.99
2699,1112,76,2,235.32
2700,1112,42,2,26223.02
2701,1112,78,1,13090.15
2702,1113,54,2,8791.96
2703,1113,76,1,221.16
2704,1113,91,1,319.34
2705,1114,78,1,12302.77
2706,1115,75,1,449.79
2707,1115,81,1,514.76
2708,1116,75,2,466.7
2709,1116,91,2,348.99
2710,1116,47,1,678.57
2711,1117,81,1,504.32
2712,1117,77,1,222.52
2713,1117,96,2,376.94
2714,1117,40,1,1220.48
2715,1118,47,1,678.57
2716,1118,55,1,269.37
2717,1119,18,1,319.16
2718,1119,76,2,230.01
2719,1119,78,1,14271.22
2720,1120,96,2,397.74
2721,1120,75,1,466.7
2722,1120,47,1,678.57
2723,1120,40,1,1287.82
2724,1121,78,1,15058.6
2725,1121,47,1,678.57
2726,1122,41,1,243.69
2727,1123,34,1,672.98
2728,1123,41,1,243.69
2729,1124,81,2,479.98
2730,1124,40,2,1161.56
2731,1124,6,1,186.6
2732,1124,34,2,714.4
2733,1125,75,2,490.38
2734,1125,34,2,672.98
2735,1125,17,1,16203.47
2736,1126,90,1,746.72
2737,1127,84,2,329.11
2738,1127,96,1,324.95
2739,1128,34,2,647.1
2740,1129,90,2,718.0
2741,1129,96,1,324.95
2742,1129,68,1,8972.8
2743,1129,17,2,15580.26
2744,1130,97,1,276.56
2745,1130,69,2,1985.75
2746,1130,22,2,299.84
2747,1130,41,2,234.31
2748,1131,97,1,276.56
2749,1131,96,2,363.94
2750,1132,92,1,28788.67
2751,1132,65,1,16429.56
2752,1132,97,1,294.26
2753,1133,69,1,2099.22
2754,1134,18,1,308.15
2755,1134,92,1,27057.02
2756,1135,54,2,9294.36
2757,1136,92,2,28139.31
2758,1136,34,1,672.98
2759,1137,81,1,479.98
2760,1138,7,1,222.71
2761,1138,47,1,643.09
2762,1139,41,1,271.8
2763,1139,34,2,672.98
2764,1139,81,1,504.32
2765,1140,7,2,222.71
2766,1140,54,2,9105.96
2767,1140,47,2,643.09
2768,1141,65,2,17911.92
2769,1142,81,1,532.15
2770,1142,97,2,305.32
2771,1142,40,2,1287.82
2772,1143,68,1,10982.71
2773,1143,5,2,186.26
2774,1143,34,2,714.4
2775,1144,81,2,504.32
2776,1144,40,2,1220.48
2777,1144,34,2,750.64
2778,1144,96,1,376.94
2779,1145,22,2,335.82
2780,1145,84,2,329.11
2781,1146,54,2,8791.96
2782,1146,92,1,27057.02
2783,1147,84,1,389.67
2784,1148,68,1,10623.8
2785,1148,6,2,200.13
2786,1148,84,2,389.67
2787,1148,5,1,199.76
2788,1149,68,2,10049.54
2789,1149,45,2,62.74
2790,1149,5,2,188.96
2791,1150,45,2,66.75
2792,1150,68,1,10623.8
2793,1151,92,1,27057.02
2794,1151,90,1,804.16
2795,1151,6,1,189.31
2796,1151,45,2,62.74
2797,1152,84,1,368.61
2798,1152,90,1,804.16
2799,1152,45,1,62.74
2800,1153,92,2,28788.67
2801,1154,45,1,72.78
2802,1155,56,2,255.65
2803,1155,28,1,318.12
2804,1156,29,2,1094.52
2805,1156,46,2,375.63
2806,1156,79,1,237.21
2807,1156,36,1,117.2
2808,1157,95,1,22268.66
2809,1158,91,2,285.12
2810,1158,7,2,191.99
2811,1158,81,1,434.76
2812,1159,53,2,902.9
2813,1159,36,2,117.2
2814,1159,14,1,409.24
2815,1159,29,1,1094.52
2816,1160,81,2,434.76
2817,1160,79,1,222.94
2818,1161,81,1,434.76
2819,1162,60,2,202.45
2820,1163,46,1,389.75
2821,1163,57,1,880.07
2822,1164,60,2,202.45
2823,1164,81,2,532.15
2824,1164,46,1,389.75
2825,1164,36,2,121.61
2826,1165,60,1,191.86
2827,1165,46,1,367.16
2828,1166,71,2,415.71
2829,1166,95,2,23105.82
2830,1166,29,1,1135.67
2831,1167,28,2,330.85
2832,1167,56,2,265.88
2833,1167,46,1,367.16
2834,1167,53,2,984.36
2835,1168,60,1,195.83
2836,1168,63,2,159.59
2837,1168,7,1,204.27
2838,1169,81,1,514.76
2839,1169,56,2,272.01
2840,1169,38,1,238.28
2841,1170,91,1,303.37
2842,1170,56,2,272.01
2843,1170,36,2,117.2
2844,1170,31,1,227.2
2845,1171,14,1,384.62
2846,1171,38,2,223.95
2847,1171,30,2,373.73
2848,1172,83,1,7797.42
2849,1172,36,2,123.37
2850,1173,28,2,318.12
2851,1174,7,1,191.99
2852,1174,14,1,430.78
2853,1175,29,2,1069.84
2854,1176,29,2,1193.28
2855,1177,63,2,183.58
2856,1177,14,2,470.78
2857,1178,29,1,1259.11
2858,1178,56,1,282.24
2859,1178,83,1,8608.36
2860,1178,78,2,13582.26
2861,1179,31,1,235.75
2862,1179,78,1,13582.26
2863,1179,7,1,211.95
2864,1180,7,1,199.67
2865,1181,46,1,409.52
2866,1181,29,1,1193.28
2867,1182,31,1,222.08
2868,1183,7,1,222.71
2869,1183,83,2,8109.32
2870,1183,56,1,296.55
2871,1183,95,1,21766.35
2872,1184,28,1,351.21
2873,1185,28,1,330.85
2874,1185,95,1,24277.86
2875,1185,71,1,436.8
2876,1185,29,1,1193.28
2877,1186,91,2,303.37
2878,1186,36,1,130.42
2879,1186,71,1,445.84
2880,1186,31,1,252.83
2881,1187,46,1,395.4
2882,1187,78,2,12302.77
2883,1188,71,2,421.74
2884,1189,71,2,421.74
2885,1190,46,1,395.4
2886,1190,78,2,12302.77
2887,1191,78,2,13779.11
2888,1191,31,1,239.16
2889,1191,83,2,7797.42
2890,1191,28,1,356.3
2891,1192,83,1,8296.46
2892,1192,95,2,24780.16
2893,1193,26,1,214.65
2894,1193,4,2,359.14
2895,1194,91,2,319.34
2896,1195,74,2,128.05
2897,1196,31,2,239.16
2898,1196,38,1,223.95
2899,1196,19,1,213.21
2900,1197,28,2,369.02
2901,1197,91,2,330.75
2902,1197,19,2,221.74
2903,1198,83,2,9045.01
2904,1198,4,1,373.5
2905,1198,72,2,449.01
2906,1199,4,1,396.49
2907,1199,91,2,348.99
2908,1199,72,2,473.78
2909,1199,12,1,357.42
2910,1200,68,1,10408.45
2911,1200,4,2,373.5
2912,1200,38,2,259.78
2913,1201,83,1,9045.01
2914,1201,12,2,336.7
2915,1201,68,1,10408.45
2916,1201,4,1,373.5
2917,1202,26,1,248.99
2918,1202,74,1,148.54
2919,1203,19,1,260.97
2920,1203,70,1,263.17
2921,1203,4,1,396.49
2922,1203,83,2,9544.05
2923,1204,12,2,336.7
2924,1204,68,2,10408.45
2925,1204,74,1,148.54
2926,1205,17,1,18447.03
2927,1205,12,1,344.47
2928,1206,19,1,238.8
2929,1207,17,2,17449.89
2930,1207,19,1,238.8
2931,1208,4,2,402.23
2932,1209,4,2,402.23
2933,1209,12,2,323.75
2934,1209,70,2,238.38
2935,1210,70,2,253.63
2936,1210,12,2,344.47
2937,1211,53,1,902.9
2938,1212,46,2,353.04
2939,1212,36,2,110.15
2940,1212,62,1,35947.46
2941,1213,30,2,333.69
2942,1213,78,1,12302.77
2943,1214,66,2,330.95
2944,1214,73,2,29552.71
2945,1214,55,1,220.07
2946,1214,98,2,383.7
2947,1215,67,1,310.66
2948,1215,64,1,392.54
2949,1215,50,2,228.69
2950,1216,46,2,367.16
2951,1216,59,1,402.13
2952,1216,9,1,558.56
2953,1217,77,2,199.5
2954,1217,78,2,12794.89
2955,1217,67,2,303.65
2956,1217,37,1,1002.24
2957,1218,50,2,223.53
2958,1218,36,1,114.56
2959,1219,46,2,367.16
2960,1220,9,2,558.56
2961,1220,67,1,303.65
2962,1220,73,1,30734.82
2963,1221,50,1,223.53
2964,1222,36,2,121.61
2965,1223,67,1,322.34
2966,1223,46,2,389.75
2967,1223,73,2,32626.19
2968,1224,78,2,12794.89
2969,1224,59,2,402.13
2970,1224,62,1,37385.36
2971,1224,55,2,228.88
2972,1225,19,2,260.97
2973,1225,33,2,455.57
2974,1225,72,2,427.33
2975,1226,9,1,558.56
2976,1227,73,2,30734.82
2977,1228,46,1,389.75
2978,1228,19,2,260.97
2979,1228,37,2,1063.91
2980,1229,62,1,39686.0
2981,1229,37,2,1063.91
2982,1229,36,2,121.61
2983,1229,9,2,657.38
2984,1230,66,1,330.95
2985,1230,53,2,848.59
2986,1231,98,1,454.3
2987,1231,66,1,352.13
2988,1232,78,1,12302.77
2989,1233,46,1,375.63
2990,1234,66,1,352.13
2991,1234,46,2,375.63
2992,1234,30,1,355.04
2993,1235,16,1,415.07
2994,1235,78,1,13779.11
2995,1235,55,1,220.07
2996,1236,46,2,353.04
2997,1236,30,2,333.69
2998,1236,50,2,214.94
2999,1237,53,2,882.53
3000,1238,37,1,1002.24
3001,1238,78,2,14271.22
3002,1238,46,1,367.16
3003,1239,53,2,936.84
3004,1239,36,1,121.61
3005,1239,33,1,505.08
3006,1240,72,2,449.01
3007,1240,55,1,228.88
3008,1240,78,2,14271.22
3009,1240,33,1,478.67
3010,1241,59,2,426.88
3011,1242,72,2,449.01
3012,1242,53,1,984.36
3013,1242,21,1,1069.87
3014,1243,73,2,36172.52
3015,1243,33,1,505.08
3016,1244,50,1,223.53
3017,1244,59,1,402.13
3018,1245,78,2,15058.6
3019,1245,50,2,237.29
3020,1245,77,1,211.77
3021,1246,46,2,367.16
3022,1246,16,1,429.9
3023,1246,66,1,383.9
3024,1247,36,1,121.61
3025,1247,67,2,357.38
3026,1247,62,2,39686.0
3027,1247,33,1,505.08
3028,1248,53,1,984.36
3029,1248,62,1,37385.36
3030,1248,30,2,347.04
3031,1249,67,2,357.38
3032,1249,77,1,211.77
3033,1250,62,1,35947.46
3034,1250,21,2,1028.72
3035,1250,9,2,601.52
3036,1250,30,2,333.69
3037,1251,53,1,950.42
3038,1252,66,2,391.84
3039,1253,50,1,254.49
3040,1254,38,1,247.24
3041,1254,4,1,396.49
3042,1255,66,1,344.19
3043,1255,57,2,747.77
3044,1256,30,2,347.04
3045,1257,29,2,1135.67
3046,1257,64,1,407.29
3047,1257,36,2,134.82
3048,1257,9,1,592.93
3049,1258,75,1,490.38
3050,1258,77,1,199.5
3051,1258,9,2,558.56
3052,1258,67,2,338.69
3053,1259,41,2,258.68
3054,1259,38,1,247.24
3055,1259,21,1,1135.71
3056,1259,93,1,367.89
3057,1260,38,1,232.91
3058,1260,47,1,576.56
3059,1260,78,2,14271.22
3060,1261,4,2,382.12
3061,1262,32,2,203.36
3062,1262,93,1,333.24
3063,1262,59,1,386.66
3064,1262,78,1,13779.11
3065,1263,64,2,368.92
3066,1264,12,1,344.47
3067,1264,57,1,765.03
3068,1264,46,2,418.0
3069,1264,62,2,38248.1
3070,1265,30,2,333.69
3071,1265,50,2,240.73
3072,1265,29,1,1028.69
3073,1266,77,2,191.83
3074,1266,46,1,395.4
3075,1266,66,1,370.66
3076,1266,21,1,1028.72
3077,1267,78,1,14566.49
3078,1267,38,2,238.28
3079,1268,47,2,554.39
3080,1268,66,2,370.66
3081,1268,78,1,13779.11
3082,1268,6,2,169.03
3083,1269,93,1,333.24
3084,1269,66,1,370.66
3085,1270,32,2,211.5
3086,1270,4,1,373.5
3087,1271,47,1,576.56
3088,1271,66,2,383.9
3089,1271,32,2,211.5
3090,1271,4,1,373.5
3091,1272,36,1,127.77
3092,1272,47,1,576.56
3093,1272,57,1,747.77
3094,1273,41,2,258.68
3095,1273,15,2,186.48
3096,1273,29,2,1135.67
3097,1274,74,2,156.73
3098,1274,47,2,612.04
3099,1274,4,1,439.58
3100,1275,62,2,37385.36
3101,1275,60,2,172.02
3102,1275,15,2,175.67
3103,1275,44,1,1145.5
3104,1276,92,2,33117.8
3105,1277,93,2,346.57
3106,1278,32,2,224.51
3107,1278,41,1,286.8
3108,1279,41,1,286.8
3109,1279,15,2,186.48
3110,1279,32,2,224.51
3111,1280,47,2,589.87
3112,1281,38,2,250.82
3113,1282,93,1,373.23
3114,1282,62,1,35947.46
3115,1282,60,2,165.4
3116,1282,57,1,805.29
3117,1283,15,1,168.91
3118,1283,9,1,537.08
3119,1284,59,2,386.66
3120,1284,44,1,1101.44
3121,1284,30,1,373.73
3122,1285,32,1,240.78
3123,1285,62,1,38248.1
3124,1285,21,1,1218.01
3125,1285,60,1,175.99
3126,1286,64,2,392.54
3127,1286,15,1,179.72
3128,1286,57,2,851.31
3129,1287,59,1,411.41
3130,1287,44,2,1171.93
3131,1288,4,2,402.23
3132,1288,92,1,30303.87
3133,1289,93,1,394.55
3134,1289,92,1,32035.52
3135,1289,4,2,425.22
3136,1290,32,2,248.92
3137,1290,15,1,206.75
3138,1290,59,2,426.88
3139,1291,44,2,1145.5
3140,1291,60,1,191.86
3141,1292,64,2,427.95
3142,1292,29,2,1193.28
3143,1293,29,1,1193.28
3144,1293,77,1,222.52
3145,1293,44,1,1277.67
3146,1293,60,2,191.86
3147,1294,59,1,448.53
3148,1295,59,1,448.53
3149,1296,44,1,1348.16
3150,1296,59,2,473.27
3151,1297,19,1,235.39
3152,1297,29,2,1135.67
3153,1297,50,1,237.29
3154,1297,57,1,793.79
3155,1298,5,2,175.46
3156,1298,85,1,363.16
3157,1298,86,1,35123.61
3158,1298,50,1,223.53
3159,1299,60,2,175.99
3160,1299,85,2,371.54
3161,1299,57,1,765.03
3162,1300,98,2,408.26
3163,1300,100,1,846.52
3164,1300,60,1,175.99
3165,1300,38,2,238.28
3166,1301,98,2,383.7
3167,1301,85,2,391.09
3168,1301,38,2,223.95
3169,1301,100,1,795.6
3170,1302,57,1,765.03
3171,1302,50,1,254.49
3172,1302,18,1,292.75
3173,1303,98,2,408.26
3174,1303,55,1,234.16
3175,1303,18,1,292.75
3176,1303,29,2,1217.97
3177,1304,60,2,165.4
3178,1304,38,1,250.82
3179,1305,85,2,413.44
3180,1305,57,2,851.31
3181,1306,86,2,37825.42
3182,1306,38,2,250.82
3183,1306,50,2,240.73
3184,1306,55,1,220.07
3185,1307,85,1,391.09
3186,1307,29,2,1152.13
3187,1307,55,1,220.07
3188,1308,18,1,286.14
3189,1308,38,1,259.78
3190,1309,55,1,242.96
3191,1309,49,1,471.57
3192,1309,29,1,1259.11
3193,1309,100,1,973.81
3194,1310,57,2,834.05
3195,1310,60,2,172.02
3196,1310,18,1,286.14
3197,1311,19,2,260.97
3198,1311,38,1,274.11
3199,1311,100,2,973.81
3200,1311,49,2,471.57
3201,1312,55,1,228.88
3202,1312,60,2,191.86
3203,1313,57,1,880.07
3204,1314,38,2,259.78
3205,1314,36,1,114.56
3206,1314,55,1,228.88
3207,1315,60,1,202.45
3208,1315,57,1,880.07
3209,1315,49,2,471.57
3210,1316,98,2,445.09
3211,1316,18,1,286.14
3212,1316,60,2,191.86
3213,1317,19,1,247.33
3214,1317,98,1,445.09
3215,1317,30,1,387.08
3216,1318,55,1,269.37
3217,1319,55,1,255.29
3218,1320,38,1,223.95
3219,1320,67,1,291.98
3220,1320,33,1,412.65
3221,1321,78,1,13090.15
3222,1322,62,2,35947.46
3223,1322,67,1,291.98
3224,1322,25,1,12510.42
3225,1323,84,1,350.18
3226,1323,78,1,13090.15
3227,1323,25,1,13311.09
3228,1323,50,1,228.69
3229,1324,50,2,214.94
3230,1324,33,2,412.65
3231,1324,13,2,244.64
3232,1325,50,1,228.69
3233,1326,40,1,1119.47
3234,1326,62,1,38248.1
3235,1326,50,2,228.69
3236,1326,13,2,289.65
3237,1327,78,1,12302.77
3238,1327,50,1,214.94
3239,1328,50,1,214.94
3240,1328,30,2,333.69
3241,1329,84,1,350.18
3242,1329,49,2,454.49
3243,1329,50,1,228.69
3244,1330,80,2,1674.66
3245,1331,38,2,223.95
3246,1332,40,2,1052.14
3247,1332,25,2,12510.42
3248,1333,30,2,355.04
3249,1334,49,1,427.15
3250,1334,40,2,1052.14
3251,1335,78,1,12302.77
3252,1335,40,2,1052.14
3253,1335,80,2,1573.93
3254,1335,13,1,273.99
3255,1336,14,2,424.63
3256,1336,40,2,1161.56
3257,1337,49,1,444.24
3258,1337,40,1,1094.22
3259,1337,50,2,223.53
3260,1338,78,2,12794.89
3261,1339,40,2,1161.56
3262,1339,38,1,247.24
3263,1340,80,2,1737.61
3264,1341,84,1,363.34
3265,1341,62,1,43999.69
3266,1342,50,1,263.08
3267,1343,78,1,12794.89
3268,1344,25,1,13811.51
3269,1344,40,1,1287.82
3270,1344,62,2,43999.69
3271,1345,84,1,342.28
3272,1345,25,1,13010.84
3273,1345,85,2,405.06
3274,1346,80,1,1825.75
3275,1346,25,1,13010.84
3276,1346,14,2,400.01
3277,1347,50,2,263.08
3278,1347,40,2,1287.82
3279,1347,78,2,13582.26
3280,1348,14,1,424.63
3281,1348,85,2,427.41
3282,1348,78,1,15058.6
3283,1348,25,1,15312.76
3284,1349,14,2,384.62
3285,1349,25,2,14011.68
3286,1350,80,1,1762.8
3287,1351,14,2,430.78
3288,1352,14,1,455.4
3289,1353,38,2,265.16
3290,1353,49,1,505.75
3291,1353,84,1,389.67
3292,1354,49,2,505.75
3293,1354,14,2,455.4
3294,1354,38,1,265.16
3295,1355,21,1,1028.72
3296,1355,26,2,214.65
3297,1355,28,1,318.12
3298,1356,26,1,214.65
3299,1356,12,2,323.75
3300,1356,73,1,29552.71
3301,1357,12,1,323.75
3302,1358,26,2,228.39
3303,1359,64,2,368.92
3304,1359,12,2,323.75
3305,1359,19,1,213.21
3306,1360,32,2,227.77
3307,1360,65,1,15441.31
3308,1360,68,2,8972.8
3309,1361,12,2,383.32
3310,1361,73,2,34990.41
3311,1361,38,1,238.28
3312,1361,64,2,436.81
3313,1362,74,2,143.42
3314,1362,65,1,15441.31
3315,1363,68,2,8972.8
3316,1363,28,1,318.12
3317,1363,12,2,362.6
3318,1364,19,1,226.86
3319,1364,28,1,338.49
3320,1364,21,2,1218.01
3321,1364,26,1,254.15
3322,1365,74,2,151.61
3323,1366,77,1,191.83
3324,1366,26,2,240.41
3325,1366,73,1,33099.04
3326,1367,28,2,318.12
3327,1368,12,1,375.55
3328,1368,65,1,16058.97
3329,1368,38,2,259.78
3330,1369,65,2,17047.21
3331,1370,73,1,34281.15
3332,1370,19,2,247.33
3333,1371,19,2,260.97
3334,1371,68,2,9905.97
3335,1371,26,2,262.73
3336,1371,38,2,274.11
3337,1372,68,1,10408.45
3338,1372,24,2,67.0
3339,1372,64,2,427.95
3340,1373,65,2,16058.97
3341,1373,19,1,247.33
3342,1373,28,2,330.85
3343,1374,19,1,247.33
3344,1374,73,1,34281.15
3345,1374,24,1,67.0
3346,1374,28,2,330.85
3347,1375,68,1,10408.45
3348,1375,28,2,330.85
3349,1375,38,1,259.78
3350,1375,24,1,67.0
3351,1376,65,1,16058.97
3352,1377,28,2,369.02
3353,1378,68,1,10982.71
3354,1379,24,2,74.73
3355,1379,65,2,17911.92
3356,1380,82,2,147.41
3357,1380,34,1,647.1
3358,1380,91,2,285.12
3359,1380,57,1,719.01
3360,1381,49,2,427.15
3361,1381,69,2,1772.99
3362,1382,96,2,324.95
3363,1382,99,2,1171.26
3364,1383,57,1,765.03
3365,1383,69,2,1886.46
3366,1383,49,2,454.49
3367,1383,89,1,236.38
3368,1384,15,2,179.72
3369,1384,89,2,236.38
3370,1384,34,1,688.51
3371,1385,96,1,324.95
3372,1386,89,2,245.27
3373,1387,91,2,330.75
3374,1388,96,1,358.74
3375,1388,57,2,793.79
3376,1388,69,2,1957.38
3377,1389,5,1,175.46
3378,1389,81,1,452.15
3379,1389,11,2,175.11
3380,1390,69,2,1843.91
3381,1391,92,1,29870.96
3382,1391,75,2,517.43
3383,1391,48,2,373.21
3384,1392,81,1,532.15
3385,1393,76,1,230.01
3386,1393,89,2,231.05
3387,1393,30,2,347.04
3388,1394,12,2,375.55
3389,1395,11,1,185.89
3390,1395,76,2,244.16
3391,1395,75,2,517.43
3392,1396,91,1,330.75
3393,1396,11,1,175.11
3394,1397,57,1,747.77
3395,1397,69,1,1843.91
3396,1397,12,1,375.55
3397,1397,48,1,351.57
3398,1398,15,1,175.67
3399,1398,34,1,750.64
3400,1398,89,2,231.05
3401,1399,99,1,1218.11
3402,1399,76,1,230.01
3403,1399,81,1,504.32
3404,1399,34,1,750.64
3405,1400,92,2,29870.96
3406,1400,89,2,245.27
3407,1400,49,2,522.83
3408,1401,48,1,338.05
3409,1401,66,1,330.95
3410,1401,57,2,719.01
3411,1401,76,1,221.16
3412,1402,15,1,179.72
3413,1403,92,2,28788.67
3414,1403,66,1,352.13
3415,1403,96,2,345.75
3416,1403,57,1,765.03
3417,1404,66,2,330.95
3418,1404,99,2,1171.26
3419,1404,15,1,168.91
3420,1404,49,2,478.41
3421,1405,66,2,352.13
3422,1405,99,1,1246.22
3423,1405,92,1,32035.52
3424,1406,82,1,165.1
3425,1406,66,1,330.95
3426,1406,11,2,188.58
3427,1406,99,1,1311.81
3428,1407,100,2,795.6
3429,1407,69,2,1772.99
3430,1408,48,1,378.62
3431,1409,48,2,400.25
3432,1409,30,2,395.09
3433,1409,15,2,179.72
3434,1409,99,2,1386.77
3435,1410,96,2,324.95
3436,1410,82,2,165.1
3437,1410,100,1,891.07
3438,1411,100,1,941.99
3439,1411,69,2,1886.46
3440,1411,15,2,199.99
3441,1412,76,2,270.7
3442,1413,11,1,195.31
3443,1413,96,1,337.95
3444,1414,11,1,195.31
3445,1414,57,1,834.05
3446,1414,96,1,337.95
3447,1414,5,1,195.71
3448,1415,100,1,973.81
3449,1415,66,2,405.08
3450,1416,75,2,466.7
3451,1416,63,1,165.59
3452,1416,17,2,17200.61
3453,1417,69,1,1843.91
3454,1418,69,1,1957.38
3455,1418,4,2,396.49
3456,1419,23,1,16138.93
3457,1419,34,2,714.4
3458,1420,4,2,373.5
3459,1420,63,2,155.99
3460,1420,34,2,672.98
3461,1421,66,2,365.37
3462,1421,23,1,17893.17
3463,1421,17,2,17200.61
3464,1421,99,2,1293.07
3465,1422,39,1,38144.09
3466,1422,23,1,16957.58
3467,1422,17,1,16203.47
3468,1422,80,2,1636.88
3469,1423,66,1,365.37
3470,1424,4,1,373.5
3471,1424,79,2,231.85
3472,1425,99,1,1293.07
3473,1425,69,1,1957.38
3474,1426,34,1,647.1
3475,1427,99,2,1171.26
3476,1427,63,2,149.99
3477,1427,69,1,1772.99
3478,1427,17,2,17449.89
3479,1428,66,2,352.13
3480,1429,66,2,330.95
3481,1429,69,2,1772.99
3482,1430,4,2,402.23
3483,1431,39,2,36677.01
3484,1431,34,2,724.75
3485,1431,79,2,222.94
3486,1431,99,2,1171.26
3487,1432,99,1,1171.26
3488,1432,17,1,17449.89
3489,1433,80,1,1762.8
3490,1433,34,1,724.75
3491,1433,75,2,473.47
3492,1434,99,1,1171.26
3493,1434,66,2,330.95
3494,1435,99,1,1171.26
3495,1436,79,1,272.88
3496,1436,39,2,44892.66
3497,1436,66,1,405.08
3498,1437,4,1,439.58
3499,1438,63,1,155.99
3500,1438,66,1,383.9
3501,1438,4,1,416.6
3502,1438,18,2,319.16
3503,1439,4,1,416.6
3504,1440,63,1,173.99
3505,1441,86,2,35123.61
3506,1441,92,1,28139.31
3507,1441,90,2,746.72
3508,1442,42,2,23033.74
3509,1443,92,2,33117.8
3510,1443,60,1,182.6
3511,1443,42,1,24451.2
3512,1443,87,1,32999.97
3513,1444,5,2,186.26
3514,1445,99,2,1218.11
3515,1445,39,2,38144.09
3516,1446,13,2,254.42
3517,1447,35,1,231.66
3518,1447,86,2,35123.61
3519,1448,42,1,23033.74
3520,1448,92,1,31386.15
3521,1448,99,1,1218.11
3522,1448,39,2,38144.09
3523,1449,90,2,792.67
3524,1449,87,2,32999.97
3525,1450,96,2,345.75
3526,1450,42,1,26223.02
3527,1451,13,2,273.99
3528,1451,86,1,33772.7
3529,1451,42,2,24805.56
3530,1452,90,2,718.0
3531,1452,35,2,222.75
3532,1452,60,1,165.4
3533,1453,42,1,26223.02
3534,1453,90,2,850.11
3535,1453,5,2,199.76
3536,1454,87,1,29891.28
3537,1455,86,2,33772.7
3538,1456,96,2,358.74
3539,1457,35,2,258.39
3540,1458,96,1,337.95
3541,1458,86,1,35123.61
3542,1459,39,2,42545.33
3543,1459,60,1,191.86
3544,1459,96,2,337.95
3545,1459,35,1,258.39
3546,1460,35,1,258.39
3547,1460,86,2,35123.61
3548,1460,60,2,191.86
3549,1460,96,1,376.94
3550,1461,20,2,16736.13
3551,1461,96,1,376.94
3552,1461,87,1,34673.88
3553,1462,20,2,16736.13
3554,1462,87,1,34673.88
3555,1462,86,1,39176.33
3556,1462,96,2,376.94
3557,1463,86,2,39176.33
3558,1463,96,2,376.94
3559,1463,20,1,16736.13
3560,1464,96,1,376.94
3561,1464,86,2,39176.33
3562,1464,20,2,16736.13
3563,1465,86,1,41337.78
3564,1466,76,2,235.32
3565,1466,65,1,16429.56
3566,1467,16,1,394.32
3567,1468,67,1,291.98
3568,1469,77,2,204.1
3569,1469,75,2,449.79
3570,1470,13,2,260.29
3571,1471,65,2,15441.31
3572,1471,17,2,15580.26
3573,1471,98,2,383.7
3574,1472,3,1,226.17
3575,1472,77,2,227.12
3576,1473,28,1,318.12
3577,1473,34,2,647.1
3578,1474,94,1,211.61
3579,1475,77,1,234.79
3580,1475,84,1,402.83
3581,1475,65,1,17047.21
3582,1476,85,2,385.5
3583,1476,34,2,714.4
3584,1476,29,2,1135.67
3585,1477,77,2,234.79
3586,1478,84,1,381.77
3587,1479,17,2,16203.47
3588,1479,94,1,245.47
3589,1479,84,2,381.77
3590,1479,85,2,405.06
3591,1480,45,1,72.78
3592,1480,76,2,230.01
3593,1480,85,1,405.06
3594,1481,56,1,265.88
3595,1481,17,1,16203.47
3596,1482,98,2,399.05
3597,1482,85,2,405.06
3598,1482,12,2,336.7
3599,1483,17,1,16203.47
3600,1484,94,2,237.01
3601,1484,71,2,376.55
3602,1485,67,2,310.66
3603,1486,99,1,1386.77
3604,1487,45,1,74.28
3605,1487,94,1,250.55
3606,1488,99,1,1311.81
3607,1488,16,2,370.6
3608,1489,71,2,445.84
3609,1489,13,2,260.29
3610,1490,94,1,250.55
3611,1490,56,1,272.01
3612,1490,17,2,16577.4
3613,1491,71,1,445.84
3614,1491,77,1,227.12
3615,1492,34,1,647.1
3616,1492,67,2,291.98
3617,1492,16,1,370.6
3618,1493,94,2,237.01
3619,1493,45,1,70.27
3620,1493,34,1,647.1
3621,1493,3,1,238.07
3622,1494,67,2,357.38
3623,1494,90,1,878.83
3624,1494,16,2,409.14
3625,1495,65,2,17911.92
3626,1496,71,1,436.8
3627,1497,67,2,357.38
3628,1497,90,2,878.83
3629,1497,34,2,714.4
3630,1498,28,2,330.85
3631,1498,90,1,832.88
3632,1498,98,2,399.05
3633,1498,34,2,672.98
3634,1499,29,2,1217.97
3635,1499,17,1,18447.03
3636,1499,16,2,438.79
3637,1499,13,2,289.65
3638,1500,13,2,289.65
3639,1500,28,1,376.66
3640,1500,34,1,688.51
3641,1501,16,1,370.6
3642,1501,26,2,240.41
3643,1502,28,2,356.3
3644,1502,8,2,255.54
3645,1503,56,2,255.65
3646,1504,100,2,878.34
3647,1504,30,1,368.39
3648,1504,76,2,270.7
3649,1505,20,2,15004.81
3650,1505,12,2,336.7
3651,1505,16,2,385.42
3652,1506,76,2,256.55
3653,1507,91,2,296.53
3654,1507,12,1,375.55
3655,1507,35,1,231.66
3656,1508,8,2,312.78
3657,1508,20,2,17659.5
3658,1509,32,2,203.36
3659,1510,23,2,14618.6
3660,1510,34,1,724.75
3661,1511,56,1,255.65
3662,1511,12,1,362.6
3663,1512,91,2,285.12
3664,1512,34,2,724.75
3665,1513,16,1,438.79
3666,1514,34,1,724.75
3667,1515,30,1,333.69
3668,1516,62,2,42561.8
3669,1516,32,2,216.38
3670,1516,30,1,355.04
3671,1517,56,2,255.65
3672,1518,62,2,40261.16
3673,1518,91,2,319.34
3674,1519,62,1,40261.16
3675,1520,30,2,333.69
3676,1520,32,1,203.36
3677,1521,23,2,16138.93
3678,1521,56,2,312.92
3679,1522,62,1,43999.69
3680,1522,91,2,348.99
3681,1523,23,1,15203.34
3682,1523,91,2,330.75
3683,1524,23,1,15203.34
3684,1524,32,2,211.5
3685,1524,56,1,296.55
3686,1525,32,1,248.92
3687,1525,23,2,17893.17
3688,1526,23,1,17893.17
3689,1526,32,1,248.92
3690,1527,41,1,234.31
3691,1528,75,1,422.74
3692,1528,91,1,285.12
3693,1528,93,2,333.24
3694,1528,15,2,189.18
3695,1529,75,2,422.74
3696,1529,60,2,165.4
3697,1530,62,2,40261.16
3698,1530,41,1,262.43
3699,1530,68,1,10049.54
3700,1530,60,2,165.4
3701,1531,93,2,333.24
3702,1532,60,2,175.99
3703,1532,13,2,289.65
3704,1532,15,2,199.99
3705,1532,41,2,277.43
3706,1533,95,2,22268.66
3707,1534,46,1,367.16
3708,1535,60,1,172.02
3709,1536,68,2,10982.71
3710,1536,95,1,25617.33
3711,1537,63,2,173.99
3712,1537,46,1,409.52
3713,1537,91,2,330.75
3714,1537,60,1,191.86
3715,1538,75,1,490.38
3716,1538,91,1,330.75
3717,1538,46,2,409.52
3718,1539,46,2,409.52
3719,1540,93,1,394.55
3720,1541,93,1,394.55
3721,1542,93,2,394.55
3722,1543,93,2,394.55
3723,1544,9,1,571.45
3724,1544,87,1,35391.27
3725,1544,31,1,252.83
3726,1544,77,2,204.1
3727,1545,69,2,1772.99
3728,1546,9,1,537.08
3729,1546,82,1,147.41
3730,1547,69,2,1843.91
3731,1547,35,1,231.66
3732,1547,30,1,387.08
3733,1547,87,1,34673.88
3734,1548,69,2,1957.38
3735,1549,35,1,245.92
3736,1550,87,2,36586.92
3737,1550,89,2,245.27
3738,1550,99,1,1293.07
3739,1551,89,1,245.27
3740,1551,56,2,282.24
3741,1551,30,1,408.43
3742,1551,74,1,156.73
3743,1552,9,2,558.56
3744,1552,69,2,1843.91
3745,1553,56,1,282.24
3746,1554,74,2,148.54
3747,1554,82,1,171.0
3748,1555,74,1,156.73
3749,1555,31,2,261.37
3750,1555,64,1,407.29
3751,1555,69,2,1957.38
3752,1556,69,1,1843.91
3753,1556,99,2,1218.11
3754,1557,89,1,231.05
3755,1557,64,2,383.68
3756,1557,31,2,247.7
3757,1558,64,1,407.29
3758,1558,69,1,2170.14
3759,1559,9,2,558.56
3760,1559,31,2,247.7
3761,1559,77,1,199.5
3762,1560,64,1,383.68
3763,1560,89,1,231.05
3764,1560,69,1,2056.67
3765,1560,9,1,623.01
3766,1561,77,1,211.77
3767,1561,9,2,657.38
3768,1561,89,2,245.27
3769,1562,56,2,296.55
3770,1563,89,2,248.82
3771,1564,77,1,191.83
3772,1565,89,1,248.82
3773,1565,69,2,1985.75
3774,1566,99,2,1171.26
3775,1566,56,1,286.33
3776,1566,64,1,368.92
3777,1567,64,1,413.2
3778,1568,99,2,1171.26
3779,1569,99,1,1246.22
3780,1569,64,2,436.81
3781,1569,77,1,227.12
3782,1570,100,2,827.42
3783,1570,36,1,114.56
3784,1571,16,1,385.42
3785,1572,44,2,1215.99
3786,1572,32,2,224.51
3787,1573,1,1,468.12
3788,1573,92,2,28139.31
3789,1574,66,2,365.37
3790,1574,81,1,479.98
3791,1575,100,1,827.42
3792,1575,28,2,330.85
3793,1575,96,1,337.95
3794,1576,17,2,19070.24
3795,1576,66,1,365.37
3796,1576,99,1,1293.07
3797,1577,36,2,134.82
3798,1578,100,1,827.42
3799,1578,36,1,127.77
3800,1578,99,1,1218.11
3801,1578,81,2,452.15
3802,1579,99,1,1246.22
3803,1579,36,1,130.42
3804,1579,92,1,32035.52
3805,1580,9,2,537.08
3806,1581,28,2,376.66
3807,1582,58,1,20880.17
3808,1582,100,1,846.52
3809,1582,85,2,413.44
3810,1583,44,2,1101.44
3811,1583,17,2,17449.89
3812,1583,34,2,647.1
3813,1583,36,2,123.37
3814,1584,100,1,846.52
3815,1584,34,2,766.17
3816,1584,79,1,237.21
3817,1585,9,2,537.08
3818,1586,9,2,601.52
3819,1586,16,2,370.6
3820,1586,79,2,222.94
3821,1586,66,1,370.66
3822,1587,85,2,413.44
3823,1588,34,2,724.75
3824,1588,92,1,30303.87
3825,1588,44,1,1233.61
3826,1589,81,1,452.15
3827,1590,100,2,878.34
3828,1590,85,1,427.41
3829,1591,58,2,20456.92
3830,1591,96,2,376.94
3831,1591,100,1,827.42
3832,1591,16,1,385.42
3833,1592,81,2,452.15
3834,1593,100,1,973.81
3835,1594,44,1,1277.67
3836,1594,100,1,922.9
3837,1594,96,1,376.94
3838,1594,9,2,623.01
3839,1595,79,2,258.61
3840,1595,32,1,211.5
3841,1596,1,2,496.92
3842,1596,79,2,272.88
3843,1597,81,2,479.98
3844,1598,9,2,623.01
3845,1598,16,2,429.9
3846,1598,100,1,922.9
3847,1599,16,1,429.9
3848,1600,32,1,248.92
3849,1600,1,1,550.94
3850,1600,81,2,479.98
3851,1601,81,1,486.93
3852,1602,81,2,514.76
3853,1603,81,2,486.93
3854,1604,12,1,357.42
3855,1605,61,1,202.88
3856,1605,77,2,199.5
3857,1605,9,1,623.01
3858,1606,18,2,286.14
3859,1606,9,1,623.01
3860,1606,98,2,399.05
3861,1606,77,2,199.5
3862,1607,57,2,834.05
3863,1608,77,1,211.77
3864,1608,53,2,1038.67
3865,1608,57,1,880.07
3866,1608,80,1,1737.61
3867,1609,21,1,1028.72
3868,1609,18,2,275.14
3869,1609,57,1,805.29
3870,1609,98,1,383.7
3871,1610,80,2,1573.93
3872,1610,78,2,12302.77
3873,1611,77,1,191.83
3874,1611,86,2,33772.7
3875,1612,12,1,344.47
3876,1613,25,1,12510.42
3877,1614,13,2,299.44
3878,1614,18,2,303.75
3879,1614,21,1,1259.16
3880,1614,89,1,271.93
3881,1615,78,1,12794.89
3882,1615,18,2,286.14
3883,1615,86,2,35123.61
3884,1615,14,1,400.01
3885,1616,98,1,399.05
3886,1617,98,1,399.05
3887,1618,14,1,424.63
3888,1619,56,2,265.88
3889,1620,56,2,265.88
3890,1620,18,2,319.16
3891,1621,14,1,400.01
3892,1622,77,2,234.79
3893,1623,12,2,336.7
3894,1623,18,1,319.16
3895,1623,78,1,14271.22
3896,1624,98,1,445.09
3897,1624,14,1,446.16
3898,1625,12,2,375.55
3899,1625,98,2,445.09
3900,1625,80,2,1825.75
3901,1626,77,1,222.52
3902,1626,56,1,296.55
3903,1627,78,1,14271.22
3904,1627,80,1,1825.75
3905,1627,56,2,296.55
3906,1627,77,1,222.52
3907,1628,12,2,375.55
3908,1629,98,2,445.09
3909,1630,6,2,186.6
3910,1630,23,1,16138.93
3911,1630,31,2,235.75
3912,1630,58,1,19469.34
3913,1631,22,1,331.02
3914,1631,19,2,235.39
3915,1631,84,1,363.34
3916,1632,6,1,175.79
3917,1632,51,1,1350.08
3918,1633,91,2,314.78
3919,1633,22,1,331.02
3920,1633,26,2,262.73
3921,1634,86,1,33772.7
3922,1635,10,2,238.22
3923,1635,26,1,254.15
3924,1635,91,2,303.37
3925,1635,84,2,350.18
3926,1636,29,2,1028.69
3927,1637,51,1,1381.23
3928,1637,22,2,355.01
3929,1637,33,1,439.06
3930,1637,58,2,18763.93
3931,1638,6,2,189.31
3932,1638,58,2,17635.27
3933,1638,86,1,33772.7
3934,1638,31,1,239.16
3935,1639,58,2,17635.27
3936,1639,91,2,319.34
3937,1640,86,1,35934.15
3938,1640,22,1,355.01
3939,1641,10,1,250.75
3940,1642,33,1,455.57
3941,1642,23,2,17893.17
3942,1642,58,2,19469.34
3943,1642,19,2,235.39
3944,1643,29,1,1193.28
3945,1644,91,1,330.75
3946,1644,29,2,1193.28
3947,1644,84,1,342.28
3948,1645,23,2,17893.17
3949,1646,84,2,342.28
3950,1646,23,1,16957.58
3951,1646,19,2,221.74
3952,1647,29,1,1259.11
3953,1647,84,2,363.34
3954,1648,33,1,455.57
3955,1648,84,2,402.83
3956,1648,86,1,37285.06
3957,1649,10,2,274.04
3958,1649,33,2,455.57
3959,1650,29,1,1193.28
3960,1651,19,2,247.33
3961,1652,51,1,1588.94
3962,1652,86,2,41337.78
3963,1653,33,2,505.08
3964,1653,51,2,1588.94
3965,1653,86,2,41337.78
3966,1653,58,1,21585.58
3967,1654,58,2,19751.51
3968,1654,33,1,462.17
3969,1655,58,2,20880.17
3970,1656,58,1,19751.51
3971,1656,33,1,462.17
3972,1657,75,1,449.79
3973,1657,97,2,294.26
3974,1657,76,2,235.32
3975,1658,76,1,221.16
3976,1659,97,2,294.26
3977,1659,42,1,23565.29
3978,1659,59,2,411.41
3979,1660,76,1,221.16
3980,1660,99,1,1171.26
3981,1660,75,2,422.74
3982,1660,59,2,386.66
3983,1661,3,2,226.17
3984,1661,42,1,23565.29
3985,1661,75,1,449.79
3986,1661,62,1,38248.1
3987,1662,89,2,236.38
3988,1662,99,1,1246.22
3989,1663,89,2,222.16
3990,1664,42,1,24805.56
3991,1664,89,2,222.16
3992,1665,75,2,422.74
3993,1666,22,1,319.03
3994,1667,3,2,212.56
3995,1667,99,1,1171.26
3996,1667,64,2,368.92
3997,1667,59,1,386.66
3998,1668,97,1,287.62
3999,1668,76,1,256.55
4000,1668,82,2,153.31
4001,1669,82,1,171.0
4002,1670,97,1,305.32
4003,1670,89,1,245.27
4004,1671,22,1,347.81
4005,1672,59,1,402.13
4006,1672,75,2,490.38
4007,1672,3,1,246.57
4008,1672,99,1,1358.66
4009,1673,3,1,246.57
4010,1673,59,1,402.13
4011,1674,59,2,402.13
4012,1674,97,1,287.62
4013,1674,3,1,246.57
4014,1675,97,2,309.75
4015,1676,8,1,255.54
4016,1676,7,1,191.99
4017,1676,91,2,285.12
4018,1677,77,2,191.83
4019,1677,6,2,169.03
4020,1677,5,1,168.71
4021,1677,17,1,15580.26
4022,1678,11,1,168.38
4023,1679,30,1,355.04
4024,1679,7,2,204.27
4025,1680,67,2,338.69
4026,1680,11,2,175.11
4027,1681,11,2,175.11
4028,1681,67,1,338.69
4029,1681,7,1,199.67
4030,1682,67,2,338.69
4031,1682,7,2,222.71
4032,1683,77,2,211.77
4033,1683,17,1,17200.61
4034,1683,11,2,206.09
4035,1683,5,2,206.5
4036,1684,5,2,195.71
4037,1684,11,1,195.31
4038,1685,19,1,221.74
4039,1686,7,1,234.99
4040,1686,77,2,211.77
4041,1686,67,1,357.38
4042,1687,91,1,314.78
4043,1687,11,1,206.09
4044,1687,30,2,408.43
4045,1687,5,2,206.5
4046,1688,6,2,200.13
4047,1688,30,2,395.09
4048,1688,19,1,226.86
4049,1689,7,2,215.03
4050,1689,28,1,318.12
4051,1689,72,2,387.08
4052,1689,56,1,255.65
4053,1690,77,1,204.1
4054,1690,28,1,338.49
4055,1690,11,1,199.36
4056,1690,19,1,226.86
4057,1691,77,1,204.1
4058,1691,86,2,35934.15
4059,1691,17,1,16577.4
4060,1692,6,1,189.31
4061,1692,78,2,13779.11
4062,1692,77,1,191.83
4063,1693,56,1,255.65
4064,1693,19,2,213.21
4065,1694,77,2,191.83
4066,1694,91,1,285.12
4067,1694,28,2,318.12
4068,1695,19,2,213.21
4069,1695,78,1,13779.11
4070,1695,8,2,255.54
4071,1696,19,2,213.21
4072,1697,86,1,33772.7
4073,1697,8,1,255.54
4074,1698,17,2,15580.26
4075,1699,19,1,252.44
4076,1699,77,1,227.12
4077,1699,8,1,271.89
4078,1699,91,1,303.37
4079,1700,17,2,16203.47
4080,1700,77,2,222.52
4081,1700,72,1,449.01
4082,1701,86,1,35123.61
4083,1702,78,1,14271.22
4084,1703,72,1,473.78
4085,1703,17,1,19070.24
4086,1704,28,1,389.38
4087,1704,56,1,312.92
4088,1705,56,2,312.92
4089,1705,28,1,389.38
4090,1705,86,1,41337.78
4091,1705,72,2,473.78
4092,1706,86,2,39176.33
4093,1707,17,1,18073.1
4094,1707,86,2,39176.33
4095,1708,30,2,355.04
4096,1708,61,2,207.56
4097,1708,78,2,13090.15
4098,1708,55,2,234.16
4099,1709,61,1,195.07
4100,1709,76,2,221.16
4101,1709,80,2,1573.93
4102,1710,72,1,427.33
4103,1711,58,2,18340.69
4104,1711,55,2,228.88
4105,1712,49,1,471.57
4106,1712,30,2,368.39
4107,1713,72,2,402.56
4108,1713,80,2,1636.88
4109,1714,55,1,228.88
4110,1714,90,2,746.72
4111,1715,75,1,466.7
4112,1716,15,1,175.67
4113,1717,5,1,186.26
4114,1717,78,2,13582.26
4115,1717,49,2,471.57
4116,1718,90,1,792.67
4117,1718,55,1,242.96
4118,1718,33,2,455.57
4119,1718,72,2,427.33
4120,1719,23,2,15203.34
4121,1719,76,2,230.01
4122,1719,90,1,746.72
4123,1720,80,1,1573.93
4124,1721,80,1,1674.66
4125,1721,23,1,17308.42
4126,1721,50,1,228.69
4127,1721,90,1,763.95
4128,1722,75,1,449.79
4129,1723,33,1,488.58
4130,1724,55,1,220.07
4131,1724,23,1,16372.83
4132,1724,76,2,221.16
4133,1724,30,1,373.73
4134,1725,61,2,230.97
4135,1725,15,2,179.72
4136,1725,50,1,228.69
4137,1725,23,2,17308.42
4138,1726,72,2,411.85
4139,1726,57,1,765.03
4140,1727,49,2,427.15
4141,1728,78,2,12302.77
4142,1728,72,2,387.08
4143,1728,5,1,188.96
4144,1729,50,2,240.73
4145,1729,55,2,246.48
4146,1729,30,1,373.73
4147,1729,67,1,291.98
4148,1730,50,1,263.08
4149,1730,26,2,236.97
4150,1731,33,2,505.08
4151,1731,15,1,186.48
4152,1731,72,2,473.78
4153,1731,51,1,1588.94
4154,1732,15,2,175.67
4155,1733,58,1,20456.92
4156,1733,30,1,387.08
4157,1733,57,2,834.05
4158,1734,55,1,269.37
4159,1734,26,1,262.73
4160,1734,67,1,322.34
4161,1735,49,1,522.83
4162,1736,55,1,255.29
4163,1736,90,1,746.72
4164,1736,76,1,230.01
4165,1736,72,1,449.01
4166,1737,72,1,449.01
4167,1737,50,2,249.33
4168,1737,67,1,303.65
4169,1738,55,2,269.37
4170,1738,26,2,262.73
4171,1738,78,2,15058.6
4172,1739,90,1,804.16
4173,1740,78,1,13779.11
4174,1741,90,1,850.11
4175,1741,49,2,505.75
4176,1742,76,1,247.7
4177,1742,90,1,804.16
4178,1742,80,2,1762.8
4179,1743,76,2,261.86
4180,1743,57,1,851.31
4181,1744,76,1,261.86
4182,1745,67,1,291.98
4183,1745,90,2,804.16
4184,1745,57,1,805.29
4185,1746,67,2,291.98
4186,1746,15,1,189.18
4187,1747,67,1,310.66
4188,1747,15,1,199.99
4189,1747,90,1,850.11
4190,1748,67,1,327.01
4191,1749,67,1,327.01
4192,1750,99,1,1218.11
4193,1750,82,2,153.31
4194,1750,98,1,399.05
4195,1750,51,1,1350.08
4196,1751,74,1,156.73
4197,1751,71,1,415.71
4198,1752,96,1,358.74
4199,1752,99,2,1293.07
4200,1752,80,1,1737.61
4201,1752,2,2,240.6
4202,1753,23,2,15203.34
4203,1754,2,2,226.66
4204,1754,80,2,1636.88
4205,1755,84,2,342.28
4206,1755,33,1,429.16
4207,1756,8,1,282.11
4208,1756,7,2,211.95
4209,1756,56,2,282.24
4210,1756,92,2,29870.96
4211,1757,37,2,1063.91
4212,1757,33,1,455.57
4213,1757,99,1,1293.07
4214,1757,6,1,186.6
4215,1758,7,2,199.67
4216,1758,96,2,337.95
4217,1759,1,2,550.94
4218,1759,2,1,240.6
4219,1759,91,1,314.78
4220,1759,26,2,236.97
4221,1760,7,1,199.67
4222,1761,53,2,882.53
4223,1761,82,1,171.0
4224,1762,71,1,460.9
4225,1763,80,1,1573.93
4226,1763,98,1,383.7
4227,1764,84,1,350.18
4228,1764,53,1,902.9
4229,1765,99,2,1246.22
4230,1765,74,1,151.61
4231,1765,96,1,384.74
4232,1765,26,2,228.39
4233,1766,18,1,325.76
4234,1766,33,1,439.06
4235,1767,88,2,35032.49
4236,1768,80,1,1573.93
4237,1768,98,1,383.7
4238,1768,88,2,32925.28
4239,1768,96,2,363.94
4240,1769,7,2,215.03
4241,1769,1,2,504.13
4242,1769,88,2,32925.28
4243,1769,33,1,412.65
4244,1770,84,1,329.11
4245,1771,88,2,32925.28
4246,1772,92,2,27057.02
4247,1772,19,2,213.21
4248,1772,7,1,215.03
4249,1772,33,1,462.17
4250,1773,37,2,1002.24
4251,1773,91,1,330.75
4252,1774,19,1,221.74
4253,1775,92,1,28139.31
4254,1775,53,2,882.53
4255,1776,18,1,319.16
4256,1776,71,2,436.8
4257,1777,51,1,1350.08
4258,1778,98,2,423.6
4259,1779,91,1,330.75
4260,1779,18,1,319.16
4261,1779,56,1,265.88
4262,1779,23,1,15203.34
4263,1780,2,2,240.6
4264,1780,51,1,1433.16
4265,1781,92,2,31386.15
4266,1781,37,1,1002.24
4267,1781,33,2,478.67
4268,1782,23,2,15203.34
4269,1782,26,2,248.99
4270,1782,91,2,330.75
4271,1782,84,1,381.77
4272,1783,19,1,260.97
4273,1783,84,1,402.83
4274,1784,51,2,1433.16
4275,1784,2,1,266.76
4276,1784,98,2,423.6
4277,1784,92,1,33117.8
4278,1785,80,1,1737.61
4279,1786,2,2,266.76
4280,1786,84,2,402.83
4281,1787,88,2,38193.32
4282,1787,37,2,1002.24
4283,1787,18,1,319.16
4284,1788,2,1,244.09
4285,1788,53,2,848.59
4286,1788,23,1,14618.6
4287,1788,99,1,1171.26
4288,1789,23,2,15554.19
4289,1789,8,2,302.56
4290,1790,99,2,1171.26
4291,1790,51,1,1453.93
4292,1790,80,1,1762.8
4293,1790,6,2,169.03
4294,1791,56,1,272.01
4295,1791,6,2,179.84
4296,1791,8,1,302.56
4297,1792,37,2,1079.33
4298,1792,98,1,429.74
4299,1792,51,1,1453.93
4300,1793,8,2,286.2
4301,1793,6,2,169.03
4302,1793,51,2,1453.93
4303,1793,37,2,1079.33
4304,1794,8,1,302.56
4305,1795,6,1,196.07
4306,1795,56,2,296.55
4307,1796,6,2,196.07
4308,1796,56,2,296.55
4309,1797,41,2,243.69
4310,1798,28,2,369.02
4311,1799,23,1,16957.58
4312,1799,67,2,303.65
4313,1799,72,2,402.56
4314,1800,23,1,16372.83
4315,1800,41,2,234.31
4316,1800,80,2,1573.93
4317,1800,90,1,718.0
4318,1801,97,1,294.26
4319,1802,80,1,1573.93
4320,1802,79,1,222.94
4321,1802,69,2,1985.75
4322,1802,72,2,433.52
4323,1803,90,2,746.72
4324,1803,41,2,271.8
4325,1804,90,1,832.88
4326,1804,67,2,303.65
4327,1804,97,1,320.81
4328,1804,79,2,231.85
4329,1805,49,1,444.24
4330,1805,69,1,2056.67
4331,1806,6,1,175.79
4332,1806,67,1,303.65
4333,1806,90,2,832.88
4334,1807,67,2,303.65
4335,1807,90,1,832.88
4336,1808,6,1,206.89
4337,1808,14,1,470.78
4338,1808,79,1,246.12
4339,1808,90,2,878.83
4340,1809,49,1,495.49
4341,1810,90,1,832.88
4342,1810,67,1,303.65
4343,1811,56,2,286.33
4344,1812,56,1,286.33
4345,1812,6,1,189.31
4346,1813,49,1,478.41
4347,1813,56,1,286.33
4348,1813,79,1,222.94
4349,1814,79,2,263.96
4350,1815,69,2,1772.99
4351,1815,68,1,8972.8
4352,1816,30,1,355.04
4353,1816,16,1,394.32
4354,1817,69,2,1772.99
4355,1817,16,2,370.6
4356,1818,71,1,376.55
4357,1818,69,2,1772.99
4358,1818,68,1,10049.54
4359,1818,75,2,473.47
4360,1819,30,1,333.69
4361,1819,71,2,376.55
4362,1820,25,2,14812.34
4363,1821,71,1,391.61
4364,1821,75,2,490.38
4365,1822,69,1,2056.67
4366,1822,33,2,429.16
4367,1822,71,2,391.61
4368,1822,68,1,10408.45
4369,1823,33,2,429.16
4370,1824,8,1,265.76
4371,1824,71,1,391.61
4372,1824,75,1,490.38
4373,1824,33,1,478.67
4374,1825,30,2,347.04
4375,1826,71,2,391.61
4376,1826,33,1,478.67
4377,1826,75,1,490.38
4378,1827,71,2,391.61
4379,1827,16,1,385.42
4380,1828,71,2,391.61
4381,1828,16,1,385.42
4382,1829,16,2,453.61
4383,1830,33,2,478.67
4384,1830,30,2,347.04
4385,1830,69,1,2056.67
4386,1831,71,2,460.9
4387,1831,30,1,408.43
4388,1831,8,2,282.11
4389,1831,16,2,453.61
4390,1832,30,2,387.08
4391,1832,71,2,436.8
4392,1833,8,2,296.42
4393,1833,71,1,436.8
4394,1833,30,2,387.08
4395,1834,30,2,387.08
4396,1834,8,1,296.42
4397,1835,8,1,296.42
4398,1836,90,2,763.95
4399,1836,40,2,1119.47
4400,1836,37,1,1025.36
4401,1836,84,1,350.18
4402,1837,37,1,1025.36
4403,1837,90,2,850.11
4404,1837,93,1,354.56
4405,1837,62,2,38248.1
4406,1838,70,1,253.63
4407,1838,47,1,589.87
4408,1838,93,1,354.56
4409,1838,90,2,850.11
4410,1839,62,2,35947.46
4411,1839,60,2,165.4
4412,1839,70,2,238.38
4413,1840,60,1,165.4
4414,1841,60,2,175.99
4415,1842,62,2,38248.1
4416,1842,93,2,354.56
4417,1843,47,2,576.56
4418,1843,90,1,832.88
4419,1843,63,1,155.99
4420,1843,84,2,342.28
4421,1844,37,2,1063.91
4422,1844,72,2,427.33
4423,1844,47,1,612.04
4424,1845,63,1,165.59
4425,1845,47,1,612.04
4426,1846,70,1,263.17
4427,1846,72,1,473.78
4428,1846,93,2,367.89
4429,1847,37,2,1063.91
4430,1848,70,1,263.17
4431,1849,72,1,449.01
4432,1849,63,1,155.99
4433,1850,40,1,1094.22
4434,1850,86,2,39176.33
4435,1850,60,2,172.02
4436,1850,93,1,346.57
4437,1851,40,1,1094.22
4438,1851,45,1,65.25
4439,1852,70,1,247.91
4440,1852,63,1,173.99
4441,1852,84,1,381.77
4442,1853,60,1,191.86
4443,1853,40,1,1094.22
4444,1854,60,1,185.25
4445,1854,63,2,167.99
4446,1854,45,1,62.74
4447,1854,70,2,238.38
4448,1855,84,1,368.61
4449,1856,70,2,238.38
4450,1856,60,2,185.25
4451,1857,86,1,39986.88
4452,1857,45,2,66.75
4453,1858,37,2,963.69
4454,1858,63,1,167.99
4455,1859,84,1,368.61
4456,1859,60,2,185.25
4457,1859,68,1,10049.54
4458,1859,37,1,963.69
4459,1860,47,2,656.39
4460,1861,84,1,368.61
4461,1861,70,1,266.98
4462,1861,4,1,359.14
4463,1861,37,2,963.69
4464,1862,45,1,65.25
4465,1862,62,1,41699.06
4466,1862,70,1,276.51
4467,1863,37,2,1117.88
4468,1863,93,1,386.56
4469,1864,45,2,65.25
4470,1864,93,1,386.56
4471,1865,40,1,1220.48
4472,1865,4,1,416.6
4473,1866,45,1,76.79
4474,1867,45,1,76.79
4475,1868,45,1,76.79
4476,1869,45,1,72.78
4477,1870,23,1,15554.19
4478,1870,93,2,354.56
4479,1870,90,1,763.95
4480,1870,55,1,234.16
4481,1871,55,2,220.07
4482,1871,86,2,33772.7
4483,1871,85,2,349.19
4484,1871,7,2,191.99
4485,1872,7,1,191.99
4486,1873,23,1,15203.34
4487,1873,7,2,199.67
4488,1874,23,1,16957.58
4489,1875,85,2,363.16
4490,1876,90,2,746.72
4491,1877,60,1,172.02
4492,1877,90,1,746.72
4493,1877,55,1,228.88
4494,1878,86,2,41337.78
4495,1878,7,1,211.95
4496,1879,7,2,211.95
4497,1879,55,1,242.96
4498,1880,90,1,832.88
4499,1880,55,2,228.88
4500,1881,90,1,878.83
4501,1881,85,1,385.5
4502,1881,55,1,269.37
4503,1882,86,2,41337.78
4504,1883,93,2,407.88
4505,1884,55,1,269.37
4506,1884,93,1,407.88
4507,1884,7,1,234.99
4508,1884,54,2,8666.36
4509,1885,90,1,878.83
4510,1886,90,2,832.88
4511,1886,86,2,39176.33
4512,1886,55,2,255.29
4513,1886,72,2,449.01
4514,1887,55,1,260.57
4515,1887,85,1,371.54
4516,1888,72,1,458.3
4517,1888,90,2,850.11
4518,1888,7,1,227.31
4519,1888,60,2,175.99
4520,1889,60,1,185.25
4521,1889,54,1,8791.96
4522,1890,54,1,8791.96
4523,1891,54,1,9294.36
4524,1892,29,2,1069.84
4525,1892,44,1,1145.5
4526,1893,33,2,429.16
4527,1893,47,2,576.56
4528,1893,2,1,226.66
4529,1893,84,1,342.28
4530,1894,44,1,1277.67
4531,1894,68,1,9331.71
4532,1894,80,2,1825.75
4533,1894,84,2,342.28
4534,1895,33,2,478.67
4535,1896,84,1,342.28
4536,1897,71,2,391.61
4537,1897,38,1,232.91
4538,1897,15,2,175.67
4539,1898,68,1,10408.45
4540,1898,45,1,65.25
4541,1899,47,1,576.56
4542,1899,51,2,1350.08
4543,1899,38,2,259.78
4544,1900,2,1,226.66
4545,1900,71,1,391.61
4546,1900,33,2,478.67
4547,1900,38,2,259.78
4548,1901,43,2,452.09
4549,1902,71,2,376.55
4550,1902,45,2,62.74
4551,1903,29,2,1094.52
4552,1904,51,2,1298.15
4553,1904,84,2,329.11
4554,1904,68,1,10049.54
4555,1904,45,2,62.74
4556,1905,29,2,1094.52
4557,1906,51,1,1350.08
4558,1906,45,1,72.78
4559,1906,84,1,342.28
4560,1906,29,2,1193.28
4561,1907,15,2,206.75
4562,1907,51,1,1588.94
4563,1907,71,1,415.71
4564,1908,45,1,72.78
4565,1908,71,2,391.61
4566,1908,84,2,342.28
4567,1908,29,2,1193.28
4568,1909,29,2,1193.28
4569,1909,43,2,470.17
4570,1909,51,2,1505.85
4571,1910,71,2,391.61
4572,1910,84,2,342.28
4573,1910,2,2,226.66
4574,1910,51,2,1505.85
4575,1911,84,2,402.83
4576,1911,71,1,460.9
4577,1911,45,1,76.79
4578,1911,43,2,553.36
4579,1912,84,1,381.77
4580,1913,84,2,402.83
4581,1914,43,2,524.42
4582,1914,2,2,252.81
4583,1915,44,2,1145.5
4584,1915,30,1,347.04
4585,1915,77,1,199.5
4586,1916,51,1,1350.08
4587,1916,11,1,175.11
4588,1917,69,1,1957.38
4589,1917,77,2,211.77
4590,1917,80,2,1737.61
4591,1918,77,2,199.5
4592,1918,10,2,232.84
4593,1918,44,1,1145.5
4594,1919,61,1,215.36
4595,1919,51,1,1433.16
4596,1920,90,2,746.72
4597,1920,29,2,1069.84
4598,1920,44,1,1145.5
4599,1920,11,2,175.11
4600,1921,51,1,1350.08
4601,1921,26,2,223.24
4602,1921,72,2,449.01
4603,1922,88,2,34242.29
4604,1923,96,2,363.94
4605,1923,10,2,223.89
4606,1924,51,2,1381.23
4607,1925,26,2,228.39
4608,1925,95,1,22268.66
4609,1926,30,2,333.69
4610,1926,44,2,1101.44
4611,1926,26,2,214.65
4612,1926,77,1,191.83
4613,1927,30,1,355.04
4614,1927,10,1,238.22
4615,1927,11,2,199.36
4616,1928,10,2,223.89
4617,1928,7,1,191.99
4618,1929,80,2,1762.8
4619,1929,10,1,223.89
4620,1930,61,2,230.97
4621,1931,7,2,211.95
4622,1932,10,1,247.17
4623,1933,69,1,2056.67
4624,1933,95,1,24277.86
4625,1933,61,1,226.29
4626,1934,26,1,248.99
4627,1935,30,1,387.08
4628,1935,51,2,1350.08
4629,1935,61,1,226.29
4630,1935,72,2,449.01
4631,1936,95,2,24277.86
4632,1936,69,2,2056.67
4633,1936,72,1,449.01
4634,1936,26,1,248.99
4635,1937,26,1,262.73
4636,1938,51,1,1433.16
4637,1939,61,1,226.29
4638,1939,29,2,1193.28
4639,1939,77,1,199.5
4640,1939,11,2,195.31
4641,1940,80,1,1926.48
4642,1940,10,1,247.17
4643,1941,44,2,1277.67
4644,1941,77,1,222.52
4645,1941,51,1,1505.85
4646,1942,95,2,25617.33
4647,1943,7,2,211.95
4648,1943,10,1,247.17
4649,1943,95,1,25617.33
4650,1944,30,2,387.08
4651,1944,10,2,232.84
4652,1944,95,2,24277.86
4653,1945,10,2,247.17
4654,1946,51,1,1588.94
4655,1947,77,2,234.79
4656,1947,30,1,408.43
4657,1948,51,2,1505.85
4658,1948,10,1,259.71
4659,1948,26,1,248.99
4660,1949,7,2,222.71
4661,1950,68,1,8972.8
4662,1950,52,1,202.95
4663,1951,52,2,227.3
4664,1952,17,1,15580.26
4665,1952,12,2,323.75
4666,1952,26,2,214.65
4667,1952,52,1,227.3
4668,1953,97,1,276.56
4669,1954,26,1,214.65
4670,1954,68,1,8972.8
4671,1954,12,1,323.75
4672,1954,52,2,227.3
4673,1955,85,1,391.09
4674,1955,29,2,1028.69
4675,1956,42,1,23565.29
4676,1957,36,2,117.2
4677,1957,14,1,409.24
4678,1958,24,2,68.55
4679,1958,12,2,383.32
4680,1958,29,2,1094.52
4681,1958,70,2,253.63
4682,1959,85,1,413.44
4683,1959,12,2,383.32
4684,1960,14,1,384.62
4685,1960,29,2,1028.69
4686,1960,12,2,362.6
4687,1961,42,1,26223.02
4688,1961,76,1,235.32
4689,1962,52,1,227.3
4690,1963,97,1,294.26
4691,1963,19,1,226.86
4692,1963,26,1,228.39
4693,1963,68,1,9547.06
4694,1964,19,2,221.74
4695,1964,14,1,400.01
4696,1964,68,1,9331.71
4697,1965,26,1,223.24
4698,1966,26,2,248.99
4699,1966,14,2,400.01
4700,1966,36,1,127.77
4701,1967,29,1,1152.13
4702,1967,26,2,240.41
4703,1967,70,2,266.98
4704,1967,97,2,276.56
4705,1968,68,2,10049.54
4706,1968,14,1,384.62
4707,1969,14,1,384.62
4708,1969,76,2,221.16
4709,1969,70,2,266.98
4710,1969,68,1,10049.54
4711,1970,68,1,10623.8
4712,1970,26,2,254.15
4713,1971,14,2,409.24
4714,1971,70,1,282.24
4715,1971,26,1,254.15
4716,1972,26,1,240.41
4717,1972,68,2,10049.54
4718,1972,76,2,247.7
4719,1972,97,1,276.56
4720,1973,94,2,237.01
4721,1973,12,1,323.75
4722,1973,29,2,1028.69
4723,1973,19,1,213.21
4724,1974,50,1,214.94
4725,1974,12,2,323.75
4726,1975,50,1,214.94
4727,1975,45,1,62.74
4728,1976,12,2,362.6
4729,1976,73,1,29552.71
4730,1976,17,1,15580.26
4731,1977,35,2,222.75
4732,1977,12,1,362.6
4733,1978,12,2,362.6
4734,1978,74,1,128.05
4735,1978,38,2,250.82
4736,1978,23,2,14618.6
4737,1979,29,2,1028.69
4738,1979,74,1,128.05
4739,1980,35,1,237.01
4740,1981,27,1,17961.24
4741,1981,38,2,274.11
4742,1981,29,2,1135.67
4743,1982,29,2,1135.67
4744,1983,45,2,69.26
4745,1984,73,1,36172.52
4746,1984,17,1,17200.61
4747,1985,73,1,36172.52
4748,1985,27,1,17961.24
4749,1985,74,1,141.37
4750,1985,19,1,235.39
4751,1986,29,2,1069.84
4752,1986,74,1,133.17
4753,1986,38,1,259.78
4754,1986,27,2,16920.01
4755,1987,23,2,15203.34
4756,1988,74,1,133.17
4757,1989,23,1,15203.34
4758,1990,20,1,17659.5
4759,1991,35,2,258.39
4760,1991,74,1,148.54
4761,1991,17,2,16203.47
4762,1991,50,1,223.53
4763,1992,23,2,15203.34
4764,1993,35,2,258.39
4765,1993,43,1,524.42
4766,1994,23,2,15203.34
4767,1994,20,1,16736.13
4768,1995,45,1,65.25
4769,1996,19,2,221.74
4770,1996,23,1,15203.34
4771,1997,27,1,16920.01
4772,1998,74,2,148.54
4773,1998,27,1,16920.01
4774,1998,17,1,18073.1
4775,1999,29,2,1069.84
4776,2000,74,2,143.42
4777,2000,29,2,1152.13
4778,2001,27,2,18221.55
4779,2002,50,1,254.49
4780,2003,50,1,240.73
4781,2003,29,2,1152.13
4782,2003,27,1,18221.55
4783,2003,19,1,238.8
4784,2004,60,2,165.4
4785,2005,92,2,27057.02
4786,2005,44,1,1101.44
4787,2005,8,2,255.54
4788,2005,76,1,221.16
4789,2006,44,1,1171.93
4790,2006,92,1,28788.67
4791,2007,76,2,221.16
4792,2007,2,2,217.94
4793,2007,9,1,537.08
4794,2008,73,2,32626.19
4795,2008,75,2,517.43
4796,2009,5,2,186.26
4797,2010,56,2,282.24
4798,2010,69,1,1957.38
4799,2010,8,2,282.11
4800,2011,73,2,32626.19
4801,2011,56,1,282.24
4802,2011,92,2,29870.96
4803,2012,2,1,252.81
4804,2012,76,2,230.01
4805,2013,75,2,490.38
4806,2013,73,2,30734.82
4807,2013,60,1,172.02
4808,2014,82,2,171.0
4809,2015,60,2,172.02
4810,2015,8,1,265.76
4811,2016,42,1,23033.74
4812,2017,4,2,396.49
4813,2017,30,2,368.39
4814,2018,60,1,172.02
4815,2018,7,1,199.67
4816,2018,42,2,23033.74
4817,2019,30,1,333.69
4818,2020,30,1,333.69
4819,2020,2,2,244.09
4820,2021,82,2,165.1
4821,2022,56,1,286.33
4822,2022,92,1,27057.02
4823,2022,76,2,221.16
4824,2023,56,2,286.33
4825,2023,44,1,1233.61
4826,2024,81,2,514.76
4827,2024,4,1,382.12
4828,2024,73,2,34990.41
4829,2025,69,1,1772.99
4830,2025,94,2,211.61
4831,2025,4,2,359.14
4832,2025,30,2,333.69
4833,2026,76,1,247.7
4834,2026,4,2,359.14
4835,2026,56,1,286.33
4836,2026,60,1,185.25
4837,2027,8,2,302.56
4838,2027,73,1,34990.41
4839,2028,5,1,188.96
4840,2028,44,1,1233.61
4841,2028,76,1,247.7
4842,2029,5,1,199.76
4843,2029,94,2,225.16
4844,2029,4,1,382.12
4845,2029,76,1,261.86
4846,2030,81,1,514.76
4847,2030,69,1,1886.46
4848,2030,7,1,204.27
4849,2031,81,1,514.76
4850,2031,60,2,195.83
4851,2032,94,1,211.61
4852,2032,69,1,1772.99
4853,2033,92,1,27057.02
4854,2033,69,2,1772.99
4855,2033,8,1,286.2
4856,2033,56,1,286.33
4857,2034,69,2,1772.99
4858,2034,30,2,373.73
4859,2034,81,2,486.93
4860,2035,69,2,1886.46
4861,2035,30,2,395.09
4862,2036,30,1,373.73
4863,2036,69,2,1772.99
4864,2036,92,2,27057.02
4865,2036,42,1,22147.82
4866,2037,42,2,23033.74
4867,2037,94,1,220.08
4868,2038,7,1,222.71
4869,2038,92,1,31386.15
4870,2038,69,1,2056.67
4871,2038,4,1,373.5
4872,2039,94,1,259.01
4873,2040,7,1,234.99
4874,2041,7,2,234.99
4875,2042,69,1,2056.67
4876,2043,4,2,439.58
4877,2043,42,1,27108.94
4878,2044,4,2,416.6
4879,2045,4,2,439.58
4880,2046,42,1,27108.94
4881,2047,78,1,12302.77
4882,2048,85,1,349.19
4883,2048,79,2,222.94
4884,2048,75,1,422.74
4885,2048,53,1,848.59
4886,2049,1,2,450.11
4887,2049,78,2,12302.77
4888,2049,44,2,1101.44
4889,2049,85,1,349.19
4890,2050,85,2,349.19
4891,2050,6,2,169.03
4892,2051,19,1,226.86
4893,2052,60,1,182.6
4894,2053,54,2,9105.96
4895,2053,2,1,226.66
4896,2053,65,1,16058.97
4897,2054,85,1,363.16
4898,2054,3,1,221.07
4899,2054,17,2,16203.47
4900,2054,78,1,12794.89
4901,2055,51,2,1433.16
4902,2055,64,2,407.29
4903,2055,53,2,936.84
4904,2056,3,1,234.67
4905,2057,73,1,30734.82
4906,2057,78,2,12794.89
4907,2057,60,2,172.02
4908,2057,19,2,221.74
4909,2058,83,1,7797.42
4910,2058,17,2,15580.26
4911,2059,3,1,212.56
4912,2059,51,2,1453.93
4913,2059,9,1,537.08
4914,2059,44,2,1101.44
4915,2060,17,1,15580.26
4916,2060,79,1,249.69
4917,2060,78,2,12302.77
4918,2060,53,2,950.42
4919,2061,17,2,15580.26
4920,2061,75,1,422.74
4921,2061,19,1,213.21
4922,2061,53,1,950.42
4923,2062,63,2,149.99
4924,2062,79,2,249.69
4925,2062,51,2,1453.93
4926,2062,44,1,1101.44
4927,2063,79,2,249.69
4928,2064,19,1,238.8
4929,2064,60,2,165.4
4930,2064,54,1,8791.96
4931,2065,44,1,1171.93
4932,2065,79,1,263.96
4933,2065,19,1,252.44
4934,2066,53,2,1004.73
4935,2066,78,2,14566.49
4936,2066,63,1,177.59
4937,2067,44,2,1101.44
4938,2068,73,2,29552.71
4939,2068,65,2,17294.27
4940,2068,85,2,349.19
4941,2068,6,1,169.03
4942,2069,44,1,1101.44
4943,2070,17,1,18447.03
4944,2070,3,2,226.17
4945,2071,83,2,8109.32
4946,2071,48,2,351.57
4947,2072,78,2,14271.22
4948,2072,85,1,405.06
4949,2072,73,2,30734.82
4950,2073,73,1,30734.82
4951,2073,3,2,246.57
4952,2073,19,1,247.33
4953,2074,85,2,405.06
4954,2075,44,1,1215.99
4955,2075,6,2,186.6
4956,2076,22,2,347.81
4957,2077,17,1,19070.24
4958,2077,6,2,186.6
4959,2077,22,2,367.0
4960,2077,48,1,373.21
4961,2078,83,1,9045.01
4962,2079,48,1,351.57
4963,2080,22,1,335.82
4964,2080,52,1,202.95
4965,2080,1,1,450.11
4966,2081,52,2,227.3
4967,2081,73,1,33099.04
4968,2082,83,1,8733.12
4969,2082,1,1,504.13
4970,2082,60,1,185.25
4971,2082,48,1,378.62
4972,2083,75,2,500.52
4973,2083,48,1,400.25
4974,2083,44,1,1304.1
4975,2084,44,1,1233.61
4976,2084,1,2,504.13
4977,2084,83,1,8733.12
4978,2084,9,2,601.52
4979,2085,1,1,532.93
4980,2085,52,1,240.29
4981,2085,6,2,200.13
4982,2086,30,2,347.04
4983,2086,100,1,827.42
4984,2086,12,1,336.7
4985,2087,70,1,263.17
4986,2088,30,2,347.04
4987,2088,61,2,202.88
4988,2088,12,1,336.7
4989,2088,60,2,172.02
4990,2089,61,2,226.29
4991,2090,30,1,347.04
4992,2091,69,2,2170.14
4993,2091,45,2,69.26
4994,2091,37,1,1063.91
4995,2091,70,2,291.77
4996,2092,30,1,347.04
4997,2093,28,1,351.21
4998,2093,76,1,244.16
4999,2093,69,1,2170.14
5000,2094,12,1,357.42
5001,2094,70,2,291.77
5002,2095,37,1,1141.01
5003,2096,28,1,318.12
5004,2096,76,1,247.7
5005,2096,37,1,1079.33
5006,2097,12,1,383.32
5007,2097,45,1,74.28
5008,2098,12,1,383.32
5009,2099,57,2,793.79
5010,2099,78,1,13582.26
5011,2100,42,1,23033.74
5012,2100,9,2,558.56
5013,2100,22,1,311.83
5014,2100,78,2,12794.89
5015,2101,37,1,1002.24
5016,2101,80,1,1636.88
5017,2101,100,1,827.42
5018,2102,71,1,391.61
5019,2102,22,2,311.83
5020,2102,29,1,1069.84
5021,2102,34,1,672.98
5022,2103,34,1,672.98
5023,2103,71,1,391.61
5024,2103,74,2,133.17
5025,2104,34,2,688.51
5026,2105,72,1,433.52
5027,2105,9,2,537.08
5028,2106,42,2,23565.29
5029,2106,74,2,136.25
5030,2106,80,2,1674.66
5031,2107,74,2,143.42
5032,2107,37,1,963.69
5033,2107,57,2,719.01
5034,2107,66,1,330.95
5035,2108,57,1,805.29
5036,2109,9,1,601.52
5037,2110,34,1,766.17
5038,2111,37,2,1025.36
5039,2111,72,1,458.3
5040,2111,42,1,26223.02
5041,2111,78,1,14566.49
5042,2112,34,1,766.17
5043,2112,78,2,14566.49
5044,2113,9,2,601.52
5045,2113,80,2,1573.93
5046,2113,37,1,963.69
5047,2114,80,1,1674.66
5048,2115,80,2,1737.61
5049,2115,34,1,792.05
5050,2116,42,2,25691.48
5051,2116,66,1,344.19
5052,2116,34,1,750.64
5053,2116,74,2,148.54
5054,2117,37,1,1117.88
5055,2117,34,1,750.64
5056,2118,51,1,1350.08
5057,2118,29,1,1069.84
5058,2119,9,2,623.01
5059,2119,27,2,16920.01
5060,2119,37,1,1117.88
5061,2119,71,2,391.61
5062,2120,27,1,16920.01
5063,2121,29,2,1069.84
5064,2121,37,1,1117.88
5065,2122,100,2,878.34
5066,2122,66,2,405.08
5067,2122,51,2,1433.16
5068,2123,71,2,391.61
5069,2123,80,2,1825.75
5070,2124,51,2,1505.85
5071,2125,100,2,795.6
5072,2126,100,2,846.52
5073,2126,58,1,18763.93
5074,2126,82,1,156.85
5075,2126,71,1,400.65
5076,2127,14,2,409.24
5077,2128,96,2,345.75
5078,2128,65,2,18282.51
5079,2129,32,2,203.36
5080,2129,48,1,338.05
5081,2129,14,1,430.78
5082,2130,60,1,165.4
5083,2131,32,1,216.38
5084,2132,28,1,318.12
5085,2132,98,2,383.7
5086,2133,53,1,936.84
5087,2133,98,2,423.6
5088,2133,96,1,397.74
5089,2134,71,1,415.71
5090,2135,48,2,351.57
5091,2136,37,2,1002.24
5092,2136,23,2,15203.34
5093,2137,83,1,8109.32
5094,2137,14,2,446.16
5095,2137,100,2,827.42
5096,2137,53,1,882.53
5097,2138,77,1,222.52
5098,2138,5,2,195.71
5099,2139,60,2,172.02
5100,2140,11,2,175.11
5101,2141,100,2,878.34
5102,2141,28,1,351.21
5103,2141,77,1,234.79
5104,2141,36,2,121.61
5105,2142,53,1,882.53
5106,2142,83,2,9045.01
5107,2142,58,1,18340.69
5108,2142,23,2,16957.58
5109,2143,14,1,470.78
5110,2143,83,2,9544.05
5111,2143,58,1,19469.34
5112,2144,58,1,17635.27
5113,2144,65,2,17294.27
5114,2144,48,2,338.05
5115,2145,60,2,165.4
5116,2146,32,2,203.36
5117,2146,100,1,795.6
5118,2146,48,2,338.05
5119,2147,37,2,963.69
5120,2148,7,1,215.03
5121,2148,36,2,110.15
5122,2148,72,2,387.08
5123,2149,98,1,383.7
5124,2149,71,1,421.74
5125,2150,28,1,376.66
5126,2150,32,2,240.78
5127,2150,83,1,9232.15
5128,2150,77,2,227.12
5129,2151,7,2,215.03
5130,2152,37,1,1025.36
5131,2153,32,2,227.77
5132,2153,82,2,147.41
5133,2153,33,1,462.17
5134,2154,36,2,121.61
5135,2154,89,2,245.27
5136,2155,71,2,460.9
5137,2155,48,2,373.21
5138,2155,89,2,245.27
5139,2156,71,1,436.8
5140,2156,28,2,369.02
5141,2156,60,2,172.02
5142,2157,5,1,206.5
5143,2157,53,1,936.84
5144,2158,71,2,460.9
5145,2159,100,2,827.42
5146,2160,37,2,1063.91
5147,2161,58,1,18340.69
5148,2161,32,2,235.9
5149,2161,60,1,172.02
5150,2162,32,1,235.9
5151,2162,28,2,369.02
5152,2162,71,2,436.8
5153,2163,72,2,427.33
5154,2163,60,1,182.6
5155,2163,82,1,180.43
5156,2164,60,2,172.02
5157,2165,82,1,171.0
5158,2165,48,1,351.57
5159,2165,100,2,827.42
5160,2166,36,2,121.61
5161,2166,82,1,180.43
5162,2167,72,2,458.3
5163,2168,72,2,433.52
5164,2168,58,2,19751.51
5165,2168,33,1,462.17
5166,2169,98,2,454.3
5167,2169,37,2,1141.01
5168,2170,100,1,891.07
5169,2171,89,2,248.82
5170,2171,100,2,891.07
5171,2171,53,1,950.42
5172,2172,89,2,248.82
5173,2173,60,2,185.25
5174,2173,58,2,19751.51
5175,2173,48,2,378.62
5176,2173,36,1,123.37
5177,2174,76,1,235.32
5178,2174,48,2,400.25
5179,2175,8,1,255.54
5180,2176,84,2,329.11
5181,2176,76,2,221.16
5182,2177,76,2,221.16
5183,2177,3,1,212.56
5184,2178,84,2,350.18
5185,2179,68,2,8972.8
5186,2179,82,2,165.1
5187,2179,85,2,349.19
5188,2180,85,2,363.16
5189,2180,58,1,20456.92
5190,2181,11,1,175.11
5191,2181,77,1,222.52
5192,2182,76,1,230.01
5193,2182,28,1,369.02
5194,2183,60,1,172.02
5195,2184,76,1,244.16
5196,2184,48,2,413.77
5197,2184,77,1,234.79
5198,2184,8,1,282.11
5199,2185,3,2,260.18
5200,2185,8,1,282.11
5201,2185,93,2,367.89
5202,2185,84,2,363.34
5203,2186,85,2,363.16
5204,2186,60,2,172.02
5205,2186,3,1,246.57
5206,2186,77,1,222.52
5207,2187,84,2,342.28
5208,2187,50,1,223.53
5209,2187,28,2,369.02
5210,2188,82,1,180.43
5211,2188,84,2,363.34
5212,2188,50,1,237.29
5213,2188,83,1,8608.36
5214,2189,85,2,363.16
5215,2189,3,2,246.57
5216,2189,82,1,171.0
5217,2190,77,2,222.52
5218,2190,68,2,9331.71
5219,2191,50,1,228.69
5220,2192,3,2,251.67
5221,2192,77,2,227.12
5222,2193,84,1,350.18
5223,2193,76,1,235.32
5224,2193,8,2,271.89
5225,2194,76,1,247.7
5226,2194,77,1,214.84
5227,2194,8,2,255.54
5228,2195,11,2,179.15
5229,2195,8,1,302.56
5230,2196,3,1,238.07
5231,2196,60,1,165.4
5232,2196,76,2,247.7
5233,2197,50,2,240.73
5234,2197,8,1,286.2
5235,2198,76,2,261.86
5236,2199,11,2,188.58
5237,2199,68,1,10049.54
5238,2199,8,1,286.2
5239,2199,60,1,165.4
5240,2200,76,2,247.7
5241,2201,60,2,175.99
5242,2202,11,2,206.09
5243,2203,60,1,191.86
5244,2203,25,2,14512.09
5245,2204,60,1,202.45
5246,2204,25,2,15312.76
5247,2205,60,2,191.86
5248,2205,25,2,14512.09
5249,2206,25,2,15312.76
5250,2207,14,1,409.24
5251,2207,52,2,215.94
5252,2207,30,2,355.04
5253,2207,68,2,9547.06
5254,2208,51,2,1350.08
5255,2208,68,2,9331.71
5256,2208,82,2,153.31
5257,2208,17,1,16203.47
5258,2209,17,1,17200.61
5259,2209,12,2,357.42
5260,2209,34,1,714.4
5261,2210,100,2,827.42
5262,2210,51,2,1350.08
5263,2211,14,2,400.01
5264,2212,12,1,336.7
5265,2212,51,1,1350.08
5266,2212,17,2,16203.47
5267,2213,17,2,18073.1
5268,2213,90,2,832.88
5269,2214,34,2,750.64
5270,2215,82,2,153.31
5271,2215,14,2,400.01
5272,2215,100,1,922.9
5273,2216,12,2,362.6
5274,2217,82,1,156.85
5275,2218,100,2,891.07
5276,2219,82,2,165.1
5277,2220,100,1,891.07
5278,2220,51,1,1453.93
5279,2220,30,2,333.69
5280,2221,52,2,227.3
5281,2222,97,1,276.56
5282,2222,25,2,12510.42
5283,2222,59,1,386.66
5284,2222,63,1,149.99
5285,2223,67,1,291.98
5286,2223,97,2,276.56
5287,2224,11,1,168.38
5288,2224,5,1,168.71
5289,2224,9,1,537.08
5290,2224,25,2,14011.68
5291,2225,92,2,27057.02
5292,2225,50,1,240.73
5293,2225,38,2,223.95
5294,2226,61,2,218.48
5295,2226,50,1,240.73
5296,2226,67,2,291.98
5297,2227,59,2,402.13
5298,2227,38,1,232.91
5299,2227,67,2,303.65
5300,2228,5,1,186.26
5301,2228,71,1,415.71
5302,2228,1,1,496.92
5303,2228,63,2,165.59
5304,2229,5,2,186.26
5305,2229,81,2,479.98
5306,2229,63,2,165.59
5307,2229,77,2,234.79
5308,2230,59,1,426.88
5309,2230,63,2,165.59
5310,2230,71,1,415.71
5311,2230,97,2,305.32
5312,2231,50,2,249.33
5313,2232,67,1,303.65
5314,2232,81,2,452.15
5315,2232,11,2,195.31
5316,2232,75,2,439.65
5317,2233,78,1,15058.6
5318,2233,92,2,29870.96
5319,2233,75,2,466.7
5320,2234,59,1,402.13
5321,2234,97,2,287.62
5322,2234,1,2,468.12
5323,2235,5,2,186.26
5324,2235,9,1,592.93
5325,2235,78,1,15058.6
5326,2235,92,2,29870.96
5327,2236,25,1,15312.76
5328,2236,1,2,496.92
5329,2236,11,2,206.09
5330,2236,38,2,247.24
5331,2237,81,1,452.15
5332,2237,63,1,155.99
5333,2237,62,1,41699.06
5334,2238,63,2,165.59
5335,2239,63,2,149.99
5336,2240,62,1,40261.16
5337,2241,5,1,179.51
5338,2241,25,2,14812.34
5339,2241,97,1,294.26
5340,2242,78,1,13779.11
5341,2242,81,1,434.76
5342,2242,1,1,450.11
5343,2243,78,1,14566.49
5344,2243,9,2,571.45
5345,2244,75,2,500.52
5346,2244,5,2,179.51
5347,2244,67,2,345.7
5348,2245,97,2,294.26
5349,2245,38,1,265.16
5350,2246,67,1,327.01
5351,2246,97,1,276.56
5352,2246,1,2,450.11
5353,2247,9,2,558.56
5354,2248,67,1,357.38
5355,2248,59,2,473.27
5356,2248,97,1,338.51
5357,2248,9,2,592.93
5358,2249,97,2,338.51
5359,2250,92,2,33117.8
5360,2250,5,2,206.5
5361,2250,97,1,338.51
5362,2251,9,1,623.01
5363,2251,1,2,522.13
5364,2252,9,1,623.01
5365,2252,1,1,522.13
5366,2253,1,2,522.13
5367,2254,9,2,623.01
5368,2254,5,1,195.71
5369,2254,59,1,448.53
5370,2255,5,1,206.5
5371,2255,1,1,550.94
5372,2256,9,2,623.01
5373,2256,5,1,195.71
5374,2257,12,2,323.75
5375,2257,67,2,291.98
5376,2257,90,1,718.0
5377,2258,97,2,320.81
5378,2258,31,2,222.08
5379,2258,74,2,133.17
5380,2258,90,2,746.72
5381,2259,12,2,396.27
5382,2260,26,2,236.97
5383,2260,12,2,396.27
5384,2261,29,1,1069.84
5385,2261,89,2,231.05
5386,2262,90,1,792.67
5387,2263,80,1,1636.88
5388,2263,97,2,320.81
5389,2263,26,2,223.24
5390,2263,13,2,254.42
5391,2264,31,1,235.75
5392,2264,54,1,9608.35
5393,2264,26,2,236.97
5394,2265,90,2,792.67
5395,2265,56,2,312.92
5396,2265,74,1,141.37
5397,2265,12,1,396.27
5398,2266,24,2,74.73
5399,2266,97,2,320.81
5400,2266,44,2,1145.5
5401,2267,30,1,368.39
5402,2267,24,2,78.86
5403,2267,89,1,271.93
5404,2267,31,1,235.75
5405,2268,89,2,257.71
5406,2268,31,2,222.08
5407,2269,29,2,1193.28
5408,2270,89,1,271.93
5409,2270,24,1,78.86
5410,2270,13,1,270.08
5411,2271,24,2,78.86
5412,2271,90,2,792.67
5413,2272,26,2,223.24
5414,2272,31,1,222.08
5415,2272,74,2,133.17
5416,2273,74,2,141.37
5417,2273,26,2,236.97
5418,2273,24,1,78.86
5419,2274,12,1,362.6
5420,2274,54,1,8791.96
5421,2274,80,2,1573.93
5422,2274,24,1,72.16
5423,2275,90,1,804.16
5424,2276,33,1,439.06
5425,2276,31,2,252.83
5426,2276,67,2,310.66
5427,2276,90,1,850.11
5428,2277,74,2,151.61
5429,2277,44,2,1171.93
5430,2278,33,1,462.17
5431,2278,67,2,291.98
5432,2278,26,1,240.41
5433,2279,90,1,878.83
5434,2279,13,1,270.08
5435,2280,26,2,248.99
5436,2280,44,2,1277.67
5437,2281,13,2,270.08
5438,2281,44,2,1348.16
5439,2282,44,1,1277.67
5440,2283,54,1,9608.35
5441,2283,85,2,385.5
5442,2283,42,2,24451.2
5443,2283,64,1,407.29
5444,2284,61,2,215.36
5445,2284,85,2,385.5
5446,2284,29,2,1135.67
5447,2285,29,1,1135.67
5448,2285,39,2,40491.42
5449,2286,96,1,337.95
5450,2286,37,2,1002.24
5451,2286,61,2,202.88
5452,2286,55,2,228.88
5453,2287,96,2,358.74
5454,2288,85,2,363.16
5455,2288,100,1,827.42
5456,2288,42,2,25691.48
5457,2288,54,1,9105.96
5458,2289,55,2,242.96
5459,2289,74,1,141.37
5460,2289,42,2,27108.94
5461,2289,100,1,878.34
5462,2290,64,1,392.54
5463,2291,42,1,24805.56
5464,2292,84,2,350.18
5465,2292,1,1,478.92
5466,2293,39,1,36677.01
5467,2294,64,1,368.92
5468,2294,96,2,363.94
5469,2295,95,2,20929.19
5470,2295,73,2,33099.04
5471,2296,42,1,24805.56
5472,2296,100,2,795.6
5473,2296,85,1,349.19
5474,2297,87,1,29891.28
5475,2298,73,1,33099.04
5476,2298,74,2,128.05
5477,2298,100,2,795.6
5478,2298,55,1,246.48
5479,2299,95,1,20929.19
5480,2299,37,2,963.69
5481,2300,54,1,8791.96
5482,2301,73,1,34281.15
5483,2301,1,1,468.12
5484,2301,85,1,363.16
5485,2301,100,2,827.42
5486,2302,61,2,202.88
5487,2302,1,2,468.12
5488,2302,37,2,1002.24
5489,2302,55,1,255.29
5490,2303,1,1,496.92
5491,2303,85,1,385.5
5492,2304,1,2,468.12
5493,2304,85,2,363.16
5494,2305,1,2,496.92
5495,2306,29,2,1135.67
5496,2306,87,1,32999.97
5497,2306,85,2,385.5
5498,2306,100,1,878.34
5499,2307,64,1,383.68
5500,2307,61,2,202.88
5501,2307,74,1,148.54
5502,2308,61,2,226.29
5503,2308,100,1,827.42
5504,2309,1,2,468.12
5505,2309,100,1,827.42
5506,2309,29,2,1069.84
5507,2310,84,1,342.28
5508,2310,1,1,522.13
5509,2311,84,1,342.28
5510,2311,29,1,1069.84
5511,2312,64,2,436.81
5512,2312,39,1,39024.34
5513,2313,100,1,891.07
5514,2314,37,2,963.69
5515,2314,87,2,33478.23
5516,2315,95,2,23440.69
5517,2316,37,1,1141.01
5518,2316,84,2,389.67
5519,2317,37,1,1079.33
5520,2318,61,1,202.88
5521,2318,79,1,231.85
5522,2318,36,1,114.56
5523,2319,74,2,133.17
5524,2319,82,1,153.31
5525,2319,1,1,468.12
5526,2319,80,1,1636.88
5527,2320,28,1,351.21
5528,2321,28,1,338.49
5529,2321,82,2,156.85
5530,2322,80,2,1674.66
5531,2322,18,1,292.75
5532,2322,68,2,9547.06
5533,2322,79,2,237.21
5534,2323,4,1,359.14
5535,2323,75,2,422.74
5536,2323,8,1,255.54
5537,2324,69,2,1985.75
5538,2325,80,1,1573.93
5539,2325,4,1,359.14
5540,2325,28,2,318.12
5541,2325,74,2,128.05
5542,2326,21,2,1152.17
5543,2327,18,2,275.14
5544,2328,7,2,204.27
5545,2328,75,1,449.79
5546,2329,28,1,318.12
5547,2329,21,2,1152.17
5548,2329,8,1,255.54
5549,2330,28,1,318.12
5550,2331,68,1,8972.8
5551,2332,68,2,9905.97
5552,2332,86,2,37285.06
5553,2332,4,1,396.49
5554,2332,80,2,1737.61
5555,2333,69,1,2056.67
5556,2333,28,1,330.85
5557,2334,21,1,1193.32
5558,2334,68,2,9331.71
5559,2334,13,2,254.42
5560,2335,1,2,496.92
5561,2335,4,2,396.49
5562,2336,82,1,153.31
5563,2336,4,2,373.5
5564,2336,68,2,9331.71
5565,2336,1,1,468.12
5566,2337,61,2,226.29
5567,2338,4,2,396.49
5568,2339,21,2,1193.32
5569,2339,8,2,265.76
5570,2339,79,1,231.85
5571,2339,82,1,153.31
5572,2340,61,1,226.29
5573,2340,72,1,449.01
5574,2340,75,2,490.38
5575,2341,13,1,299.44
5576,2341,7,1,211.95
5577,2342,82,1,153.31
5578,2342,1,2,468.12
5579,2343,72,1,473.78
5580,2343,58,1,19469.34
5581,2344,72,1,449.01
5582,2344,80,1,1636.88
5583,2345,21,2,1259.16
5584,2346,4,1,382.12
5585,2346,74,2,136.25
5586,2347,7,1,204.27
5587,2347,4,1,382.12
5588,2348,79,1,222.94
5589,2348,99,1,1311.81
5590,2348,18,1,275.14
5591,2348,4,2,359.14
5592,2349,28,1,318.12
5593,2349,7,2,215.03
5594,2349,79,1,222.94
5595,2350,80,2,1573.93
5596,2351,86,1,33772.7
5597,2351,7,1,215.03
5598,2351,1,1,450.11
5599,2351,13,1,273.99
5600,2352,72,1,433.52
5601,2352,61,2,218.48
5602,2352,8,1,286.2
5603,2352,7,1,215.03
5604,2353,79,1,237.21
5605,2353,28,1,376.66
5606,2354,74,2,151.61
5607,2355,61,1,218.48
5608,2356,99,2,1433.63
5609,2356,4,1,439.58
5610,2356,36,1,134.82
5611,2357,82,2,153.31
5612,2357,18,2,319.16
5613,2357,68,1,10408.45
5614,2357,74,1,148.54
5615,2358,79,2,246.12
5616,2358,86,1,37285.06
5617,2359,82,1,180.43
5618,2360,82,2,180.43
5619,2361,28,1,389.38
5620,2361,82,2,180.43
5621,2361,79,2,246.12
5622,2361,80,1,1737.61
5623,2362,86,1,37285.06
5624,2362,68,1,10982.71
5625,2362,1,2,550.94
5626,2363,1,1,522.13
5627,2363,58,1,20456.92
5628,2363,82,2,171.0
5629,2363,86,2,39176.33
5630,2364,79,1,272.88
5631,2365,80,2,1825.75
5632,2366,80,1,1825.75
5633,2367,15,1,168.91
5634,2367,8,2,286.2
5635,2367,86,2,37825.42
5636,2368,8,1,286.2
5637,2368,79,1,222.94
5638,2368,25,1,12510.42
5639,2368,76,1,221.16
5640,2369,9,2,571.45
5641,2369,25,1,13311.09
5642,2370,91,1,285.12
5643,2370,8,1,286.2
5644,2371,31,2,213.54
5645,2371,79,2,249.69
5646,2371,7,1,191.99
5647,2372,86,2,39986.88
5648,2373,34,2,688.51
5649,2374,34,2,688.51
5650,2375,31,1,227.2
5651,2375,29,1,1094.52
5652,2375,82,1,156.85
5653,2376,31,2,222.08
5654,2376,34,2,672.98
5655,2376,7,2,222.71
5656,2376,91,1,296.53
5657,2377,36,1,127.77
5658,2378,7,2,222.71
5659,2378,29,2,1069.84
5660,2379,82,1,180.43
5661,2380,36,2,127.77
5662,2380,83,2,9045.01
5663,2380,80,2,1636.88
5664,2381,9,2,558.56
5665,2382,31,2,222.08
5666,2382,80,1,1636.88
5667,2382,9,2,623.01
5668,2382,7,1,222.71
5669,2383,34,1,792.05
5670,2383,29,2,1135.67
5671,2384,83,2,9045.01
5672,2384,34,1,750.64
5673,2384,31,1,247.7
5674,2384,76,2,230.01
5675,2385,83,1,9544.05
5676,2385,80,1,1737.61
5677,2385,31,2,261.37
5678,2385,91,2,314.78
5679,2386,80,1,1926.48
5680,2387,31,1,247.7
5681,2387,80,2,1825.75
5682,2388,91,2,348.99
5683,2389,91,2,337.59
5684,2390,91,2,337.59
5685,2390,29,2,1217.97
5686,2390,80,2,1863.53
5687,2390,25,1,13311.09
5688,2391,25,1,14011.68
5689,2392,77,2,204.1
5690,2392,83,2,8296.46
5691,2392,96,2,345.75
5692,2392,6,1,200.13
5693,2393,32,1,227.77
5694,2393,92,1,27057.02
5695,2393,38,1,223.95
5696,2394,83,1,7797.42
5697,2394,32,1,227.77
5698,2395,6,1,189.31
5699,2395,49,1,427.15
5700,2396,38,2,238.28
5701,2397,32,1,240.78
5702,2397,96,1,345.75
5703,2398,38,1,223.95
5704,2399,89,2,248.82
5705,2399,92,1,27057.02
5706,2400,32,2,240.78
5707,2400,45,2,66.75
5708,2401,92,1,29870.96
5709,2401,78,1,13582.26
5710,2402,77,1,211.77
5711,2402,38,2,247.24
5712,2403,96,2,358.74
5713,2403,61,1,215.36
5714,2403,38,1,247.24
5715,2403,83,2,8608.36
5716,2404,33,2,478.67
5717,2404,83,2,8109.32
5718,2404,11,1,175.11
5719,2405,92,2,28139.31
5720,2405,89,1,257.71
5721,2405,33,2,478.67
5722,2406,33,1,505.08
5723,2406,49,1,522.83
5724,2407,96,2,337.95
5725,2407,38,1,232.91
5726,2407,77,2,199.5
5727,2407,6,1,196.07
5728,2408,11,1,185.89
5729,2409,83,1,8733.12
5730,2409,33,1,462.17
5731,2410,92,2,30303.87
5732,2411,61,2,207.56
5733,2411,78,2,14566.49
5734,2411,92,1,32035.52
5735,2411,62,2,38248.1
5736,2412,38,1,265.16
5737,2413,78,1,13779.11
5738,2413,92,2,30303.87
5739,2413,77,2,214.84
5740,2413,96,2,363.94
5741,2414,33,2,462.17
5742,2415,96,2,363.94
5743,2415,77,1,214.84
5744,2415,62,1,35947.46
5745,2416,92,2,30303.87
5746,2416,62,2,35947.46
5747,2417,96,2,363.94
5748,2417,62,1,35947.46
5749,2417,77,2,214.84
5750,2417,61,2,218.48
5751,2418,62,1,35947.46
5752,2418,96,2,363.94
5753,2419,61,1,218.48
5754,2419,62,2,35947.46
5755,2420,62,1,41699.06
5756,2421,62,1,41699.06
5757,2422,70,1,238.38
5758,2422,74,1,128.05
5759,2422,91,1,285.12
5760,2422,52,1,202.95
5761,2423,91,2,285.12
5762,2423,70,2,238.38
5763,2424,36,2,117.2
5764,2424,70,2,253.63
5765,2424,52,1,215.94
5766,2425,74,2,128.05
5767,2426,29,1,1135.67
5768,2426,45,1,69.26
5769,2426,74,2,141.37
5770,2426,36,1,121.61
5771,2427,29,2,1069.84
5772,2427,89,2,231.05
5773,2427,91,1,296.53
5774,2427,36,2,114.56
5775,2428,89,2,245.27
5776,2428,20,1,15928.18
5777,2428,45,2,69.26
5778,2428,91,2,314.78
5779,2429,89,2,257.71
5780,2430,36,2,114.56
5781,2430,91,2,296.53
5782,2431,9,1,592.93
5783,2431,91,1,314.78
5784,2431,36,1,121.61
5785,2432,74,1,133.17
5786,2432,20,1,16736.13
5787,2432,9,2,558.56
5788,2432,70,1,247.91
5789,2433,52,2,235.42
5790,2433,29,1,1193.28
5791,2433,45,2,65.25
5792,2433,20,1,16736.13
5793,2434,74,2,133.17
5794,2435,36,1,121.61
5795,2435,70,2,263.17
5796,2435,29,2,1259.11
5797,2435,45,1,76.79
5798,2436,36,2,110.15
5799,2437,45,1,70.27
5800,2438,29,2,1152.13
5801,2439,70,1,238.38
5802,2439,36,2,123.37
5803,2440,29,1,1217.97
5804,2440,36,2,130.42
5805,2440,20,2,17082.4
5806,2441,45,2,70.27
5807,2441,36,1,123.37
5808,2441,29,1,1152.13
5809,2441,91,1,319.34
5810,2442,36,1,130.42
5811,2442,74,1,136.25
5812,2442,70,1,253.63
5813,2442,91,2,337.59
5814,2443,70,2,253.63
5815,2443,9,2,571.45
5816,2443,91,2,337.59
5817,2444,91,2,319.34
5818,2444,74,1,128.05
5819,2444,70,2,238.38
5820,2445,9,1,571.45
5821,2446,70,1,266.98
5822,2446,74,2,128.05
5823,2446,9,1,537.08
5824,2447,9,2,601.52
5825,2447,74,1,143.42
5826,2447,70,1,266.98
5827,2448,81,2,479.98
5828,2448,3,1,234.67
5829,2449,3,2,221.07
5830,2450,23,1,15203.34
5831,2450,32,2,211.5
5832,2451,25,2,13811.51
5833,2452,26,1,223.24
5834,2452,32,2,211.5
5835,2453,52,1,211.07
5836,2453,32,2,211.5
5837,2453,81,1,504.32
5838,2453,23,2,15203.34
5839,2454,32,1,203.36
5840,2454,23,2,14618.6
5841,2455,23,2,14618.6
5842,2455,25,2,14011.68
5843,2456,52,1,215.94
5844,2456,87,1,31804.32
5845,2457,32,2,216.38
5846,2457,78,2,13090.15
5847,2457,96,1,345.75
5848,2458,53,2,848.59
5849,2458,78,2,12302.77
5850,2458,96,2,324.95
5851,2458,52,1,202.95
5852,2459,49,1,427.15
5853,2459,25,2,14011.68
5854,2459,96,2,324.95
5855,2459,87,2,29891.28
5856,2460,78,1,13090.15
5857,2461,87,2,36586.92
5858,2461,23,1,16138.93
5859,2462,26,1,262.73
5860,2463,53,2,1038.67
5861,2463,32,1,248.92
5862,2463,78,1,13582.26
5863,2464,23,2,16957.58
5864,2464,52,2,235.42
5865,2464,78,1,14271.22
5866,2464,87,2,34673.88
5867,2465,96,1,376.94
5868,2465,49,2,495.49
5869,2466,52,1,248.41
5870,2466,23,2,17893.17
5871,2466,32,1,248.92
5872,2466,87,1,36586.92
5873,2467,78,2,15058.6
5874,2468,52,2,248.41
5875,2468,78,1,15058.6
5876,2469,37,2,1002.24
5877,2470,67,1,303.65
5878,2471,18,1,303.75
5879,2471,37,1,1063.91
5880,2471,95,2,23105.82
5881,2471,55,1,242.96
5882,2472,76,1,270.7
5883,2472,18,1,303.75
5884,2472,55,1,242.96
5885,2472,23,2,16138.93
5886,2473,46,2,389.75
5887,2474,37,1,1179.55
5888,2475,95,2,23105.82
5889,2475,97,2,305.32
5890,2475,36,2,121.61
5891,2475,72,2,427.33
5892,2476,96,2,337.95
5893,2476,37,2,1117.88
5894,2476,74,2,133.17
5895,2476,23,2,16957.58
5896,2477,37,1,1117.88
5897,2477,67,1,303.65
5898,2478,74,1,141.37
5899,2478,37,2,1179.55
5900,2478,18,2,303.75
5901,2479,55,2,234.16
5902,2479,63,1,159.59
5903,2479,76,2,261.86
5904,2479,21,2,1094.56
5905,2480,21,1,1094.56
5906,2481,37,2,1079.33
5907,2481,96,2,324.95
5908,2481,76,2,247.7
5909,2482,23,2,16372.83
5910,2482,95,1,20929.19
5911,2483,36,2,117.2
5912,2483,72,1,411.85
5913,2484,67,1,310.66
5914,2484,23,1,17308.42
5915,2485,97,2,276.56
5916,2485,76,2,247.7
5917,2485,24,2,64.42
5918,2486,37,1,1141.01
5919,2486,46,1,375.63
5920,2487,63,1,149.99
5921,2488,97,2,276.56
5922,2489,55,1,234.16
5923,2490,72,1,387.08
5924,2490,63,2,149.99
5925,2490,97,2,276.56
5926,2491,74,1,128.05
5927,2491,21,2,1152.17
5928,2491,97,2,309.75
5929,2492,67,2,322.34
5930,2493,67,2,303.65
5931,2493,95,2,21766.35
5932,2494,55,1,228.88
5933,2494,95,2,21766.35
5934,2495,97,2,320.81
5935,2495,63,1,155.99
5936,2495,96,2,337.95
5937,2495,46,2,409.52
5938,2496,95,2,21766.35
5939,2496,18,2,286.14
5940,2497,96,2,376.94
5941,2497,74,2,148.54
5942,2497,67,2,338.69
5943,2498,24,1,67.0
5944,2498,95,1,24277.86
5945,2499,67,1,357.38
5946,2499,72,1,473.78
5947,2499,21,1,1259.16
5948,2500,96,2,384.74
5949,2500,55,1,234.16
5950,2500,24,2,76.28
5951,2501,18,2,308.15
5952,2501,95,1,23440.69
5953,2501,63,2,149.99
5954,2502,24,2,72.16
5955,2502,67,1,327.01
5956,2502,18,1,308.15
5957,2503,63,2,177.59
5958,2503,55,2,260.57
5959,2503,36,1,130.42
5960,2504,72,2,433.52
5961,2504,55,1,246.48
5962,2505,89,2,245.27
5963,2505,7,2,211.95
5964,2506,89,1,231.05
5965,2506,54,2,8163.96
5966,2506,29,2,1069.84
5967,2507,58,2,19469.34
5968,2507,54,2,8666.36
5969,2507,77,1,211.77
5970,2507,68,2,9905.97
5971,2508,7,1,199.67
5972,2509,14,1,409.24
5973,2509,77,1,204.1
5974,2509,95,1,22268.66
5975,2510,7,2,204.27
5976,2511,82,1,147.41
5977,2511,58,2,17635.27
5978,2512,68,1,8972.8
5979,2512,14,2,384.62
5980,2512,77,2,191.83
5981,2513,29,1,1152.13
5982,2513,68,1,8972.8
5983,2513,95,1,23440.69
5984,2513,14,2,384.62
5985,2514,48,1,400.25
5986,2515,29,2,1152.13
5987,2515,54,2,7849.96
5988,2515,77,1,191.83
5989,2516,63,1,159.59
5990,2517,58,1,18763.93
5991,2517,63,1,159.59
5992,2518,68,2,8972.8
5993,2518,54,2,8791.96
5994,2518,14,2,384.62
5995,2518,82,2,147.41
5996,2519,77,1,211.77
5997,2520,68,1,9331.71
5998,2520,77,2,199.5
5999,2520,95,1,24277.86
6000,2521,95,1,25617.33
6001,2521,58,1,21585.58
6002,2521,91,2,348.99
6003,2521,54,2,9608.35
6004,2522,14,1,424.63
6005,2522,68,1,9905.97
6006,2523,54,1,9608.35
6007,2524,91,2,348.99
6008,2524,63,2,165.59
6009,2525,14,2,400.01
6010,2525,54,1,9105.96
6011,2526,14,2,400.01
6012,2527,68,2,9905.97
6013,2527,77,2,211.77
6014,2528,11,1,175.11
6015,2528,77,1,222.52
6016,2528,7,2,222.71
6017,2528,68,2,9331.71
6018,2529,95,2,24780.16
6019,2529,11,1,179.15
6020,2529,14,1,455.4
6021,2529,63,1,177.59
6022,2530,77,2,214.84
6023,2530,63,2,167.99
6024,2530,82,1,165.1
6025,2530,11,2,168.38
6026,2531,14,1,455.4
6027,2531,82,1,174.54
6028,2532,82,1,165.1
6029,2532,77,1,214.84
6030,2532,68,2,10049.54
6031,2533,77,1,227.12
6032,2533,11,2,199.36
6033,2534,11,2,188.58
6034,2534,68,1,10049.54
6035,2535,3,1,226.17
6036,2535,54,1,8352.36
6037,2535,99,1,1246.22
6038,2536,73,1,29552.71
6039,2536,40,1,1052.14
6040,2536,6,2,169.03
6041,2537,63,1,167.99
6042,2537,73,2,29552.71
6043,2538,5,1,168.71
6044,2538,52,1,202.95
6045,2539,21,2,1028.72
6046,2539,69,2,1985.75
6047,2539,6,1,169.03
6048,2540,59,1,411.41
6049,2540,78,2,14566.49
6050,2540,44,2,1171.93
6051,2541,63,1,177.59
6052,2541,9,2,571.45
6053,2541,59,1,411.41
6054,2542,52,1,211.07
6055,2542,63,1,173.99
6056,2542,37,1,1002.24
6057,2543,3,1,221.07
6058,2543,6,2,175.79
6059,2543,40,1,1094.22
6060,2544,44,2,1277.67
6061,2545,100,2,973.81
6062,2546,22,1,331.02
6063,2547,5,1,206.5
6064,2547,78,1,15058.6
6065,2547,69,1,2170.14
6066,2547,44,2,1348.16
6067,2548,21,2,1069.87
6068,2548,54,1,8163.96
6069,2548,37,1,1002.24
6070,2549,73,1,34281.15
6071,2550,74,1,148.54
6072,2550,19,2,221.74
6073,2550,59,2,402.13
6074,2551,67,2,310.66
6075,2551,73,2,34990.41
6076,2551,40,2,1119.47
6077,2552,57,1,719.01
6078,2552,21,2,1028.72
6079,2552,54,2,7849.96
6080,2553,21,1,1028.72
6081,2553,99,2,1171.26
6082,2554,59,1,411.41
6083,2554,74,2,151.61
6084,2554,69,2,2099.22
6085,2554,67,2,345.7
6086,2555,33,2,439.06
6087,2555,21,1,1094.56
6088,2556,19,2,213.21
6089,2557,54,2,9105.96
6090,2557,74,1,148.54
6091,2557,67,2,338.69
6092,2558,99,1,1358.66
6093,2558,6,2,175.79
6094,2558,3,2,221.07
6095,2558,22,1,347.81
6096,2559,9,2,592.93
6097,2559,99,2,1433.63
6098,2559,57,2,793.79
6099,2559,59,1,473.27
6100,2560,22,2,347.81
6101,2560,6,2,175.79
6102,2560,40,2,1220.48
6103,2561,57,1,834.05
6104,2561,99,1,1358.66
6105,2561,63,2,173.99
6106,2561,54,2,9105.96
6107,2562,22,2,367.0
6108,2562,40,2,1287.82
6109,2562,54,1,9608.35
6110,2563,33,1,478.67
6111,2564,9,1,623.01
6112,2564,33,1,478.67
6113,2564,57,1,834.05
6114,2564,59,2,448.53
6115,2565,37,1,1179.55
6116,2565,33,1,505.08
6117,2566,21,2,1218.01
6118,2566,59,1,457.81
6119,2566,33,1,488.58
6120,2566,37,1,1141.01
6121,2567,37,2,1079.33
6122,2567,57,1,805.29
6123,2567,6,1,189.31
6124,2568,3,2,212.56
6125,2568,57,1,805.29
6126,2569,3,2,212.56
6127,2569,9,2,601.52
6128,2570,6,2,189.31
6129,2570,3,1,212.56
6130,2570,21,1,1152.17
6131,2571,9,1,635.9
6132,2571,6,1,200.13
6133,2571,33,1,488.58
6134,2572,33,1,488.58
6135,2572,3,1,251.67
6136,2573,76,2,221.16
6137,2573,70,2,238.38
6138,2573,50,1,214.94
6139,2574,58,2,17635.27
6140,2574,70,1,266.98
6141,2575,63,1,149.99
6142,2575,58,1,17635.27
6143,2576,12,2,344.47
6144,2576,100,2,846.52
6145,2577,17,1,15580.26
6146,2577,12,1,323.75
6147,2578,90,1,718.0
6148,2578,85,1,349.19
6149,2578,97,1,276.56
6150,2579,41,2,234.31
6151,2579,94,2,211.61
6152,2579,59,1,386.66
6153,2579,21,2,1152.17
6154,2580,100,1,827.42
6155,2580,12,2,375.55
6156,2580,63,1,155.99
6157,2581,90,2,792.67
6158,2581,94,1,259.01
6159,2582,59,2,426.88
6160,2582,52,1,224.06
6161,2582,50,2,237.29
6162,2582,85,1,385.5
6163,2583,50,1,237.29
6164,2583,90,1,878.83
6165,2583,12,2,396.27
6166,2584,87,1,31086.93
6167,2584,76,2,230.01
6168,2585,97,2,287.62
6169,2585,52,2,211.07
6170,2586,60,1,172.02
6171,2586,97,1,287.62
6172,2586,100,1,827.42
6173,2586,58,2,18340.69
6174,2587,55,2,255.29
6175,2587,50,1,223.53
6176,2587,100,1,827.42
6177,2587,52,2,211.07
6178,2588,58,2,19469.34
6179,2588,100,1,878.34
6180,2589,19,2,221.74
6181,2589,63,1,155.99
6182,2589,55,2,255.29
6183,2589,76,1,256.55
6184,2590,97,2,338.51
6185,2590,67,2,322.34
6186,2590,60,2,182.6
6187,2591,85,1,363.16
6188,2592,97,2,338.51
6189,2593,100,2,795.6
6190,2593,23,1,14618.6
6191,2593,63,1,149.99
6192,2594,94,1,250.55
6193,2594,50,1,228.69
6194,2594,19,2,226.86
6195,2595,41,2,277.43
6196,2595,63,2,159.59
6197,2595,55,1,260.57
6198,2596,76,2,247.7
6199,2596,23,1,14618.6
6200,2596,87,2,33478.23
6201,2597,60,1,185.25
6202,2597,17,2,17449.89
6203,2598,17,1,17449.89
6204,2598,52,1,227.3
6205,2598,100,1,795.6
6206,2599,97,1,320.81
6207,2600,41,2,286.8
6208,2601,60,1,191.86
6209,2602,6,1,206.89
6210,2602,63,2,183.58
6211,2602,23,2,17893.17
6212,2603,85,2,385.5
6213,2604,100,1,922.9
6214,2604,85,2,405.06
6215,2604,67,2,303.65
6216,2604,50,1,249.33
6217,2605,63,2,173.99
6218,2605,23,1,16957.58
6219,2605,50,1,249.33
6220,2606,85,1,405.06
6221,2606,100,2,922.9
6222,2607,67,2,357.38
6223,2608,67,2,345.7
6224,2609,67,2,345.7
6225,2610,82,2,153.31
6226,2610,39,2,38144.09
6227,2611,99,1,1293.07
6228,2612,82,2,171.0
6229,2613,40,1,1161.56
6230,2613,31,2,235.75
6231,2613,3,1,234.67
6232,2613,82,1,180.43
6233,2614,8,2,296.42
6234,2614,14,1,400.01
6235,2614,40,1,1094.22
6236,2614,31,2,222.08
6237,2615,27,2,16920.01
6238,2615,1,1,468.12
6239,2615,14,1,400.01
6240,2616,14,1,400.01
6241,2616,73,1,30734.82
6242,2616,31,1,247.7
6243,2617,1,2,496.92
6244,2617,73,2,32626.19
6245,2618,39,1,38144.09
6246,2618,40,1,1094.22
6247,2618,82,2,171.0
6248,2619,25,1,15312.76
6249,2619,3,2,234.67
6250,2619,31,2,261.37
6251,2619,39,2,40491.42
6252,2620,73,1,30734.82
6253,2620,82,1,171.0
6254,2620,40,2,1094.22
6255,2621,14,2,400.01
6256,2621,36,2,127.77
6257,2621,31,2,247.7
6258,2622,27,1,16920.01
6259,2622,8,1,296.42
6260,2623,36,2,130.42
6261,2623,27,2,17310.47
6262,2623,93,1,354.56
6263,2623,99,2,1246.22
6264,2624,27,1,17310.47
6265,2624,14,1,455.4
6266,2624,1,2,478.92
6267,2624,40,2,1119.47
6268,2625,14,2,430.78
6269,2626,99,2,1311.81
6270,2626,39,1,36677.01
6271,2626,27,2,18221.55
6272,2627,14,2,430.78
6273,2627,99,2,1311.81
6274,2628,3,1,212.56
6275,2628,1,2,450.11
6276,2629,1,2,450.11
6277,2629,73,1,29552.71
6278,2629,93,2,333.24
6279,2630,3,1,212.56
6280,2631,3,2,226.17
6281,2631,39,1,39024.34
6282,2631,1,2,478.92
6283,2631,27,2,19262.78
6284,2632,73,2,30734.82
6285,2632,99,2,1358.66
6286,2632,93,1,346.57
6287,2633,73,2,34281.15
6288,2633,3,2,221.07
6289,2633,39,1,38144.09
6290,2634,73,1,34281.15
6291,2634,3,2,246.57
6292,2634,40,1,1094.22
6293,2635,39,1,38144.09
6294,2635,73,1,34281.15
6295,2636,40,2,1287.82
6296,2636,73,2,36172.52
6297,2637,3,1,246.57
6298,2637,73,1,34281.15
6299,2638,3,1,260.18
6300,2638,1,2,550.94
6301,2639,1,1,522.13
6302,2639,39,2,42545.33
6303,2639,93,1,386.56
6304,2639,3,2,246.57
6305,2640,93,2,386.56
6306,2640,40,1,1220.48
6307,2640,39,2,42545.33
6308,2641,40,1,1220.48
6309,2642,82,2,162.74
6310,2642,10,1,247.17
6311,2642,64,1,407.29
6312,2642,87,1,32999.97
6313,2643,18,1,303.75
6314,2643,1,1,496.92
6315,2643,74,2,141.37
6316,2643,82,2,162.74
6317,2644,28,1,351.21
6318,2644,64,1,407.29
6319,2644,74,2,141.37
6320,2644,100,1,878.34
6321,2645,97,1,338.51
6322,2645,87,1,32999.97
6323,2646,100,1,878.34
6324,2646,74,1,141.37
6325,2646,1,1,550.94
6326,2646,64,1,407.29
6327,2647,64,2,407.29
6328,2648,74,1,133.17
6329,2649,74,1,133.17
6330,2649,97,2,320.81
6331,2650,82,2,153.31
6332,2650,97,2,320.81
6333,2650,17,2,16203.47
6334,2651,1,2,550.94
6335,2651,82,2,162.74
6336,2652,1,1,550.94
6337,2652,100,1,878.34
6338,2652,64,2,407.29
6339,2653,28,2,338.49
6340,2653,74,2,136.25
6341,2653,53,2,902.9
6342,2654,87,1,29891.28
6343,2654,10,1,223.89
6344,2655,18,1,275.14
6345,2655,74,1,143.42
6346,2655,100,2,795.6
6347,2655,53,1,848.59
6348,2656,87,2,29891.28
6349,2656,10,1,223.89
6350,2657,64,2,413.2
6351,2657,10,2,223.89
6352,2657,100,2,891.07
6353,2657,17,1,17449.89
6354,2658,74,2,151.61
6355,2658,100,1,941.99
6356,2658,53,1,1004.73
6357,2659,28,1,318.12
6358,2659,53,2,950.42
6359,2659,100,1,891.07
6360,2659,82,1,165.1
6361,2660,53,2,950.42
6362,2660,10,2,250.75
6363,2660,17,1,17449.89
6364,2660,64,2,413.2
6365,2661,53,2,950.42
6366,2661,28,1,356.3
6367,2662,74,1,143.42
6368,2663,87,1,29891.28
6369,2663,64,2,413.2
6370,2663,17,2,17449.89
6371,2664,10,1,259.71
6372,2665,74,1,156.73
6373,2665,82,1,180.43
6374,2665,100,1,973.81
6375,2666,74,1,156.73
6376,2666,87,2,32999.97
6377,2666,53,2,1038.67
6378,2667,74,1,156.73
6379,2668,17,1,18073.1
6380,2668,18,1,319.16
6381,2668,10,2,259.71
6382,2668,87,1,34673.88
6383,2669,28,1,369.02
6384,2669,87,2,34673.88
6385,2670,28,1,369.02
6386,2670,18,1,319.16
6387,2670,87,1,34673.88
6388,2671,18,1,319.16
6389,2672,58,2,19469.34
6390,2672,83,2,8608.36
6391,2672,99,1,1293.07
6392,2673,7,2,199.67
6393,2673,67,2,303.65
6394,2673,63,1,155.99
6395,2674,99,2,1218.11
6396,2674,45,2,65.25
6397,2674,7,1,199.67
6398,2674,88,1,34242.29
6399,2675,79,2,222.94
6400,2675,63,1,149.99
6401,2676,5,1,188.96
6402,2676,40,2,1178.39
6403,2676,84,1,329.11
6404,2677,88,1,32925.28
6405,2677,63,2,149.99
6406,2677,99,2,1171.26
6407,2678,79,1,237.21
6408,2678,29,2,1094.52
6409,2679,29,1,1028.69
6410,2679,90,1,718.0
6411,2680,88,1,38983.53
6412,2680,90,2,763.95
6413,2680,3,1,226.17
6414,2680,64,2,392.54
6415,2681,63,2,149.99
6416,2681,3,2,212.56
6417,2682,77,2,191.83
6418,2683,7,2,215.03
6419,2684,5,1,199.76
6420,2684,29,2,1094.52
6421,2684,90,2,763.95
6422,2685,88,1,36876.31
6423,2685,64,2,368.92
6424,2685,3,1,238.07
6425,2685,90,2,718.0
6426,2686,79,2,237.21
6427,2686,7,2,227.31
6428,2687,40,1,1178.39
6429,2687,55,1,246.48
6430,2687,3,1,238.07
6431,2688,29,2,1028.69
6432,2689,79,1,222.94
6433,2690,63,2,149.99
6434,2690,29,1,1028.69
6435,2691,40,1,1245.73
6436,2691,3,1,251.67
6437,2691,77,2,204.1
6438,2691,79,1,237.21
6439,2692,67,1,303.65
6440,2693,84,2,342.28
6441,2693,99,1,1218.11
6442,2693,64,1,383.68
6443,2694,83,2,8608.36
6444,2694,79,1,272.88
6445,2694,90,1,878.83
6446,2694,63,1,165.59
6447,2695,3,2,246.57
6448,2695,67,1,303.65
6449,2695,79,2,258.61
6450,2695,77,2,199.5
6451,2696,90,1,832.88
6452,2696,77,1,199.5
6453,2696,29,2,1193.28
6454,2696,45,1,72.78
6455,2697,45,2,72.78
6456,2697,29,1,1193.28
6457,2697,99,2,1358.66
6458,2698,67,2,291.98
6459,2698,77,1,191.83
6460,2698,84,2,368.61
6461,2699,77,2,191.83
6462,2700,45,2,74.28
6463,2700,77,2,227.12
6464,2701,84,1,368.61
6465,2702,83,1,9045.01
6466,2702,67,1,338.69
6467,2702,77,2,222.52
6468,2703,40,1,1052.14
6469,2703,2,1,217.94
6470,2703,98,2,383.7
6471,2703,11,2,168.38
6472,2704,88,2,32925.28
6473,2704,98,1,383.7
6474,2704,2,1,217.94
6475,2704,11,2,168.38
6476,2705,98,1,383.7
6477,2705,40,2,1052.14
6478,2705,88,2,32925.28
6479,2705,11,2,168.38
6480,2706,11,1,179.15
6481,2707,11,2,168.38
6482,2707,76,1,221.16
6483,2707,74,1,128.05
6484,2708,11,2,179.15
6485,2709,76,1,235.32
6486,2709,98,2,408.26
6487,2709,26,2,228.39
6488,2710,4,2,359.14
6489,2710,2,2,244.09
6490,2711,14,1,384.62
6491,2712,2,1,244.09
6492,2712,14,2,384.62
6493,2712,40,2,1178.39
6494,2712,11,1,168.38
6495,2713,76,2,256.55
6496,2713,11,1,195.31
6497,2714,76,1,270.7
6498,2714,64,1,451.56
6499,2715,26,1,262.73
6500,2715,74,2,141.37
6501,2715,4,2,439.58
6502,2715,88,1,40300.54
6503,2716,26,2,248.99
6504,2716,71,2,436.8
6505,2716,64,2,427.95
6506,2717,64,2,427.95
6507,2717,71,1,436.8
6508,2717,14,2,400.01
6509,2718,14,2,430.78
6510,2718,74,2,143.42
6511,2719,22,1,319.03
6512,2720,68,1,8972.8
6513,2720,21,1,1028.72
6514,2720,15,1,168.91
6515,2721,86,1,35934.15
6516,2722,98,1,408.26
6517,2722,49,1,454.49
6518,2723,49,2,427.15
6519,2724,21,1,1094.56
6520,2724,12,1,344.47
6521,2724,39,1,39024.34
6522,2725,54,2,8163.96
6523,2726,17,2,16203.47
6524,2726,22,1,311.83
6525,2726,27,1,16920.01
6526,2726,49,1,444.24
6527,2727,54,2,8666.36
6528,2727,49,1,471.57
6529,2727,86,2,37285.06
6530,2727,17,1,17200.61
6531,2728,39,1,40491.42
6532,2728,17,1,17200.61
6533,2729,12,2,357.42
6534,2729,43,1,499.1
6535,2730,19,2,247.33
6536,2731,7,1,222.71
6537,2731,49,2,444.24
6538,2731,60,2,172.02
6539,2732,67,2,357.38
6540,2732,19,1,260.97
6541,2732,54,1,8666.36
6542,2732,7,2,234.99
6543,2733,17,1,16203.47
6544,2733,22,2,311.83
6545,2733,67,1,338.69
6546,2734,19,2,247.33
6547,2734,22,1,347.81
6548,2734,1,1,522.13
6549,2734,7,1,222.71
6550,2735,43,1,499.1
6551,2736,60,2,172.02
6552,2736,27,1,16920.01
6553,2736,54,2,8163.96
6554,2737,39,2,42545.33
6555,2737,15,1,175.67
6556,2737,17,2,16203.47
6557,2737,27,1,16920.01
6558,2738,12,1,357.42
6559,2738,39,1,44892.66
6560,2738,43,1,499.1
6561,2739,86,2,35123.61
6562,2739,21,1,1193.32
6563,2739,98,2,445.09
6564,2739,49,2,444.24
6565,2740,68,1,8972.8
6566,2741,17,1,18447.03
6567,2741,60,1,195.83
6568,2741,68,2,9547.06
6569,2742,27,2,17310.47
6570,2743,60,2,185.25
6571,2744,86,1,33772.7
6572,2744,27,2,16269.24
6573,2744,21,1,1152.17
6574,2745,68,2,8972.8
6575,2745,15,2,168.91
6576,2745,60,2,185.25
6577,2746,49,2,478.41
6578,2747,12,1,362.6
6579,2747,27,2,16269.24
6580,2747,15,2,168.91
6581,2748,43,2,506.34
6582,2749,15,1,195.94
6583,2749,29,1,1069.84
6584,2749,43,1,524.42
6585,2749,12,2,375.55
6586,2750,86,1,39176.33
6587,2750,27,1,18872.32
6588,2750,68,2,10408.45
6589,2750,15,1,195.94
6590,2751,15,1,195.94
6591,2751,86,1,39176.33
6592,2752,29,1,1259.11
6593,2752,86,1,41337.78
6594,2753,29,1,1193.28
6595,2754,55,1,234.16
6596,2754,81,1,462.59
6597,2755,16,1,370.6
6598,2755,51,2,1453.93
6599,2755,87,2,29891.28
6600,2755,57,2,719.01
6601,2756,55,1,228.88
6602,2757,51,2,1588.94
6603,2757,16,2,409.14
6604,2757,49,1,471.57
6605,2757,81,1,479.98
6606,2758,87,2,31086.93
6607,2758,67,2,303.65
6608,2759,46,2,367.16
6609,2760,80,1,1737.61
6610,2761,58,2,19469.34
6611,2761,67,2,322.34
6612,2762,80,1,1737.61
6613,2762,1,1,496.92
6614,2762,81,2,479.98
6615,2763,43,2,470.17
6616,2763,46,2,367.16
6617,2763,94,1,220.08
6618,2763,65,2,16058.97
6619,2764,81,1,452.15
6620,2764,80,2,1636.88
6621,2764,72,1,402.56
6622,2764,58,1,18340.69
6623,2765,72,2,402.56
6624,2766,78,1,14271.22
6625,2767,31,1,213.54
6626,2767,51,1,1453.93
6627,2768,46,1,395.4
6628,2768,43,2,452.09
6629,2768,58,2,19751.51
6630,2768,24,2,64.42
6631,2769,31,2,252.83
6632,2769,65,1,16429.56
6633,2769,16,2,394.32
6634,2769,46,1,418.0
6635,2770,51,1,1453.93
6636,2770,72,1,433.52
6637,2770,46,2,395.4
6638,2771,51,2,1453.93
6639,2771,50,2,214.94
6640,2771,43,1,452.09
6641,2772,49,1,505.75
6642,2772,31,1,252.83
6643,2773,31,2,239.16
6644,2773,73,1,29552.71
6645,2773,65,2,15441.31
6646,2773,78,1,13779.11
6647,2774,72,1,458.3
6648,2775,81,2,462.59
6649,2775,50,2,228.69
6650,2775,73,1,31444.09
6651,2775,58,1,20880.17
6652,2776,1,1,450.11
6653,2776,55,2,246.48
6654,2777,58,1,19751.51
6655,2778,80,1,1573.93
6656,2778,72,1,433.52
6657,2778,81,2,434.76
6658,2779,38,1,250.82
6659,2780,72,1,433.52
6660,2781,65,1,16429.56
6661,2782,50,2,228.69
6662,2782,94,1,225.16
6663,2782,87,1,35391.27
6664,2783,65,1,15441.31
6665,2783,76,2,247.7
6666,2783,81,1,486.93
6667,2784,94,1,233.62
6668,2785,31,1,261.37
6669,2785,87,1,36586.92
6670,2786,24,1,67.0
6671,2787,94,1,233.62
6672,2787,50,1,237.29
6673,2787,38,1,274.11
6674,2787,72,1,473.78
6675,2788,38,1,259.78
6676,2788,81,1,504.32
6677,2788,16,1,429.9
6678,2788,87,1,34673.88
6679,2789,94,2,220.08
6680,2789,16,2,429.9
6681,2790,1,2,550.94
6682,2791,73,1,36172.52
6683,2791,81,1,532.15
6684,2792,43,1,470.17
6685,2792,50,1,223.53
6686,2793,80,2,1825.75
6687,2794,65,1,18900.17
6688,2794,55,1,269.37
6689,2794,1,1,550.94
6690,2794,87,1,36586.92
6691,2795,81,1,532.15
6692,2796,94,2,245.47
6693,2796,1,1,522.13
6694,2797,80,2,1825.75
6695,2797,81,2,504.32
6696,2798,73,2,34281.15
6697,2798,43,1,524.42
6698,2799,50,1,249.33
6699,2799,80,2,1825.75
6700,2799,73,2,34281.15
6701,2799,65,2,17911.92
6702,2800,65,1,18900.17
6703,2800,50,2,263.08
6704,2800,24,2,78.86
6705,2801,24,1,78.86
6706,2802,50,1,249.33
6707,2803,4,2,396.49
6708,2803,93,1,367.89
6709,2803,15,1,186.48
6710,2803,84,2,363.34
6711,2804,34,1,714.4
6712,2804,84,2,363.34
6713,2804,57,1,793.79
6714,2804,27,2,19913.55
6715,2805,21,1,1069.87
6716,2806,79,2,272.88
6717,2806,89,1,245.27
6718,2806,21,1,1135.71
6719,2806,84,1,363.34
6720,2807,57,2,747.77
6721,2807,56,2,296.55
6722,2807,76,1,230.01
6723,2807,70,1,247.91
6724,2808,50,2,237.29
6725,2808,76,2,244.16
6726,2809,45,1,65.25
6727,2809,19,1,221.74
6728,2809,89,1,231.05
6729,2809,57,2,747.77
6730,2810,76,2,244.16
6731,2811,45,2,65.25
6732,2811,21,2,1069.87
6733,2812,27,1,18872.32
6734,2812,79,1,258.61
6735,2812,76,2,230.01
6736,2813,57,1,719.01
6737,2813,79,1,249.69
6738,2814,27,2,18221.55
6739,2815,27,2,18221.55
6740,2816,19,1,226.86
6741,2816,76,1,235.32
6742,2816,68,2,10623.8
6743,2817,45,2,66.75
6744,2817,57,1,851.31
6745,2817,84,1,350.18
6746,2818,93,1,394.55
6747,2818,76,1,235.32
6748,2819,70,1,291.77
6749,2820,15,2,195.94
6750,2820,30,1,347.04
6751,2820,3,2,246.57
6752,2820,50,2,223.53
6753,2821,49,2,471.57
6754,2821,76,1,244.16
6755,2821,4,2,439.58
6756,2822,14,1,470.78
6757,2823,14,1,446.16
6758,2823,50,1,223.53
6759,2823,21,2,1069.87
6760,2823,84,1,381.77
6761,2824,76,2,256.55
6762,2824,93,1,386.56
6763,2824,70,1,276.51
6764,2824,49,2,495.49
6765,2825,50,2,237.29
6766,2825,30,1,408.43
6767,2825,93,1,407.88
6768,2825,45,2,69.26
6769,2826,49,1,495.49
6770,2827,89,2,236.38
6771,2828,34,2,766.17
6772,2828,21,1,1218.01
6773,2828,30,2,395.09
6774,2828,45,1,74.28
6775,2829,50,1,240.73
6776,2830,34,1,724.75
6777,2831,89,1,263.04
6778,2832,100,2,878.34
6779,2832,77,2,211.77
6780,2832,12,2,357.42
6781,2832,80,1,1737.61
6782,2833,34,1,714.4
6783,2834,100,1,827.42
6784,2834,34,2,672.98
6785,2835,25,1,13010.84
6786,2836,73,1,31444.09
6787,2837,12,1,323.75
6788,2838,80,1,1573.93
6789,2838,100,2,795.6
6790,2838,42,1,22147.82
6791,2838,25,2,12510.42
6792,2839,100,2,846.52
6793,2839,34,2,766.17
6794,2840,77,1,214.84
6795,2840,42,2,22147.82
6796,2840,25,2,12510.42
6797,2841,73,2,29552.71
6798,2841,12,2,362.6
6799,2842,42,1,23565.29
6800,2843,12,2,362.6
6801,2843,25,1,12510.42
6802,2844,73,2,31444.09
6803,2845,73,1,31444.09
6804,2845,34,2,766.17
6805,2845,42,2,23565.29
6806,2846,100,1,846.52
6807,2847,12,2,383.32
6808,2847,38,1,265.16
6809,2847,73,2,31444.09
6810,2848,42,2,26223.02
6811,2848,100,1,846.52
6812,2848,34,2,766.17
6813,2848,25,1,14812.34
6814,2849,80,2,1863.53
6815,2850,80,2,1825.75
6816,2850,25,1,14512.09
6817,2850,100,1,922.9
6818,2851,42,1,27108.94
6819,2851,25,1,15312.76
6820,2851,68,2,10982.71
6821,2851,80,2,1926.48
6822,2852,80,1,1825.75
6823,2853,100,2,922.9
6824,2854,100,1,922.9
6825,2854,68,1,10408.45
6826,2855,68,1,10982.71
6827,2856,68,1,10408.45
6828,2857,7,2,204.27
6829,2858,5,1,168.71
6830,2858,20,1,14427.7
6831,2859,79,1,222.94
6832,2859,96,2,324.95
6833,2860,31,2,227.2
6834,2860,1,1,478.92
6835,2861,1,1,478.92
6836,2862,42,1,23565.29
6837,2862,55,1,234.16
6838,2863,48,2,338.05
6839,2864,7,1,204.27
6840,2865,1,1,450.11
6841,2866,94,1,250.55
6842,2866,75,2,449.79
6843,2866,96,2,384.74
6844,2867,75,1,422.74
6845,2867,55,1,220.07
6846,2867,54,1,7849.96
6847,2867,94,2,237.01
6848,2868,31,1,213.54
6849,2869,20,2,14427.7
6850,2870,31,2,235.75
6851,2871,1,2,468.12
6852,2872,54,1,8163.96
6853,2872,20,1,15004.81
6854,2872,34,2,750.64
6855,2872,79,1,258.61
6856,2873,5,1,186.26
6857,2873,31,1,235.75
6858,2873,96,1,397.74
6859,2873,42,2,24451.2
6860,2874,42,2,23033.74
6861,2875,96,1,376.94
6862,2875,1,2,522.13
6863,2876,42,2,27108.94
6864,2877,48,2,392.14
6865,2877,1,2,522.13
6866,2877,5,2,195.71
6867,2878,5,1,206.5
6868,2878,48,1,413.77
6869,2879,7,1,215.03
6870,2879,5,2,188.96
6871,2879,54,2,8791.96
6872,2879,42,1,24805.56
6873,2880,79,2,249.69
6874,2880,48,1,378.62
6875,2881,55,1,260.57
6876,2881,20,1,17082.4
6877,2882,54,2,9294.36
6878,2882,75,2,500.52
6879,2882,55,1,260.57
6880,2882,79,1,263.96
6881,2883,5,1,188.96
6882,2884,75,2,473.47
6883,2885,26,2,214.65
6884,2885,30,1,333.69
6885,2886,94,1,225.16
6886,2886,33,2,488.58
6887,2887,92,2,27057.02
6888,2887,72,1,387.08
6889,2887,41,2,234.31
6890,2888,82,2,153.31
6891,2888,70,2,247.91
6892,2888,5,2,195.71
6893,2888,26,2,223.24
6894,2889,33,1,505.08
6895,2889,90,1,792.67
6896,2889,6,1,186.6
6897,2889,52,2,224.06
6898,2890,82,1,153.31
6899,2890,6,1,175.79
6900,2890,34,2,672.98
6901,2891,82,1,153.31
6902,2892,82,2,153.31
6903,2892,90,1,746.72
6904,2892,72,1,402.56
6905,2893,71,2,415.71
6906,2893,20,1,15928.18
6907,2893,30,2,368.39
6908,2894,26,2,248.99
6909,2894,90,1,746.72
6910,2894,94,1,220.08
6911,2895,41,1,243.69
6912,2895,95,2,21766.35
6913,2896,6,2,175.79
6914,2897,64,1,383.68
6915,2898,26,1,248.99
6916,2899,14,1,446.16
6917,2899,26,1,248.99
6918,2899,52,2,235.42
6919,2900,41,1,262.43
6920,2900,76,1,221.16
6921,2900,64,1,368.92
6922,2901,82,2,174.54
6923,2901,94,1,225.16
6924,2901,64,2,392.54
6925,2901,2,1,231.89
6926,2902,63,1,149.99
6927,2902,26,1,240.41
6928,2903,95,2,20929.19
6929,2903,20,2,14427.7
6930,2904,41,2,277.43
6931,2904,76,1,235.32
6932,2904,73,2,31444.09
6933,2905,94,1,211.61
6934,2906,6,2,179.84
6935,2907,53,2,848.59
6936,2907,30,1,333.69
6937,2907,63,1,149.99
6938,2908,94,1,225.16
6939,2908,90,1,850.11
6940,2908,76,2,235.32
6941,2909,52,2,240.29
6942,2910,95,1,22268.66
6943,2911,70,2,276.51
6944,2912,6,2,206.89
6945,2912,20,1,17659.5
6946,2912,71,1,460.9
6947,2912,94,1,233.62
6948,2913,34,1,672.98
6949,2913,6,1,196.07
6950,2913,73,2,34281.15
6951,2913,71,1,436.8
6952,2914,82,1,171.0
6953,2914,94,2,245.47
6954,2915,95,2,21766.35
6955,2915,64,1,427.95
6956,2915,94,2,245.47
6957,2915,14,1,446.16
6958,2916,30,1,387.08
6959,2916,63,1,155.99
6960,2917,20,1,17659.5
6961,2917,73,1,36172.52
6962,2918,34,1,792.05
6963,2918,73,1,36172.52
6964,2918,64,2,451.56
6965,2918,72,2,473.78
6966,2919,95,1,24277.86
6967,2919,82,2,171.0
6968,2919,34,2,750.64
6969,2919,20,1,16736.13
6970,2920,30,2,408.43
6971,2920,92,1,33117.8
6972,2921,2,1,231.89
6973,2921,73,2,34990.41
6974,2922,30,2,373.73
6975,2922,63,2,167.99
6976,2923,30,1,373.73
6977,2923,53,1,950.42
6978,2924,92,1,32035.52
6979,2924,76,2,235.32
6980,2924,2,1,231.89
6981,2924,63,1,177.59
6982,2925,92,1,30303.87
6983,2925,63,1,167.99
6984,2925,72,2,433.52
6985,2925,30,1,373.73
6986,2926,76,2,261.86
6987,2927,64,2,413.2
6988,2928,34,1,766.17
6989,2928,2,2,231.89
6990,2928,76,1,261.86
6991,2928,63,1,177.59
6992,2929,76,1,261.86
6993,2929,98,2,408.26
6994,2930,54,1,8352.36
6995,2930,59,1,411.41
6996,2930,86,1,35934.15
6997,2930,45,2,66.75
6998,2931,94,2,225.16
6999,2931,82,1,156.85
7000,2932,21,1,1069.87
7001,2932,8,2,265.76
7002,2932,64,1,383.68
7003,2933,58,2,21585.58
7004,2933,91,1,314.78
7005,2933,97,1,305.32
7006,2934,95,2,21766.35
7007,2934,2,1,226.66
7008,2935,54,2,8666.36
7009,2935,59,2,426.88
7010,2935,94,1,233.62
7011,2935,82,1,162.74
7012,2936,54,1,8163.96
7013,2936,72,1,402.56
7014,2937,97,1,305.32
7015,2937,2,1,266.76
7016,2937,89,2,245.27
7017,2937,58,2,21585.58
7018,2938,47,1,576.56
7019,2939,72,2,427.33
7020,2939,82,2,180.43
7021,2940,2,2,266.76
7022,2941,97,1,276.56
7023,2941,8,1,255.54
7024,2941,29,1,1028.69
7025,2942,89,2,248.82
7026,2942,72,2,433.52
7027,2942,59,1,386.66
7028,2942,78,1,12302.77
7029,2943,8,1,271.89
7030,2944,3,1,212.56
7031,2944,91,2,285.12
7032,2945,91,2,303.37
7033,2945,88,2,38983.53
7034,2945,37,2,1025.36
7035,2946,2,1,244.09
7036,2946,37,1,1079.33
7037,2946,97,2,276.56
7038,2947,97,2,294.26
7039,2947,88,1,38983.53
7040,2948,45,2,66.75
7041,2949,64,1,413.2
7042,2949,99,1,1311.81
7043,2949,95,2,20929.19
7044,2949,47,2,554.39
7045,2950,3,1,221.07
7046,2950,59,1,402.13
7047,2951,94,2,220.08
7048,2951,88,2,38193.32
7049,2951,2,1,252.81
7050,2951,3,1,221.07
7051,2952,64,1,427.95
7052,2953,72,1,449.01
7053,2954,48,1,351.57
7054,2955,89,1,271.93
7055,2955,29,2,1135.67
7056,2956,95,2,23105.82
7057,2957,59,1,402.13
7058,2957,64,2,427.95
7059,2957,29,1,1193.28
7060,2958,48,2,413.77
7061,2958,3,1,234.67
7062,2958,13,1,270.08
7063,2958,45,2,76.79
7064,2959,91,2,330.75
7065,2959,21,1,1193.32
7066,2960,97,1,338.51
7067,2961,78,1,15058.6
7068,2961,54,1,8666.36
7069,2961,98,1,469.65
7070,2961,3,1,234.67
7071,2962,54,1,8666.36
7072,2962,91,1,348.99
7073,2962,3,1,234.67
7074,2962,64,1,451.56
7075,2963,29,1,1259.11
7076,2963,21,1,1259.16
7077,2963,59,1,473.27
7078,2963,45,1,76.79
7079,2964,13,1,260.29
7080,2965,45,1,74.28
7081,2966,47,1,554.39
7082,2967,97,1,327.45
7083,2967,95,1,24780.16
7084,2967,8,1,302.56
7085,2967,21,1,1218.01
7086,2968,86,1,39986.88
7087,2968,47,1,589.87
7088,2968,21,1,1218.01
7089,2968,54,2,8352.36
7090,2969,94,2,250.55
7091,2969,47,1,589.87
7092,2970,13,1,273.99
7093,2970,47,2,620.91
7094,2971,13,1,273.99
7095,2972,94,2,245.47
7096,2972,28,2,330.85
7097,2973,20,1,15004.81
7098,2974,63,2,155.99
7099,2975,80,1,1636.88
7100,2976,86,2,41337.78
7101,2976,30,2,368.39
7102,2977,28,2,330.85
7103,2977,76,1,230.01
7104,2977,80,1,1636.88
7105,2977,30,1,347.04
7106,2978,94,1,245.47
7107,2979,47,1,678.57
7108,2979,64,1,407.29
7109,2979,53,1,936.84
7110,2979,99,2,1293.07
7111,2980,51,1,1350.08
7112,2981,99,1,1218.11
7113,2981,63,2,155.99
7114,2982,80,2,1636.88
7115,2982,93,1,346.57
7116,2983,32,1,211.5
7117,2983,64,1,383.68
7118,2984,75,1,466.7
7119,2984,38,1,247.24
7120,2985,54,2,9105.96
7121,2985,75,2,439.65
7122,2985,85,1,363.16
7123,2985,80,1,1636.88
7124,2986,20,2,14427.7
7125,2986,93,1,333.24
7126,2986,14,1,384.62
7127,2987,30,2,333.69
7128,2987,38,2,223.95
7129,2987,54,1,8791.96
7130,2988,3,1,251.67
7131,2988,93,2,354.56
7132,2988,14,2,409.24
7133,2988,89,2,263.04
7134,2989,8,1,271.89
7135,2989,80,1,1674.66
7136,2989,30,1,355.04
7137,2990,30,2,355.04
7138,2990,8,1,271.89
7139,2991,85,2,371.54
7140,2992,63,2,159.59
7141,2993,80,2,1573.93
7142,2994,99,2,1246.22
7143,2995,77,2,191.83
7144,2995,80,2,1762.8
7145,2995,28,2,356.3
7146,2995,67,1,291.98
7147,2996,32,1,227.77
7148,2996,64,2,368.92
7149,2996,93,2,333.24
7150,2996,28,2,356.3
7151,2997,75,2,473.47
7152,2997,53,2,848.59
7153,2997,8,1,255.54
7154,2997,14,2,384.62
7155,2998,63,2,155.99
7156,2999,80,1,1926.48
7157,2999,30,1,368.39
7158,2999,77,1,211.77
7159,2999,10,2,247.17
7160,3000,85,1,385.5
7161,3000,77,2,211.77
7162,3000,28,2,389.38
7163,3000,93,2,367.89
7164,3001,53,2,984.36
7165,3001,80,1,1825.75
7166,3002,64,2,407.29
7167,3002,67,1,322.34
7168,3002,38,1,247.24
7169,3003,30,2,387.08
7170,3004,51,2,1350.08
7171,3004,80,2,1825.75
7172,3004,20,2,15004.81
7173,3005,85,1,363.16
7174,3005,64,2,427.95
7175,3006,67,2,291.98
7176,3006,10,1,223.89
7177,3007,64,1,413.2
7178,3008,14,2,384.62
7179,3008,77,2,191.83
7180,3009,67,1,291.98
7181,3009,38,1,223.95
7182,3010,85,2,371.54
7183,3010,63,2,159.59
7184,3010,51,1,1381.23
7185,3010,20,1,15351.07
7186,3011,63,1,149.99
7187,3012,20,1,17082.4
7188,3013,85,1,413.44
7189,3014,99,1,1386.77
7190,3014,38,1,265.16
7191,3015,56,1,272.01
7192,3016,40,2,1052.14
7193,3016,89,1,222.16
7194,3016,98,1,383.7
7195,3017,85,1,391.09
7196,3017,13,1,244.64
7197,3017,99,1,1171.26
7198,3017,64,2,368.92
7199,3018,30,2,395.09
7200,3018,99,1,1246.22
7201,3019,14,2,400.01
7202,3019,13,1,254.42
7203,3019,67,2,303.65
7204,3020,63,1,155.99
7205,3020,5,2,175.46
7206,3021,51,1,1588.94
7207,3021,63,2,165.59
7208,3021,38,1,274.11
7209,3021,74,1,141.37
7210,3022,50,2,237.29
7211,3023,23,1,16138.93
7212,3023,22,1,331.02
7213,3023,10,2,274.04
7214,3024,74,2,133.17
7215,3024,56,2,265.88
7216,3024,5,1,195.71
7217,3024,64,2,427.95
7218,3025,63,2,155.99
7219,3026,74,2,133.17
7220,3026,30,1,387.08
7221,3026,5,1,195.71
7222,3026,98,1,399.05
7223,3027,98,2,423.6
7224,3028,5,1,195.71
7225,3028,50,2,223.53
7226,3028,63,1,155.99
7227,3029,13,2,244.64
7228,3029,51,1,1453.93
7229,3029,56,1,255.65
7230,3030,98,2,383.7
7231,3031,93,2,373.23
7232,3031,99,2,1171.26
7233,3031,34,1,647.1
7234,3031,38,2,250.82
7235,3032,22,2,299.84
7236,3033,99,1,1171.26
7237,3033,98,2,383.7
7238,3033,22,2,299.84
7239,3034,20,2,17082.4
7240,3034,56,2,272.01
7241,3034,67,1,310.66
7242,3035,63,1,149.99
7243,3035,5,2,188.96
7244,3035,98,1,383.7
7245,3036,13,1,273.99
7246,3036,20,1,16159.02
7247,3037,23,1,16138.93
7248,3037,63,2,165.59
7249,3037,13,1,299.44
7250,3038,23,2,15203.34
7251,3038,56,1,296.55
7252,3038,67,1,303.65
7253,3038,14,2,446.16
7254,3039,35,1,272.65
7255,3040,89,2,271.93
7256,3040,14,1,470.78
7257,3040,40,2,1161.56
7258,3041,19,2,247.33
7259,3041,40,2,1094.22
7260,3042,74,2,148.54
7261,3043,19,2,247.33
7262,3043,67,1,303.65
7263,3043,23,1,15203.34
7264,3043,99,1,1218.11
7265,3044,22,2,347.81
7266,3045,98,2,399.05
7267,3045,13,2,283.78
7268,3046,63,2,149.99
7269,3046,40,1,1052.14
7270,3047,50,2,254.49
7271,3047,19,2,252.44
7272,3047,67,1,345.7
7273,3048,50,1,240.73
7274,3048,23,2,16372.83
7275,3048,19,2,238.8
7276,3049,63,1,167.99
7277,3049,67,2,327.01
7278,3050,40,2,1178.39
7279,3050,50,1,240.73
7280,3050,99,1,1171.26
7281,3050,98,2,429.74
7282,3051,99,2,1171.26
7283,3052,40,2,1245.73
7284,3052,99,2,1246.22
7285,3052,63,2,177.59
7286,3053,40,2,1245.73
7287,3053,99,2,1386.77
7288,3054,40,1,1178.39
7289,3054,99,1,1311.81
7290,3055,99,1,1386.77
7291,3056,75,1,439.65
7292,3057,7,2,211.95
7293,3058,14,2,400.01
7294,3058,98,2,399.05
7295,3058,51,2,1350.08
7296,3059,14,2,400.01
7297,3059,9,1,558.56
7298,3059,98,2,399.05
7299,3059,37,2,1117.88
7300,3060,98,2,399.05
7301,3061,38,1,232.91
7302,3061,26,1,248.99
7303,3061,14,1,446.16
7304,3062,20,2,15004.81
7305,3062,98,1,399.05
7306,3063,25,1,13811.51
7307,3063,75,2,466.7
7308,3063,51,2,1433.16
7309,3063,57,1,880.07
7310,3064,9,1,537.08
7311,3064,57,2,805.29
7312,3064,93,2,333.24
7313,3064,14,1,430.78
7314,3065,37,2,1079.33
7315,3065,9,2,537.08
7316,3065,74,1,128.05
7317,3065,84,1,329.11
7318,3066,64,2,392.54
7319,3066,25,2,13311.09
7320,3066,84,1,350.18
7321,3066,37,1,1141.01
7322,3067,95,2,20929.19
7323,3067,25,1,12510.42
7324,3068,38,1,223.95
7325,3069,46,1,389.75
7326,3069,64,2,407.29
7327,3069,95,2,23105.82
7328,3070,16,1,453.61
7329,3071,25,1,13811.51
7330,3071,75,2,517.43
7331,3072,75,2,490.38
7332,3072,46,1,409.52
7333,3072,95,2,21766.35
7334,3073,74,1,141.37
7335,3073,98,1,423.6
7336,3073,51,1,1433.16
7337,3073,20,1,17659.5
7338,3074,20,1,17659.5
7339,3074,99,1,1433.63
7340,3074,64,1,407.29
7341,3074,74,1,141.37
7342,3075,25,2,15312.76
7343,3076,64,2,383.68
7344,3076,16,2,429.9
7345,3076,38,1,232.91
7346,3077,16,2,453.61
7347,3077,64,1,407.29
7348,3077,20,1,17659.5
7349,3077,38,1,247.24
7350,3078,17,1,18073.1
7351,3078,7,1,222.71
7352,3078,26,1,248.99
7353,3079,51,1,1433.16
7354,3079,20,1,17659.5
7355,3079,99,2,1433.63
7356,3080,74,2,141.37
7357,3080,26,2,262.73
7358,3081,93,2,367.89
7359,3082,38,1,247.24
7360,3082,9,2,657.38
7361,3082,84,1,363.34
7362,3083,9,1,601.52
7363,3083,51,2,1453.93
7364,3083,95,2,23440.69
7365,3083,98,2,383.7
7366,3084,64,2,368.92
7367,3084,38,2,250.82
7368,3084,74,1,128.05
7369,3084,84,2,329.11
7370,3085,9,2,601.52
7371,3085,98,1,429.74
7372,3086,84,1,329.11
7373,3087,84,1,350.18
7374,3087,64,2,436.81
7375,3087,98,1,454.3
7376,3088,93,2,373.23
7377,3089,98,2,429.74
7378,3089,93,1,373.23
7379,3089,74,2,143.42
7380,3089,64,2,413.2
7381,3090,93,1,373.23
7382,3090,98,1,429.74
7383,3090,64,2,413.2
7384,3090,84,1,329.11
7385,3091,74,2,143.42
7386,3091,64,1,413.2
7387,3091,84,2,329.11
7388,3092,84,1,381.77
7389,3093,65,1,17047.21
7390,3093,17,2,17200.61
7391,3094,59,2,402.13
7392,3094,75,2,439.65
7393,3094,45,1,65.25
7394,3094,60,1,172.02
7395,3095,17,1,15580.26
7396,3095,1,2,450.11
7397,3095,75,1,422.74
7398,3096,54,1,7849.96
7399,3097,45,2,62.74
7400,3097,89,2,222.16
7401,3098,60,1,185.25
7402,3098,59,1,386.66
7403,3098,89,1,222.16
7404,3099,65,2,17294.27
7405,3099,21,2,1028.72
7406,3099,75,2,422.74
7407,3099,89,1,222.16
7408,3100,7,2,215.03
7409,3101,59,1,386.66
7410,3101,76,2,221.16
7411,3101,21,2,1152.17
7412,3101,60,1,185.25
7413,3102,62,2,39686.0
7414,3102,59,2,473.27
7415,3102,76,1,244.16
7416,3103,72,1,473.78
7417,3103,75,1,466.7
7418,3103,54,1,8666.36
7419,3103,1,1,550.94
7420,3104,45,2,76.79
7421,3105,89,2,257.71
7422,3105,7,1,222.71
7423,3105,54,1,8163.96
7424,3106,7,1,222.71
7425,3106,75,2,439.65
7426,3107,45,2,76.79
7427,3107,59,1,473.27
7428,3107,62,2,39686.0
7429,3108,59,2,448.53
7430,3109,45,2,74.28
7431,3110,62,2,40261.16
7432,3110,76,1,247.7
7433,3110,54,1,8791.96
7434,3110,75,2,473.47
7435,3111,62,1,40261.16
7436,3112,57,1,765.03
7437,3112,39,2,39024.34
7438,3113,45,2,62.74
7439,3113,74,1,128.05
7440,3113,17,2,15580.26
7441,3114,30,2,333.69
7442,3114,17,1,15580.26
7443,3115,78,2,12302.77
7444,3115,15,2,168.91
7445,3115,46,1,353.04
7446,3115,30,1,333.69
7447,3116,36,1,110.15
7448,3117,94,2,211.61
7449,3117,74,1,128.05
7450,3117,45,2,62.74
7451,3118,94,1,211.61
7452,3118,78,2,12302.77
7453,3118,15,1,168.91
7454,3118,46,2,353.04
7455,3119,76,1,221.16
7456,3120,34,2,647.1
7457,3121,34,1,688.51
7458,3122,34,1,647.1
7459,3123,34,1,672.98
7460,3123,15,2,175.67
7461,3123,45,1,72.78
7462,3124,15,2,175.67
7463,3124,74,2,133.17
7464,3124,78,2,14271.22
7465,3125,36,1,114.56
7466,3125,15,2,175.67
7467,3125,39,2,38144.09
7468,3125,29,2,1069.84
7469,3126,36,2,114.56
7470,3126,39,2,38144.09
7471,3127,29,2,1193.28
7472,3128,29,2,1259.11
7473,3128,76,2,270.7
7474,3129,29,2,1193.28
7475,3130,34,2,672.98
7476,3130,30,1,347.04
7477,3130,17,2,16203.47
7478,3130,76,1,256.55
7479,3131,74,1,141.37
7480,3131,30,2,368.39
7481,3132,29,2,1259.11
7482,3133,74,2,143.42
7483,3133,30,2,373.73
7484,3133,46,2,395.4
7485,3134,74,2,143.42
7486,3135,15,1,168.91
7487,3136,39,1,43425.58
7488,3136,34,2,766.17
7489,3137,15,1,168.91
7490,3137,46,1,395.4
7491,3138,74,2,151.61
7492,3138,34,2,766.17
7493,3139,36,1,123.37
7494,3140,15,1,199.99
7495,3141,39,2,41078.25
7496,3142,24,2,64.42
7497,3142,42,1,22147.82
7498,3143,2,1,217.94
7499,3143,13,2,244.64
7500,3144,48,1,338.05
7501,3144,42,2,22147.82
7502,3145,98,1,408.26
7503,3145,24,2,68.55
7504,3145,34,2,688.51
7505,3146,65,1,17911.92
7506,3146,48,2,351.57
7507,3146,34,2,672.98
7508,3146,24,1,74.73
7509,3147,48,1,351.57
7510,3148,34,2,672.98
7511,3148,42,1,23033.74
7512,3148,48,2,351.57
7513,3149,36,2,114.56
7514,3149,13,1,254.42
7515,3150,65,2,17911.92
7516,3150,34,2,672.98
7517,3150,48,2,351.57
7518,3151,41,1,243.69
7519,3152,65,1,18900.17
7520,3152,98,2,423.6
7521,3153,42,1,23033.74
7522,3154,36,1,114.56
7523,3154,62,1,37385.36
7524,3155,41,1,258.68
7525,3155,24,1,78.86
7526,3155,62,2,39686.0
7527,3156,41,2,249.31
7528,3156,98,1,408.26
7529,3156,42,2,23565.29
7530,3157,98,1,429.74
7531,3157,42,1,22147.82
7532,3157,32,1,203.36
7533,3157,36,2,123.37
7534,3158,98,1,429.74
7535,3158,41,2,262.43
7536,3158,36,1,123.37
7537,3159,42,1,22147.82
7538,3160,32,1,216.38
7539,3160,62,2,38248.1
7540,3160,48,2,400.25
7541,3160,98,2,454.3
7542,3161,42,1,22147.82
7543,3162,48,1,378.62
7544,3163,2,1,244.09
7545,3163,13,1,273.99
7546,3164,13,1,289.65
7547,3164,98,1,454.3
7548,3164,42,2,26223.02
7549,3165,42,1,26223.02
7550,3165,32,2,240.78
7551,3166,2,2,258.04
7552,3166,32,1,240.78
7553,3167,62,2,40261.16
7554,3167,42,1,24805.56
7555,3167,32,1,227.77
7556,3168,42,1,26223.02
7557,3168,32,1,240.78
7558,3169,42,1,24805.56
7559,3169,32,2,227.77
7560,3170,7,2,191.99
7561,3170,91,2,285.12
7562,3170,40,1,1052.14
7563,3170,36,1,110.15
7564,3171,98,1,408.26
7565,3171,51,2,1381.23
7566,3172,98,2,383.7
7567,3172,91,1,285.12
7568,3173,83,1,7797.42
7569,3173,51,1,1298.15
7570,3173,89,2,248.82
7571,3174,46,1,375.63
7572,3174,89,1,263.04
7573,3175,7,2,227.31
7574,3176,46,1,353.04
7575,3177,40,2,1287.82
7576,3177,98,2,423.6
7577,3178,82,1,162.74
7578,3179,21,2,1259.16
7579,3179,83,1,8608.36
7580,3179,40,1,1287.82
7581,3180,61,2,226.29
7582,3180,19,2,221.74
7583,3180,36,2,127.77
7584,3181,19,2,221.74
7585,3181,61,1,226.29
7586,3182,98,2,399.05
7587,3182,89,1,257.71
7588,3183,51,2,1350.08
7589,3183,64,1,383.68
7590,3183,40,1,1220.48
7591,3183,27,2,16920.01
7592,3184,40,2,1287.82
7593,3184,100,2,878.34
7594,3184,75,1,517.43
7595,3185,18,2,303.75
7596,3185,34,1,714.4
7597,3185,75,2,517.43
7598,3186,36,2,127.77
7599,3187,46,2,409.52
7600,3188,89,1,248.82
7601,3189,84,2,389.67
7602,3189,7,1,227.31
7603,3189,98,2,408.26
7604,3189,64,2,392.54
7605,3190,46,2,418.0
7606,3190,82,2,156.85
7607,3191,68,1,8972.8
7608,3192,8,1,302.56
7609,3192,91,2,337.59
7610,3192,46,1,418.0
7611,3193,19,1,213.21
7612,3193,100,1,795.6
7613,3193,98,1,383.7
7614,3194,8,2,302.56
7615,3194,68,2,9547.06
7616,3195,64,1,392.54
7617,3195,34,2,688.51
7618,3195,27,1,17310.47
7619,3196,27,2,17961.24
7620,3196,100,1,878.34
7621,3197,68,2,9905.97
7622,3198,64,2,427.95
7623,3199,34,1,792.05
7624,3199,83,1,8608.36
7625,3200,82,1,171.0
7626,3201,68,2,9331.71
7627,3201,27,1,16920.01
7628,3201,84,1,381.77
7629,3201,98,1,399.05
7630,3202,51,2,1350.08
7631,3203,34,2,750.64
7632,3203,51,2,1505.85
7633,3204,27,2,17961.24
7634,3204,19,1,260.97
7635,3205,27,1,18872.32
7636,3205,19,1,247.33
7637,3205,51,1,1505.85
7638,3205,98,2,445.09
7639,3206,27,2,18872.32
7640,3206,51,2,1505.85
7641,3207,68,2,10408.45
7642,3208,68,1,10049.54
7643,3209,68,1,10049.54
7644,3209,83,2,8733.12
7645,3210,68,1,10623.8
7646,3210,83,1,9232.15
7647,3211,83,1,8733.12
7648,3212,70,1,247.91
7649,3212,12,1,336.7
7650,3212,15,1,175.67
7651,3213,38,1,247.24
7652,3213,60,2,182.6
7653,3213,96,1,358.74
7654,3214,49,1,444.24
7655,3214,15,2,175.67
7656,3214,96,2,337.95
7657,3215,44,1,1145.5
7658,3215,99,1,1218.11
7659,3216,52,1,211.07
7660,3217,38,1,232.91
7661,3217,98,2,399.05
7662,3218,80,1,1926.48
7663,3219,4,1,359.14
7664,3219,23,1,16372.83
7665,3219,65,1,15441.31
7666,3220,30,1,355.04
7667,3220,49,2,505.75
7668,3221,52,1,240.29
7669,3221,99,2,1246.22
7670,3221,57,2,765.03
7671,3221,96,1,384.74
7672,3222,57,2,719.01
7673,3223,30,1,333.69
7674,3223,12,1,323.75
7675,3223,57,2,719.01
7676,3224,38,1,223.95
7677,3225,99,1,1171.26
7678,3226,98,1,429.74
7679,3227,80,2,1863.53
7680,3228,77,2,211.77
7681,3228,44,2,1215.99
7682,3228,12,2,396.27
7683,3228,57,1,793.79
7684,3229,99,2,1433.63
7685,3230,7,1,211.95
7686,3230,44,2,1215.99
7687,3231,30,1,347.04
7688,3231,15,2,175.67
7689,3231,65,2,16058.97
7690,3231,12,1,375.55
7691,3232,44,1,1277.67
7692,3232,57,2,747.77
7693,3233,65,2,17047.21
7694,3234,65,1,16058.97
7695,3234,57,2,747.77
7696,3234,60,2,191.86
7697,3234,91,2,330.75
7698,3235,65,2,18900.17
7699,3235,30,2,368.39
7700,3235,91,1,348.99
7701,3236,77,1,222.52
7702,3236,65,2,17911.92
7703,3237,65,1,18900.17
7704,3238,44,1,1233.61
7705,3238,15,1,189.18
7706,3238,30,2,333.69
7707,3238,38,2,250.82
7708,3239,57,1,719.01
7709,3239,65,1,17294.27
7710,3240,12,2,362.6
7711,3240,77,1,214.84
7712,3240,30,1,333.69
7713,3240,38,1,250.82
7714,3241,30,2,333.69
7715,3241,91,1,319.34
7716,3241,44,2,1233.61
7717,3242,99,1,1311.81
7718,3242,7,2,191.99
7719,3242,4,2,359.14
7720,3243,57,1,805.29
7721,3243,60,2,185.25
7722,3243,4,2,359.14
7723,3243,44,1,1233.61
7724,3244,7,2,191.99
7725,3245,39,1,41078.25
7726,3246,7,1,204.27
7727,3247,7,1,215.03
7728,3248,4,1,416.6
7729,3249,34,1,714.4
7730,3250,20,2,15928.18
7731,3250,47,2,612.04
7732,3251,36,2,114.56
7733,3251,27,1,16920.01
7734,3252,3,2,234.67
7735,3253,34,1,647.1
7736,3253,45,2,62.74
7737,3253,80,2,1762.8
7738,3253,38,2,223.95
7739,3254,74,2,151.61
7740,3254,41,2,249.31
7741,3255,100,2,891.07
7742,3256,78,1,13779.11
7743,3257,69,1,1772.99
7744,3257,36,1,110.15
7745,3257,78,2,13779.11
7746,3257,38,1,223.95
7747,3258,51,1,1381.23
7748,3258,41,2,277.43
7749,3259,100,1,891.07
7750,3260,34,2,688.51
7751,3260,38,2,238.28
7752,3260,80,2,1863.53
7753,3260,27,2,19262.78
7754,3261,27,1,18221.55
7755,3261,80,2,1762.8
7756,3261,3,2,238.07
7757,3261,36,1,110.15
7758,3262,65,1,18282.51
7759,3262,37,1,1025.36
7760,3263,69,2,1843.91
7761,3263,41,1,271.8
7762,3264,69,2,1843.91
7763,3265,69,1,1843.91
7764,3265,80,2,1825.75
7765,3265,20,1,16736.13
7766,3265,34,2,672.98
7767,3266,3,2,260.18
7768,3266,36,2,121.61
7769,3267,51,2,1350.08
7770,3267,100,1,922.9
7771,3268,100,2,922.9
7772,3268,27,2,18872.32
7773,3268,34,1,672.98
7774,3268,20,1,16736.13
7775,3269,3,1,246.57
7776,3269,38,1,259.78
7777,3269,36,1,114.56
7778,3270,51,2,1350.08
7779,3270,36,1,114.56
7780,3271,20,1,16736.13
7781,3271,47,2,576.56
7782,3271,51,1,1350.08
7783,3271,45,2,72.78
7784,3272,45,1,72.78
7785,3272,24,1,67.0
7786,3272,47,1,576.56
7787,3272,36,1,114.56
7788,3273,69,2,2056.67
7789,3273,37,2,1002.24
7790,3274,37,1,1079.33
7791,3274,69,1,1985.75
7792,3275,38,1,250.82
7793,3275,24,2,64.42
7794,3275,47,1,554.39
7795,3275,69,1,1985.75
7796,3276,47,2,620.91
7797,3277,47,1,656.39
7798,3278,51,1,1453.93
7799,3278,34,2,724.75
7800,3278,36,1,123.37
7801,3278,24,1,64.42
7802,3279,24,2,76.28
7803,3279,51,1,1537.01
7804,3279,36,1,130.42
7805,3280,24,2,72.16
7806,3281,51,1,1453.93
7807,3282,12,1,336.7
7808,3282,49,1,444.24
7809,3283,69,2,1985.75
7810,3283,61,2,195.07
7811,3283,49,2,427.15
7812,3283,89,2,222.16
7813,3284,89,1,236.38
7814,3284,49,2,454.49
7815,3285,44,1,1101.44
7816,3285,56,1,255.65
7817,3285,97,2,276.56
7818,3286,49,1,454.49
7819,3286,12,2,344.47
7820,3287,56,1,255.65
7821,3288,12,2,323.75
7822,3288,69,1,1985.75
7823,3288,72,1,433.52
7824,3288,49,2,427.15
7825,3289,49,2,454.49
7826,3289,64,1,436.81
7827,3289,97,1,294.26
7828,3290,69,1,1985.75
7829,3290,64,2,413.2
7830,3290,49,2,478.41
7831,3290,12,2,323.75
7832,3291,97,2,309.75
7833,3292,56,2,265.88
7834,3292,97,2,320.81
7835,3293,97,1,338.51
7836,3293,49,1,522.83
7837,3293,89,1,271.93
7838,3293,12,2,357.42
7839,3294,44,2,1348.16
7840,3294,56,2,312.92
7841,3294,61,1,215.36
7842,3294,12,2,396.27
7843,3295,56,1,296.55
7844,3295,61,1,226.29
7845,3296,65,1,15441.31
7846,3296,79,1,222.94
7847,3297,44,1,1171.93
7848,3297,40,1,1119.47
7849,3297,23,2,15554.19
7850,3297,92,1,28788.67
7851,3298,83,2,8296.46
7852,3299,23,2,14618.6
7853,3300,92,1,27057.02
7854,3301,78,2,12302.77
7855,3302,9,2,537.08
7856,3303,65,1,15441.31
7857,3303,52,2,202.95
7858,3303,83,1,7797.42
7859,3304,46,2,353.04
7860,3305,44,1,1145.5
7861,3306,83,1,8109.32
7862,3307,65,1,16058.97
7863,3307,11,2,175.11
7864,3307,23,1,15203.34
7865,3308,79,1,231.85
7866,3308,66,1,383.9
7867,3308,24,1,67.0
7868,3308,9,2,623.01
7869,3309,92,2,31386.15
7870,3310,24,2,67.0
7871,3311,35,2,245.92
7872,3311,66,2,405.08
7873,3312,68,1,9905.97
7874,3312,24,1,71.13
7875,3312,93,2,367.89
7876,3312,40,1,1161.56
7877,3313,23,2,16957.58
7878,3313,9,1,623.01
7879,3314,40,1,1094.22
7880,3315,93,1,367.89
7881,3315,65,2,17047.21
7882,3315,24,1,71.13
7883,3316,68,2,9331.71
7884,3317,79,1,231.85
7885,3318,92,2,33117.8
