id,user_id,customer_name,email,phone,address,timestamp,status,total_amount,sale_type
1,2.0,Online Customer 663,online_686@gmail.com,9876519579,"Mumbai Suburban Area, India",2022-07-27T15:05:02.171307,Delivered,904.18,online
2,,Online Customer 672,online_980@gmail.com,9876541012,"Mumbai Suburban Area, India",2022-07-27T14:25:02.171307,Delivered,15448.18,online
3,2.0,Online Customer 882,online_799@gmail.com,9876585154,"Mumbai Suburban Area, India",2022-07-28T20:40:51.171307,Delivered,1810.49,online
4,2.0,Online Customer 844,online_859@gmail.com,9876538376,"Mumbai Suburban Area, India",2022-07-29T12:04:31.171307,Delivered,1117.12,online
5,2.0,Online Customer 125,online_764@gmail.com,9876566009,"Mumbai Suburban Area, India",2022-07-29T13:02:02.171307,Delivered,71944.24,online
6,2.0,Online Customer 804,online_384@gmail.com,9876575636,"Mumbai Suburban Area, India",2022-07-29T19:16:17.171307,Pending,424.63,online
7,2.0,Online Customer 429,online_795@gmail.com,9876583482,"Mumbai Suburban Area, India",2022-07-30T14:58:35.171307,Delivered,33554.67,online
8,,Online Customer 637,online_92@gmail.com,9876515099,"Mumbai Suburban Area, India",2022-07-30T09:52:29.171307,Delivered,221.74,online
9,2.0,Online Customer 213,online_620@gmail.com,9876586969,"Mumbai Suburban Area, India",2022-07-31T12:57:42.171307,Delivered,32712.33,online
10,2.0,Online Customer 252,online_245@gmail.com,9876513326,"Mumbai Suburban Area, India",2022-07-31T19:28:41.171307,Delivered,1847.9,online
11,2.0,Online Customer 696,online_765@gmail.com,9876542799,"Mumbai Suburban Area, India",2022-08-01T11:44:34.171307,Delivered,2876.13,online
12,,Online Customer 709,online_122@gmail.com,9876579119,"Mumbai Suburban Area, India",2022-08-01T15:05:51.171307,Delivered,60535.25,online
13,,Online Customer 439,online_439@gmail.com,9876565382,"Mumbai Suburban Area, India",2022-08-01T18:14:21.171307,Delivered,3261.11,online
14,2.0,Online Customer 844,online_669@gmail.com,9876566822,"Mumbai Suburban Area, India",2022-08-02T16:53:16.171307,Delivered,440.14,online
15,,Online Customer 971,online_917@gmail.com,9876578434,"Mumbai Suburban Area, India",2022-08-02T13:11:29.171307,Delivered,406.72,online
16,2.0,Online Customer 566,online_271@gmail.com,9876577059,"Mumbai Suburban Area, India",2022-08-02T17:12:22.171307,Delivered,14030.47,online
17,,Online Customer 781,online_144@gmail.com,9876517321,"Mumbai Suburban Area, India",2022-08-02T19:12:40.171307,Delivered,4198.44,online
18,,Online Customer 526,online_191@gmail.com,9876594396,"Mumbai Suburban Area, India",2022-08-04T12:00:42.171307,Delivered,8733.12,online
19,,Online Customer 731,online_352@gmail.com,9876513113,"Mumbai Suburban Area, India",2022-08-04T14:45:56.171307,Delivered,1222.49,online
20,,Online Customer 399,online_811@gmail.com,9876518096,"Mumbai Suburban Area, India",2022-08-05T19:48:41.171307,Delivered,367.0,online
21,,Online Customer 789,online_390@gmail.com,9876596666,"Mumbai Suburban Area, India",2022-08-05T19:10:45.171307,Delivered,1146.03,online
22,,Online Customer 409,online_567@gmail.com,9876565585,"Mumbai Suburban Area, India",2022-08-05T16:48:03.171307,Delivered,4113.34,online
23,,Online Customer 570,online_906@gmail.com,9876544732,"Mumbai Suburban Area, India",2022-08-05T16:17:15.171307,Delivered,56975.33,online
24,,Online Customer 250,online_953@gmail.com,9876519392,"Mumbai Suburban Area, India",2022-08-06T21:45:16.171307,Delivered,415.71,online
25,2.0,Online Customer 361,online_555@gmail.com,9876529110,"Mumbai Suburban Area, India",2022-08-06T14:21:26.171307,Delivered,15203.34,online
26,2.0,Online Customer 528,online_898@gmail.com,9876590605,"Mumbai Suburban Area, India",2022-08-06T21:11:47.171307,Delivered,3098.44,online
27,,Online Customer 222,online_824@gmail.com,9876543149,"Mumbai Suburban Area, India",2022-08-07T21:45:02.171307,Delivered,331.18,online
28,,Online Customer 694,online_364@gmail.com,9876515973,"Mumbai Suburban Area, India",2022-08-07T12:44:47.171307,Delivered,296.53,online
29,,Online Customer 273,online_171@gmail.com,9876579017,"Mumbai Suburban Area, India",2022-08-07T11:00:18.171307,Pending,1191.25,online
30,2.0,Online Customer 957,online_95@gmail.com,9876511206,"Mumbai Suburban Area, India",2022-08-07T12:41:19.171307,Delivered,175.11,online
31,,Online Customer 569,online_648@gmail.com,9876586773,"Mumbai Suburban Area, India",2022-08-07T12:02:55.171307,Delivered,822.51,online
32,2.0,Online Customer 532,online_262@gmail.com,9876598184,"Mumbai Suburban Area, India",2022-08-08T21:10:30.171307,Delivered,900.2,online
33,2.0,Online Customer 509,online_704@gmail.com,9876529134,"Mumbai Suburban Area, India",2022-08-09T13:01:56.171307,Delivered,337.42,online
34,2.0,Online Customer 560,online_537@gmail.com,9876557490,"Mumbai Suburban Area, India",2022-08-09T20:20:59.171307,Pending,38281.18,online
35,,Online Customer 625,online_449@gmail.com,9876552392,"Mumbai Suburban Area, India",2022-08-09T19:42:49.171307,Delivered,585.5,online
36,,Online Customer 830,online_95@gmail.com,9876515583,"Mumbai Suburban Area, India",2022-08-09T09:29:35.171307,Delivered,144.32,online
37,2.0,Online Customer 234,online_125@gmail.com,9876545051,"Mumbai Suburban Area, India",2022-08-10T12:52:53.171307,Delivered,2202.88,online
38,2.0,Online Customer 251,online_319@gmail.com,9876547876,"Mumbai Suburban Area, India",2022-08-10T11:03:56.171307,Delivered,1447.0,online
39,2.0,Online Customer 440,online_117@gmail.com,9876565857,"Mumbai Suburban Area, India",2022-08-11T09:11:26.171307,Delivered,784.75,online
40,,Online Customer 209,online_890@gmail.com,9876591301,"Mumbai Suburban Area, India",2022-08-11T18:01:58.171307,Delivered,359.68,online
41,,Online Customer 225,online_529@gmail.com,9876573426,"Mumbai Suburban Area, India",2022-08-11T19:44:43.171307,Pending,121972.52,online
42,,Online Customer 721,online_111@gmail.com,9876572100,"Mumbai Suburban Area, India",2022-08-12T17:06:54.171307,Delivered,13755.05,online
43,2.0,Online Customer 620,online_799@gmail.com,9876525197,"Mumbai Suburban Area, India",2022-08-12T17:59:31.171307,Delivered,242.96,online
44,,Online Customer 126,online_842@gmail.com,9876525936,"Mumbai Suburban Area, India",2022-08-12T10:18:01.171307,Delivered,247.7,online
45,,Online Customer 276,online_118@gmail.com,9876553694,"Mumbai Suburban Area, India",2022-08-12T09:18:10.171307,Delivered,303.65,online
46,,Online Customer 782,online_854@gmail.com,9876558489,"Mumbai Suburban Area, India",2022-08-12T16:00:42.171307,Delivered,791.38,online
47,2.0,Online Customer 630,online_327@gmail.com,9876589673,"Mumbai Suburban Area, India",2022-08-12T11:37:08.171307,Delivered,2307.9,online
48,2.0,Online Customer 321,online_967@gmail.com,9876526038,"Mumbai Suburban Area, India",2022-08-12T14:12:56.171307,Delivered,468.12,online
49,,Online Customer 207,online_998@gmail.com,9876562383,"Mumbai Suburban Area, India",2022-08-13T19:44:58.171307,Delivered,545.3,online
50,2.0,Online Customer 171,online_823@gmail.com,9876530587,"Mumbai Suburban Area, India",2022-08-13T10:13:34.171307,Delivered,940.77,online
51,2.0,Online Customer 356,online_232@gmail.com,9876569459,"Mumbai Suburban Area, India",2022-08-13T14:40:46.171307,Delivered,970.29,online
52,2.0,Online Customer 758,online_665@gmail.com,9876586245,"Mumbai Suburban Area, India",2022-08-13T11:04:53.171307,Delivered,1925.32,online
53,2.0,Online Customer 600,online_922@gmail.com,9876517807,"Mumbai Suburban Area, India",2022-08-13T17:44:17.171307,Delivered,83626.7,online
54,2.0,Online Customer 287,online_583@gmail.com,9876548648,"Mumbai Suburban Area, India",2022-08-13T17:21:12.171307,Delivered,1107.9,online
55,2.0,Online Customer 472,online_264@gmail.com,9876598404,"Mumbai Suburban Area, India",2022-08-13T13:55:12.171307,Delivered,4834.57,online
56,2.0,Online Customer 917,online_905@gmail.com,9876545473,"Mumbai Suburban Area, India",2022-08-13T15:07:18.171307,Delivered,319.16,online
57,2.0,Online Customer 898,online_385@gmail.com,9876525411,"Mumbai Suburban Area, India",2022-08-14T09:34:38.171307,Delivered,107765.75,online
58,,Online Customer 259,online_192@gmail.com,9876557697,"Mumbai Suburban Area, India",2022-08-14T15:43:15.171307,Delivered,249.33,online
59,2.0,Online Customer 200,online_211@gmail.com,9876556320,"Mumbai Suburban Area, India",2022-08-14T21:23:57.171307,Pending,879.16,online
60,,Online Customer 535,online_68@gmail.com,9876513928,"Mumbai Suburban Area, India",2022-08-14T21:05:58.171307,Delivered,1963.21,online
61,,Online Customer 181,online_975@gmail.com,9876511790,"Mumbai Suburban Area, India",2022-08-14T13:46:11.171307,Delivered,2138.27,online
62,,Online Customer 480,online_916@gmail.com,9876578763,"Mumbai Suburban Area, India",2022-08-14T21:52:00.171307,Pending,141.37,online
63,2.0,Online Customer 605,online_351@gmail.com,9876585835,"Mumbai Suburban Area, India",2022-08-15T12:05:17.171307,Delivered,1205.52,online
64,,Online Customer 342,online_834@gmail.com,9876554006,"Mumbai Suburban Area, India",2022-08-16T10:58:51.171307,Delivered,1449.5,online
65,2.0,Online Customer 595,online_802@gmail.com,9876587116,"Mumbai Suburban Area, India",2022-08-17T19:44:24.171307,Delivered,1918.38,online
66,,Online Customer 570,online_965@gmail.com,9876526627,"Mumbai Suburban Area, India",2022-08-17T16:39:26.171307,Delivered,383.7,online
67,2.0,Online Customer 529,online_888@gmail.com,9876566270,"Mumbai Suburban Area, India",2022-08-17T18:00:21.171307,Delivered,40699.0,online
68,,Online Customer 972,online_762@gmail.com,9876510760,"Mumbai Suburban Area, India",2022-08-18T12:50:09.171307,Delivered,38582.63,online
69,2.0,Online Customer 167,online_175@gmail.com,9876520620,"Mumbai Suburban Area, India",2022-08-18T19:28:27.171307,Delivered,1090.95,online
70,,Online Customer 630,online_520@gmail.com,9876546725,"Mumbai Suburban Area, India",2022-08-18T14:51:24.171307,Delivered,44790.24,online
71,2.0,Online Customer 450,online_454@gmail.com,9876583389,"Mumbai Suburban Area, India",2022-08-19T09:55:20.171307,Delivered,487.38,online
72,2.0,Online Customer 915,online_172@gmail.com,9876586676,"Mumbai Suburban Area, India",2022-08-19T16:48:43.171307,Delivered,319.16,online
73,,Online Customer 173,online_648@gmail.com,9876549414,"Mumbai Suburban Area, India",2022-08-19T09:35:43.171307,Delivered,1613.28,online
74,,Online Customer 408,online_969@gmail.com,9876546378,"Mumbai Suburban Area, India",2022-08-19T19:51:04.171307,Delivered,1883.33,online
75,,Online Customer 959,online_244@gmail.com,9876580932,"Mumbai Suburban Area, India",2022-08-19T18:13:17.171307,Pending,2744.01,online
76,,Online Customer 839,online_972@gmail.com,9876597239,"Mumbai Suburban Area, India",2022-08-19T17:12:52.171307,Delivered,90747.19,online
77,,Online Customer 570,online_772@gmail.com,9876521152,"Mumbai Suburban Area, India",2022-08-20T15:38:51.171307,Pending,51172.55,online
78,2.0,Online Customer 350,online_884@gmail.com,9876535410,"Mumbai Suburban Area, India",2022-08-20T19:14:19.171307,Delivered,2082.22,online
79,2.0,Online Customer 586,online_797@gmail.com,9876523796,"Mumbai Suburban Area, India",2022-08-20T19:27:16.171307,Delivered,202.45,online
80,,Online Customer 990,online_456@gmail.com,9876534876,"Mumbai Suburban Area, India",2022-08-21T16:39:26.171307,Delivered,495.82,online
81,,Online Customer 798,online_189@gmail.com,9876588957,"Mumbai Suburban Area, India",2022-08-21T20:42:08.171307,Delivered,409.14,online
82,2.0,Online Customer 904,online_111@gmail.com,9876592385,"Mumbai Suburban Area, India",2022-08-21T18:47:26.171307,Delivered,45323.38,online
83,,Online Customer 392,online_911@gmail.com,9876552098,"Mumbai Suburban Area, India",2022-08-22T12:01:59.171307,Delivered,1396.3,online
84,,Online Customer 151,online_519@gmail.com,9876562148,"Mumbai Suburban Area, India",2022-08-22T19:19:34.171307,Delivered,3855.07,online
85,,Online Customer 433,online_873@gmail.com,9876593695,"Mumbai Suburban Area, India",2022-08-22T17:08:57.171307,Delivered,87599.49,online
86,,Online Customer 790,online_807@gmail.com,9876547370,"Mumbai Suburban Area, India",2022-08-22T17:43:49.171307,Delivered,39657.72,online
87,,Online Customer 124,online_599@gmail.com,9876518684,"Mumbai Suburban Area, India",2022-08-22T21:11:27.171307,Delivered,13311.09,online
88,,Online Customer 766,online_106@gmail.com,9876558463,"Mumbai Suburban Area, India",2022-08-23T20:34:19.171307,Pending,75288.27,online
89,,Online Customer 326,online_261@gmail.com,9876512875,"Mumbai Suburban Area, India",2022-08-23T11:52:54.171307,Pending,18488.45,online
90,,Online Customer 305,online_841@gmail.com,9876549789,"Mumbai Suburban Area, India",2022-08-23T09:44:18.171307,Delivered,1730.08,online
91,2.0,Online Customer 682,online_728@gmail.com,9876539475,"Mumbai Suburban Area, India",2022-08-23T21:21:42.171307,Delivered,35750.76,online
92,2.0,Online Customer 348,online_643@gmail.com,9876525842,"Mumbai Suburban Area, India",2022-08-24T09:41:30.171307,Delivered,804.47,online
93,2.0,Online Customer 544,online_805@gmail.com,9876525195,"Mumbai Suburban Area, India",2022-08-24T15:59:29.171307,Delivered,50426.12,online
94,2.0,Online Customer 938,online_960@gmail.com,9876533221,"Mumbai Suburban Area, India",2022-08-24T16:03:56.171307,Delivered,22097.54,online
95,,Online Customer 703,online_831@gmail.com,9876535374,"Mumbai Suburban Area, India",2022-08-24T14:27:58.171307,Delivered,936.82,online
96,,Online Customer 481,online_275@gmail.com,9876541931,"Mumbai Suburban Area, India",2022-08-25T12:10:58.171307,Delivered,1230.17,online
97,,Online Customer 282,online_17@gmail.com,9876536716,"Mumbai Suburban Area, India",2022-08-25T11:58:22.171307,Delivered,1013.47,online
98,,Online Customer 300,online_131@gmail.com,9876513832,"Mumbai Suburban Area, India",2022-08-26T20:48:30.171307,Delivered,5054.6,online
99,2.0,Online Customer 167,online_782@gmail.com,9876539313,"Mumbai Suburban Area, India",2022-08-26T11:16:32.171307,Delivered,1164.98,online
100,2.0,Online Customer 117,online_143@gmail.com,9876521526,"Mumbai Suburban Area, India",2022-08-26T20:30:14.171307,Delivered,30365.44,online
101,,Online Customer 574,online_705@gmail.com,9876579821,"Mumbai Suburban Area, India",2022-08-26T10:43:29.171307,Pending,2126.02,online
102,2.0,Online Customer 871,online_175@gmail.com,9876562139,"Mumbai Suburban Area, India",2022-08-26T20:16:08.171307,Delivered,1005.34,online
103,2.0,Online Customer 703,online_461@gmail.com,9876521100,"Mumbai Suburban Area, India",2022-08-27T17:11:37.171307,Delivered,77875.75,online
104,2.0,Online Customer 587,online_925@gmail.com,9876515514,"Mumbai Suburban Area, India",2022-08-27T17:20:48.171307,Delivered,508.9,online
105,2.0,Online Customer 486,online_309@gmail.com,9876563698,"Mumbai Suburban Area, India",2022-08-27T13:28:08.171307,Pending,96005.57,online
106,2.0,Online Customer 225,online_663@gmail.com,9876540487,"Mumbai Suburban Area, India",2022-08-28T13:09:54.171307,Delivered,13657.87,online
107,2.0,Online Customer 738,online_222@gmail.com,9876598141,"Mumbai Suburban Area, India",2022-08-28T14:48:02.171307,Delivered,114702.63,online
108,,Online Customer 946,online_202@gmail.com,9876552762,"Mumbai Suburban Area, India",2022-08-28T18:31:21.171307,Delivered,32106.82,online
109,2.0,Online Customer 382,online_894@gmail.com,9876596983,"Mumbai Suburban Area, India",2022-08-28T15:03:56.171307,Delivered,223.53,online
110,2.0,Online Customer 265,online_749@gmail.com,9876589450,"Mumbai Suburban Area, India",2022-08-28T19:51:06.171307,Delivered,85227.06,online
111,,Online Customer 821,online_445@gmail.com,9876545691,"Mumbai Suburban Area, India",2022-08-28T20:10:38.171307,Delivered,24100.32,online
112,2.0,Online Customer 314,online_976@gmail.com,9876567484,"Mumbai Suburban Area, India",2022-08-29T15:03:56.171307,Delivered,72.16,online
113,,Online Customer 890,online_514@gmail.com,9876551902,"Mumbai Suburban Area, India",2022-08-29T17:34:45.171307,Delivered,2762.46,online
114,,Online Customer 959,online_205@gmail.com,9876591443,"Mumbai Suburban Area, India",2022-08-29T17:11:09.171307,Delivered,2452.08,online
115,2.0,Online Customer 928,online_41@gmail.com,9876517434,"Mumbai Suburban Area, India",2022-08-29T10:56:06.171307,Delivered,27057.02,online
116,,Online Customer 833,online_98@gmail.com,9876527714,"Mumbai Suburban Area, India",2022-08-30T15:37:40.171307,Delivered,29492.04,online
117,2.0,Online Customer 651,online_314@gmail.com,9876527951,"Mumbai Suburban Area, India",2022-08-30T21:50:52.171307,Delivered,16930.89,online
118,,Online Customer 519,online_19@gmail.com,9876534809,"Mumbai Suburban Area, India",2022-08-31T21:35:57.171307,Delivered,80378.36,online
119,,Online Customer 191,online_29@gmail.com,9876587856,"Mumbai Suburban Area, India",2022-08-31T18:11:14.171307,Delivered,3474.2,online
120,,Online Customer 208,online_908@gmail.com,9876535018,"Mumbai Suburban Area, India",2022-08-31T14:57:52.171307,Delivered,870.02,online
121,2.0,Online Customer 754,online_592@gmail.com,9876573827,"Mumbai Suburban Area, India",2022-08-31T17:11:15.171307,Delivered,31924.9,online
122,2.0,Online Customer 332,online_430@gmail.com,9876550716,"Mumbai Suburban Area, India",2022-08-31T14:14:11.171307,Delivered,14541.76,online
123,,Online Customer 155,online_134@gmail.com,9876569757,"Mumbai Suburban Area, India",2022-09-01T16:17:02.171307,Delivered,223.89,online
124,2.0,Online Customer 760,online_755@gmail.com,9876596295,"Mumbai Suburban Area, India",2022-09-01T09:59:39.171307,Delivered,1944.04,online
125,,Online Customer 443,online_659@gmail.com,9876576037,"Mumbai Suburban Area, India",2022-09-01T15:15:16.171307,Delivered,55406.14,online
126,2.0,Online Customer 641,online_731@gmail.com,9876538131,"Mumbai Suburban Area, India",2022-09-02T12:32:53.171307,Delivered,55526.63,online
127,,Online Customer 918,online_191@gmail.com,9876554744,"Mumbai Suburban Area, India",2022-09-03T17:11:30.171307,Delivered,61651.53,online
128,,Online Customer 717,online_576@gmail.com,9876542093,"Mumbai Suburban Area, India",2022-09-03T15:43:38.171307,Pending,33924.91,online
129,,Online Customer 465,online_795@gmail.com,9876562066,"Mumbai Suburban Area, India",2022-09-03T19:28:08.171307,Delivered,933.4,online
130,,Online Customer 534,online_113@gmail.com,9876545804,"Mumbai Suburban Area, India",2022-09-04T12:20:48.171307,Delivered,1765.06,online
131,,Online Customer 932,online_529@gmail.com,9876535587,"Mumbai Suburban Area, India",2022-09-04T14:02:04.171307,Delivered,1075.32,online
132,2.0,Online Customer 844,online_459@gmail.com,9876522221,"Mumbai Suburban Area, India",2022-09-05T11:07:33.171307,Delivered,45528.65,online
133,2.0,Online Customer 802,online_150@gmail.com,9876519892,"Mumbai Suburban Area, India",2022-09-05T19:33:29.171307,Delivered,977.16,online
134,,Online Customer 579,online_683@gmail.com,9876569546,"Mumbai Suburban Area, India",2022-09-06T14:30:40.171307,Delivered,1028.72,online
135,,Online Customer 386,online_700@gmail.com,9876593248,"Mumbai Suburban Area, India",2022-09-06T14:09:29.171307,Delivered,561.74,online
136,,Online Customer 316,online_692@gmail.com,9876547404,"Mumbai Suburban Area, India",2022-09-07T09:54:41.171307,Delivered,3447.5,online
137,,Online Customer 812,online_868@gmail.com,9876599216,"Mumbai Suburban Area, India",2022-09-07T17:34:57.171307,Delivered,4407.35,online
138,,Online Customer 934,online_185@gmail.com,9876599421,"Mumbai Suburban Area, India",2022-09-08T21:31:36.171307,Delivered,28948.26,online
139,2.0,Online Customer 314,online_588@gmail.com,9876535669,"Mumbai Suburban Area, India",2022-09-08T14:21:01.171307,Delivered,974.85,online
140,2.0,Online Customer 601,online_187@gmail.com,9876542073,"Mumbai Suburban Area, India",2022-09-08T19:02:15.171307,Delivered,944.75,online
141,2.0,Online Customer 141,online_334@gmail.com,9876547233,"Mumbai Suburban Area, India",2022-09-08T13:52:38.171307,Delivered,1074.16,online
142,,Online Customer 556,online_880@gmail.com,9876579660,"Mumbai Suburban Area, India",2022-09-08T16:25:59.171307,Delivered,904.18,online
143,2.0,Online Customer 290,online_525@gmail.com,9876587616,"Mumbai Suburban Area, India",2022-09-09T11:31:52.171307,Delivered,76584.47,online
144,,Online Customer 353,online_766@gmail.com,9876554243,"Mumbai Suburban Area, India",2022-09-09T19:01:02.171307,Delivered,25895.2,online
145,2.0,Online Customer 839,online_217@gmail.com,9876565789,"Mumbai Suburban Area, India",2022-09-09T09:45:43.171307,Delivered,1725.46,online
146,2.0,Online Customer 593,online_853@gmail.com,9876524725,"Mumbai Suburban Area, India",2022-09-09T21:59:15.171307,Delivered,30653.25,online
147,2.0,Online Customer 712,online_868@gmail.com,9876527085,"Mumbai Suburban Area, India",2022-09-10T13:44:21.171307,Delivered,470.17,online
148,,Online Customer 407,online_45@gmail.com,9876597896,"Mumbai Suburban Area, India",2022-09-10T20:22:25.171307,Delivered,2866.32,online
149,2.0,Online Customer 803,online_977@gmail.com,9876556565,"Mumbai Suburban Area, India",2022-09-10T15:32:47.171307,Delivered,706.63,online
150,,Online Customer 942,online_444@gmail.com,9876523609,"Mumbai Suburban Area, India",2022-09-10T09:06:56.171307,Delivered,202.88,online
151,2.0,Online Customer 511,online_384@gmail.com,9876595302,"Mumbai Suburban Area, India",2022-09-11T17:50:12.171307,Delivered,1523.28,online
152,2.0,Online Customer 648,online_555@gmail.com,9876560060,"Mumbai Suburban Area, India",2022-09-11T10:27:03.171307,Delivered,1970.95,online
153,,Online Customer 617,online_579@gmail.com,9876551135,"Mumbai Suburban Area, India",2022-09-12T18:29:20.171307,Delivered,8352.36,online
154,2.0,Online Customer 454,online_199@gmail.com,9876511197,"Mumbai Suburban Area, India",2022-09-13T13:04:55.171307,Delivered,1317.21,online
155,2.0,Online Customer 139,online_836@gmail.com,9876582467,"Mumbai Suburban Area, India",2022-09-13T16:10:53.171307,Delivered,422.74,online
156,,Online Customer 190,online_822@gmail.com,9876541019,"Mumbai Suburban Area, India",2022-09-14T16:21:49.171307,Delivered,2651.37,online
157,2.0,Online Customer 617,online_802@gmail.com,9876581090,"Mumbai Suburban Area, India",2022-09-15T13:36:10.171307,Delivered,2602.21,online
158,,Online Customer 537,online_222@gmail.com,9876541561,"Mumbai Suburban Area, India",2022-09-15T11:12:09.171307,Delivered,59105.42,online
159,2.0,Online Customer 787,online_953@gmail.com,9876525145,"Mumbai Suburban Area, India",2022-09-15T21:36:59.171307,Delivered,1833.33,online
160,2.0,Online Customer 853,online_526@gmail.com,9876569951,"Mumbai Suburban Area, India",2022-09-15T19:30:22.171307,Delivered,63502.7,online
161,2.0,Online Customer 453,online_221@gmail.com,9876514196,"Mumbai Suburban Area, India",2022-09-16T12:30:47.171307,Delivered,5023.18,online
162,,Online Customer 852,online_782@gmail.com,9876552147,"Mumbai Suburban Area, India",2022-09-16T14:27:16.171307,Pending,175.11,online
163,,Online Customer 640,online_293@gmail.com,9876511459,"Mumbai Suburban Area, India",2022-09-16T19:33:35.171307,Delivered,73674.56,online
164,,Online Customer 694,online_9@gmail.com,9876532248,"Mumbai Suburban Area, India",2022-09-17T12:42:00.171307,Delivered,15778.58,online
165,,Online Customer 313,online_699@gmail.com,9876533686,"Mumbai Suburban Area, India",2022-09-17T16:26:47.171307,Delivered,5455.94,online
166,,Online Customer 381,online_543@gmail.com,9876539760,"Mumbai Suburban Area, India",2022-09-17T11:11:17.171307,Delivered,399.34,online
167,2.0,Online Customer 878,online_306@gmail.com,9876517655,"Mumbai Suburban Area, India",2022-09-17T21:26:22.171307,Delivered,30082.91,online
168,,Online Customer 317,online_410@gmail.com,9876579279,"Mumbai Suburban Area, India",2022-09-17T15:43:42.171307,Delivered,3416.83,online
169,,Online Customer 999,online_664@gmail.com,9876524732,"Mumbai Suburban Area, India",2022-09-18T18:08:55.171307,Delivered,67213.67,online
170,2.0,Online Customer 465,online_137@gmail.com,9876567938,"Mumbai Suburban Area, India",2022-09-18T13:11:34.171307,Delivered,1259.6,online
171,2.0,Online Customer 737,online_171@gmail.com,9876563179,"Mumbai Suburban Area, India",2022-09-18T12:31:54.171307,Delivered,46217.89,online
172,,Online Customer 792,online_312@gmail.com,9876510020,"Mumbai Suburban Area, India",2022-09-19T13:07:12.171307,Pending,32061.01,online
173,2.0,Online Customer 706,online_301@gmail.com,9876541107,"Mumbai Suburban Area, India",2022-09-19T14:42:48.171307,Delivered,1513.25,online
174,2.0,Online Customer 754,online_928@gmail.com,9876592705,"Mumbai Suburban Area, India",2022-09-20T13:27:14.171307,Delivered,452.09,online
175,,Online Customer 674,online_378@gmail.com,9876582828,"Mumbai Suburban Area, India",2022-09-20T11:13:36.171307,Delivered,15458.21,online
176,2.0,Online Customer 730,online_354@gmail.com,9876591074,"Mumbai Suburban Area, India",2022-09-20T20:20:47.171307,Delivered,1381.23,online
177,,Online Customer 248,online_821@gmail.com,9876598995,"Mumbai Suburban Area, India",2022-09-21T12:19:18.171307,Delivered,1102.95,online
178,2.0,Online Customer 323,online_726@gmail.com,9876510559,"Mumbai Suburban Area, India",2022-09-22T19:11:55.171307,Delivered,1596.62,online
179,,Online Customer 778,online_845@gmail.com,9876550980,"Mumbai Suburban Area, India",2022-09-22T12:32:13.171307,Delivered,1028.69,online
180,,Online Customer 496,online_951@gmail.com,9876530512,"Mumbai Suburban Area, India",2022-09-23T17:05:55.171307,Delivered,779.07,online
181,2.0,Online Customer 727,online_714@gmail.com,9876579555,"Mumbai Suburban Area, India",2022-09-23T20:49:44.171307,Delivered,1572.5,online
182,2.0,Online Customer 864,online_461@gmail.com,9876562455,"Mumbai Suburban Area, India",2022-09-24T10:59:52.171307,Delivered,533.28,online
183,,Online Customer 306,online_184@gmail.com,9876583493,"Mumbai Suburban Area, India",2022-09-24T09:30:16.171307,Delivered,30734.82,online
184,,Online Customer 934,online_863@gmail.com,9876597100,"Mumbai Suburban Area, India",2022-09-24T14:19:53.171307,Delivered,13357.3,online
185,2.0,Online Customer 898,online_570@gmail.com,9876534475,"Mumbai Suburban Area, India",2022-09-24T18:00:46.171307,Delivered,242.96,online
186,2.0,Online Customer 518,online_458@gmail.com,9876532928,"Mumbai Suburban Area, India",2022-09-25T16:27:33.171307,Delivered,36376.1,online
187,2.0,Online Customer 338,online_73@gmail.com,9876542529,"Mumbai Suburban Area, India",2022-09-25T19:53:56.171307,Delivered,857.78,online
188,2.0,Online Customer 888,online_602@gmail.com,9876547079,"Mumbai Suburban Area, India",2022-09-25T14:17:10.171307,Delivered,23077.44,online
189,,Online Customer 476,online_807@gmail.com,9876586172,"Mumbai Suburban Area, India",2022-09-25T09:15:41.171307,Delivered,39017.04,online
190,2.0,Online Customer 794,online_277@gmail.com,9876536964,"Mumbai Suburban Area, India",2022-09-25T17:40:44.171307,Delivered,19811.94,online
191,,Online Customer 332,online_88@gmail.com,9876593254,"Mumbai Suburban Area, India",2022-09-26T17:41:38.171307,Delivered,1154.29,online
192,2.0,Online Customer 417,online_503@gmail.com,9876570041,"Mumbai Suburban Area, India",2022-09-27T21:30:17.171307,Pending,24218.75,online
193,,Online Customer 659,online_905@gmail.com,9876526259,"Mumbai Suburban Area, India",2022-09-28T20:37:15.171307,Delivered,50819.09,online
194,,Online Customer 433,online_965@gmail.com,9876541223,"Mumbai Suburban Area, India",2022-09-28T16:08:16.171307,Delivered,35594.29,online
195,,Online Customer 474,online_276@gmail.com,9876558914,"Mumbai Suburban Area, India",2022-09-28T17:10:03.171307,Delivered,3188.37,online
196,2.0,Online Customer 749,online_167@gmail.com,9876550979,"Mumbai Suburban Area, India",2022-09-28T20:41:45.171307,Delivered,1654.22,online
197,2.0,Online Customer 334,online_415@gmail.com,9876570644,"Mumbai Suburban Area, India",2022-09-28T10:51:59.171307,Delivered,47858.81,online
198,2.0,Online Customer 463,online_92@gmail.com,9876532726,"Mumbai Suburban Area, India",2022-09-29T10:53:17.171307,Delivered,1475.88,online
199,,Online Customer 626,online_486@gmail.com,9876544456,"Mumbai Suburban Area, India",2022-09-29T19:45:47.171307,Pending,32035.52,online
200,,Online Customer 823,online_258@gmail.com,9876510344,"Mumbai Suburban Area, India",2022-09-30T10:59:00.171307,Delivered,1854.41,online
201,2.0,Online Customer 541,online_446@gmail.com,9876566711,"Mumbai Suburban Area, India",2022-10-01T16:53:52.171307,Delivered,63386.76,online
202,,Online Customer 915,online_580@gmail.com,9876594345,"Mumbai Suburban Area, India",2022-10-01T16:46:44.171307,Delivered,12950.88,online
203,2.0,Online Customer 390,online_323@gmail.com,9876529161,"Mumbai Suburban Area, India",2022-10-01T21:43:06.171307,Delivered,816.42,online
204,2.0,Online Customer 744,online_49@gmail.com,9876573189,"Mumbai Suburban Area, India",2022-10-02T13:43:53.171307,Delivered,1511.48,online
205,2.0,Online Customer 473,online_412@gmail.com,9876510942,"Mumbai Suburban Area, India",2022-10-02T14:55:36.171307,Delivered,1038.52,online
206,,Online Customer 607,online_290@gmail.com,9876529429,"Mumbai Suburban Area, India",2022-10-02T12:34:33.171307,Delivered,402.56,online
207,2.0,Online Customer 714,online_27@gmail.com,9876587872,"Mumbai Suburban Area, India",2022-10-03T09:42:02.171307,Delivered,35601.49,online
208,,Online Customer 588,online_108@gmail.com,9876527481,"Mumbai Suburban Area, India",2022-10-04T15:15:09.171307,Delivered,4875.77,online
209,,Online Customer 415,online_815@gmail.com,9876559421,"Mumbai Suburban Area, India",2022-10-04T21:42:20.171307,Pending,765.01,online
210,,Online Customer 196,online_75@gmail.com,9876523576,"Mumbai Suburban Area, India",2022-10-05T16:27:52.171307,Delivered,64507.74,online
211,,Online Customer 593,online_786@gmail.com,9876515133,"Mumbai Suburban Area, India",2022-10-05T17:11:42.171307,Delivered,393.46,online
212,2.0,Online Customer 498,online_399@gmail.com,9876524238,"Mumbai Suburban Area, India",2022-10-05T13:28:14.171307,Delivered,47996.02,online
213,2.0,Online Customer 905,online_27@gmail.com,9876580882,"Mumbai Suburban Area, India",2022-10-05T18:02:13.171307,Delivered,454.49,online
214,,Online Customer 500,online_716@gmail.com,9876522052,"Mumbai Suburban Area, India",2022-10-05T14:31:21.171307,Delivered,570.24,online
215,,Online Customer 470,online_204@gmail.com,9876534279,"Mumbai Suburban Area, India",2022-10-06T10:55:30.171307,Delivered,2525.88,online
216,2.0,Online Customer 823,online_715@gmail.com,9876591386,"Mumbai Suburban Area, India",2022-10-06T19:27:42.171307,Pending,626.47,online
217,,Online Customer 839,online_749@gmail.com,9876519856,"Mumbai Suburban Area, India",2022-10-06T16:17:25.171307,Delivered,599.55,online
218,2.0,Online Customer 263,online_271@gmail.com,9876598145,"Mumbai Suburban Area, India",2022-10-06T18:43:44.171307,Delivered,1800.84,online
219,2.0,Online Customer 620,online_716@gmail.com,9876589894,"Mumbai Suburban Area, India",2022-10-07T15:09:31.171307,Delivered,897.06,online
220,,Online Customer 398,online_69@gmail.com,9876526391,"Mumbai Suburban Area, India",2022-10-07T11:15:45.171307,Delivered,4363.89,online
221,2.0,Online Customer 765,online_275@gmail.com,9876517651,"Mumbai Suburban Area, India",2022-10-07T13:58:08.171307,Delivered,17243.05,online
222,,Online Customer 616,online_732@gmail.com,9876515767,"Mumbai Suburban Area, India",2022-10-07T09:38:38.171307,Delivered,427.95,online
223,2.0,Online Customer 427,online_90@gmail.com,9876535662,"Mumbai Suburban Area, India",2022-10-07T17:26:30.171307,Delivered,497.47,online
224,2.0,Online Customer 197,online_68@gmail.com,9876535843,"Mumbai Suburban Area, India",2022-10-07T12:13:20.171307,Delivered,17303.34,online
225,2.0,Online Customer 986,online_384@gmail.com,9876546154,"Mumbai Suburban Area, India",2022-10-08T10:29:37.171307,Delivered,2173.91,online
226,,Online Customer 774,online_34@gmail.com,9876515494,"Mumbai Suburban Area, India",2022-10-08T09:22:02.171307,Delivered,25589.78,online
227,2.0,Online Customer 329,online_921@gmail.com,9876565020,"Mumbai Suburban Area, India",2022-10-08T20:19:15.171307,Delivered,4168.86,online
228,,Online Customer 730,online_966@gmail.com,9876512759,"Mumbai Suburban Area, India",2022-10-08T19:58:01.171307,Pending,1823.33,online
229,2.0,Online Customer 680,online_369@gmail.com,9876534826,"Mumbai Suburban Area, India",2022-10-09T18:04:03.171307,Delivered,51234.66,online
230,2.0,Online Customer 518,online_363@gmail.com,9876583882,"Mumbai Suburban Area, India",2022-10-09T09:49:01.171307,Delivered,684.56,online
231,,Online Customer 958,online_472@gmail.com,9876581331,"Mumbai Suburban Area, India",2022-10-09T15:49:25.171307,Delivered,1401.92,online
232,,Online Customer 892,online_11@gmail.com,9876510864,"Mumbai Suburban Area, India",2022-10-09T09:11:11.171307,Delivered,2649.36,online
233,2.0,Online Customer 245,online_110@gmail.com,9876572318,"Mumbai Suburban Area, India",2022-10-09T21:28:06.171307,Delivered,2170.14,online
234,2.0,Online Customer 927,online_679@gmail.com,9876592910,"Mumbai Suburban Area, India",2022-10-10T11:50:54.171307,Pending,25621.25,online
235,2.0,Online Customer 486,online_481@gmail.com,9876543555,"Mumbai Suburban Area, India",2022-10-10T17:47:28.171307,Delivered,636.5,online
236,2.0,Online Customer 804,online_456@gmail.com,9876546743,"Mumbai Suburban Area, India",2022-10-10T21:44:35.171307,Delivered,444.33,online
237,,Online Customer 996,online_197@gmail.com,9876515809,"Mumbai Suburban Area, India",2022-10-10T10:47:23.171307,Delivered,706.08,online
238,,Online Customer 202,online_910@gmail.com,9876529062,"Mumbai Suburban Area, India",2022-10-11T11:33:20.171307,Pending,59274.33,online
239,2.0,Online Customer 217,online_961@gmail.com,9876556032,"Mumbai Suburban Area, India",2022-10-11T11:52:52.171307,Delivered,2862.31,online
240,2.0,Online Customer 791,online_630@gmail.com,9876580396,"Mumbai Suburban Area, India",2022-10-12T14:40:17.171307,Delivered,2119.54,online
241,,Online Customer 584,online_489@gmail.com,9876520068,"Mumbai Suburban Area, India",2022-10-12T11:51:19.171307,Delivered,904.18,online
242,,Online Customer 791,online_872@gmail.com,9876567308,"Mumbai Suburban Area, India",2022-10-12T15:49:43.171307,Pending,1186.26,online
243,,Online Customer 717,online_235@gmail.com,9876575522,"Mumbai Suburban Area, India",2022-10-12T14:31:11.171307,Delivered,795.6,online
244,2.0,Online Customer 747,online_50@gmail.com,9876555372,"Mumbai Suburban Area, India",2022-10-12T10:22:31.171307,Delivered,629.78,online
245,,Online Customer 251,online_725@gmail.com,9876587182,"Mumbai Suburban Area, India",2022-10-12T21:50:27.171307,Pending,26854.07,online
246,,Online Customer 464,online_749@gmail.com,9876545014,"Mumbai Suburban Area, India",2022-10-14T10:00:25.171307,Delivered,336.7,online
247,,Online Customer 798,online_40@gmail.com,9876512885,"Mumbai Suburban Area, India",2022-10-14T19:00:19.171307,Delivered,18108.46,online
248,,Online Customer 760,online_422@gmail.com,9876571828,"Mumbai Suburban Area, India",2022-10-14T19:06:35.171307,Delivered,1595.59,online
249,2.0,Online Customer 147,online_656@gmail.com,9876556338,"Mumbai Suburban Area, India",2022-10-15T21:24:16.171307,Delivered,1019.65,online
250,2.0,Online Customer 971,online_399@gmail.com,9876533844,"Mumbai Suburban Area, India",2022-10-15T20:57:52.171307,Delivered,2223.58,online
251,2.0,Online Customer 481,online_810@gmail.com,9876580926,"Mumbai Suburban Area, India",2022-10-15T11:17:59.171307,Delivered,710.04,online
252,2.0,Online Customer 540,online_26@gmail.com,9876573164,"Mumbai Suburban Area, India",2022-10-15T19:40:30.171307,Delivered,17150.79,online
253,,Online Customer 444,online_886@gmail.com,9876569109,"Mumbai Suburban Area, India",2022-10-16T17:08:44.171307,Delivered,471.57,online
254,2.0,Online Customer 725,online_210@gmail.com,9876553193,"Mumbai Suburban Area, India",2022-10-16T18:56:35.171307,Delivered,73762.12,online
255,2.0,Online Customer 680,online_728@gmail.com,9876552739,"Mumbai Suburban Area, India",2022-10-16T12:09:27.171307,Delivered,36052.72,online
256,,Online Customer 150,online_366@gmail.com,9876588451,"Mumbai Suburban Area, India",2022-10-16T20:36:59.171307,Delivered,540.1,online
257,,Online Customer 410,online_73@gmail.com,9876578783,"Mumbai Suburban Area, India",2022-10-17T09:56:46.171307,Delivered,72397.85,online
258,2.0,Online Customer 982,online_941@gmail.com,9876577295,"Mumbai Suburban Area, India",2022-10-17T11:27:50.171307,Delivered,1074.36,online
259,,Online Customer 379,online_239@gmail.com,9876578083,"Mumbai Suburban Area, India",2022-10-17T19:39:54.171307,Delivered,1152.04,online
260,2.0,Online Customer 276,online_388@gmail.com,9876597987,"Mumbai Suburban Area, India",2022-10-18T15:58:09.171307,Delivered,21244.67,online
261,,Online Customer 374,online_54@gmail.com,9876582196,"Mumbai Suburban Area, India",2022-10-19T14:48:37.171307,Delivered,2027.08,online
262,,Online Customer 898,online_199@gmail.com,9876557844,"Mumbai Suburban Area, India",2022-10-20T19:27:31.171307,Delivered,1025.36,online
263,,Online Customer 806,online_876@gmail.com,9876565212,"Mumbai Suburban Area, India",2022-10-20T17:14:16.171307,Delivered,9876.54,online
264,2.0,Online Customer 124,online_661@gmail.com,9876598687,"Mumbai Suburban Area, India",2022-10-20T09:53:57.171307,Delivered,405.9,online
265,,Online Customer 992,online_905@gmail.com,9876571680,"Mumbai Suburban Area, India",2022-10-21T12:45:40.171307,Delivered,10498.12,online
266,2.0,Online Customer 436,online_386@gmail.com,9876583719,"Mumbai Suburban Area, India",2022-10-21T16:20:02.171307,Delivered,100236.22,online
267,2.0,Online Customer 388,online_801@gmail.com,9876539079,"Mumbai Suburban Area, India",2022-10-21T21:19:58.171307,Pending,19705.09,online
268,,Online Customer 454,online_951@gmail.com,9876561522,"Mumbai Suburban Area, India",2022-10-21T11:51:27.171307,Delivered,49629.9,online
269,,Online Customer 959,online_692@gmail.com,9876573939,"Mumbai Suburban Area, India",2022-10-21T11:08:06.171307,Delivered,1927.85,online
270,2.0,Online Customer 764,online_675@gmail.com,9876562500,"Mumbai Suburban Area, India",2022-10-22T17:47:22.171307,Delivered,17200.61,online
271,,Online Customer 114,online_591@gmail.com,9876540066,"Mumbai Suburban Area, India",2022-10-22T12:34:30.171307,Delivered,452.15,online
272,,Online Customer 203,online_369@gmail.com,9876540261,"Mumbai Suburban Area, India",2022-10-23T09:00:07.171307,Pending,71405.69,online
273,2.0,Online Customer 313,online_800@gmail.com,9876530246,"Mumbai Suburban Area, India",2022-10-23T20:38:56.171307,Delivered,714.84,online
274,2.0,Online Customer 588,online_279@gmail.com,9876597787,"Mumbai Suburban Area, India",2022-10-24T12:09:31.171307,Delivered,737.84,online
275,,Online Customer 517,online_911@gmail.com,9876564230,"Mumbai Suburban Area, India",2022-10-24T11:43:19.171307,Delivered,1992.08,online
276,2.0,Online Customer 383,online_284@gmail.com,9876521299,"Mumbai Suburban Area, India",2022-10-24T11:59:07.171307,Delivered,25020.84,online
277,2.0,Online Customer 983,online_940@gmail.com,9876528415,"Mumbai Suburban Area, India",2022-10-24T20:49:12.171307,Delivered,1530.3,online
278,,Online Customer 490,online_142@gmail.com,9876544954,"Mumbai Suburban Area, India",2022-10-26T20:20:03.171307,Delivered,3061.27,online
279,2.0,Online Customer 866,online_562@gmail.com,9876592548,"Mumbai Suburban Area, India",2022-10-27T11:27:56.171307,Delivered,60961.87,online
280,2.0,Online Customer 506,online_845@gmail.com,9876511870,"Mumbai Suburban Area, India",2022-10-27T19:02:24.171307,Delivered,359.44,online
281,2.0,Online Customer 264,online_102@gmail.com,9876576825,"Mumbai Suburban Area, India",2022-10-28T19:34:43.171307,Delivered,1215.99,online
282,,Online Customer 928,online_300@gmail.com,9876519333,"Mumbai Suburban Area, India",2022-10-28T17:17:35.171307,Delivered,998.2,online
283,,Online Customer 596,online_921@gmail.com,9876572814,"Mumbai Suburban Area, India",2022-10-29T19:16:42.171307,Delivered,1135.67,online
284,,Online Customer 809,online_87@gmail.com,9876569735,"Mumbai Suburban Area, India",2022-10-29T14:07:24.171307,Delivered,505.62,online
285,2.0,Online Customer 735,online_950@gmail.com,9876555330,"Mumbai Suburban Area, India",2022-10-29T12:55:29.171307,Delivered,1602.66,online
286,2.0,Online Customer 749,online_761@gmail.com,9876588394,"Mumbai Suburban Area, India",2022-10-29T21:36:06.171307,Delivered,3950.41,online
287,,Online Customer 714,online_872@gmail.com,9876594457,"Mumbai Suburban Area, India",2022-10-29T14:16:17.171307,Delivered,824.08,online
288,2.0,Online Customer 670,online_319@gmail.com,9876541362,"Mumbai Suburban Area, India",2022-10-29T13:52:33.171307,Delivered,3863.0,online
289,,Online Customer 856,online_431@gmail.com,9876585794,"Mumbai Suburban Area, India",2022-10-30T10:03:30.171307,Delivered,56963.18,online
290,,Online Customer 385,online_566@gmail.com,9876541745,"Mumbai Suburban Area, India",2022-10-30T18:37:55.171307,Delivered,56981.19,online
291,2.0,Online Customer 788,online_449@gmail.com,9876594011,"Mumbai Suburban Area, India",2022-10-30T17:14:57.171307,Delivered,74777.02,online
292,2.0,Online Customer 972,online_326@gmail.com,9876522064,"Mumbai Suburban Area, India",2022-10-31T09:04:31.171307,Delivered,1721.37,online
293,,Online Customer 175,online_676@gmail.com,9876551588,"Mumbai Suburban Area, India",2022-10-31T18:59:35.171307,Delivered,400.65,online
294,,Online Customer 893,online_732@gmail.com,9876512494,"Mumbai Suburban Area, India",2022-10-31T16:45:10.171307,Delivered,1833.87,online
295,2.0,Online Customer 497,online_924@gmail.com,9876598134,"Mumbai Suburban Area, India",2022-10-31T14:08:03.171307,Delivered,56733.14,online
296,,Online Customer 317,online_827@gmail.com,9876532467,"Mumbai Suburban Area, India",2022-10-31T11:21:21.171307,Pending,2349.36,online
297,2.0,Online Customer 455,online_449@gmail.com,9876561430,"Mumbai Suburban Area, India",2022-11-01T18:34:43.171307,Delivered,117.2,online
298,2.0,Online Customer 536,online_599@gmail.com,9876554770,"Mumbai Suburban Area, India",2022-11-01T17:11:41.171307,Delivered,17453.98,online
299,2.0,Online Customer 408,online_218@gmail.com,9876539930,"Mumbai Suburban Area, India",2022-11-01T11:54:02.171307,Pending,17959.02,online
300,2.0,Online Customer 768,online_392@gmail.com,9876512846,"Mumbai Suburban Area, India",2022-11-01T16:14:59.171307,Delivered,473.47,online
301,2.0,Online Customer 737,online_764@gmail.com,9876572815,"Mumbai Suburban Area, India",2022-11-02T20:11:53.171307,Delivered,261.86,online
302,2.0,Online Customer 621,online_991@gmail.com,9876513689,"Mumbai Suburban Area, India",2022-11-02T21:48:40.171307,Delivered,53365.96,online
303,2.0,Online Customer 597,online_141@gmail.com,9876567739,"Mumbai Suburban Area, India",2022-11-02T09:13:56.171307,Delivered,450.11,online
304,2.0,Online Customer 976,online_110@gmail.com,9876554813,"Mumbai Suburban Area, India",2022-11-03T12:12:58.171307,Delivered,1362.36,online
305,,Online Customer 611,online_855@gmail.com,9876529462,"Mumbai Suburban Area, India",2022-11-03T13:34:05.171307,Delivered,32925.28,online
306,2.0,Online Customer 958,online_664@gmail.com,9876543528,"Mumbai Suburban Area, India",2022-11-03T17:19:14.171307,Delivered,1165.6,online
307,,Online Customer 234,online_884@gmail.com,9876557251,"Mumbai Suburban Area, India",2022-11-04T20:04:45.171307,Delivered,89339.12,online
308,2.0,Online Customer 727,online_794@gmail.com,9876554788,"Mumbai Suburban Area, India",2022-11-04T13:05:57.171307,Delivered,1069.87,online
309,,Online Customer 773,online_271@gmail.com,9876574035,"Mumbai Suburban Area, India",2022-11-04T12:59:44.171307,Delivered,2792.3,online
310,2.0,Online Customer 850,online_385@gmail.com,9876598668,"Mumbai Suburban Area, India",2022-11-04T14:50:18.171307,Delivered,16218.64,online
311,2.0,Online Customer 993,online_432@gmail.com,9876594227,"Mumbai Suburban Area, India",2022-11-04T15:08:48.171307,Delivered,29024.18,online
312,,Online Customer 626,online_356@gmail.com,9876563906,"Mumbai Suburban Area, India",2022-11-04T12:50:41.171307,Delivered,648.5,online
313,2.0,Online Customer 790,online_756@gmail.com,9876569986,"Mumbai Suburban Area, India",2022-11-05T19:29:40.171307,Delivered,573.46,online
314,2.0,Online Customer 731,online_341@gmail.com,9876550401,"Mumbai Suburban Area, India",2022-11-05T09:11:44.171307,Pending,767.36,online
315,,Online Customer 679,online_151@gmail.com,9876513512,"Mumbai Suburban Area, India",2022-11-05T17:17:32.171307,Delivered,40715.48,online
316,,Online Customer 439,online_977@gmail.com,9876594446,"Mumbai Suburban Area, India",2022-11-05T11:18:53.171307,Delivered,1644.14,online
317,,Online Customer 771,online_44@gmail.com,9876540370,"Mumbai Suburban Area, India",2022-11-05T12:39:24.171307,Delivered,3614.51,online
318,,Online Customer 751,online_971@gmail.com,9876523870,"Mumbai Suburban Area, India",2022-11-05T20:46:58.171307,Delivered,73811.44,online
319,,Online Customer 709,online_360@gmail.com,9876592165,"Mumbai Suburban Area, India",2022-11-05T19:10:40.171307,Delivered,19124.62,online
320,2.0,Online Customer 983,online_103@gmail.com,9876535802,"Mumbai Suburban Area, India",2022-11-05T19:44:34.171307,Delivered,546.4,online
321,,Online Customer 810,online_592@gmail.com,9876546023,"Mumbai Suburban Area, India",2022-11-06T14:15:40.171307,Delivered,48747.37,online
322,2.0,Online Customer 131,online_141@gmail.com,9876568010,"Mumbai Suburban Area, India",2022-11-08T19:19:42.171307,Pending,945.05,online
323,,Online Customer 980,online_335@gmail.com,9876527922,"Mumbai Suburban Area, India",2022-11-08T14:18:43.171307,Delivered,19167.28,online
324,2.0,Online Customer 640,online_971@gmail.com,9876589365,"Mumbai Suburban Area, India",2022-11-09T21:47:26.171307,Delivered,2634.96,online
325,,Online Customer 571,online_714@gmail.com,9876538717,"Mumbai Suburban Area, India",2022-11-09T11:21:14.171307,Delivered,17459.67,online
326,,Online Customer 706,online_297@gmail.com,9876522276,"Mumbai Suburban Area, India",2022-11-10T18:30:03.171307,Delivered,4805.6,online
327,,Online Customer 304,online_95@gmail.com,9876597805,"Mumbai Suburban Area, India",2022-11-10T11:59:57.171307,Delivered,690.8,online
328,,Online Customer 560,online_517@gmail.com,9876519723,"Mumbai Suburban Area, India",2022-11-10T21:39:58.171307,Delivered,1266.29,online
329,,Online Customer 857,online_106@gmail.com,9876573881,"Mumbai Suburban Area, India",2022-11-11T10:09:09.171307,Delivered,1492.87,online
330,,Online Customer 134,online_916@gmail.com,9876557495,"Mumbai Suburban Area, India",2022-11-11T13:08:01.171307,Delivered,221.74,online
331,,Online Customer 528,online_243@gmail.com,9876510473,"Mumbai Suburban Area, India",2022-11-11T21:51:10.171307,Delivered,408.43,online
332,,Online Customer 625,online_89@gmail.com,9876565342,"Mumbai Suburban Area, India",2022-11-11T13:33:01.171307,Delivered,23033.74,online
333,2.0,Online Customer 818,online_203@gmail.com,9876532799,"Mumbai Suburban Area, India",2022-11-11T15:56:44.171307,Delivered,49782.33,online
334,,Online Customer 978,online_930@gmail.com,9876595014,"Mumbai Suburban Area, India",2022-11-11T12:39:37.171307,Pending,26363.94,online
335,,Online Customer 392,online_656@gmail.com,9876595313,"Mumbai Suburban Area, India",2022-11-11T19:43:57.171307,Delivered,2020.68,online
336,2.0,Online Customer 764,online_749@gmail.com,9876535745,"Mumbai Suburban Area, India",2022-11-11T11:37:09.171307,Delivered,54231.44,online
337,2.0,Online Customer 449,online_818@gmail.com,9876539058,"Mumbai Suburban Area, India",2022-11-11T19:51:08.171307,Delivered,8948.47,online
338,,Online Customer 411,online_496@gmail.com,9876523699,"Mumbai Suburban Area, India",2022-11-12T16:25:09.171307,Delivered,1389.98,online
339,,Online Customer 114,online_828@gmail.com,9876588110,"Mumbai Suburban Area, India",2022-11-12T09:11:30.171307,Delivered,1158.54,online
340,2.0,Online Customer 853,online_917@gmail.com,9876562106,"Mumbai Suburban Area, India",2022-11-12T15:58:47.171307,Delivered,8651.34,online
341,2.0,Online Customer 247,online_536@gmail.com,9876563432,"Mumbai Suburban Area, India",2022-11-12T15:49:37.171307,Delivered,4442.26,online
342,2.0,Online Customer 266,online_258@gmail.com,9876580693,"Mumbai Suburban Area, India",2022-11-13T14:30:22.171307,Delivered,221.74,online
343,2.0,Online Customer 837,online_552@gmail.com,9876555799,"Mumbai Suburban Area, India",2022-11-13T11:53:12.171307,Delivered,223.24,online
344,,Online Customer 452,online_411@gmail.com,9876529842,"Mumbai Suburban Area, India",2022-11-13T10:33:27.171307,Delivered,79587.6,online
345,,Online Customer 648,online_618@gmail.com,9876557120,"Mumbai Suburban Area, India",2022-11-13T12:06:49.171307,Delivered,39168.2,online
346,,Online Customer 284,online_511@gmail.com,9876545898,"Mumbai Suburban Area, India",2022-11-13T14:11:10.171307,Delivered,37402.54,online
347,,Online Customer 344,online_321@gmail.com,9876579874,"Mumbai Suburban Area, India",2022-11-14T14:41:54.171307,Delivered,106221.64,online
348,,Online Customer 980,online_325@gmail.com,9876547589,"Mumbai Suburban Area, India",2022-11-14T17:32:11.171307,Delivered,78537.8,online
349,,Online Customer 825,online_776@gmail.com,9876570117,"Mumbai Suburban Area, India",2022-11-15T10:04:03.171307,Delivered,364.1,online
350,2.0,Online Customer 291,online_487@gmail.com,9876513629,"Mumbai Suburban Area, India",2022-11-15T17:19:41.171307,Delivered,1179.74,online
351,,Online Customer 744,online_314@gmail.com,9876580889,"Mumbai Suburban Area, India",2022-11-16T12:29:05.171307,Delivered,32277.26,online
352,,Online Customer 512,online_962@gmail.com,9876568025,"Mumbai Suburban Area, India",2022-11-16T10:38:32.171307,Delivered,3988.63,online
353,,Online Customer 973,online_344@gmail.com,9876576576,"Mumbai Suburban Area, India",2022-11-16T18:16:49.171307,Delivered,33383.19,online
354,,Online Customer 116,online_988@gmail.com,9876510880,"Mumbai Suburban Area, India",2022-11-16T16:40:25.171307,Delivered,74943.56,online
355,2.0,Online Customer 407,online_468@gmail.com,9876593988,"Mumbai Suburban Area, India",2022-11-16T11:48:21.171307,Delivered,2458.53,online
356,,Online Customer 537,online_812@gmail.com,9876528019,"Mumbai Suburban Area, India",2022-11-16T20:39:18.171307,Delivered,117.2,online
357,2.0,Online Customer 236,online_107@gmail.com,9876526837,"Mumbai Suburban Area, India",2022-11-17T10:39:54.171307,Delivered,737.22,online
358,2.0,Online Customer 828,online_320@gmail.com,9876577889,"Mumbai Suburban Area, India",2022-11-17T16:29:24.171307,Pending,904.18,online
359,2.0,Online Customer 305,online_829@gmail.com,9876586808,"Mumbai Suburban Area, India",2022-11-17T16:05:00.171307,Delivered,33473.61,online
360,,Online Customer 222,online_668@gmail.com,9876511972,"Mumbai Suburban Area, India",2022-11-17T19:54:19.171307,Delivered,2450.74,online
361,2.0,Online Customer 353,online_280@gmail.com,9876526085,"Mumbai Suburban Area, India",2022-11-18T11:25:00.171307,Delivered,47387.4,online
362,2.0,Online Customer 815,online_902@gmail.com,9876534432,"Mumbai Suburban Area, India",2022-11-18T10:54:08.171307,Pending,4406.56,online
363,2.0,Online Customer 403,online_578@gmail.com,9876592047,"Mumbai Suburban Area, India",2022-11-18T19:18:18.171307,Delivered,19505.57,online
364,2.0,Online Customer 133,online_523@gmail.com,9876516004,"Mumbai Suburban Area, India",2022-11-18T21:43:26.171307,Delivered,5847.73,online
365,,Online Customer 527,online_296@gmail.com,9876539328,"Mumbai Suburban Area, India",2022-11-19T19:01:31.171307,Delivered,1494.5,online
366,,Online Customer 155,online_952@gmail.com,9876561932,"Mumbai Suburban Area, India",2022-11-19T14:27:02.171307,Delivered,839.5,online
367,2.0,Online Customer 204,online_754@gmail.com,9876540648,"Mumbai Suburban Area, India",2022-11-19T15:18:05.171307,Delivered,70247.22,online
368,2.0,Online Customer 249,online_731@gmail.com,9876570766,"Mumbai Suburban Area, India",2022-11-19T11:19:41.171307,Delivered,1251.22,online
369,2.0,Online Customer 995,online_451@gmail.com,9876578673,"Mumbai Suburban Area, India",2022-11-20T17:23:31.171307,Delivered,2786.54,online
370,,Online Customer 156,online_395@gmail.com,9876560567,"Mumbai Suburban Area, India",2022-11-20T19:20:23.171307,Delivered,38938.68,online
371,,Online Customer 510,online_397@gmail.com,9876565325,"Mumbai Suburban Area, India",2022-11-20T17:00:25.171307,Pending,18898.15,online
372,,Online Customer 631,online_571@gmail.com,9876517069,"Mumbai Suburban Area, India",2022-11-20T11:19:23.171307,Delivered,26915.16,online
373,2.0,Online Customer 533,online_824@gmail.com,9876524346,"Mumbai Suburban Area, India",2022-11-21T15:41:32.171307,Delivered,706.08,online
374,2.0,Online Customer 450,online_783@gmail.com,9876589823,"Mumbai Suburban Area, India",2022-11-22T14:54:54.171307,Delivered,589.34,online
375,,Online Customer 998,online_259@gmail.com,9876572020,"Mumbai Suburban Area, India",2022-11-23T18:37:03.171307,Delivered,35486.98,online
376,,Online Customer 922,online_786@gmail.com,9876516706,"Mumbai Suburban Area, India",2022-11-23T10:07:33.171307,Delivered,2420.65,online
377,2.0,Online Customer 394,online_630@gmail.com,9876528008,"Mumbai Suburban Area, India",2022-11-23T12:28:40.171307,Delivered,635.78,online
378,2.0,Online Customer 646,online_899@gmail.com,9876599315,"Mumbai Suburban Area, India",2022-11-23T16:27:00.171307,Delivered,2117.82,online
379,2.0,Online Customer 311,online_679@gmail.com,9876572848,"Mumbai Suburban Area, India",2022-11-24T14:53:40.171307,Pending,338.05,online
380,2.0,Online Customer 580,online_537@gmail.com,9876592221,"Mumbai Suburban Area, India",2022-11-25T16:08:41.171307,Delivered,69122.42,online
381,2.0,Online Customer 730,online_574@gmail.com,9876518633,"Mumbai Suburban Area, India",2022-11-25T20:56:19.171307,Delivered,186.6,online
382,2.0,Online Customer 591,online_752@gmail.com,9876563881,"Mumbai Suburban Area, India",2022-11-26T11:38:06.171307,Pending,19106.9,online
383,,Online Customer 848,online_348@gmail.com,9876560456,"Mumbai Suburban Area, India",2022-11-26T15:45:39.171307,Delivered,453.32,online
384,,Online Customer 262,online_175@gmail.com,9876510360,"Mumbai Suburban Area, India",2022-11-26T12:48:36.171307,Delivered,75739.56,online
385,,Online Customer 180,online_41@gmail.com,9876589144,"Mumbai Suburban Area, India",2022-11-26T12:18:39.171307,Delivered,778.6,online
386,2.0,Online Customer 558,online_300@gmail.com,9876558973,"Mumbai Suburban Area, India",2022-11-27T14:39:04.171307,Delivered,72.78,online
387,2.0,Online Customer 181,online_302@gmail.com,9876585602,"Mumbai Suburban Area, India",2022-11-27T18:45:50.171307,Delivered,357.42,online
388,,Online Customer 818,online_595@gmail.com,9876537092,"Mumbai Suburban Area, India",2022-11-27T11:10:30.171307,Delivered,5125.28,online
389,,Online Customer 707,online_551@gmail.com,9876553061,"Mumbai Suburban Area, India",2022-11-27T21:20:22.171307,Delivered,847.15,online
390,,Online Customer 329,online_903@gmail.com,9876527245,"Mumbai Suburban Area, India",2022-11-27T14:51:16.171307,Delivered,15203.34,online
391,,Online Customer 540,online_332@gmail.com,9876512276,"Mumbai Suburban Area, India",2022-11-28T17:08:59.171307,Delivered,42548.98,online
392,2.0,Online Customer 829,online_958@gmail.com,9876581793,"Mumbai Suburban Area, India",2022-11-28T18:10:03.171307,Pending,35994.53,online
393,,Online Customer 568,online_403@gmail.com,9876589407,"Mumbai Suburban Area, India",2022-11-28T14:02:17.171307,Delivered,40263.74,online
394,2.0,Online Customer 744,online_338@gmail.com,9876556996,"Mumbai Suburban Area, India",2022-11-29T15:06:07.171307,Delivered,922.81,online
395,,Online Customer 907,online_138@gmail.com,9876540137,"Mumbai Suburban Area, India",2022-11-29T09:17:26.171307,Delivered,796.31,online
396,2.0,Online Customer 903,online_602@gmail.com,9876521520,"Mumbai Suburban Area, India",2022-11-29T15:45:05.171307,Delivered,4269.39,online
397,,Online Customer 238,online_385@gmail.com,9876592164,"Mumbai Suburban Area, India",2022-11-30T18:44:41.171307,Delivered,216.38,online
398,2.0,Online Customer 231,online_86@gmail.com,9876574934,"Mumbai Suburban Area, India",2022-11-30T18:01:44.171307,Delivered,1595.06,online
399,,Online Customer 666,online_891@gmail.com,9876523318,"Mumbai Suburban Area, India",2022-11-30T14:55:27.171307,Delivered,97497.04,online
400,,Online Customer 533,online_985@gmail.com,9876558705,"Mumbai Suburban Area, India",2022-11-30T13:38:44.171307,Delivered,1414.73,online
401,2.0,Online Customer 746,online_495@gmail.com,9876580612,"Mumbai Suburban Area, India",2022-11-30T19:50:04.171307,Delivered,16704.72,online
402,,Online Customer 922,online_62@gmail.com,9876547453,"Mumbai Suburban Area, India",2022-12-01T21:06:36.171307,Delivered,768.22,online
403,2.0,Online Customer 697,online_409@gmail.com,9876597875,"Mumbai Suburban Area, India",2022-12-01T09:11:50.171307,Delivered,18263.72,online
404,2.0,Online Customer 238,online_603@gmail.com,9876524505,"Mumbai Suburban Area, India",2022-12-01T20:08:12.171307,Delivered,1165.9,online
405,2.0,Online Customer 456,online_310@gmail.com,9876540643,"Mumbai Suburban Area, India",2022-12-01T09:59:28.171307,Delivered,930.62,online
406,2.0,Online Customer 962,online_888@gmail.com,9876562772,"Mumbai Suburban Area, India",2022-12-01T19:32:01.171307,Delivered,854.68,online
407,2.0,Online Customer 582,online_428@gmail.com,9876562535,"Mumbai Suburban Area, India",2022-12-02T19:57:13.171307,Delivered,234.67,online
408,2.0,Online Customer 553,online_842@gmail.com,9876542001,"Mumbai Suburban Area, India",2022-12-02T19:19:23.171307,Pending,4315.59,online
409,,Online Customer 342,online_824@gmail.com,9876527737,"Mumbai Suburban Area, India",2022-12-02T19:43:30.171307,Delivered,76697.94,online
410,,Online Customer 286,online_983@gmail.com,9876589309,"Mumbai Suburban Area, India",2022-12-02T12:40:26.171307,Delivered,25155.74,online
411,2.0,Online Customer 238,online_977@gmail.com,9876571642,"Mumbai Suburban Area, India",2022-12-02T15:50:44.171307,Delivered,96516.62,online
412,,Online Customer 918,online_396@gmail.com,9876567003,"Mumbai Suburban Area, India",2022-12-02T09:30:39.171307,Delivered,9802.44,online
413,,Online Customer 311,online_661@gmail.com,9876587289,"Mumbai Suburban Area, India",2022-12-02T12:34:57.171307,Delivered,940.12,online
414,2.0,Online Customer 573,online_882@gmail.com,9876524697,"Mumbai Suburban Area, India",2022-12-02T16:46:03.171307,Pending,917.09,online
415,,Online Customer 569,online_793@gmail.com,9876559186,"Mumbai Suburban Area, India",2022-12-03T14:13:30.171307,Delivered,62303.69,online
416,2.0,Online Customer 652,online_543@gmail.com,9876572196,"Mumbai Suburban Area, India",2022-12-03T14:14:43.171307,Pending,31494.76,online
417,2.0,Online Customer 591,online_754@gmail.com,9876541390,"Mumbai Suburban Area, India",2022-12-03T12:32:05.171307,Delivered,69928.88,online
418,,Online Customer 127,online_881@gmail.com,9876561955,"Mumbai Suburban Area, India",2022-12-03T16:26:57.171307,Delivered,35751.85,online
419,2.0,Online Customer 648,online_229@gmail.com,9876529798,"Mumbai Suburban Area, India",2022-12-03T12:54:24.171307,Delivered,199.67,online
420,2.0,Online Customer 464,online_119@gmail.com,9876578648,"Mumbai Suburban Area, India",2022-12-03T09:12:13.171307,Delivered,1709.95,online
421,,Online Customer 861,online_977@gmail.com,9876588170,"Mumbai Suburban Area, India",2022-12-04T21:14:11.171307,Delivered,35000.31,online
422,,Online Customer 405,online_304@gmail.com,9876582748,"Mumbai Suburban Area, India",2022-12-04T19:29:20.171307,Pending,17737.62,online
423,2.0,Online Customer 641,online_252@gmail.com,9876581281,"Mumbai Suburban Area, India",2022-12-04T11:11:04.171307,Delivered,57842.28,online
424,,Online Customer 827,online_648@gmail.com,9876579599,"Mumbai Suburban Area, India",2022-12-04T19:18:44.171307,Delivered,39110.14,online
425,2.0,Online Customer 168,online_133@gmail.com,9876571843,"Mumbai Suburban Area, India",2022-12-05T11:02:10.171307,Delivered,928.72,online
426,,Online Customer 574,online_402@gmail.com,9876511905,"Mumbai Suburban Area, India",2022-12-06T10:06:31.171307,Delivered,234.31,online
427,2.0,Online Customer 117,online_924@gmail.com,9876591629,"Mumbai Suburban Area, India",2022-12-06T14:32:11.171307,Delivered,756.99,online
428,2.0,Online Customer 328,online_672@gmail.com,9876555714,"Mumbai Suburban Area, India",2022-12-06T21:36:25.171307,Delivered,31579.52,online
429,,Online Customer 715,online_768@gmail.com,9876572990,"Mumbai Suburban Area, India",2022-12-07T10:45:23.171307,Delivered,45608.46,online
430,,Online Customer 846,online_963@gmail.com,9876575432,"Mumbai Suburban Area, India",2022-12-08T16:30:11.171307,Delivered,447.9,online
431,,Online Customer 628,online_546@gmail.com,9876525436,"Mumbai Suburban Area, India",2022-12-08T16:01:33.171307,Delivered,168.91,online
432,,Online Customer 175,online_420@gmail.com,9876548304,"Mumbai Suburban Area, India",2022-12-09T15:10:35.171307,Delivered,673.4,online
433,,Online Customer 262,online_976@gmail.com,9876552808,"Mumbai Suburban Area, India",2022-12-09T13:22:16.171307,Pending,17765.36,online
434,,Online Customer 660,online_652@gmail.com,9876549388,"Mumbai Suburban Area, India",2022-12-09T11:30:09.171307,Delivered,402.56,online
435,,Online Customer 118,online_127@gmail.com,9876553088,"Mumbai Suburban Area, India",2022-12-09T20:45:06.171307,Delivered,1928.25,online
436,,Online Customer 605,online_624@gmail.com,9876539214,"Mumbai Suburban Area, India",2022-12-09T09:34:15.171307,Delivered,784.28,online
437,2.0,Online Customer 622,online_981@gmail.com,9876535638,"Mumbai Suburban Area, India",2022-12-09T09:00:35.171307,Delivered,35123.61,online
438,,Online Customer 491,online_540@gmail.com,9876548197,"Mumbai Suburban Area, India",2022-12-09T17:20:33.171307,Delivered,29006.84,online
439,,Online Customer 231,online_902@gmail.com,9876524711,"Mumbai Suburban Area, India",2022-12-10T16:34:42.171307,Delivered,81193.41,online
440,2.0,Online Customer 224,online_794@gmail.com,9876519101,"Mumbai Suburban Area, India",2022-12-10T14:20:47.171307,Delivered,43518.62,online
441,,Online Customer 862,online_837@gmail.com,9876572568,"Mumbai Suburban Area, India",2022-12-11T20:17:57.171307,Pending,1927.96,online
442,2.0,Online Customer 369,online_516@gmail.com,9876584789,"Mumbai Suburban Area, India",2022-12-11T11:56:31.171307,Delivered,69402.71,online
443,2.0,Online Customer 767,online_177@gmail.com,9876520852,"Mumbai Suburban Area, India",2022-12-11T17:40:16.171307,Delivered,80982.84,online
444,,Online Customer 105,online_790@gmail.com,9876528062,"Mumbai Suburban Area, India",2022-12-12T17:16:26.171307,Delivered,35792.5,online
445,,Online Customer 499,online_18@gmail.com,9876519570,"Mumbai Suburban Area, India",2022-12-12T15:10:57.171307,Delivered,1342.45,online
446,2.0,Online Customer 747,online_176@gmail.com,9876540784,"Mumbai Suburban Area, India",2022-12-13T19:09:12.171307,Delivered,2042.05,online
447,2.0,Online Customer 867,online_243@gmail.com,9876578893,"Mumbai Suburban Area, India",2022-12-13T18:12:44.171307,Delivered,5041.84,online
448,,Online Customer 164,online_538@gmail.com,9876579634,"Mumbai Suburban Area, India",2022-12-13T19:53:15.171307,Delivered,104832.84,online
449,2.0,Online Customer 831,online_91@gmail.com,9876519420,"Mumbai Suburban Area, India",2022-12-14T11:08:34.171307,Delivered,1864.49,online
450,2.0,Online Customer 468,online_66@gmail.com,9876533206,"Mumbai Suburban Area, India",2022-12-15T11:57:27.171307,Pending,13388.62,online
451,2.0,Online Customer 991,online_912@gmail.com,9876553069,"Mumbai Suburban Area, India",2022-12-16T09:24:50.171307,Delivered,45611.35,online
452,2.0,Online Customer 998,online_664@gmail.com,9876524544,"Mumbai Suburban Area, India",2022-12-16T09:44:01.171307,Delivered,4784.78,online
453,2.0,Online Customer 395,online_305@gmail.com,9876586608,"Mumbai Suburban Area, India",2022-12-16T11:19:46.171307,Delivered,4460.34,online
454,,Online Customer 892,online_778@gmail.com,9876556420,"Mumbai Suburban Area, India",2022-12-17T09:24:10.171307,Delivered,202.88,online
455,,Online Customer 444,online_549@gmail.com,9876584832,"Mumbai Suburban Area, India",2022-12-17T18:27:53.171307,Pending,935.57,online
456,,Online Customer 594,online_985@gmail.com,9876529129,"Mumbai Suburban Area, India",2022-12-17T10:45:30.171307,Delivered,1346.59,online
457,2.0,Online Customer 793,online_173@gmail.com,9876544451,"Mumbai Suburban Area, India",2022-12-18T21:13:11.171307,Delivered,80279.22,online
458,,Online Customer 620,online_371@gmail.com,9876528903,"Mumbai Suburban Area, India",2022-12-18T19:59:34.171307,Delivered,1156.57,online
459,,Online Customer 438,online_620@gmail.com,9876516931,"Mumbai Suburban Area, India",2022-12-18T16:44:57.171307,Delivered,1251.72,online
460,2.0,Online Customer 236,online_465@gmail.com,9876574767,"Mumbai Suburban Area, India",2022-12-19T15:41:02.171307,Delivered,831.88,online
461,2.0,Online Customer 881,online_131@gmail.com,9876564758,"Mumbai Suburban Area, India",2022-12-19T09:22:35.171307,Delivered,425.12,online
462,2.0,Online Customer 669,online_756@gmail.com,9876576358,"Mumbai Suburban Area, India",2022-12-19T18:40:13.171307,Delivered,115088.03,online
463,2.0,Online Customer 516,online_482@gmail.com,9876589853,"Mumbai Suburban Area, India",2022-12-19T14:46:01.171307,Delivered,1697.18,online
464,2.0,Online Customer 746,online_916@gmail.com,9876565377,"Mumbai Suburban Area, India",2022-12-20T17:27:46.171307,Delivered,26598.3,online
465,2.0,Online Customer 139,online_378@gmail.com,9876569119,"Mumbai Suburban Area, India",2022-12-20T09:30:42.171307,Delivered,32830.46,online
466,,Online Customer 450,online_188@gmail.com,9876540776,"Mumbai Suburban Area, India",2022-12-21T16:40:44.171307,Delivered,73975.39,online
467,2.0,Online Customer 570,online_231@gmail.com,9876585179,"Mumbai Suburban Area, India",2022-12-21T14:40:01.171307,Delivered,17945.6,online
468,2.0,Online Customer 134,online_928@gmail.com,9876525559,"Mumbai Suburban Area, India",2022-12-21T20:51:43.171307,Delivered,17939.46,online
469,,Online Customer 768,online_860@gmail.com,9876551392,"Mumbai Suburban Area, India",2022-12-21T21:18:07.171307,Delivered,13875.23,online
470,2.0,Online Customer 598,online_597@gmail.com,9876511747,"Mumbai Suburban Area, India",2022-12-22T16:36:47.171307,Delivered,33667.44,online
471,2.0,Online Customer 602,online_811@gmail.com,9876559941,"Mumbai Suburban Area, India",2022-12-22T11:49:00.171307,Delivered,74272.47,online
472,2.0,Online Customer 527,online_501@gmail.com,9876533635,"Mumbai Suburban Area, India",2022-12-22T20:44:49.171307,Delivered,45069.88,online
473,2.0,Online Customer 749,online_629@gmail.com,9876593999,"Mumbai Suburban Area, India",2022-12-22T16:14:06.171307,Delivered,202.95,online
474,,Online Customer 893,online_162@gmail.com,9876554482,"Mumbai Suburban Area, India",2022-12-22T11:02:23.171307,Delivered,73781.1,online
475,2.0,Online Customer 926,online_676@gmail.com,9876526222,"Mumbai Suburban Area, India",2022-12-22T09:29:18.171307,Pending,9317.08,online
476,2.0,Online Customer 544,online_388@gmail.com,9876571591,"Mumbai Suburban Area, India",2022-12-22T11:53:09.171307,Delivered,849.04,online
477,2.0,Online Customer 340,online_827@gmail.com,9876541526,"Mumbai Suburban Area, India",2022-12-23T15:38:42.171307,Delivered,30173.88,online
478,,Online Customer 676,online_760@gmail.com,9876546406,"Mumbai Suburban Area, India",2022-12-23T19:56:30.171307,Delivered,211.95,online
479,,Online Customer 433,online_21@gmail.com,9876514300,"Mumbai Suburban Area, India",2022-12-23T18:03:07.171307,Delivered,592.39,online
480,2.0,Online Customer 272,online_161@gmail.com,9876537393,"Mumbai Suburban Area, India",2022-12-24T15:27:11.171307,Delivered,26698.85,online
481,,Online Customer 421,online_491@gmail.com,9876537206,"Mumbai Suburban Area, India",2022-12-24T09:27:03.171307,Delivered,3067.66,online
482,2.0,Online Customer 241,online_538@gmail.com,9876513061,"Mumbai Suburban Area, India",2022-12-24T14:25:42.171307,Delivered,46300.39,online
483,2.0,Online Customer 329,online_732@gmail.com,9876549681,"Mumbai Suburban Area, India",2022-12-24T21:06:58.171307,Delivered,74570.12,online
484,2.0,Online Customer 932,online_29@gmail.com,9876588904,"Mumbai Suburban Area, India",2022-12-25T15:29:01.171307,Delivered,34588.86,online
485,2.0,Online Customer 557,online_755@gmail.com,9876517936,"Mumbai Suburban Area, India",2022-12-25T19:06:23.171307,Delivered,2320.7,online
486,2.0,Online Customer 209,online_649@gmail.com,9876588427,"Mumbai Suburban Area, India",2022-12-25T09:59:45.171307,Delivered,18836.12,online
487,2.0,Online Customer 256,online_555@gmail.com,9876598048,"Mumbai Suburban Area, India",2022-12-25T13:22:22.171307,Delivered,12794.89,online
488,2.0,Online Customer 592,online_251@gmail.com,9876548419,"Mumbai Suburban Area, India",2022-12-25T09:12:26.171307,Delivered,22172.51,online
489,2.0,Online Customer 316,online_30@gmail.com,9876569068,"Mumbai Suburban Area, India",2022-12-25T20:35:10.171307,Delivered,24451.2,online
490,2.0,Online Customer 868,online_698@gmail.com,9876522603,"Mumbai Suburban Area, India",2022-12-25T18:09:17.171307,Delivered,2051.93,online
491,,Online Customer 204,online_613@gmail.com,9876558043,"Mumbai Suburban Area, India",2022-12-25T14:11:49.171307,Delivered,231.05,online
492,2.0,Online Customer 540,online_746@gmail.com,9876512201,"Mumbai Suburban Area, India",2022-12-25T11:00:12.171307,Pending,1305.64,online
493,2.0,Online Customer 815,online_428@gmail.com,9876586031,"Mumbai Suburban Area, India",2022-12-26T09:18:53.171307,Delivered,44832.94,online
494,2.0,Online Customer 117,online_959@gmail.com,9876580404,"Mumbai Suburban Area, India",2022-12-26T16:49:12.171307,Delivered,33772.7,online
495,,Online Customer 550,online_166@gmail.com,9876510193,"Mumbai Suburban Area, India",2022-12-26T09:27:24.171307,Delivered,80912.46,online
496,,Online Customer 867,online_900@gmail.com,9876555747,"Mumbai Suburban Area, India",2022-12-27T13:02:57.171307,Delivered,1159.58,online
497,,Online Customer 442,online_284@gmail.com,9876547807,"Mumbai Suburban Area, India",2022-12-27T10:09:15.171307,Delivered,922.02,online
498,,Online Customer 108,online_679@gmail.com,9876540799,"Mumbai Suburban Area, India",2022-12-28T20:20:21.171307,Delivered,408.54,online
499,2.0,Online Customer 479,online_565@gmail.com,9876550800,"Mumbai Suburban Area, India",2022-12-29T11:15:49.171307,Delivered,23672.59,online
500,2.0,Online Customer 543,online_214@gmail.com,9876548924,"Mumbai Suburban Area, India",2022-12-29T20:42:01.171307,Pending,19441.86,online
501,,Online Customer 814,online_689@gmail.com,9876570776,"Mumbai Suburban Area, India",2022-12-30T11:23:20.171307,Delivered,231.05,online
502,2.0,Online Customer 409,online_956@gmail.com,9876578122,"Mumbai Suburban Area, India",2022-12-30T13:18:13.171307,Pending,14365.4,online
503,,Online Customer 816,online_245@gmail.com,9876552753,"Mumbai Suburban Area, India",2022-12-30T20:19:38.171307,Delivered,373.2,online
504,2.0,Online Customer 572,online_417@gmail.com,9876593248,"Mumbai Suburban Area, India",2022-12-30T20:27:56.171307,Delivered,36756.79,online
505,2.0,Online Customer 690,online_714@gmail.com,9876551738,"Mumbai Suburban Area, India",2022-12-30T09:44:23.171307,Delivered,13881.41,online
506,,Online Customer 447,online_847@gmail.com,9876586742,"Mumbai Suburban Area, India",2022-12-30T19:04:11.171307,Delivered,47361.32,online
507,2.0,Online Customer 869,online_526@gmail.com,9876511778,"Mumbai Suburban Area, India",2022-12-30T17:03:14.171307,Delivered,51689.89,online
508,,Online Customer 233,online_847@gmail.com,9876583987,"Mumbai Suburban Area, India",2022-12-30T13:54:37.171307,Delivered,623.66,online
509,,Online Customer 621,online_790@gmail.com,9876573665,"Mumbai Suburban Area, India",2022-12-30T21:58:03.171307,Delivered,31172.36,online
510,,Online Customer 988,online_224@gmail.com,9876521729,"Mumbai Suburban Area, India",2022-12-30T17:57:54.171307,Delivered,18140.41,online
511,2.0,Online Customer 196,online_699@gmail.com,9876514213,"Mumbai Suburban Area, India",2022-12-31T21:26:11.171307,Delivered,18368.53,online
512,,Online Customer 399,online_374@gmail.com,9876590525,"Mumbai Suburban Area, India",2023-01-01T16:38:52.171307,Delivered,626.83,online
513,,Online Customer 788,online_863@gmail.com,9876525394,"Mumbai Suburban Area, India",2023-01-01T12:55:27.171307,Delivered,1063.02,online
514,2.0,Online Customer 427,online_690@gmail.com,9876513228,"Mumbai Suburban Area, India",2023-01-01T19:37:41.171307,Delivered,1906.0,online
515,2.0,Online Customer 806,online_50@gmail.com,9876576949,"Mumbai Suburban Area, India",2023-01-02T10:04:30.171307,Delivered,552.43,online
516,,Online Customer 353,online_445@gmail.com,9876527717,"Mumbai Suburban Area, India",2023-01-02T16:37:39.171307,Delivered,65471.31,online
517,2.0,Online Customer 370,online_95@gmail.com,9876565441,"Mumbai Suburban Area, India",2023-01-02T20:00:06.171307,Pending,676.98,online
518,2.0,Online Customer 303,online_273@gmail.com,9876566770,"Mumbai Suburban Area, India",2023-01-02T21:41:11.171307,Pending,18352.44,online
519,,Online Customer 466,online_499@gmail.com,9876557995,"Mumbai Suburban Area, India",2023-01-02T09:09:28.171307,Delivered,17057.07,online
520,,Online Customer 400,online_744@gmail.com,9876584723,"Mumbai Suburban Area, India",2023-01-02T19:06:00.171307,Delivered,72269.3,online
521,,Online Customer 728,online_685@gmail.com,9876535039,"Mumbai Suburban Area, India",2023-01-04T14:12:21.171307,Delivered,17294.16,online
522,2.0,Online Customer 667,online_472@gmail.com,9876560209,"Mumbai Suburban Area, India",2023-01-05T12:45:00.171307,Delivered,34589.26,online
523,,Online Customer 721,online_594@gmail.com,9876581373,"Mumbai Suburban Area, India",2023-01-05T18:13:27.171307,Pending,40062.71,online
524,,Online Customer 418,online_451@gmail.com,9876512796,"Mumbai Suburban Area, India",2023-01-05T10:22:24.171307,Delivered,82612.04,online
525,2.0,Online Customer 684,online_178@gmail.com,9876546139,"Mumbai Suburban Area, India",2023-01-06T09:53:16.171307,Delivered,4674.43,online
526,,Online Customer 189,online_400@gmail.com,9876581749,"Mumbai Suburban Area, India",2023-01-06T15:14:11.171307,Delivered,855.9,online
527,2.0,Online Customer 849,online_22@gmail.com,9876539197,"Mumbai Suburban Area, India",2023-01-06T21:36:27.171307,Delivered,2523.74,online
528,2.0,Online Customer 892,online_977@gmail.com,9876510429,"Mumbai Suburban Area, India",2023-01-07T15:48:55.171307,Delivered,199.67,online
529,2.0,Online Customer 193,online_934@gmail.com,9876555670,"Mumbai Suburban Area, India",2023-01-07T18:10:18.171307,Delivered,1314.69,online
530,,Online Customer 705,online_89@gmail.com,9876545709,"Mumbai Suburban Area, India",2023-01-07T10:56:59.171307,Delivered,58312.3,online
531,,Online Customer 949,online_169@gmail.com,9876554366,"Mumbai Suburban Area, India",2023-01-07T18:22:52.171307,Delivered,237.29,online
532,2.0,Online Customer 257,online_593@gmail.com,9876540889,"Mumbai Suburban Area, India",2023-01-07T12:42:16.171307,Delivered,51487.18,online
533,2.0,Online Customer 822,online_145@gmail.com,9876590219,"Mumbai Suburban Area, India",2023-01-08T16:12:12.171307,Delivered,18663.42,online
534,,Online Customer 214,online_277@gmail.com,9876537301,"Mumbai Suburban Area, India",2023-01-08T14:22:44.171307,Delivered,23033.74,online
535,,Online Customer 785,online_391@gmail.com,9876512362,"Mumbai Suburban Area, India",2023-01-08T12:55:48.171307,Delivered,32090.25,online
536,,Online Customer 552,online_161@gmail.com,9876570436,"Mumbai Suburban Area, India",2023-01-08T15:13:03.171307,Delivered,62772.3,online
537,2.0,Online Customer 243,online_202@gmail.com,9876590889,"Mumbai Suburban Area, India",2023-01-08T21:51:57.171307,Delivered,1239.11,online
538,2.0,Online Customer 529,online_592@gmail.com,9876512677,"Mumbai Suburban Area, India",2023-01-08T18:05:12.171307,Delivered,120648.4,online
539,,Online Customer 147,online_794@gmail.com,9876534015,"Mumbai Suburban Area, India",2023-01-10T21:04:59.171307,Pending,44484.54,online
540,,Online Customer 322,online_736@gmail.com,9876526883,"Mumbai Suburban Area, India",2023-01-10T19:31:33.171307,Delivered,60856.79,online
541,2.0,Online Customer 240,online_886@gmail.com,9876565088,"Mumbai Suburban Area, India",2023-01-10T13:31:51.171307,Delivered,1050.23,online
542,,Online Customer 505,online_648@gmail.com,9876545143,"Mumbai Suburban Area, India",2023-01-10T19:37:04.171307,Delivered,226.86,online
543,,Online Customer 975,online_473@gmail.com,9876521136,"Mumbai Suburban Area, India",2023-01-11T16:05:05.171307,Delivered,987.41,online
544,,Online Customer 192,online_25@gmail.com,9876556364,"Mumbai Suburban Area, India",2023-01-12T15:17:50.171307,Pending,373.73,online
545,,Online Customer 884,online_862@gmail.com,9876561071,"Mumbai Suburban Area, India",2023-01-14T09:33:20.171307,Delivered,175.67,online
546,2.0,Online Customer 406,online_627@gmail.com,9876583176,"Mumbai Suburban Area, India",2023-01-14T11:03:58.171307,Delivered,1282.53,online
547,2.0,Online Customer 956,online_872@gmail.com,9876516923,"Mumbai Suburban Area, India",2023-01-14T12:17:12.171307,Delivered,14002.99,online
548,2.0,Online Customer 520,online_851@gmail.com,9876520704,"Mumbai Suburban Area, India",2023-01-14T18:48:24.171307,Delivered,18423.13,online
549,,Online Customer 517,online_958@gmail.com,9876586169,"Mumbai Suburban Area, India",2023-01-15T11:40:26.171307,Delivered,998.91,online
550,,Online Customer 648,online_832@gmail.com,9876511280,"Mumbai Suburban Area, India",2023-01-15T09:09:18.171307,Pending,442.14,online
551,,Online Customer 401,online_152@gmail.com,9876586437,"Mumbai Suburban Area, India",2023-01-16T12:17:00.171307,Delivered,2312.98,online
552,,Online Customer 764,online_619@gmail.com,9876575515,"Mumbai Suburban Area, India",2023-01-16T10:29:09.171307,Delivered,1098.93,online
553,,Online Customer 597,online_840@gmail.com,9876540567,"Mumbai Suburban Area, India",2023-01-16T21:30:14.171307,Delivered,1217.2,online
554,2.0,Online Customer 514,online_798@gmail.com,9876597772,"Mumbai Suburban Area, India",2023-01-17T21:50:19.171307,Delivered,109339.1,online
555,,Online Customer 198,online_631@gmail.com,9876589171,"Mumbai Suburban Area, India",2023-01-18T13:16:34.171307,Delivered,378.36,online
556,,Online Customer 798,online_891@gmail.com,9876517239,"Mumbai Suburban Area, India",2023-01-18T19:37:28.171307,Delivered,1676.81,online
557,,Online Customer 679,online_399@gmail.com,9876532849,"Mumbai Suburban Area, India",2023-01-19T20:12:45.171307,Delivered,821.55,online
558,,Online Customer 733,online_601@gmail.com,9876518062,"Mumbai Suburban Area, India",2023-01-19T14:34:32.171307,Delivered,768.5,online
559,,Online Customer 852,online_777@gmail.com,9876561828,"Mumbai Suburban Area, India",2023-01-20T19:21:05.171307,Delivered,1519.28,online
560,2.0,Online Customer 188,online_571@gmail.com,9876574009,"Mumbai Suburban Area, India",2023-01-20T12:21:30.171307,Delivered,8671.56,online
561,,Online Customer 328,online_654@gmail.com,9876589889,"Mumbai Suburban Area, India",2023-01-20T21:36:18.171307,Pending,11217.38,online
562,,Online Customer 340,online_570@gmail.com,9876539282,"Mumbai Suburban Area, India",2023-01-20T11:45:46.171307,Delivered,35643.67,online
563,,Online Customer 474,online_111@gmail.com,9876593735,"Mumbai Suburban Area, India",2023-01-20T21:20:18.171307,Delivered,331.02,online
564,2.0,Online Customer 779,online_851@gmail.com,9876561968,"Mumbai Suburban Area, India",2023-01-21T14:07:30.171307,Delivered,957.34,online
565,,Online Customer 117,online_482@gmail.com,9876513382,"Mumbai Suburban Area, India",2023-01-21T17:36:07.171307,Delivered,52824.2,online
566,2.0,Online Customer 748,online_621@gmail.com,9876594966,"Mumbai Suburban Area, India",2023-01-21T21:34:35.171307,Delivered,99490.66,online
567,2.0,Online Customer 380,online_461@gmail.com,9876589635,"Mumbai Suburban Area, India",2023-01-21T10:55:17.171307,Delivered,62615.14,online
568,2.0,Online Customer 628,online_461@gmail.com,9876514512,"Mumbai Suburban Area, India",2023-01-21T21:06:52.171307,Delivered,481.2,online
569,,Online Customer 969,online_782@gmail.com,9876574884,"Mumbai Suburban Area, India",2023-01-21T16:12:45.171307,Delivered,2601.33,online
570,2.0,Online Customer 408,online_730@gmail.com,9876522496,"Mumbai Suburban Area, India",2023-01-22T15:07:03.171307,Delivered,15244.08,online
571,,Online Customer 226,online_703@gmail.com,9876511087,"Mumbai Suburban Area, India",2023-01-22T12:14:45.171307,Delivered,33655.13,online
572,,Online Customer 254,online_881@gmail.com,9876537890,"Mumbai Suburban Area, India",2023-01-22T09:14:55.171307,Delivered,15484.55,online
573,2.0,Online Customer 355,online_498@gmail.com,9876513473,"Mumbai Suburban Area, India",2023-01-22T17:15:20.171307,Delivered,3420.49,online
574,,Online Customer 238,online_774@gmail.com,9876580253,"Mumbai Suburban Area, India",2023-01-22T12:46:32.171307,Delivered,1228.83,online
575,,Online Customer 149,online_486@gmail.com,9876535886,"Mumbai Suburban Area, India",2023-01-23T14:13:08.171307,Delivered,60839.8,online
576,,Online Customer 282,online_1000@gmail.com,9876598508,"Mumbai Suburban Area, India",2023-01-24T12:42:26.171307,Delivered,45072.11,online
577,2.0,Online Customer 305,online_180@gmail.com,9876562791,"Mumbai Suburban Area, India",2023-01-24T12:25:19.171307,Delivered,59675.66,online
578,2.0,Online Customer 827,online_256@gmail.com,9876533358,"Mumbai Suburban Area, India",2023-01-24T17:47:59.171307,Delivered,1200.7,online
579,2.0,Online Customer 772,online_8@gmail.com,9876515345,"Mumbai Suburban Area, India",2023-01-25T20:35:14.171307,Delivered,103634.56,online
580,,Online Customer 672,online_56@gmail.com,9876535772,"Mumbai Suburban Area, India",2023-01-25T18:51:27.171307,Delivered,660.72,online
581,2.0,Online Customer 590,online_16@gmail.com,9876582374,"Mumbai Suburban Area, India",2023-01-26T14:36:59.171307,Delivered,733.61,online
582,,Online Customer 165,online_97@gmail.com,9876573229,"Mumbai Suburban Area, India",2023-01-26T21:24:43.171307,Delivered,3200.62,online
583,,Online Customer 426,online_646@gmail.com,9876574904,"Mumbai Suburban Area, India",2023-01-26T13:18:16.171307,Delivered,2202.88,online
584,,Online Customer 995,online_568@gmail.com,9876535570,"Mumbai Suburban Area, India",2023-01-27T20:40:51.171307,Pending,10209.68,online
585,,Online Customer 970,online_310@gmail.com,9876516749,"Mumbai Suburban Area, India",2023-01-27T14:47:41.171307,Delivered,35581.37,online
586,2.0,Online Customer 298,online_381@gmail.com,9876566656,"Mumbai Suburban Area, India",2023-01-28T10:12:54.171307,Delivered,753.74,online
587,2.0,Online Customer 177,online_6@gmail.com,9876561130,"Mumbai Suburban Area, India",2023-01-28T21:04:26.171307,Delivered,66899.64,online
588,,Online Customer 623,online_204@gmail.com,9876593132,"Mumbai Suburban Area, India",2023-01-28T14:26:05.171307,Delivered,828.76,online
589,,Online Customer 536,online_19@gmail.com,9876557409,"Mumbai Suburban Area, India",2023-01-28T18:00:43.171307,Pending,19358.07,online
590,2.0,Online Customer 893,online_342@gmail.com,9876557236,"Mumbai Suburban Area, India",2023-01-28T17:11:56.171307,Delivered,1063.91,online
591,,Online Customer 741,online_387@gmail.com,9876549388,"Mumbai Suburban Area, India",2023-01-28T16:51:46.171307,Delivered,1176.6,online
592,,Online Customer 863,online_679@gmail.com,9876568301,"Mumbai Suburban Area, India",2023-01-29T14:01:31.171307,Delivered,24168.82,online
593,2.0,Online Customer 998,online_649@gmail.com,9876528543,"Mumbai Suburban Area, India",2023-01-29T13:28:47.171307,Pending,2946.56,online
594,,Online Customer 817,online_723@gmail.com,9876556897,"Mumbai Suburban Area, India",2023-01-30T19:32:18.171307,Pending,71311.59,online
595,2.0,Online Customer 713,online_213@gmail.com,9876599414,"Mumbai Suburban Area, India",2023-01-30T18:10:04.171307,Delivered,25005.32,online
596,,Online Customer 735,online_792@gmail.com,9876566633,"Mumbai Suburban Area, India",2023-01-31T17:21:04.171307,Delivered,39551.76,online
597,2.0,Online Customer 299,online_714@gmail.com,9876514824,"Mumbai Suburban Area, India",2023-01-31T14:59:00.171307,Delivered,67571.26,online
598,,Online Customer 873,online_129@gmail.com,9876561256,"Mumbai Suburban Area, India",2023-01-31T10:55:53.171307,Delivered,8920.01,online
599,,Online Customer 742,online_749@gmail.com,9876599650,"Mumbai Suburban Area, India",2023-02-01T20:25:35.171307,Delivered,99266.76,online
600,,Online Customer 277,online_129@gmail.com,9876565780,"Mumbai Suburban Area, India",2023-02-01T21:51:36.171307,Delivered,141933.28,online
601,,Online Customer 624,online_587@gmail.com,9876511492,"Mumbai Suburban Area, India",2023-02-01T12:04:36.171307,Delivered,33848.83,online
602,,Online Customer 263,online_943@gmail.com,9876586732,"Mumbai Suburban Area, India",2023-02-01T10:49:08.171307,Delivered,29464.97,online
603,,Online Customer 626,online_825@gmail.com,9876532657,"Mumbai Suburban Area, India",2023-02-01T16:35:52.171307,Pending,66956.46,online
604,2.0,Online Customer 613,online_743@gmail.com,9876543624,"Mumbai Suburban Area, India",2023-02-02T14:42:25.171307,Delivered,14949.55,online
605,,Online Customer 167,online_647@gmail.com,9876550294,"Mumbai Suburban Area, India",2023-02-02T15:04:10.171307,Delivered,788.71,online
606,,Online Customer 534,online_308@gmail.com,9876550071,"Mumbai Suburban Area, India",2023-02-03T15:37:36.171307,Pending,1047.72,online
607,2.0,Online Customer 782,online_549@gmail.com,9876520530,"Mumbai Suburban Area, India",2023-02-04T10:12:26.171307,Delivered,1421.21,online
608,,Online Customer 406,online_815@gmail.com,9876573118,"Mumbai Suburban Area, India",2023-02-04T19:52:12.171307,Delivered,2010.45,online
609,2.0,Online Customer 120,online_216@gmail.com,9876546027,"Mumbai Suburban Area, India",2023-02-04T17:04:59.171307,Delivered,66769.36,online
610,2.0,Online Customer 159,online_154@gmail.com,9876564103,"Mumbai Suburban Area, India",2023-02-04T13:52:43.171307,Delivered,1145.5,online
611,2.0,Online Customer 675,online_234@gmail.com,9876578403,"Mumbai Suburban Area, India",2023-02-05T20:11:19.171307,Delivered,38077.42,online
612,,Online Customer 638,online_392@gmail.com,9876515457,"Mumbai Suburban Area, India",2023-02-05T10:47:22.171307,Delivered,46670.69,online
613,2.0,Online Customer 593,online_444@gmail.com,9876518611,"Mumbai Suburban Area, India",2023-02-05T19:23:17.171307,Delivered,731.95,online
614,,Online Customer 109,online_382@gmail.com,9876581407,"Mumbai Suburban Area, India",2023-02-05T09:59:38.171307,Delivered,1597.36,online
615,,Online Customer 743,online_589@gmail.com,9876585104,"Mumbai Suburban Area, India",2023-02-06T10:33:16.171307,Delivered,67545.4,online
616,,Online Customer 432,online_766@gmail.com,9876555991,"Mumbai Suburban Area, India",2023-02-06T17:02:52.171307,Pending,463.78,online
617,,Online Customer 337,online_534@gmail.com,9876575440,"Mumbai Suburban Area, India",2023-02-06T15:50:07.171307,Delivered,468.62,online
618,2.0,Online Customer 573,online_242@gmail.com,9876532529,"Mumbai Suburban Area, India",2023-02-06T15:48:49.171307,Delivered,415.07,online
619,,Online Customer 475,online_498@gmail.com,9876555450,"Mumbai Suburban Area, India",2023-02-07T20:49:49.171307,Pending,70064.98,online
620,2.0,Online Customer 175,online_697@gmail.com,9876580285,"Mumbai Suburban Area, India",2023-02-07T10:26:57.171307,Delivered,60328.56,online
621,,Online Customer 170,online_621@gmail.com,9876570078,"Mumbai Suburban Area, India",2023-02-07T18:51:16.171307,Delivered,18396.75,online
622,,Online Customer 125,online_159@gmail.com,9876594511,"Mumbai Suburban Area, India",2023-02-08T18:32:38.171307,Delivered,605.38,online
623,,Online Customer 321,online_571@gmail.com,9876572415,"Mumbai Suburban Area, India",2023-02-09T10:52:29.171307,Delivered,552.14,online
624,2.0,Online Customer 925,online_693@gmail.com,9876577232,"Mumbai Suburban Area, India",2023-02-09T13:47:47.171307,Pending,1967.22,online
625,,Online Customer 958,online_399@gmail.com,9876593445,"Mumbai Suburban Area, India",2023-02-09T12:46:12.171307,Delivered,570.24,online
626,2.0,Online Customer 617,online_804@gmail.com,9876585071,"Mumbai Suburban Area, India",2023-02-09T16:17:06.171307,Delivered,218.48,online
627,,Online Customer 694,online_951@gmail.com,9876561207,"Mumbai Suburban Area, India",2023-02-10T16:56:51.171307,Delivered,885.09,online
628,,Online Customer 582,online_125@gmail.com,9876596393,"Mumbai Suburban Area, India",2023-02-10T17:47:33.171307,Delivered,65512.56,online
629,,Online Customer 951,online_429@gmail.com,9876582839,"Mumbai Suburban Area, India",2023-02-10T18:49:12.171307,Delivered,1170.19,online
630,2.0,Online Customer 632,online_191@gmail.com,9876514662,"Mumbai Suburban Area, India",2023-02-11T18:01:13.171307,Delivered,1831.46,online
631,2.0,Online Customer 300,online_643@gmail.com,9876560676,"Mumbai Suburban Area, India",2023-02-11T11:11:37.171307,Delivered,661.7,online
632,,Online Customer 858,online_555@gmail.com,9876520337,"Mumbai Suburban Area, India",2023-02-11T18:09:02.171307,Delivered,1996.02,online
633,,Online Customer 852,online_519@gmail.com,9876543088,"Mumbai Suburban Area, India",2023-02-11T20:26:28.171307,Delivered,18933.74,online
634,,Online Customer 550,online_422@gmail.com,9876580397,"Mumbai Suburban Area, India",2023-02-11T18:53:20.171307,Pending,351.21,online
635,2.0,Online Customer 421,online_989@gmail.com,9876597758,"Mumbai Suburban Area, India",2023-02-11T15:57:47.171307,Delivered,969.51,online
636,,Online Customer 396,online_497@gmail.com,9876557594,"Mumbai Suburban Area, India",2023-02-11T21:11:52.171307,Delivered,75421.91,online
637,2.0,Online Customer 231,online_643@gmail.com,9876537082,"Mumbai Suburban Area, India",2023-02-12T20:08:04.171307,Delivered,3140.7,online
638,2.0,Online Customer 912,online_664@gmail.com,9876596406,"Mumbai Suburban Area, India",2023-02-12T09:58:26.171307,Delivered,1117.88,online
639,,Online Customer 827,online_263@gmail.com,9876521026,"Mumbai Suburban Area, India",2023-02-13T17:59:57.171307,Delivered,394.55,online
640,,Online Customer 170,online_635@gmail.com,9876571446,"Mumbai Suburban Area, India",2023-02-13T19:22:43.171307,Delivered,71739.64,online
641,2.0,Online Customer 169,online_677@gmail.com,9876553313,"Mumbai Suburban Area, India",2023-02-13T14:02:59.171307,Delivered,44674.0,online
642,,Online Customer 145,online_319@gmail.com,9876549751,"Mumbai Suburban Area, India",2023-02-14T21:43:28.171307,Delivered,2957.4,online
643,2.0,Online Customer 498,online_452@gmail.com,9876575244,"Mumbai Suburban Area, India",2023-02-14T13:21:24.171307,Delivered,34918.23,online
644,2.0,Online Customer 871,online_27@gmail.com,9876528121,"Mumbai Suburban Area, India",2023-02-15T09:56:57.171307,Delivered,66722.7,online
645,,Online Customer 166,online_968@gmail.com,9876588871,"Mumbai Suburban Area, India",2023-02-15T18:34:01.171307,Delivered,1830.93,online
646,,Online Customer 396,online_572@gmail.com,9876571241,"Mumbai Suburban Area, India",2023-02-15T13:38:33.171307,Delivered,698.7,online
647,,Online Customer 323,online_266@gmail.com,9876529152,"Mumbai Suburban Area, India",2023-02-15T15:02:01.171307,Delivered,22872.57,online
648,,Online Customer 203,online_633@gmail.com,9876581318,"Mumbai Suburban Area, India",2023-02-16T13:32:35.171307,Pending,191.99,online
649,2.0,Online Customer 584,online_385@gmail.com,9876527137,"Mumbai Suburban Area, India",2023-02-17T17:13:18.171307,Delivered,827.54,online
650,2.0,Online Customer 536,online_212@gmail.com,9876577930,"Mumbai Suburban Area, India",2023-02-17T13:56:43.171307,Delivered,1530.96,online
651,,Online Customer 387,online_822@gmail.com,9876531260,"Mumbai Suburban Area, India",2023-02-17T10:37:22.171307,Delivered,72431.44,online
652,2.0,Online Customer 654,online_442@gmail.com,9876536363,"Mumbai Suburban Area, India",2023-02-17T19:37:49.171307,Delivered,73755.34,online
653,2.0,Online Customer 408,online_365@gmail.com,9876593379,"Mumbai Suburban Area, India",2023-02-17T09:36:22.171307,Delivered,15951.11,online
654,,Online Customer 959,online_668@gmail.com,9876535628,"Mumbai Suburban Area, India",2023-02-17T14:48:41.171307,Delivered,2641.04,online
655,,Online Customer 288,online_227@gmail.com,9876590022,"Mumbai Suburban Area, India",2023-02-18T17:11:35.171307,Delivered,258.68,online
656,,Online Customer 371,online_129@gmail.com,9876530800,"Mumbai Suburban Area, India",2023-02-18T21:50:38.171307,Delivered,1391.76,online
657,2.0,Online Customer 755,online_54@gmail.com,9876519319,"Mumbai Suburban Area, India",2023-02-19T21:03:15.171307,Delivered,995.89,online
658,,Online Customer 554,online_455@gmail.com,9876581739,"Mumbai Suburban Area, India",2023-02-19T16:57:53.171307,Delivered,24048.94,online
659,,Online Customer 665,online_982@gmail.com,9876547699,"Mumbai Suburban Area, India",2023-02-20T18:37:56.171307,Delivered,962.04,online
660,2.0,Online Customer 886,online_912@gmail.com,9876511894,"Mumbai Suburban Area, India",2023-02-20T10:05:21.171307,Delivered,3473.25,online
661,2.0,Online Customer 965,online_832@gmail.com,9876547225,"Mumbai Suburban Area, India",2023-02-20T14:38:22.171307,Delivered,25163.99,online
662,,Online Customer 666,online_792@gmail.com,9876596873,"Mumbai Suburban Area, India",2023-02-20T21:47:00.171307,Delivered,688.94,online
663,,Online Customer 565,online_393@gmail.com,9876516369,"Mumbai Suburban Area, India",2023-02-21T20:03:19.171307,Delivered,70064.98,online
664,2.0,Online Customer 808,online_789@gmail.com,9876596406,"Mumbai Suburban Area, India",2023-02-21T13:56:41.171307,Delivered,5959.0,online
665,2.0,Online Customer 504,online_826@gmail.com,9876598547,"Mumbai Suburban Area, India",2023-02-22T19:33:01.171307,Delivered,18813.92,online
666,2.0,Online Customer 204,online_789@gmail.com,9876528030,"Mumbai Suburban Area, India",2023-02-23T21:51:07.171307,Delivered,137.1,online
667,2.0,Online Customer 723,online_652@gmail.com,9876530161,"Mumbai Suburban Area, India",2023-02-23T18:58:36.171307,Delivered,394.55,online
668,,Online Customer 847,online_349@gmail.com,9876564008,"Mumbai Suburban Area, India",2023-02-23T17:51:21.171307,Delivered,1061.14,online
669,2.0,Online Customer 817,online_329@gmail.com,9876517129,"Mumbai Suburban Area, India",2023-02-23T11:36:26.171307,Pending,9634.7,online
670,2.0,Online Customer 520,online_732@gmail.com,9876512087,"Mumbai Suburban Area, India",2023-02-24T09:01:19.171307,Delivered,1828.17,online
671,,Online Customer 710,online_233@gmail.com,9876595452,"Mumbai Suburban Area, India",2023-02-25T17:21:56.171307,Delivered,23351.94,online
672,,Online Customer 687,online_884@gmail.com,9876569652,"Mumbai Suburban Area, India",2023-02-25T14:41:48.171307,Delivered,77265.09,online
673,2.0,Online Customer 452,online_751@gmail.com,9876519298,"Mumbai Suburban Area, India",2023-02-25T10:49:31.171307,Delivered,44203.38,online
674,2.0,Online Customer 683,online_824@gmail.com,9876541863,"Mumbai Suburban Area, India",2023-02-26T14:36:23.171307,Delivered,18798.51,online
675,,Online Customer 226,online_284@gmail.com,9876557924,"Mumbai Suburban Area, India",2023-02-26T21:00:39.171307,Delivered,492.24,online
676,2.0,Online Customer 330,online_6@gmail.com,9876581929,"Mumbai Suburban Area, India",2023-02-27T18:36:04.171307,Delivered,17784.42,online
677,2.0,Online Customer 770,online_832@gmail.com,9876531784,"Mumbai Suburban Area, India",2023-02-28T18:25:52.171307,Delivered,3194.62,online
678,2.0,Online Customer 524,online_286@gmail.com,9876528378,"Mumbai Suburban Area, India",2023-02-28T16:18:59.171307,Delivered,32925.28,online
679,2.0,Online Customer 646,online_798@gmail.com,9876589770,"Mumbai Suburban Area, India",2023-03-01T16:11:10.171307,Delivered,19494.77,online
680,2.0,Online Customer 174,online_697@gmail.com,9876516437,"Mumbai Suburban Area, India",2023-03-01T11:14:27.171307,Delivered,1516.81,online
681,2.0,Online Customer 299,online_630@gmail.com,9876592241,"Mumbai Suburban Area, India",2023-03-02T11:43:14.171307,Pending,2897.8,online
682,,Online Customer 503,online_416@gmail.com,9876571733,"Mumbai Suburban Area, India",2023-03-02T13:07:16.171307,Delivered,818.27,online
683,,Online Customer 789,online_259@gmail.com,9876516682,"Mumbai Suburban Area, India",2023-03-02T14:37:06.171307,Delivered,20929.19,online
684,,Online Customer 618,online_800@gmail.com,9876568836,"Mumbai Suburban Area, India",2023-03-02T18:32:46.171307,Delivered,13090.15,online
685,2.0,Online Customer 249,online_909@gmail.com,9876540263,"Mumbai Suburban Area, India",2023-03-03T10:09:40.171307,Delivered,89613.78,online
686,,Online Customer 117,online_821@gmail.com,9876521208,"Mumbai Suburban Area, India",2023-03-03T13:28:07.171307,Delivered,17951.91,online
687,,Online Customer 517,online_906@gmail.com,9876559527,"Mumbai Suburban Area, India",2023-03-03T18:13:54.171307,Delivered,3052.63,online
688,2.0,Online Customer 923,online_529@gmail.com,9876515623,"Mumbai Suburban Area, India",2023-03-03T14:59:16.171307,Delivered,1421.44,online
689,2.0,Online Customer 760,online_735@gmail.com,9876571568,"Mumbai Suburban Area, India",2023-03-04T20:40:56.171307,Delivered,130494.41,online
690,2.0,Online Customer 582,online_56@gmail.com,9876576223,"Mumbai Suburban Area, India",2023-03-04T12:56:26.171307,Delivered,30406.68,online
691,2.0,Online Customer 777,online_867@gmail.com,9876541404,"Mumbai Suburban Area, India",2023-03-04T21:56:55.171307,Pending,2288.17,online
692,,Online Customer 915,online_544@gmail.com,9876598212,"Mumbai Suburban Area, India",2023-03-04T11:14:30.171307,Delivered,29352.07,online
693,,Online Customer 320,online_806@gmail.com,9876517173,"Mumbai Suburban Area, India",2023-03-05T11:42:56.171307,Delivered,2660.72,online
694,,Online Customer 512,online_543@gmail.com,9876554231,"Mumbai Suburban Area, India",2023-03-05T10:16:39.171307,Delivered,16750.06,online
695,,Online Customer 633,online_225@gmail.com,9876523210,"Mumbai Suburban Area, India",2023-03-06T11:07:50.171307,Delivered,359.14,online
696,2.0,Online Customer 673,online_444@gmail.com,9876534541,"Mumbai Suburban Area, India",2023-03-06T09:57:30.171307,Delivered,44431.92,online
697,2.0,Online Customer 628,online_376@gmail.com,9876533026,"Mumbai Suburban Area, India",2023-03-07T16:41:59.171307,Delivered,68812.95,online
698,2.0,Online Customer 567,online_770@gmail.com,9876587904,"Mumbai Suburban Area, India",2023-03-07T21:46:57.171307,Delivered,2199.92,online
699,,Online Customer 434,online_31@gmail.com,9876596442,"Mumbai Suburban Area, India",2023-03-08T14:14:21.171307,Delivered,72.16,online
700,2.0,Online Customer 319,online_785@gmail.com,9876522553,"Mumbai Suburban Area, India",2023-03-09T18:34:50.171307,Delivered,142161.14,online
701,,Online Customer 554,online_260@gmail.com,9876513116,"Mumbai Suburban Area, India",2023-03-09T13:36:06.171307,Delivered,24605.54,online
702,2.0,Online Customer 909,online_165@gmail.com,9876527003,"Mumbai Suburban Area, India",2023-03-09T10:29:51.171307,Delivered,848.59,online
703,,Online Customer 345,online_997@gmail.com,9876546129,"Mumbai Suburban Area, India",2023-03-09T18:13:49.171307,Delivered,1262.59,online
704,2.0,Online Customer 169,online_873@gmail.com,9876553733,"Mumbai Suburban Area, India",2023-03-10T11:45:38.171307,Delivered,839.15,online
705,2.0,Online Customer 718,online_922@gmail.com,9876526782,"Mumbai Suburban Area, India",2023-03-10T15:42:48.171307,Delivered,3866.86,online
706,2.0,Online Customer 956,online_96@gmail.com,9876572603,"Mumbai Suburban Area, India",2023-03-10T10:17:33.171307,Delivered,465.82,online
707,2.0,Online Customer 657,online_439@gmail.com,9876514400,"Mumbai Suburban Area, India",2023-03-10T18:15:20.171307,Delivered,173016.4,online
708,,Online Customer 222,online_228@gmail.com,9876526315,"Mumbai Suburban Area, India",2023-03-11T19:44:35.171307,Delivered,1671.79,online
709,,Online Customer 564,online_662@gmail.com,9876577139,"Mumbai Suburban Area, India",2023-03-11T12:58:11.171307,Delivered,882.53,online
710,2.0,Online Customer 358,online_124@gmail.com,9876569475,"Mumbai Suburban Area, India",2023-03-11T19:08:14.171307,Delivered,2692.51,online
711,2.0,Online Customer 392,online_433@gmail.com,9876572025,"Mumbai Suburban Area, India",2023-03-11T10:08:00.171307,Delivered,18663.42,online
712,2.0,Online Customer 972,online_645@gmail.com,9876534076,"Mumbai Suburban Area, India",2023-03-11T16:43:53.171307,Delivered,1293.34,online
713,,Online Customer 211,online_159@gmail.com,9876561920,"Mumbai Suburban Area, India",2023-03-12T16:09:39.171307,Delivered,2467.61,online
714,2.0,Online Customer 883,online_567@gmail.com,9876565974,"Mumbai Suburban Area, India",2023-03-12T10:29:41.171307,Delivered,21613.86,online
715,,Online Customer 757,online_73@gmail.com,9876587828,"Mumbai Suburban Area, India",2023-03-12T14:27:51.171307,Delivered,3123.12,online
716,2.0,Online Customer 595,online_632@gmail.com,9876542420,"Mumbai Suburban Area, India",2023-03-12T13:40:09.171307,Delivered,944.41,online
717,,Online Customer 703,online_35@gmail.com,9876556041,"Mumbai Suburban Area, India",2023-03-12T14:17:28.171307,Delivered,43532.7,online
718,2.0,Online Customer 211,online_451@gmail.com,9876524939,"Mumbai Suburban Area, India",2023-03-14T19:10:12.171307,Delivered,36238.39,online
719,,Online Customer 748,online_408@gmail.com,9876557482,"Mumbai Suburban Area, India",2023-03-14T21:08:44.171307,Delivered,2987.57,online
720,2.0,Online Customer 601,online_49@gmail.com,9876541291,"Mumbai Suburban Area, India",2023-03-14T12:43:41.171307,Pending,1441.92,online
721,2.0,Online Customer 417,online_611@gmail.com,9876595809,"Mumbai Suburban Area, India",2023-03-14T15:02:21.171307,Delivered,1311.81,online
722,2.0,Online Customer 991,online_183@gmail.com,9876540569,"Mumbai Suburban Area, India",2023-03-14T12:44:16.171307,Pending,25621.78,online
723,2.0,Online Customer 927,online_298@gmail.com,9876593807,"Mumbai Suburban Area, India",2023-03-15T14:58:30.171307,Delivered,3984.91,online
724,,Online Customer 581,online_837@gmail.com,9876580502,"Mumbai Suburban Area, India",2023-03-15T20:55:59.171307,Delivered,2540.71,online
725,,Online Customer 258,online_412@gmail.com,9876586510,"Mumbai Suburban Area, India",2023-03-15T14:14:06.171307,Delivered,452.09,online
726,,Online Customer 892,online_858@gmail.com,9876512068,"Mumbai Suburban Area, India",2023-03-17T21:14:38.171307,Pending,121864.48,online
727,,Online Customer 381,online_707@gmail.com,9876577160,"Mumbai Suburban Area, India",2023-03-17T09:55:39.171307,Delivered,3285.98,online
728,2.0,Online Customer 192,online_47@gmail.com,9876542664,"Mumbai Suburban Area, India",2023-03-17T17:22:58.171307,Delivered,522.74,online
729,2.0,Online Customer 467,online_96@gmail.com,9876539093,"Mumbai Suburban Area, India",2023-03-18T15:06:00.171307,Delivered,28542.44,online
730,2.0,Online Customer 478,online_98@gmail.com,9876556740,"Mumbai Suburban Area, India",2023-03-18T10:36:31.171307,Delivered,24277.86,online
731,2.0,Online Customer 830,online_865@gmail.com,9876584588,"Mumbai Suburban Area, India",2023-03-18T14:24:23.171307,Delivered,1475.59,online
732,2.0,Online Customer 513,online_954@gmail.com,9876580450,"Mumbai Suburban Area, India",2023-03-18T19:57:41.171307,Delivered,24009.84,online
733,,Online Customer 336,online_924@gmail.com,9876558985,"Mumbai Suburban Area, India",2023-03-18T12:19:29.171307,Delivered,2790.41,online
734,,Online Customer 633,online_366@gmail.com,9876512135,"Mumbai Suburban Area, India",2023-03-19T16:29:07.171307,Pending,1128.66,online
735,2.0,Online Customer 322,online_761@gmail.com,9876579173,"Mumbai Suburban Area, India",2023-03-20T09:37:41.171307,Delivered,3599.95,online
736,2.0,Online Customer 481,online_573@gmail.com,9876588017,"Mumbai Suburban Area, India",2023-03-21T18:38:05.171307,Delivered,29477.18,online
737,2.0,Online Customer 436,online_628@gmail.com,9876575529,"Mumbai Suburban Area, India",2023-03-22T19:59:26.171307,Delivered,688.94,online
738,,Online Customer 618,online_347@gmail.com,9876521280,"Mumbai Suburban Area, India",2023-03-23T20:44:29.171307,Delivered,16912.28,online
739,2.0,Online Customer 642,online_248@gmail.com,9876580386,"Mumbai Suburban Area, India",2023-03-23T19:42:21.171307,Delivered,1083.91,online
740,,Online Customer 527,online_785@gmail.com,9876560762,"Mumbai Suburban Area, India",2023-03-24T17:32:09.171307,Delivered,2857.75,online
741,,Online Customer 482,online_208@gmail.com,9876560834,"Mumbai Suburban Area, India",2023-03-24T14:07:23.171307,Delivered,28542.44,online
742,2.0,Online Customer 318,online_115@gmail.com,9876589059,"Mumbai Suburban Area, India",2023-03-24T19:19:50.171307,Delivered,1433.17,online
743,2.0,Online Customer 556,online_242@gmail.com,9876529893,"Mumbai Suburban Area, India",2023-03-24T12:57:10.171307,Delivered,1926.16,online
744,,Online Customer 224,online_200@gmail.com,9876576948,"Mumbai Suburban Area, India",2023-03-25T14:16:28.171307,Delivered,2142.55,online
745,,Online Customer 182,online_761@gmail.com,9876580298,"Mumbai Suburban Area, India",2023-03-25T14:40:57.171307,Delivered,2433.24,online
746,,Online Customer 102,online_42@gmail.com,9876557163,"Mumbai Suburban Area, India",2023-03-25T17:21:08.171307,Delivered,38945.7,online
747,,Online Customer 140,online_493@gmail.com,9876512895,"Mumbai Suburban Area, India",2023-03-25T19:10:02.171307,Delivered,1805.18,online
748,2.0,Online Customer 118,online_662@gmail.com,9876519132,"Mumbai Suburban Area, India",2023-03-25T17:26:29.171307,Delivered,629.56,online
749,,Online Customer 692,online_698@gmail.com,9876521029,"Mumbai Suburban Area, India",2023-03-26T15:49:27.171307,Delivered,519.56,online
750,,Online Customer 193,online_215@gmail.com,9876527988,"Mumbai Suburban Area, India",2023-03-26T09:17:46.171307,Delivered,4132.58,online
751,2.0,Online Customer 817,online_343@gmail.com,9876523164,"Mumbai Suburban Area, India",2023-03-27T21:16:59.171307,Pending,1455.74,online
752,2.0,Online Customer 247,online_631@gmail.com,9876570202,"Mumbai Suburban Area, India",2023-03-27T16:54:07.171307,Delivered,45164.58,online
753,2.0,Online Customer 543,online_942@gmail.com,9876515821,"Mumbai Suburban Area, India",2023-03-27T14:22:23.171307,Delivered,4207.98,online
754,2.0,Online Customer 852,online_205@gmail.com,9876557513,"Mumbai Suburban Area, India",2023-03-27T15:10:05.171307,Delivered,330.8,online
755,2.0,Online Customer 733,online_230@gmail.com,9876583056,"Mumbai Suburban Area, India",2023-03-27T10:33:47.171307,Delivered,3695.3,online
756,2.0,Online Customer 863,online_46@gmail.com,9876578328,"Mumbai Suburban Area, India",2023-03-28T13:10:51.171307,Delivered,68399.7,online
757,2.0,Online Customer 433,online_8@gmail.com,9876511196,"Mumbai Suburban Area, India",2023-03-28T15:18:45.171307,Delivered,69734.08,online
758,2.0,Online Customer 205,online_796@gmail.com,9876598851,"Mumbai Suburban Area, India",2023-03-28T10:40:19.171307,Delivered,5891.54,online
759,,Online Customer 573,online_12@gmail.com,9876517144,"Mumbai Suburban Area, India",2023-03-29T15:07:31.171307,Delivered,35056.27,online
760,2.0,Online Customer 509,online_229@gmail.com,9876535989,"Mumbai Suburban Area, India",2023-03-31T19:41:12.171307,Delivered,2271.34,online
761,,Online Customer 692,online_610@gmail.com,9876518974,"Mumbai Suburban Area, India",2023-03-31T12:32:09.171307,Delivered,11718.94,online
762,,Online Customer 823,online_585@gmail.com,9876585354,"Mumbai Suburban Area, India",2023-04-01T11:06:06.171307,Delivered,18863.09,online
763,2.0,Online Customer 186,online_895@gmail.com,9876510797,"Mumbai Suburban Area, India",2023-04-01T19:58:32.171307,Delivered,2696.74,online
764,2.0,Online Customer 334,online_808@gmail.com,9876547580,"Mumbai Suburban Area, India",2023-04-01T11:21:34.171307,Delivered,851.67,online
765,,Online Customer 984,online_867@gmail.com,9876548527,"Mumbai Suburban Area, India",2023-04-01T10:21:39.171307,Delivered,40463.02,online
766,2.0,Online Customer 163,online_592@gmail.com,9876512137,"Mumbai Suburban Area, India",2023-04-01T09:16:40.171307,Delivered,24126.4,online
767,2.0,Online Customer 284,online_564@gmail.com,9876559581,"Mumbai Suburban Area, India",2023-04-02T10:09:24.171307,Delivered,59357.68,online
768,,Online Customer 292,online_389@gmail.com,9876523109,"Mumbai Suburban Area, India",2023-04-02T12:45:04.171307,Delivered,21483.3,online
769,,Online Customer 966,online_258@gmail.com,9876562712,"Mumbai Suburban Area, India",2023-04-02T19:56:12.171307,Delivered,35786.34,online
770,,Online Customer 710,online_150@gmail.com,9876571621,"Mumbai Suburban Area, India",2023-04-02T17:54:21.171307,Delivered,3357.6,online
771,,Online Customer 308,online_476@gmail.com,9876577495,"Mumbai Suburban Area, India",2023-04-03T20:07:56.171307,Delivered,3016.4,online
772,2.0,Online Customer 629,online_85@gmail.com,9876538042,"Mumbai Suburban Area, India",2023-04-04T20:57:28.171307,Delivered,5031.16,online
773,,Online Customer 905,online_504@gmail.com,9876567844,"Mumbai Suburban Area, India",2023-04-05T19:06:40.171307,Pending,4390.33,online
774,2.0,Online Customer 405,online_630@gmail.com,9876595529,"Mumbai Suburban Area, India",2023-04-06T12:27:39.171307,Delivered,383.7,online
775,,Online Customer 700,online_329@gmail.com,9876536145,"Mumbai Suburban Area, India",2023-04-06T12:48:43.171307,Delivered,213.21,online
776,,Online Customer 599,online_700@gmail.com,9876548657,"Mumbai Suburban Area, India",2023-04-06T12:14:32.171307,Delivered,1764.07,online
777,,Online Customer 338,online_890@gmail.com,9876554329,"Mumbai Suburban Area, India",2023-04-07T21:53:59.171307,Delivered,714.76,online
778,,Online Customer 507,online_691@gmail.com,9876525098,"Mumbai Suburban Area, India",2023-04-07T18:15:23.171307,Delivered,446.01,online
779,2.0,Online Customer 397,online_266@gmail.com,9876589468,"Mumbai Suburban Area, India",2023-04-07T11:03:17.171307,Delivered,1366.4,online
780,,Online Customer 949,online_621@gmail.com,9876579955,"Mumbai Suburban Area, India",2023-04-07T13:08:58.171307,Delivered,47313.52,online
781,2.0,Online Customer 103,online_273@gmail.com,9876555032,"Mumbai Suburban Area, India",2023-04-07T10:13:40.171307,Delivered,1300.14,online
782,,Online Customer 663,online_351@gmail.com,9876548572,"Mumbai Suburban Area, India",2023-04-07T20:57:19.171307,Delivered,1553.78,online
783,,Online Customer 486,online_165@gmail.com,9876512577,"Mumbai Suburban Area, India",2023-04-08T20:56:41.171307,Delivered,31856.36,online
784,2.0,Online Customer 846,online_860@gmail.com,9876551926,"Mumbai Suburban Area, India",2023-04-08T20:41:04.171307,Pending,486.35,online
785,,Online Customer 120,online_819@gmail.com,9876545726,"Mumbai Suburban Area, India",2023-04-08T11:02:10.171307,Delivered,783.22,online
786,2.0,Online Customer 316,online_525@gmail.com,9876512773,"Mumbai Suburban Area, India",2023-04-08T10:18:59.171307,Delivered,858.82,online
787,,Online Customer 439,online_139@gmail.com,9876546280,"Mumbai Suburban Area, India",2023-04-08T21:34:20.171307,Delivered,15928.18,online
788,,Online Customer 435,online_883@gmail.com,9876554337,"Mumbai Suburban Area, India",2023-04-08T21:56:38.171307,Delivered,97802.14,online
789,2.0,Online Customer 406,online_10@gmail.com,9876560558,"Mumbai Suburban Area, India",2023-04-08T09:14:36.171307,Delivered,2748.18,online
790,2.0,Online Customer 555,online_212@gmail.com,9876511017,"Mumbai Suburban Area, India",2023-04-08T20:39:04.171307,Delivered,470.78,online
791,,Online Customer 319,online_953@gmail.com,9876552266,"Mumbai Suburban Area, India",2023-04-09T13:43:07.171307,Delivered,810.75,online
792,2.0,Online Customer 245,online_155@gmail.com,9876577591,"Mumbai Suburban Area, India",2023-04-09T13:24:51.171307,Delivered,1496.61,online
793,2.0,Online Customer 836,online_89@gmail.com,9876552201,"Mumbai Suburban Area, India",2023-04-10T14:41:58.171307,Delivered,92760.12,online
794,,Online Customer 938,online_80@gmail.com,9876516723,"Mumbai Suburban Area, India",2023-04-10T11:03:19.171307,Delivered,1990.04,online
795,2.0,Online Customer 375,online_265@gmail.com,9876556301,"Mumbai Suburban Area, India",2023-04-10T20:36:27.171307,Delivered,408.26,online
796,,Online Customer 762,online_491@gmail.com,9876537665,"Mumbai Suburban Area, India",2023-04-11T09:53:27.171307,Delivered,660.54,online
797,2.0,Online Customer 554,online_752@gmail.com,9876573030,"Mumbai Suburban Area, India",2023-04-12T10:06:27.171307,Delivered,276.56,online
798,2.0,Online Customer 237,online_569@gmail.com,9876560270,"Mumbai Suburban Area, India",2023-04-13T11:17:42.171307,Delivered,38958.84,online
799,,Online Customer 449,online_527@gmail.com,9876598079,"Mumbai Suburban Area, India",2023-04-13T18:15:37.171307,Delivered,1949.32,online
800,2.0,Online Customer 780,online_675@gmail.com,9876538498,"Mumbai Suburban Area, India",2023-04-13T21:38:29.171307,Delivered,66.75,online
801,,Online Customer 340,online_18@gmail.com,9876561654,"Mumbai Suburban Area, India",2023-04-13T10:30:17.171307,Delivered,32925.28,online
802,2.0,Online Customer 487,online_642@gmail.com,9876572775,"Mumbai Suburban Area, India",2023-04-14T21:28:41.171307,Delivered,2835.64,online
803,,Online Customer 948,online_315@gmail.com,9876577290,"Mumbai Suburban Area, India",2023-04-14T12:51:01.171307,Pending,47521.25,online
804,2.0,Online Customer 546,online_248@gmail.com,9876536577,"Mumbai Suburban Area, India",2023-04-14T18:06:03.171307,Delivered,1953.8,online
805,,Online Customer 486,online_260@gmail.com,9876557479,"Mumbai Suburban Area, India",2023-04-15T11:19:58.171307,Delivered,416.6,online
806,,Online Customer 571,online_76@gmail.com,9876598334,"Mumbai Suburban Area, India",2023-04-15T15:13:47.171307,Delivered,981.8,online
807,2.0,Online Customer 182,online_980@gmail.com,9876548521,"Mumbai Suburban Area, India",2023-04-15T18:17:08.171307,Delivered,899.24,online
808,,Online Customer 729,online_714@gmail.com,9876541594,"Mumbai Suburban Area, India",2023-04-15T19:36:27.171307,Pending,599.62,online
809,2.0,Online Customer 869,online_978@gmail.com,9876540773,"Mumbai Suburban Area, India",2023-04-16T12:20:15.171307,Delivered,1781.74,online
810,2.0,Online Customer 121,online_259@gmail.com,9876578453,"Mumbai Suburban Area, India",2023-04-16T11:26:28.171307,Delivered,2914.88,online
811,2.0,Online Customer 946,online_125@gmail.com,9876551479,"Mumbai Suburban Area, India",2023-04-16T21:40:13.171307,Delivered,610.64,online
812,2.0,Online Customer 915,online_138@gmail.com,9876535489,"Mumbai Suburban Area, India",2023-04-16T12:23:37.171307,Delivered,3001.38,online
813,2.0,Online Customer 504,online_844@gmail.com,9876561930,"Mumbai Suburban Area, India",2023-04-17T19:04:22.171307,Delivered,883.67,online
814,,Online Customer 268,online_820@gmail.com,9876580065,"Mumbai Suburban Area, India",2023-04-17T15:12:03.171307,Delivered,3226.86,online
815,,Online Customer 707,online_762@gmail.com,9876541937,"Mumbai Suburban Area, India",2023-04-18T17:14:18.171307,Delivered,1150.11,online
816,2.0,Online Customer 536,online_417@gmail.com,9876524343,"Mumbai Suburban Area, India",2023-04-19T14:45:22.171307,Delivered,737.89,online
817,2.0,Online Customer 578,online_820@gmail.com,9876530528,"Mumbai Suburban Area, India",2023-04-19T20:18:01.171307,Delivered,454.62,online
818,,Online Customer 397,online_443@gmail.com,9876532346,"Mumbai Suburban Area, India",2023-04-20T21:31:16.171307,Delivered,319.03,online
819,,Online Customer 667,online_442@gmail.com,9876573845,"Mumbai Suburban Area, India",2023-04-20T21:46:49.171307,Delivered,2208.07,online
820,,Online Customer 634,online_506@gmail.com,9876578919,"Mumbai Suburban Area, India",2023-04-20T19:33:25.171307,Delivered,849.52,online
821,,Online Customer 790,online_610@gmail.com,9876599627,"Mumbai Suburban Area, India",2023-04-21T21:18:05.171307,Delivered,10982.71,online
822,2.0,Online Customer 844,online_275@gmail.com,9876557582,"Mumbai Suburban Area, India",2023-04-22T17:41:00.171307,Delivered,39756.31,online
823,,Online Customer 222,online_65@gmail.com,9876538389,"Mumbai Suburban Area, India",2023-04-22T19:18:48.171307,Delivered,13942.79,online
824,2.0,Online Customer 647,online_190@gmail.com,9876511784,"Mumbai Suburban Area, India",2023-04-22T10:29:27.171307,Pending,30238.5,online
825,2.0,Online Customer 101,online_962@gmail.com,9876594804,"Mumbai Suburban Area, India",2023-04-23T20:22:16.171307,Delivered,3493.05,online
826,2.0,Online Customer 632,online_914@gmail.com,9876581597,"Mumbai Suburban Area, India",2023-04-23T16:22:07.171307,Delivered,11229.37,online
827,,Online Customer 495,online_16@gmail.com,9876579800,"Mumbai Suburban Area, India",2023-04-23T11:02:17.171307,Delivered,61532.02,online
828,,Online Customer 334,online_308@gmail.com,9876539135,"Mumbai Suburban Area, India",2023-04-25T18:20:33.171307,Pending,311.6,online
829,2.0,Online Customer 896,online_232@gmail.com,9876560677,"Mumbai Suburban Area, India",2023-04-26T21:19:29.171307,Delivered,3753.48,online
830,2.0,Online Customer 611,online_89@gmail.com,9876520052,"Mumbai Suburban Area, India",2023-04-26T10:40:06.171307,Pending,775.28,online
831,,Online Customer 663,online_505@gmail.com,9876513803,"Mumbai Suburban Area, India",2023-04-26T20:37:40.171307,Delivered,2163.68,online
832,2.0,Online Customer 160,online_87@gmail.com,9876589949,"Mumbai Suburban Area, India",2023-04-26T21:20:54.171307,Delivered,50703.22,online
833,,Online Customer 643,online_30@gmail.com,9876574094,"Mumbai Suburban Area, India",2023-04-26T11:13:13.171307,Delivered,636.24,online
834,2.0,Online Customer 740,online_290@gmail.com,9876557964,"Mumbai Suburban Area, India",2023-04-27T11:48:53.171307,Delivered,2032.04,online
835,2.0,Online Customer 854,online_87@gmail.com,9876557430,"Mumbai Suburban Area, India",2023-04-27T11:22:34.171307,Delivered,222.16,online
836,,Online Customer 860,online_626@gmail.com,9876576508,"Mumbai Suburban Area, India",2023-04-27T12:11:13.171307,Pending,191.99,online
837,2.0,Online Customer 673,online_671@gmail.com,9876584055,"Mumbai Suburban Area, India",2023-04-27T17:00:17.171307,Delivered,199.76,online
838,,Online Customer 112,online_124@gmail.com,9876560098,"Mumbai Suburban Area, India",2023-04-27T10:56:35.171307,Delivered,70854.69,online
839,,Online Customer 619,online_963@gmail.com,9876524515,"Mumbai Suburban Area, India",2023-04-28T15:46:19.171307,Delivered,31656.2,online
840,,Online Customer 169,online_471@gmail.com,9876548367,"Mumbai Suburban Area, India",2023-04-29T18:49:28.171307,Delivered,3509.46,online
841,,Online Customer 814,online_415@gmail.com,9876542983,"Mumbai Suburban Area, India",2023-04-30T16:28:01.171307,Delivered,3110.33,online
842,,Online Customer 605,online_194@gmail.com,9876554422,"Mumbai Suburban Area, India",2023-04-30T12:40:37.171307,Delivered,729.88,online
843,2.0,Online Customer 839,online_203@gmail.com,9876569335,"Mumbai Suburban Area, India",2023-05-01T21:44:02.171307,Delivered,998.52,online
844,,Online Customer 487,online_144@gmail.com,9876533776,"Mumbai Suburban Area, India",2023-05-01T11:18:57.171307,Delivered,34743.7,online
845,2.0,Online Customer 975,online_602@gmail.com,9876547558,"Mumbai Suburban Area, India",2023-05-01T15:42:55.171307,Delivered,30839.49,online
846,,Online Customer 658,online_595@gmail.com,9876527602,"Mumbai Suburban Area, India",2023-05-01T20:21:34.171307,Delivered,4047.41,online
847,,Online Customer 311,online_654@gmail.com,9876547496,"Mumbai Suburban Area, India",2023-05-01T20:28:27.171307,Delivered,1217.97,online
848,2.0,Online Customer 600,online_345@gmail.com,9876577727,"Mumbai Suburban Area, India",2023-05-02T13:11:48.171307,Delivered,1276.33,online
849,,Online Customer 281,online_782@gmail.com,9876556201,"Mumbai Suburban Area, India",2023-05-02T11:22:17.171307,Delivered,14712.82,online
850,,Online Customer 436,online_749@gmail.com,9876553188,"Mumbai Suburban Area, India",2023-05-02T16:15:47.171307,Delivered,570.24,online
851,2.0,Online Customer 810,online_395@gmail.com,9876590689,"Mumbai Suburban Area, India",2023-05-02T09:02:55.171307,Delivered,324.95,online
852,,Online Customer 903,online_589@gmail.com,9876517759,"Mumbai Suburban Area, India",2023-05-04T15:33:14.171307,Pending,285.12,online
853,,Online Customer 763,online_458@gmail.com,9876546467,"Mumbai Suburban Area, India",2023-05-04T14:07:45.171307,Delivered,452.09,online
854,,Online Customer 674,online_449@gmail.com,9876531807,"Mumbai Suburban Area, India",2023-05-04T12:04:11.171307,Delivered,452.09,online
855,2.0,Online Customer 348,online_268@gmail.com,9876526724,"Mumbai Suburban Area, India",2023-05-04T14:36:54.171307,Delivered,476.14,online
856,2.0,Online Customer 329,online_430@gmail.com,9876550112,"Mumbai Suburban Area, India",2023-05-05T17:37:25.171307,Delivered,2017.06,online
857,2.0,Online Customer 691,online_588@gmail.com,9876588629,"Mumbai Suburban Area, India",2023-05-05T19:31:09.171307,Delivered,69334.43,online
858,2.0,Online Customer 380,online_600@gmail.com,9876551274,"Mumbai Suburban Area, India",2023-05-05T17:29:58.171307,Delivered,5255.38,online
859,,Online Customer 595,online_114@gmail.com,9876543123,"Mumbai Suburban Area, India",2023-05-06T11:59:54.171307,Pending,46339.7,online
860,2.0,Online Customer 179,online_131@gmail.com,9876551216,"Mumbai Suburban Area, India",2023-05-06T16:24:23.171307,Pending,882.53,online
861,2.0,Online Customer 898,online_780@gmail.com,9876566845,"Mumbai Suburban Area, India",2023-05-06T20:44:10.171307,Delivered,2679.76,online
862,2.0,Online Customer 197,online_518@gmail.com,9876582714,"Mumbai Suburban Area, India",2023-05-07T13:15:00.171307,Delivered,1184.2,online
863,2.0,Online Customer 531,online_438@gmail.com,9876593114,"Mumbai Suburban Area, India",2023-05-09T09:10:01.171307,Delivered,478.32,online
864,,Online Customer 927,online_140@gmail.com,9876552755,"Mumbai Suburban Area, India",2023-05-09T13:30:53.171307,Delivered,33907.49,online
865,2.0,Online Customer 167,online_231@gmail.com,9876584714,"Mumbai Suburban Area, India",2023-05-10T11:10:03.171307,Pending,979.82,online
866,,Online Customer 945,online_745@gmail.com,9876530691,"Mumbai Suburban Area, India",2023-05-11T19:39:37.171307,Delivered,764.24,online
867,2.0,Online Customer 564,online_801@gmail.com,9876531242,"Mumbai Suburban Area, India",2023-05-11T11:18:59.171307,Pending,3982.72,online
868,2.0,Online Customer 928,online_548@gmail.com,9876517869,"Mumbai Suburban Area, India",2023-05-12T19:42:49.171307,Delivered,2473.96,online
869,,Online Customer 281,online_74@gmail.com,9876597389,"Mumbai Suburban Area, India",2023-05-12T20:20:30.171307,Delivered,499.1,online
870,,Online Customer 177,online_633@gmail.com,9876511188,"Mumbai Suburban Area, India",2023-05-12T15:18:03.171307,Delivered,337.95,online
871,,Online Customer 274,online_969@gmail.com,9876538128,"Mumbai Suburban Area, India",2023-05-12T14:32:59.171307,Delivered,1909.13,online
872,,Online Customer 524,online_324@gmail.com,9876573337,"Mumbai Suburban Area, India",2023-05-13T09:43:07.171307,Delivered,1612.52,online
873,2.0,Online Customer 974,online_601@gmail.com,9876524716,"Mumbai Suburban Area, India",2023-05-13T18:25:43.171307,Delivered,1539.68,online
874,2.0,Online Customer 629,online_690@gmail.com,9876556959,"Mumbai Suburban Area, India",2023-05-13T09:38:53.171307,Delivered,2348.67,online
875,,Online Customer 755,online_242@gmail.com,9876515882,"Mumbai Suburban Area, India",2023-05-13T19:34:04.171307,Delivered,21729.98,online
876,2.0,Online Customer 447,online_404@gmail.com,9876559790,"Mumbai Suburban Area, India",2023-05-13T14:18:28.171307,Delivered,69932.8,online
877,,Online Customer 443,online_183@gmail.com,9876541254,"Mumbai Suburban Area, India",2023-05-14T20:28:44.171307,Delivered,1629.54,online
878,,Online Customer 806,online_128@gmail.com,9876535380,"Mumbai Suburban Area, India",2023-05-14T15:23:49.171307,Pending,3024.13,online
879,,Online Customer 668,online_517@gmail.com,9876536914,"Mumbai Suburban Area, India",2023-05-14T14:09:04.171307,Delivered,951.05,online
880,2.0,Online Customer 335,online_388@gmail.com,9876525813,"Mumbai Suburban Area, India",2023-05-14T11:33:16.171307,Delivered,1216.71,online
881,,Online Customer 556,online_939@gmail.com,9876552579,"Mumbai Suburban Area, India",2023-05-15T11:03:11.171307,Delivered,1504.7,online
882,2.0,Online Customer 760,online_857@gmail.com,9876581190,"Mumbai Suburban Area, India",2023-05-16T11:24:15.171307,Delivered,309.75,online
883,2.0,Online Customer 507,online_597@gmail.com,9876559447,"Mumbai Suburban Area, India",2023-05-16T13:48:21.171307,Delivered,455.54,online
884,,Online Customer 320,online_254@gmail.com,9876574890,"Mumbai Suburban Area, India",2023-05-17T16:29:39.171307,Delivered,67619.9,online
885,2.0,Online Customer 744,online_636@gmail.com,9876560359,"Mumbai Suburban Area, India",2023-05-17T09:59:16.171307,Delivered,66857.02,online
886,,Online Customer 178,online_546@gmail.com,9876553039,"Mumbai Suburban Area, India",2023-05-17T20:26:26.171307,Pending,40130.52,online
887,,Online Customer 649,online_814@gmail.com,9876570297,"Mumbai Suburban Area, India",2023-05-19T18:51:00.171307,Delivered,439.58,online
888,2.0,Online Customer 607,online_953@gmail.com,9876535090,"Mumbai Suburban Area, India",2023-05-20T20:55:58.171307,Delivered,21099.49,online
889,2.0,Online Customer 162,online_675@gmail.com,9876526403,"Mumbai Suburban Area, India",2023-05-23T09:17:02.171307,Delivered,1359.31,online
890,2.0,Online Customer 725,online_969@gmail.com,9876537560,"Mumbai Suburban Area, India",2023-05-23T09:19:08.171307,Delivered,854.3,online
891,,Online Customer 340,online_373@gmail.com,9876579895,"Mumbai Suburban Area, India",2023-05-24T18:14:36.171307,Delivered,35823.83,online
892,,Online Customer 647,online_267@gmail.com,9876585733,"Mumbai Suburban Area, India",2023-05-24T15:17:35.171307,Delivered,387.08,online
893,,Online Customer 165,online_402@gmail.com,9876551228,"Mumbai Suburban Area, India",2023-05-24T10:55:38.171307,Delivered,66788.57,online
894,2.0,Online Customer 916,online_67@gmail.com,9876579847,"Mumbai Suburban Area, India",2023-05-24T18:54:26.171307,Delivered,29312.39,online
895,2.0,Online Customer 311,online_102@gmail.com,9876569501,"Mumbai Suburban Area, India",2023-05-26T19:48:06.171307,Delivered,2858.74,online
896,2.0,Online Customer 940,online_568@gmail.com,9876597151,"Mumbai Suburban Area, India",2023-05-26T16:52:07.171307,Delivered,57882.95,online
897,2.0,Online Customer 703,online_445@gmail.com,9876582074,"Mumbai Suburban Area, India",2023-05-26T10:01:34.171307,Delivered,1153.12,online
898,2.0,Online Customer 251,online_620@gmail.com,9876597294,"Mumbai Suburban Area, India",2023-05-26T10:18:24.171307,Delivered,61469.64,online
899,,Online Customer 818,online_134@gmail.com,9876581777,"Mumbai Suburban Area, India",2023-05-26T11:51:49.171307,Delivered,63372.54,online
900,2.0,Online Customer 882,online_418@gmail.com,9876573251,"Mumbai Suburban Area, India",2023-05-27T17:41:22.171307,Delivered,821.7,online
901,2.0,Online Customer 320,online_125@gmail.com,9876560005,"Mumbai Suburban Area, India",2023-05-27T21:57:57.171307,Pending,1431.16,online
902,,Online Customer 901,online_803@gmail.com,9876567063,"Mumbai Suburban Area, India",2023-05-27T14:04:29.171307,Delivered,9555.73,online
903,,Online Customer 640,online_880@gmail.com,9876512276,"Mumbai Suburban Area, India",2023-05-28T19:47:28.171307,Delivered,10316.37,online
904,,Online Customer 827,online_629@gmail.com,9876575735,"Mumbai Suburban Area, India",2023-05-28T15:11:58.171307,Delivered,34686.21,online
905,,Online Customer 965,online_802@gmail.com,9876597488,"Mumbai Suburban Area, India",2023-05-28T18:43:56.171307,Delivered,32002.67,online
906,,Online Customer 524,online_542@gmail.com,9876561920,"Mumbai Suburban Area, India",2023-05-29T19:45:21.171307,Delivered,1674.77,online
907,2.0,Online Customer 466,online_496@gmail.com,9876533912,"Mumbai Suburban Area, India",2023-05-29T12:56:24.171307,Delivered,14427.7,online
908,,Online Customer 248,online_602@gmail.com,9876522269,"Mumbai Suburban Area, India",2023-05-29T21:08:32.171307,Delivered,35516.49,online
909,2.0,Online Customer 166,online_264@gmail.com,9876554679,"Mumbai Suburban Area, India",2023-05-29T16:59:37.171307,Delivered,8745.0,online
910,2.0,Online Customer 533,online_871@gmail.com,9876543249,"Mumbai Suburban Area, India",2023-05-29T15:15:14.171307,Delivered,36876.31,online
911,2.0,Online Customer 917,online_912@gmail.com,9876535901,"Mumbai Suburban Area, India",2023-05-29T12:41:06.171307,Delivered,636.92,online
912,2.0,Online Customer 207,online_416@gmail.com,9876540908,"Mumbai Suburban Area, India",2023-05-29T12:47:48.171307,Delivered,128.84,online
913,2.0,Online Customer 621,online_322@gmail.com,9876537503,"Mumbai Suburban Area, India",2023-05-30T16:29:46.171307,Delivered,10054.96,online
914,,Online Customer 180,online_722@gmail.com,9876527300,"Mumbai Suburban Area, India",2023-05-31T12:39:28.171307,Delivered,60950.61,online
915,2.0,Online Customer 921,online_291@gmail.com,9876585721,"Mumbai Suburban Area, India",2023-05-31T16:26:06.171307,Delivered,667.38,online
916,,Online Customer 634,online_305@gmail.com,9876557859,"Mumbai Suburban Area, India",2023-05-31T12:49:09.171307,Delivered,37975.49,online
917,2.0,Online Customer 578,online_183@gmail.com,9876591575,"Mumbai Suburban Area, India",2023-06-01T10:58:43.171307,Delivered,9720.35,online
918,,Online Customer 795,online_911@gmail.com,9876535134,"Mumbai Suburban Area, India",2023-06-01T19:57:56.171307,Delivered,1349.78,online
919,,Online Customer 321,online_184@gmail.com,9876523831,"Mumbai Suburban Area, India",2023-06-02T20:38:11.171307,Delivered,15058.6,online
920,2.0,Online Customer 284,online_6@gmail.com,9876527619,"Mumbai Suburban Area, India",2023-06-02T20:46:23.171307,Delivered,15058.6,online
921,2.0,Online Customer 110,online_792@gmail.com,9876530413,"Mumbai Suburban Area, India",2023-06-02T11:02:04.171307,Delivered,10538.45,online
922,,Online Customer 132,online_282@gmail.com,9876518919,"Mumbai Suburban Area, India",2023-06-03T12:59:45.171307,Delivered,56278.62,online
923,2.0,Online Customer 663,online_349@gmail.com,9876582808,"Mumbai Suburban Area, India",2023-06-03T21:49:07.171307,Delivered,82659.44,online
924,2.0,Online Customer 793,online_134@gmail.com,9876536277,"Mumbai Suburban Area, India",2023-06-03T11:25:20.171307,Delivered,1286.18,online
925,2.0,Online Customer 425,online_670@gmail.com,9876515357,"Mumbai Suburban Area, India",2023-06-03T19:33:19.171307,Delivered,1159.21,online
926,,Online Customer 856,online_724@gmail.com,9876552720,"Mumbai Suburban Area, India",2023-06-03T09:56:44.171307,Delivered,22385.18,online
927,2.0,Online Customer 297,online_960@gmail.com,9876567600,"Mumbai Suburban Area, India",2023-06-04T18:30:15.171307,Pending,22758.09,online
928,,Online Customer 958,online_833@gmail.com,9876537329,"Mumbai Suburban Area, India",2023-06-04T16:46:31.171307,Delivered,1519.61,online
929,,Online Customer 433,online_916@gmail.com,9876527347,"Mumbai Suburban Area, India",2023-06-04T21:40:54.171307,Delivered,2044.68,online
930,2.0,Online Customer 759,online_834@gmail.com,9876557811,"Mumbai Suburban Area, India",2023-06-05T14:43:35.171307,Delivered,17891.36,online
931,2.0,Online Customer 499,online_592@gmail.com,9876526714,"Mumbai Suburban Area, India",2023-06-05T17:05:57.171307,Delivered,463.78,online
932,,Online Customer 178,online_148@gmail.com,9876559555,"Mumbai Suburban Area, India",2023-06-05T10:25:38.171307,Delivered,31529.44,online
933,2.0,Online Customer 156,online_918@gmail.com,9876533073,"Mumbai Suburban Area, India",2023-06-06T12:52:47.171307,Delivered,40601.1,online
934,,Online Customer 699,online_752@gmail.com,9876551520,"Mumbai Suburban Area, India",2023-06-08T15:33:02.171307,Delivered,62550.43,online
935,2.0,Online Customer 998,online_920@gmail.com,9876563870,"Mumbai Suburban Area, India",2023-06-08T16:39:38.171307,Delivered,16504.3,online
936,2.0,Online Customer 903,online_175@gmail.com,9876566669,"Mumbai Suburban Area, India",2023-06-09T12:34:08.171307,Delivered,16650.53,online
937,,Online Customer 286,online_236@gmail.com,9876519662,"Mumbai Suburban Area, India",2023-06-09T09:29:30.171307,Delivered,1072.9,online
938,2.0,Online Customer 865,online_432@gmail.com,9876543755,"Mumbai Suburban Area, India",2023-06-09T13:00:08.171307,Delivered,1193.32,online
939,2.0,Online Customer 155,online_212@gmail.com,9876583321,"Mumbai Suburban Area, India",2023-06-10T13:08:58.171307,Delivered,149.46,online
940,,Online Customer 928,online_949@gmail.com,9876592695,"Mumbai Suburban Area, India",2023-06-10T10:35:21.171307,Delivered,26514.82,online
941,2.0,Online Customer 923,online_930@gmail.com,9876528104,"Mumbai Suburban Area, India",2023-06-11T12:32:09.171307,Delivered,35285.91,online
942,2.0,Online Customer 106,online_629@gmail.com,9876533205,"Mumbai Suburban Area, India",2023-06-11T18:09:23.171307,Pending,451.56,online
943,2.0,Online Customer 956,online_781@gmail.com,9876510010,"Mumbai Suburban Area, India",2023-06-11T17:31:17.171307,Delivered,17713.91,online
944,2.0,Online Customer 751,online_897@gmail.com,9876571865,"Mumbai Suburban Area, India",2023-06-12T19:11:59.171307,Delivered,32481.36,online
945,2.0,Online Customer 523,online_960@gmail.com,9876585601,"Mumbai Suburban Area, India",2023-06-12T10:57:08.171307,Delivered,32232.67,online
946,2.0,Online Customer 688,online_1000@gmail.com,9876516005,"Mumbai Suburban Area, India",2023-06-12T17:39:42.171307,Delivered,15862.79,online
947,,Online Customer 715,online_501@gmail.com,9876553067,"Mumbai Suburban Area, India",2023-06-14T19:48:58.171307,Delivered,727.57,online
948,,Online Customer 612,online_527@gmail.com,9876565136,"Mumbai Suburban Area, India",2023-06-15T10:47:55.171307,Delivered,435.88,online
949,2.0,Online Customer 396,online_30@gmail.com,9876586378,"Mumbai Suburban Area, India",2023-06-15T12:47:23.171307,Delivered,4185.25,online
950,,Online Customer 363,online_674@gmail.com,9876531985,"Mumbai Suburban Area, India",2023-06-15T10:41:22.171307,Delivered,35272.61,online
951,2.0,Online Customer 441,online_694@gmail.com,9876525981,"Mumbai Suburban Area, India",2023-06-15T11:43:16.171307,Delivered,33039.14,online
952,2.0,Online Customer 515,online_200@gmail.com,9876541512,"Mumbai Suburban Area, India",2023-06-16T21:33:29.171307,Delivered,526.16,online
953,,Online Customer 573,online_425@gmail.com,9876560760,"Mumbai Suburban Area, India",2023-06-16T13:34:14.171307,Pending,2947.46,online
954,,Online Customer 495,online_159@gmail.com,9876581341,"Mumbai Suburban Area, India",2023-06-16T14:04:49.171307,Delivered,2900.23,online
955,2.0,Online Customer 276,online_748@gmail.com,9876554400,"Mumbai Suburban Area, India",2023-06-16T09:39:33.171307,Delivered,445.42,online
956,2.0,Online Customer 607,online_541@gmail.com,9876518532,"Mumbai Suburban Area, India",2023-06-16T16:33:04.171307,Delivered,34138.77,online
957,2.0,Online Customer 853,online_296@gmail.com,9876526997,"Mumbai Suburban Area, India",2023-06-17T11:56:11.171307,Delivered,4546.71,online
958,,Online Customer 620,online_362@gmail.com,9876548283,"Mumbai Suburban Area, India",2023-06-17T20:50:39.171307,Pending,15148.27,online
959,2.0,Online Customer 516,online_897@gmail.com,9876549250,"Mumbai Suburban Area, India",2023-06-17T17:34:41.171307,Delivered,271.93,online
960,2.0,Online Customer 779,online_812@gmail.com,9876553440,"Mumbai Suburban Area, India",2023-06-18T17:33:52.171307,Delivered,13811.51,online
961,2.0,Online Customer 791,online_81@gmail.com,9876537991,"Mumbai Suburban Area, India",2023-06-18T18:36:21.171307,Delivered,29630.89,online
962,2.0,Online Customer 373,online_519@gmail.com,9876576944,"Mumbai Suburban Area, India",2023-06-18T16:56:08.171307,Delivered,66097.83,online
963,2.0,Online Customer 949,online_966@gmail.com,9876580338,"Mumbai Suburban Area, India",2023-06-19T16:11:57.171307,Delivered,1900.84,online
964,2.0,Online Customer 476,online_87@gmail.com,9876573446,"Mumbai Suburban Area, India",2023-06-19T14:43:03.171307,Delivered,973.86,online
965,2.0,Online Customer 488,online_288@gmail.com,9876561415,"Mumbai Suburban Area, India",2023-06-20T14:39:05.171307,Delivered,54114.04,online
966,2.0,Online Customer 102,online_59@gmail.com,9876527039,"Mumbai Suburban Area, India",2023-06-20T12:14:19.171307,Delivered,34112.41,online
967,2.0,Online Customer 888,online_349@gmail.com,9876543604,"Mumbai Suburban Area, India",2023-06-20T20:43:41.171307,Delivered,1693.04,online
968,,Online Customer 919,online_781@gmail.com,9876525223,"Mumbai Suburban Area, India",2023-06-20T10:40:53.171307,Delivered,24605.54,online
969,,Online Customer 855,online_197@gmail.com,9876562334,"Mumbai Suburban Area, India",2023-06-20T21:50:35.171307,Delivered,44769.21,online
970,,Online Customer 742,online_890@gmail.com,9876537592,"Mumbai Suburban Area, India",2023-06-23T16:49:05.171307,Delivered,34545.48,online
971,2.0,Online Customer 841,online_331@gmail.com,9876516714,"Mumbai Suburban Area, India",2023-06-23T11:18:41.171307,Delivered,133.17,online
972,2.0,Online Customer 292,online_304@gmail.com,9876553078,"Mumbai Suburban Area, India",2023-06-23T19:00:12.171307,Delivered,83467.31,online
973,,Online Customer 709,online_31@gmail.com,9876562458,"Mumbai Suburban Area, India",2023-06-23T11:23:44.171307,Delivered,31017.36,online
974,,Online Customer 303,online_168@gmail.com,9876590624,"Mumbai Suburban Area, India",2023-06-24T09:05:15.171307,Delivered,3687.82,online
975,2.0,Online Customer 240,online_763@gmail.com,9876577868,"Mumbai Suburban Area, India",2023-06-24T18:12:49.171307,Delivered,560.9,online
976,2.0,Online Customer 192,online_161@gmail.com,9876592668,"Mumbai Suburban Area, India",2023-06-24T19:42:47.171307,Delivered,3237.74,online
977,,Online Customer 478,online_513@gmail.com,9876514297,"Mumbai Suburban Area, India",2023-06-24T21:49:59.171307,Pending,43450.0,online
978,,Online Customer 624,online_856@gmail.com,9876536948,"Mumbai Suburban Area, India",2023-06-25T12:23:35.171307,Delivered,108808.77,online
979,,Online Customer 606,online_459@gmail.com,9876546190,"Mumbai Suburban Area, India",2023-06-25T10:57:23.171307,Delivered,3429.75,online
980,,Online Customer 657,online_604@gmail.com,9876538662,"Mumbai Suburban Area, India",2023-06-26T19:31:58.171307,Delivered,14617.09,online
981,,Online Customer 796,online_315@gmail.com,9876570026,"Mumbai Suburban Area, India",2023-06-26T17:51:46.171307,Delivered,41264.31,online
982,2.0,Online Customer 167,online_644@gmail.com,9876566082,"Mumbai Suburban Area, India",2023-06-27T21:42:18.171307,Delivered,26622.18,online
983,2.0,Online Customer 821,online_608@gmail.com,9876576877,"Mumbai Suburban Area, India",2023-06-27T21:15:15.171307,Delivered,2822.44,online
984,2.0,Online Customer 514,online_33@gmail.com,9876572965,"Mumbai Suburban Area, India",2023-06-29T17:41:17.171307,Delivered,1883.98,online
985,,Online Customer 280,online_231@gmail.com,9876590504,"Mumbai Suburban Area, India",2023-06-29T13:19:09.171307,Delivered,1000.39,online
986,2.0,Online Customer 894,online_908@gmail.com,9876550545,"Mumbai Suburban Area, India",2023-06-29T18:28:46.171307,Delivered,36766.28,online
987,2.0,Online Customer 829,online_40@gmail.com,9876599957,"Mumbai Suburban Area, India",2023-06-30T18:26:53.171307,Delivered,2969.2,online
988,,Online Customer 601,online_724@gmail.com,9876558674,"Mumbai Suburban Area, India",2023-06-30T21:51:16.171307,Delivered,39827.1,online
989,2.0,Online Customer 706,online_801@gmail.com,9876542708,"Mumbai Suburban Area, India",2023-06-30T10:41:43.171307,Delivered,311.98,online
990,,Online Customer 197,online_731@gmail.com,9876599072,"Mumbai Suburban Area, India",2023-06-30T11:51:32.171307,Delivered,1029.45,online
991,2.0,Online Customer 405,online_738@gmail.com,9876512119,"Mumbai Suburban Area, India",2023-07-01T11:05:54.171307,Delivered,2555.34,online
992,2.0,Online Customer 711,online_59@gmail.com,9876568491,"Mumbai Suburban Area, India",2023-07-02T18:07:19.171307,Delivered,2743.1,online
993,2.0,Online Customer 689,online_420@gmail.com,9876538434,"Mumbai Suburban Area, India",2023-07-02T09:43:05.171307,Delivered,919.05,online
994,,Online Customer 907,online_393@gmail.com,9876588808,"Mumbai Suburban Area, India",2023-07-02T13:27:22.171307,Delivered,2688.97,online
995,2.0,Online Customer 275,online_439@gmail.com,9876592293,"Mumbai Suburban Area, India",2023-07-02T16:48:58.171307,Delivered,52151.08,online
996,2.0,Online Customer 719,online_643@gmail.com,9876589493,"Mumbai Suburban Area, India",2023-07-02T21:08:58.171307,Delivered,51951.99,online
997,,Online Customer 964,online_103@gmail.com,9876596947,"Mumbai Suburban Area, India",2023-07-03T18:03:28.171307,Delivered,1550.23,online
998,2.0,Online Customer 178,online_40@gmail.com,9876584936,"Mumbai Suburban Area, India",2023-07-05T14:07:35.171307,Delivered,1529.83,online
999,,Online Customer 970,online_678@gmail.com,9876572879,"Mumbai Suburban Area, India",2023-07-06T11:52:58.171307,Delivered,17449.89,online
1000,2.0,Online Customer 156,online_413@gmail.com,9876543685,"Mumbai Suburban Area, India",2023-07-06T18:59:19.171307,Delivered,18582.58,online
1001,,Online Customer 806,online_216@gmail.com,9876553864,"Mumbai Suburban Area, India",2023-07-06T11:21:26.171307,Delivered,47821.24,online
1002,,Online Customer 776,online_791@gmail.com,9876572974,"Mumbai Suburban Area, India",2023-07-06T16:17:11.171307,Delivered,319.34,online
1003,2.0,Online Customer 786,online_318@gmail.com,9876587763,"Mumbai Suburban Area, India",2023-07-06T09:16:00.171307,Delivered,2779.4,online
1004,2.0,Online Customer 486,online_939@gmail.com,9876534238,"Mumbai Suburban Area, India",2023-07-06T19:08:40.171307,Delivered,215.94,online
1005,2.0,Online Customer 860,online_161@gmail.com,9876517427,"Mumbai Suburban Area, India",2023-07-07T16:48:22.171307,Delivered,537.88,online
1006,,Online Customer 133,online_497@gmail.com,9876589822,"Mumbai Suburban Area, India",2023-07-07T17:32:30.171307,Delivered,38553.48,online
1007,2.0,Online Customer 661,online_34@gmail.com,9876513627,"Mumbai Suburban Area, India",2023-07-07T16:13:16.171307,Delivered,1069.84,online
1008,,Online Customer 514,online_27@gmail.com,9876598893,"Mumbai Suburban Area, India",2023-07-07T12:11:23.171307,Delivered,113058.71,online
1009,,Online Customer 172,online_613@gmail.com,9876564302,"Mumbai Suburban Area, India",2023-07-07T21:49:04.171307,Pending,526.16,online
1010,,Online Customer 259,online_550@gmail.com,9876511835,"Mumbai Suburban Area, India",2023-07-08T21:05:12.171307,Delivered,36512.1,online
1011,,Online Customer 719,online_535@gmail.com,9876514773,"Mumbai Suburban Area, India",2023-07-08T14:23:46.171307,Delivered,60713.39,online
1012,2.0,Online Customer 415,online_76@gmail.com,9876539636,"Mumbai Suburban Area, India",2023-07-08T14:02:30.171307,Delivered,772.16,online
1013,,Online Customer 675,online_944@gmail.com,9876575972,"Mumbai Suburban Area, India",2023-07-08T09:39:48.171307,Delivered,35123.61,online
1014,2.0,Online Customer 954,online_434@gmail.com,9876542330,"Mumbai Suburban Area, India",2023-07-09T18:37:21.171307,Delivered,49136.02,online
1015,,Online Customer 393,online_927@gmail.com,9876549874,"Mumbai Suburban Area, India",2023-07-09T20:01:43.171307,Delivered,5334.12,online
1016,2.0,Online Customer 628,online_571@gmail.com,9876581632,"Mumbai Suburban Area, India",2023-07-09T12:28:00.171307,Delivered,63839.18,online
1017,2.0,Online Customer 376,online_360@gmail.com,9876581581,"Mumbai Suburban Area, India",2023-07-10T18:06:01.171307,Delivered,29759.39,online
1018,,Online Customer 104,online_795@gmail.com,9876564553,"Mumbai Suburban Area, India",2023-07-10T19:35:12.171307,Delivered,71144.96,online
1019,,Online Customer 451,online_7@gmail.com,9876559641,"Mumbai Suburban Area, India",2023-07-10T14:40:33.171307,Delivered,73735.45,online
1020,2.0,Online Customer 260,online_219@gmail.com,9876591451,"Mumbai Suburban Area, India",2023-07-10T14:51:31.171307,Delivered,12930.26,online
1021,2.0,Online Customer 205,online_654@gmail.com,9876575682,"Mumbai Suburban Area, India",2023-07-11T18:11:41.171307,Delivered,52446.04,online
1022,2.0,Online Customer 710,online_725@gmail.com,9876596498,"Mumbai Suburban Area, India",2023-07-11T17:06:20.171307,Delivered,2778.91,online
1023,,Online Customer 177,online_762@gmail.com,9876570937,"Mumbai Suburban Area, India",2023-07-11T14:17:14.171307,Delivered,3323.99,online
1024,2.0,Online Customer 159,online_565@gmail.com,9876568846,"Mumbai Suburban Area, India",2023-07-11T11:54:21.171307,Delivered,169.03,online
1025,,Online Customer 804,online_776@gmail.com,9876548150,"Mumbai Suburban Area, India",2023-07-12T19:10:32.171307,Delivered,910.34,online
1026,,Online Customer 815,online_394@gmail.com,9876589676,"Mumbai Suburban Area, India",2023-07-12T12:45:12.171307,Pending,61098.85,online
1027,,Online Customer 772,online_555@gmail.com,9876570239,"Mumbai Suburban Area, India",2023-07-12T20:24:55.171307,Delivered,2371.98,online
1028,2.0,Online Customer 456,online_884@gmail.com,9876591162,"Mumbai Suburban Area, India",2023-07-12T11:58:26.171307,Delivered,67052.38,online
1029,,Online Customer 761,online_729@gmail.com,9876573368,"Mumbai Suburban Area, India",2023-07-14T09:34:42.171307,Delivered,104258.34,online
1030,2.0,Online Customer 843,online_370@gmail.com,9876526498,"Mumbai Suburban Area, India",2023-07-14T19:18:04.171307,Delivered,105455.73,online
1031,2.0,Online Customer 905,online_570@gmail.com,9876580239,"Mumbai Suburban Area, India",2023-07-15T13:55:34.171307,Delivered,51733.18,online
1032,2.0,Online Customer 416,online_884@gmail.com,9876530129,"Mumbai Suburban Area, India",2023-07-15T19:09:45.171307,Delivered,38192.28,online
1033,2.0,Online Customer 706,online_306@gmail.com,9876519401,"Mumbai Suburban Area, India",2023-07-16T13:03:55.171307,Delivered,71057.62,online
1034,,Online Customer 585,online_350@gmail.com,9876571558,"Mumbai Suburban Area, India",2023-07-16T17:39:00.171307,Delivered,133258.52,online
1035,,Online Customer 725,online_732@gmail.com,9876567478,"Mumbai Suburban Area, India",2023-07-17T12:54:42.171307,Delivered,68996.07,online
1036,,Online Customer 765,online_546@gmail.com,9876599870,"Mumbai Suburban Area, India",2023-07-17T21:59:02.171307,Delivered,41059.51,online
1037,2.0,Online Customer 423,online_938@gmail.com,9876599055,"Mumbai Suburban Area, India",2023-07-17T10:05:20.171307,Delivered,63000.48,online
1038,,Online Customer 841,online_770@gmail.com,9876599604,"Mumbai Suburban Area, India",2023-07-17T17:35:30.171307,Delivered,13311.09,online
1039,,Online Customer 959,online_441@gmail.com,9876549198,"Mumbai Suburban Area, India",2023-07-18T10:42:14.171307,Delivered,240.41,online
1040,2.0,Online Customer 628,online_736@gmail.com,9876517689,"Mumbai Suburban Area, India",2023-07-18T21:21:54.171307,Delivered,16814.3,online
1041,2.0,Online Customer 226,online_241@gmail.com,9876599429,"Mumbai Suburban Area, India",2023-07-18T15:36:23.171307,Delivered,13202.99,online
1042,2.0,Online Customer 133,online_363@gmail.com,9876519873,"Mumbai Suburban Area, India",2023-07-18T10:52:19.171307,Delivered,405.9,online
1043,2.0,Online Customer 391,online_62@gmail.com,9876521993,"Mumbai Suburban Area, India",2023-07-19T10:21:41.171307,Delivered,33681.18,online
1044,,Online Customer 319,online_538@gmail.com,9876575654,"Mumbai Suburban Area, India",2023-07-20T09:51:53.171307,Delivered,1374.0,online
1045,2.0,Online Customer 203,online_585@gmail.com,9876585688,"Mumbai Suburban Area, India",2023-07-20T14:40:19.171307,Pending,27052.26,online
1046,,Online Customer 910,online_326@gmail.com,9876560878,"Mumbai Suburban Area, India",2023-07-20T11:51:07.171307,Delivered,67545.4,online
1047,2.0,Online Customer 373,online_275@gmail.com,9876588291,"Mumbai Suburban Area, India",2023-07-21T12:28:33.171307,Delivered,672.98,online
1048,2.0,Online Customer 598,online_390@gmail.com,9876535902,"Mumbai Suburban Area, India",2023-07-22T17:58:49.171307,Delivered,430.72,online
1049,,Online Customer 552,online_758@gmail.com,9876524793,"Mumbai Suburban Area, India",2023-07-22T12:00:32.171307,Pending,1921.47,online
1050,,Online Customer 469,online_181@gmail.com,9876588233,"Mumbai Suburban Area, India",2023-07-23T10:45:35.171307,Delivered,71588.69,online
1051,2.0,Online Customer 545,online_624@gmail.com,9876567812,"Mumbai Suburban Area, India",2023-07-23T19:56:34.171307,Delivered,96328.86,online
1052,2.0,Online Customer 800,online_533@gmail.com,9876541280,"Mumbai Suburban Area, India",2023-07-24T12:13:44.171307,Delivered,2115.05,online
1053,2.0,Online Customer 439,online_200@gmail.com,9876541838,"Mumbai Suburban Area, India",2023-07-24T11:59:16.171307,Delivered,13779.11,online
1054,2.0,Online Customer 915,online_472@gmail.com,9876588289,"Mumbai Suburban Area, India",2023-07-24T18:37:09.171307,Delivered,52778.29,online
1055,,Online Customer 907,online_61@gmail.com,9876531724,"Mumbai Suburban Area, India",2023-07-25T11:26:55.171307,Pending,9749.78,online
1056,2.0,Online Customer 268,online_499@gmail.com,9876537118,"Mumbai Suburban Area, India",2023-07-25T15:26:20.171307,Delivered,14555.38,online
1057,,Online Customer 135,online_884@gmail.com,9876514600,"Mumbai Suburban Area, India",2023-07-25T09:33:56.171307,Delivered,387.08,online
1058,2.0,Online Customer 469,online_544@gmail.com,9876534373,"Mumbai Suburban Area, India",2023-07-25T13:41:38.171307,Delivered,9260.58,online
1059,,Online Customer 723,online_441@gmail.com,9876531365,"Mumbai Suburban Area, India",2023-07-25T14:22:40.171307,Delivered,32169.92,online
1060,,Online Customer 777,online_890@gmail.com,9876570065,"Mumbai Suburban Area, India",2023-07-25T11:39:50.171307,Delivered,31231.81,online
1061,,Online Customer 905,online_891@gmail.com,9876538613,"Mumbai Suburban Area, India",2023-07-25T17:06:20.171307,Pending,2030.96,online
1062,,Online Customer 193,online_292@gmail.com,9876575922,"Mumbai Suburban Area, India",2023-07-25T15:10:10.171307,Delivered,384.62,online
1063,,Online Customer 528,online_989@gmail.com,9876584884,"Mumbai Suburban Area, India",2023-07-26T09:43:28.171307,Delivered,1331.97,online
1064,2.0,Online Customer 918,online_922@gmail.com,9876547230,"Mumbai Suburban Area, India",2023-07-26T19:32:10.171307,Delivered,37896.92,online
1065,,Online Customer 405,online_390@gmail.com,9876535430,"Mumbai Suburban Area, India",2023-07-26T10:58:43.171307,Delivered,9453.35,online
1066,,Online Customer 396,online_788@gmail.com,9876561537,"Mumbai Suburban Area, India",2023-07-27T15:14:00.171307,Delivered,25405.46,online
1067,2.0,Online Customer 370,online_363@gmail.com,9876525361,"Mumbai Suburban Area, India",2023-07-27T14:14:54.171307,Delivered,12728.9,online
1068,2.0,Online Customer 797,online_837@gmail.com,9876561473,"Mumbai Suburban Area, India",2023-07-27T13:12:13.171307,Delivered,1652.45,online
1069,,Online Customer 732,online_809@gmail.com,9876514161,"Mumbai Suburban Area, India",2023-07-27T13:57:11.171307,Delivered,1294.12,online
1070,2.0,Online Customer 194,online_373@gmail.com,9876539987,"Mumbai Suburban Area, India",2023-07-27T15:47:21.171307,Delivered,624.38,online
1071,,Online Customer 639,online_356@gmail.com,9876546760,"Mumbai Suburban Area, India",2023-07-28T17:05:58.171307,Delivered,121439.02,online
1072,,Online Customer 116,online_167@gmail.com,9876595707,"Mumbai Suburban Area, India",2023-07-28T18:01:25.171307,Delivered,1505.34,online
1073,,Online Customer 562,online_442@gmail.com,9876586903,"Mumbai Suburban Area, India",2023-07-28T11:06:47.171307,Delivered,449.01,online
1074,2.0,Online Customer 746,online_488@gmail.com,9876594651,"Mumbai Suburban Area, India",2023-07-28T09:25:53.171307,Delivered,20104.18,online
1075,,Online Customer 214,online_684@gmail.com,9876575122,"Mumbai Suburban Area, India",2023-07-30T18:02:07.171307,Delivered,1190.69,online
1076,2.0,Online Customer 977,online_86@gmail.com,9876569538,"Mumbai Suburban Area, India",2023-07-30T14:04:03.171307,Pending,1634.96,online
1077,,Online Customer 140,online_947@gmail.com,9876554431,"Mumbai Suburban Area, India",2023-07-30T11:54:56.171307,Delivered,15195.12,online
1078,2.0,Online Customer 600,online_871@gmail.com,9876546639,"Mumbai Suburban Area, India",2023-07-30T11:49:54.171307,Delivered,29519.58,online
1079,2.0,Online Customer 982,online_928@gmail.com,9876593946,"Mumbai Suburban Area, India",2023-07-30T11:16:16.171307,Delivered,14512.09,online
1080,,Online Customer 571,online_188@gmail.com,9876522545,"Mumbai Suburban Area, India",2023-08-05T11:13:14.171307,Delivered,1305.18,online
1081,,Online Customer 463,online_100@gmail.com,9876585643,"Mumbai Suburban Area, India",2023-08-05T16:22:38.171307,Delivered,29036.72,online
1082,2.0,Online Customer 831,online_981@gmail.com,9876531338,"Mumbai Suburban Area, India",2023-08-05T18:43:20.171307,Delivered,19103.3,online
1083,2.0,Online Customer 375,online_271@gmail.com,9876596280,"Mumbai Suburban Area, India",2023-08-05T14:49:13.171307,Pending,19030.58,online
1084,2.0,Online Customer 482,online_926@gmail.com,9876529714,"Mumbai Suburban Area, India",2023-08-05T16:00:14.171307,Delivered,39708.7,online
1085,2.0,Online Customer 339,online_740@gmail.com,9876539520,"Mumbai Suburban Area, India",2023-08-06T17:50:18.171307,Delivered,8666.36,online
1086,2.0,Online Customer 689,online_966@gmail.com,9876547268,"Mumbai Suburban Area, India",2023-08-06T12:36:57.171307,Delivered,1687.14,online
1087,,Online Customer 292,online_342@gmail.com,9876569853,"Mumbai Suburban Area, India",2023-08-06T16:09:26.171307,Delivered,2963.24,online
1088,,Online Customer 889,online_322@gmail.com,9876574041,"Mumbai Suburban Area, India",2023-08-06T09:21:20.171307,Delivered,337.95,online
1089,,Online Customer 713,online_764@gmail.com,9876526576,"Mumbai Suburban Area, India",2023-08-07T19:30:25.171307,Delivered,2238.94,online
1090,,Online Customer 372,online_657@gmail.com,9876530748,"Mumbai Suburban Area, India",2023-08-07T09:28:48.171307,Pending,395.4,online
1091,,Online Customer 908,online_593@gmail.com,9876584952,"Mumbai Suburban Area, India",2023-08-07T18:38:12.171307,Delivered,1649.34,online
1092,2.0,Online Customer 309,online_476@gmail.com,9876551858,"Mumbai Suburban Area, India",2023-08-07T14:00:34.171307,Delivered,870.77,online
1093,,Online Customer 595,online_260@gmail.com,9876513933,"Mumbai Suburban Area, India",2023-08-07T09:20:39.171307,Delivered,441.23,online
1094,2.0,Online Customer 278,online_723@gmail.com,9876511774,"Mumbai Suburban Area, India",2023-08-09T11:05:03.171307,Delivered,26595.58,online
1095,2.0,Online Customer 212,online_183@gmail.com,9876526350,"Mumbai Suburban Area, India",2023-08-09T20:40:20.171307,Delivered,16096.8,online
1096,,Online Customer 749,online_9@gmail.com,9876589754,"Mumbai Suburban Area, India",2023-08-10T15:28:52.171307,Delivered,983.59,online
1097,,Online Customer 299,online_656@gmail.com,9876566099,"Mumbai Suburban Area, India",2023-08-10T20:17:52.171307,Delivered,25888.91,online
1098,,Online Customer 197,online_428@gmail.com,9876556603,"Mumbai Suburban Area, India",2023-08-10T13:15:10.171307,Delivered,61086.06,online
1099,,Online Customer 830,online_986@gmail.com,9876522675,"Mumbai Suburban Area, India",2023-08-11T14:09:55.171307,Delivered,2270.24,online
1100,2.0,Online Customer 867,online_721@gmail.com,9876554914,"Mumbai Suburban Area, India",2023-08-11T20:36:40.171307,Delivered,35097.54,online
1101,,Online Customer 687,online_400@gmail.com,9876522403,"Mumbai Suburban Area, India",2023-08-11T20:39:22.171307,Delivered,12207.21,online
1102,2.0,Online Customer 518,online_74@gmail.com,9876578477,"Mumbai Suburban Area, India",2023-08-12T14:39:38.171307,Delivered,4147.84,online
1103,,Online Customer 861,online_726@gmail.com,9876578171,"Mumbai Suburban Area, India",2023-08-12T14:41:11.171307,Delivered,1843.91,online
1104,,Online Customer 897,online_141@gmail.com,9876595535,"Mumbai Suburban Area, India",2023-08-13T18:24:53.171307,Delivered,314.78,online
1105,2.0,Online Customer 751,online_110@gmail.com,9876563080,"Mumbai Suburban Area, India",2023-08-13T14:50:49.171307,Delivered,15422.98,online
1106,,Online Customer 347,online_470@gmail.com,9876525247,"Mumbai Suburban Area, India",2023-08-13T11:20:30.171307,Delivered,23994.7,online
1107,,Online Customer 318,online_208@gmail.com,9876551990,"Mumbai Suburban Area, India",2023-08-13T12:01:33.171307,Delivered,21233.42,online
1108,,Online Customer 743,online_395@gmail.com,9876537587,"Mumbai Suburban Area, India",2023-08-13T21:59:56.171307,Delivered,24809.94,online
1109,,Online Customer 307,online_40@gmail.com,9876599964,"Mumbai Suburban Area, India",2023-08-14T09:45:16.171307,Delivered,45281.02,online
1110,,Online Customer 189,online_336@gmail.com,9876539414,"Mumbai Suburban Area, India",2023-08-15T15:45:14.171307,Delivered,25814.75,online
1111,,Online Customer 780,online_690@gmail.com,9876533741,"Mumbai Suburban Area, India",2023-08-15T13:42:26.171307,Delivered,5033.03,online
1112,,Online Customer 125,online_746@gmail.com,9876512024,"Mumbai Suburban Area, India",2023-08-16T20:05:33.171307,Delivered,66006.83,online
1113,,Online Customer 961,online_995@gmail.com,9876554520,"Mumbai Suburban Area, India",2023-08-17T15:42:07.171307,Delivered,18124.42,online
1114,,Online Customer 515,online_818@gmail.com,9876519955,"Mumbai Suburban Area, India",2023-08-17T16:16:08.171307,Delivered,12302.77,online
1115,2.0,Online Customer 340,online_869@gmail.com,9876537036,"Mumbai Suburban Area, India",2023-08-17T20:30:35.171307,Delivered,964.55,online
1116,2.0,Online Customer 825,online_779@gmail.com,9876559118,"Mumbai Suburban Area, India",2023-08-18T19:52:45.171307,Pending,2309.95,online
1117,,Online Customer 130,online_892@gmail.com,9876574326,"Mumbai Suburban Area, India",2023-08-18T11:51:05.171307,Delivered,2701.2,online
1118,2.0,Online Customer 948,online_113@gmail.com,9876571226,"Mumbai Suburban Area, India",2023-08-18T19:36:03.171307,Delivered,947.94,online
1119,,Online Customer 113,online_504@gmail.com,9876523361,"Mumbai Suburban Area, India",2023-08-18T09:18:56.171307,Delivered,15050.4,online
1120,,Online Customer 872,online_56@gmail.com,9876534332,"Mumbai Suburban Area, India",2023-08-19T21:03:27.171307,Delivered,3228.57,online
1121,,Online Customer 158,online_300@gmail.com,9876514993,"Mumbai Suburban Area, India",2023-08-19T17:24:21.171307,Delivered,15737.17,online
1122,,Online Customer 916,online_401@gmail.com,9876531836,"Mumbai Suburban Area, India",2023-08-20T15:24:45.171307,Delivered,243.69,online
1123,2.0,Online Customer 163,online_180@gmail.com,9876588720,"Mumbai Suburban Area, India",2023-08-20T11:19:03.171307,Delivered,916.67,online
1124,,Online Customer 756,online_943@gmail.com,9876528591,"Mumbai Suburban Area, India",2023-08-20T17:20:50.171307,Delivered,4898.48,online
1125,,Online Customer 815,online_698@gmail.com,9876542428,"Mumbai Suburban Area, India",2023-08-20T09:06:06.171307,Delivered,18530.19,online
1126,,Online Customer 785,online_848@gmail.com,9876534400,"Mumbai Suburban Area, India",2023-08-20T16:29:22.171307,Delivered,746.72,online
1127,2.0,Online Customer 326,online_964@gmail.com,9876587364,"Mumbai Suburban Area, India",2023-08-21T16:47:24.171307,Delivered,983.17,online
1128,2.0,Online Customer 123,online_214@gmail.com,9876565394,"Mumbai Suburban Area, India",2023-08-21T15:43:21.171307,Delivered,1294.2,online
1129,,Online Customer 251,online_149@gmail.com,9876519566,"Mumbai Suburban Area, India",2023-08-21T10:20:59.171307,Delivered,41894.27,online
1130,,Online Customer 198,online_714@gmail.com,9876542935,"Mumbai Suburban Area, India",2023-08-22T10:30:03.171307,Delivered,5316.36,online
1131,2.0,Online Customer 510,online_883@gmail.com,9876555077,"Mumbai Suburban Area, India",2023-08-22T16:32:33.171307,Delivered,1004.44,online
1132,,Online Customer 405,online_364@gmail.com,9876510825,"Mumbai Suburban Area, India",2023-08-22T17:05:07.171307,Delivered,45512.49,online
1133,2.0,Online Customer 928,online_104@gmail.com,9876595605,"Mumbai Suburban Area, India",2023-08-23T20:46:19.171307,Delivered,2099.22,online
1134,,Online Customer 587,online_646@gmail.com,9876526123,"Mumbai Suburban Area, India",2023-08-23T10:03:26.171307,Delivered,27365.17,online
1135,,Online Customer 698,online_146@gmail.com,9876568642,"Mumbai Suburban Area, India",2023-08-24T17:16:21.171307,Delivered,18588.72,online
1136,,Online Customer 254,online_335@gmail.com,9876522434,"Mumbai Suburban Area, India",2023-08-25T16:07:17.171307,Delivered,56951.6,online
1137,2.0,Online Customer 226,online_784@gmail.com,9876546633,"Mumbai Suburban Area, India",2023-08-25T21:40:51.171307,Delivered,479.98,online
1138,2.0,Online Customer 807,online_189@gmail.com,9876548631,"Mumbai Suburban Area, India",2023-08-25T10:44:58.171307,Delivered,865.8,online
1139,,Online Customer 604,online_200@gmail.com,9876598492,"Mumbai Suburban Area, India",2023-08-25T13:11:42.171307,Delivered,2122.08,online
1140,2.0,Online Customer 762,online_265@gmail.com,9876577534,"Mumbai Suburban Area, India",2023-08-26T13:17:31.171307,Delivered,19943.52,online
1141,,Online Customer 322,online_950@gmail.com,9876572435,"Mumbai Suburban Area, India",2023-08-26T14:59:58.171307,Delivered,35823.84,online
1142,,Online Customer 407,online_175@gmail.com,9876539489,"Mumbai Suburban Area, India",2023-08-26T20:47:08.171307,Pending,3718.43,online
1143,,Online Customer 353,online_105@gmail.com,9876594265,"Mumbai Suburban Area, India",2023-08-27T19:43:00.171307,Delivered,12784.03,online
1144,,Online Customer 209,online_359@gmail.com,9876582372,"Mumbai Suburban Area, India",2023-08-27T11:38:08.171307,Delivered,5327.82,online
1145,,Online Customer 878,online_645@gmail.com,9876575679,"Mumbai Suburban Area, India",2023-08-28T16:36:26.171307,Delivered,1329.86,online
1146,,Online Customer 321,online_536@gmail.com,9876579930,"Mumbai Suburban Area, India",2023-08-28T09:31:33.171307,Delivered,44640.94,online
1147,2.0,Online Customer 662,online_349@gmail.com,9876559787,"Mumbai Suburban Area, India",2023-08-29T17:55:37.171307,Delivered,389.67,online
1148,,Online Customer 129,online_867@gmail.com,9876557138,"Mumbai Suburban Area, India",2023-08-29T20:46:36.171307,Delivered,12003.16,online
1149,2.0,Online Customer 369,online_559@gmail.com,9876538353,"Mumbai Suburban Area, India",2023-08-29T11:49:41.171307,Delivered,20602.48,online
1150,2.0,Online Customer 123,online_962@gmail.com,9876558129,"Mumbai Suburban Area, India",2023-08-30T20:05:40.171307,Delivered,10757.3,online
1151,,Online Customer 611,online_730@gmail.com,9876544763,"Mumbai Suburban Area, India",2023-08-31T11:11:28.171307,Delivered,28175.97,online
1152,,Online Customer 458,online_790@gmail.com,9876579620,"Mumbai Suburban Area, India",2023-08-31T12:45:50.171307,Delivered,1235.51,online
1153,,Online Customer 277,online_943@gmail.com,9876593332,"Mumbai Suburban Area, India",2023-08-31T19:57:53.171307,Pending,57577.34,online
1154,2.0,Online Customer 672,online_918@gmail.com,9876586418,"Mumbai Suburban Area, India",2023-09-01T15:52:29.171307,Delivered,72.78,online
1155,,Online Customer 801,online_850@gmail.com,9876551858,"Mumbai Suburban Area, India",2023-09-05T09:36:58.171307,Delivered,829.42,online
1156,,Online Customer 829,online_231@gmail.com,9876567691,"Mumbai Suburban Area, India",2023-09-05T19:06:27.171307,Delivered,3294.71,online
1157,,Online Customer 422,online_157@gmail.com,9876578728,"Mumbai Suburban Area, India",2023-09-05T17:28:04.171307,Delivered,22268.66,online
1158,2.0,Online Customer 487,online_171@gmail.com,9876519801,"Mumbai Suburban Area, India",2023-09-05T09:04:31.171307,Delivered,1388.98,online
1159,,Online Customer 214,online_794@gmail.com,9876531379,"Mumbai Suburban Area, India",2023-09-06T18:31:55.171307,Delivered,3543.96,online
1160,2.0,Online Customer 413,online_646@gmail.com,9876569980,"Mumbai Suburban Area, India",2023-09-07T09:09:31.171307,Delivered,1092.46,online
1161,2.0,Online Customer 968,online_83@gmail.com,9876521340,"Mumbai Suburban Area, India",2023-09-07T10:41:45.171307,Delivered,434.76,online
1162,2.0,Online Customer 238,online_591@gmail.com,9876534440,"Mumbai Suburban Area, India",2023-09-08T21:28:09.171307,Pending,404.9,online
1163,,Online Customer 459,online_724@gmail.com,9876554903,"Mumbai Suburban Area, India",2023-09-08T21:47:51.171307,Delivered,1269.82,online
1164,,Online Customer 293,online_424@gmail.com,9876529014,"Mumbai Suburban Area, India",2023-09-09T17:21:44.171307,Delivered,2102.17,online
1165,,Online Customer 771,online_265@gmail.com,9876566973,"Mumbai Suburban Area, India",2023-09-09T09:26:17.171307,Delivered,559.02,online
1166,,Online Customer 960,online_925@gmail.com,9876571650,"Mumbai Suburban Area, India",2023-09-09T17:21:24.171307,Delivered,48178.73,online
1167,,Online Customer 432,online_330@gmail.com,9876536352,"Mumbai Suburban Area, India",2023-09-10T15:25:09.171307,Delivered,3529.34,online
1168,,Online Customer 728,online_423@gmail.com,9876548554,"Mumbai Suburban Area, India",2023-09-11T19:31:05.171307,Delivered,719.28,online
1169,2.0,Online Customer 862,online_832@gmail.com,9876595279,"Mumbai Suburban Area, India",2023-09-12T21:49:02.171307,Delivered,1297.06,online
1170,,Online Customer 166,online_616@gmail.com,9876597207,"Mumbai Suburban Area, India",2023-09-14T20:31:28.171307,Delivered,1308.99,online
1171,,Online Customer 579,online_128@gmail.com,9876533195,"Mumbai Suburban Area, India",2023-09-14T15:12:12.171307,Delivered,1579.98,online
1172,2.0,Online Customer 542,online_780@gmail.com,9876514862,"Mumbai Suburban Area, India",2023-09-14T15:09:19.171307,Delivered,8044.16,online
1173,2.0,Online Customer 563,online_20@gmail.com,9876529109,"Mumbai Suburban Area, India",2023-09-14T10:22:05.171307,Delivered,636.24,online
1174,,Online Customer 320,online_914@gmail.com,9876567314,"Mumbai Suburban Area, India",2023-09-14T11:04:52.171307,Delivered,622.77,online
1175,,Online Customer 761,online_494@gmail.com,9876593515,"Mumbai Suburban Area, India",2023-09-15T11:09:01.171307,Delivered,2139.68,online
1176,,Online Customer 206,online_605@gmail.com,9876555815,"Mumbai Suburban Area, India",2023-09-15T14:07:05.171307,Pending,2386.56,online
1177,,Online Customer 874,online_25@gmail.com,9876554708,"Mumbai Suburban Area, India",2023-09-15T19:57:10.171307,Delivered,1308.72,online
1178,,Online Customer 384,online_17@gmail.com,9876569635,"Mumbai Suburban Area, India",2023-09-15T19:30:49.171307,Delivered,37314.23,online
1179,2.0,Online Customer 525,online_274@gmail.com,9876596063,"Mumbai Suburban Area, India",2023-09-15T18:26:14.171307,Delivered,14029.96,online
1180,2.0,Online Customer 305,online_778@gmail.com,9876561937,"Mumbai Suburban Area, India",2023-09-15T10:20:34.171307,Delivered,199.67,online
1181,,Online Customer 977,online_588@gmail.com,9876543332,"Mumbai Suburban Area, India",2023-09-16T12:53:49.171307,Delivered,1602.8,online
1182,,Online Customer 735,online_511@gmail.com,9876570363,"Mumbai Suburban Area, India",2023-09-16T15:20:35.171307,Delivered,222.08,online
1183,,Online Customer 177,online_154@gmail.com,9876528902,"Mumbai Suburban Area, India",2023-09-16T11:21:30.171307,Delivered,38504.25,online
1184,2.0,Online Customer 840,online_238@gmail.com,9876510820,"Mumbai Suburban Area, India",2023-09-16T19:33:34.171307,Delivered,351.21,online
1185,2.0,Online Customer 599,online_746@gmail.com,9876555395,"Mumbai Suburban Area, India",2023-09-17T15:18:35.171307,Delivered,26238.79,online
1186,,Online Customer 743,online_975@gmail.com,9876555593,"Mumbai Suburban Area, India",2023-09-18T17:39:18.171307,Delivered,1435.83,online
1187,2.0,Online Customer 890,online_8@gmail.com,9876555247,"Mumbai Suburban Area, India",2023-09-18T14:37:04.171307,Pending,25000.94,online
1188,2.0,Online Customer 937,online_392@gmail.com,9876575435,"Mumbai Suburban Area, India",2023-09-18T11:38:50.171307,Delivered,843.48,online
1189,,Online Customer 171,online_852@gmail.com,9876593109,"Mumbai Suburban Area, India",2023-09-19T14:42:28.171307,Delivered,843.48,online
1190,,Online Customer 974,online_529@gmail.com,9876542103,"Mumbai Suburban Area, India",2023-09-19T13:35:14.171307,Delivered,25000.94,online
1191,2.0,Online Customer 533,online_90@gmail.com,9876522641,"Mumbai Suburban Area, India",2023-09-19T09:30:59.171307,Delivered,43748.52,online
1192,2.0,Online Customer 674,online_526@gmail.com,9876543360,"Mumbai Suburban Area, India",2023-09-19T17:30:06.171307,Delivered,57856.78,online
1193,2.0,Online Customer 579,online_108@gmail.com,9876598398,"Mumbai Suburban Area, India",2023-09-21T14:48:31.171307,Delivered,932.93,online
1194,,Online Customer 266,online_460@gmail.com,9876577853,"Mumbai Suburban Area, India",2023-09-21T10:42:13.171307,Delivered,638.68,online
1195,2.0,Online Customer 911,online_599@gmail.com,9876598900,"Mumbai Suburban Area, India",2023-09-21T15:12:58.171307,Delivered,256.1,online
1196,2.0,Online Customer 714,online_141@gmail.com,9876596569,"Mumbai Suburban Area, India",2023-09-21T15:19:44.171307,Delivered,915.48,online
1197,,Online Customer 670,online_91@gmail.com,9876596562,"Mumbai Suburban Area, India",2023-09-22T16:45:25.171307,Delivered,1843.02,online
1198,2.0,Online Customer 374,online_399@gmail.com,9876538976,"Mumbai Suburban Area, India",2023-09-22T11:30:36.171307,Delivered,19361.54,online
1199,2.0,Online Customer 946,online_53@gmail.com,9876599840,"Mumbai Suburban Area, India",2023-09-23T18:05:24.171307,Delivered,2399.45,online
1200,,Online Customer 924,online_260@gmail.com,9876599110,"Mumbai Suburban Area, India",2023-09-23T14:02:30.171307,Delivered,11675.01,online
1201,2.0,Online Customer 189,online_638@gmail.com,9876597206,"Mumbai Suburban Area, India",2023-09-23T13:15:40.171307,Delivered,20500.36,online
1202,,Online Customer 485,online_997@gmail.com,9876538751,"Mumbai Suburban Area, India",2023-09-24T14:17:25.171307,Delivered,397.53,online
1203,,Online Customer 858,online_740@gmail.com,9876516887,"Mumbai Suburban Area, India",2023-09-24T20:00:05.171307,Delivered,20008.73,online
1204,2.0,Online Customer 401,online_545@gmail.com,9876510159,"Mumbai Suburban Area, India",2023-09-24T11:41:52.171307,Delivered,21638.84,online
1205,2.0,Online Customer 530,online_978@gmail.com,9876587482,"Mumbai Suburban Area, India",2023-09-26T17:52:57.171307,Delivered,18791.5,online
1206,2.0,Online Customer 838,online_342@gmail.com,9876587991,"Mumbai Suburban Area, India",2023-09-26T13:01:41.171307,Delivered,238.8,online
1207,,Online Customer 507,online_285@gmail.com,9876564853,"Mumbai Suburban Area, India",2023-09-26T11:11:42.171307,Delivered,35138.58,online
1208,2.0,Online Customer 226,online_215@gmail.com,9876532999,"Mumbai Suburban Area, India",2023-09-27T14:53:09.171307,Delivered,804.46,online
1209,2.0,Online Customer 634,online_902@gmail.com,9876525984,"Mumbai Suburban Area, India",2023-09-27T13:29:32.171307,Delivered,1928.72,online
1210,,Online Customer 241,online_563@gmail.com,9876511131,"Mumbai Suburban Area, India",2023-09-27T18:21:10.171307,Delivered,1196.2,online
1211,,Online Customer 960,online_777@gmail.com,9876564533,"Mumbai Suburban Area, India",2023-10-05T20:51:29.171307,Delivered,902.9,online
1212,,Online Customer 619,online_623@gmail.com,9876536400,"Mumbai Suburban Area, India",2023-10-05T15:44:01.171307,Delivered,36873.84,online
1213,2.0,Online Customer 570,online_570@gmail.com,9876593323,"Mumbai Suburban Area, India",2023-10-05T16:22:45.171307,Delivered,12970.15,online
1214,2.0,Online Customer 305,online_961@gmail.com,9876550918,"Mumbai Suburban Area, India",2023-10-05T10:19:21.171307,Delivered,60754.79,online
1215,2.0,Online Customer 780,online_485@gmail.com,9876579428,"Mumbai Suburban Area, India",2023-10-05T17:30:24.171307,Delivered,1160.58,online
1216,2.0,Online Customer 751,online_126@gmail.com,9876549778,"Mumbai Suburban Area, India",2023-10-06T11:58:25.171307,Pending,1695.01,online
1217,2.0,Online Customer 962,online_388@gmail.com,9876533308,"Mumbai Suburban Area, India",2023-10-06T13:14:39.171307,Pending,27598.32,online
1218,,Online Customer 434,online_829@gmail.com,9876547361,"Mumbai Suburban Area, India",2023-10-06T12:51:02.171307,Delivered,561.62,online
1219,,Online Customer 102,online_477@gmail.com,9876533505,"Mumbai Suburban Area, India",2023-10-07T15:57:23.171307,Pending,734.32,online
1220,2.0,Online Customer 497,online_270@gmail.com,9876565799,"Mumbai Suburban Area, India",2023-10-07T12:07:07.171307,Pending,32155.59,online
1221,,Online Customer 930,online_54@gmail.com,9876544405,"Mumbai Suburban Area, India",2023-10-07T14:46:28.171307,Delivered,223.53,online
1222,,Online Customer 502,online_253@gmail.com,9876531760,"Mumbai Suburban Area, India",2023-10-07T21:21:22.171307,Delivered,243.22,online
1223,,Online Customer 127,online_787@gmail.com,9876512777,"Mumbai Suburban Area, India",2023-10-07T17:07:57.171307,Delivered,66354.22,online
1224,2.0,Online Customer 306,online_502@gmail.com,9876540666,"Mumbai Suburban Area, India",2023-10-07T14:50:05.171307,Delivered,64237.16,online
1225,2.0,Online Customer 772,online_977@gmail.com,9876519278,"Mumbai Suburban Area, India",2023-10-08T17:38:27.171307,Delivered,2287.74,online
1226,2.0,Online Customer 273,online_596@gmail.com,9876512040,"Mumbai Suburban Area, India",2023-10-08T10:47:54.171307,Delivered,558.56,online
1227,,Online Customer 401,online_800@gmail.com,9876518944,"Mumbai Suburban Area, India",2023-10-08T15:34:31.171307,Delivered,61469.64,online
1228,,Online Customer 179,online_759@gmail.com,9876593358,"Mumbai Suburban Area, India",2023-10-08T21:40:48.171307,Delivered,3039.51,online
1229,,Online Customer 106,online_676@gmail.com,9876538205,"Mumbai Suburban Area, India",2023-10-08T19:07:26.171307,Delivered,43371.8,online
1230,,Online Customer 766,online_910@gmail.com,9876511091,"Mumbai Suburban Area, India",2023-10-09T14:49:24.171307,Delivered,2028.13,online
1231,2.0,Online Customer 233,online_171@gmail.com,9876557344,"Mumbai Suburban Area, India",2023-10-10T19:33:15.171307,Delivered,806.43,online
1232,2.0,Online Customer 357,online_692@gmail.com,9876560936,"Mumbai Suburban Area, India",2023-10-10T13:29:09.171307,Delivered,12302.77,online
1233,2.0,Online Customer 775,online_237@gmail.com,9876587410,"Mumbai Suburban Area, India",2023-10-10T20:14:47.171307,Delivered,375.63,online
1234,,Online Customer 525,online_848@gmail.com,9876542377,"Mumbai Suburban Area, India",2023-10-11T17:17:34.171307,Delivered,1458.43,online
1235,2.0,Online Customer 843,online_383@gmail.com,9876516365,"Mumbai Suburban Area, India",2023-10-12T10:35:38.171307,Delivered,14414.25,online
1236,,Online Customer 520,online_688@gmail.com,9876559644,"Mumbai Suburban Area, India",2023-10-12T12:18:22.171307,Delivered,1803.34,online
1237,,Online Customer 771,online_909@gmail.com,9876568828,"Mumbai Suburban Area, India",2023-10-13T12:36:14.171307,Delivered,1765.06,online
1238,2.0,Online Customer 328,online_353@gmail.com,9876543010,"Mumbai Suburban Area, India",2023-10-13T09:39:32.171307,Pending,29911.84,online
1239,2.0,Online Customer 956,online_804@gmail.com,9876543881,"Mumbai Suburban Area, India",2023-10-13T17:25:56.171307,Delivered,2500.37,online
1240,,Online Customer 895,online_360@gmail.com,9876552651,"Mumbai Suburban Area, India",2023-10-13T11:35:43.171307,Delivered,30148.01,online
1241,,Online Customer 339,online_700@gmail.com,9876538992,"Mumbai Suburban Area, India",2023-10-13T20:16:54.171307,Delivered,853.76,online
1242,2.0,Online Customer 103,online_160@gmail.com,9876551030,"Mumbai Suburban Area, India",2023-10-13T15:38:49.171307,Delivered,2952.25,online
1243,2.0,Online Customer 926,online_93@gmail.com,9876543283,"Mumbai Suburban Area, India",2023-10-14T17:06:24.171307,Delivered,72850.12,online
1244,2.0,Online Customer 427,online_836@gmail.com,9876531598,"Mumbai Suburban Area, India",2023-10-14T14:44:09.171307,Delivered,625.66,online
1245,,Online Customer 245,online_798@gmail.com,9876597413,"Mumbai Suburban Area, India",2023-10-14T17:16:28.171307,Delivered,30803.55,online
1246,2.0,Online Customer 917,online_806@gmail.com,9876580986,"Mumbai Suburban Area, India",2023-10-14T09:49:03.171307,Pending,1548.12,online
1247,2.0,Online Customer 882,online_43@gmail.com,9876559640,"Mumbai Suburban Area, India",2023-10-15T21:37:21.171307,Delivered,80713.45,online
1248,2.0,Online Customer 182,online_238@gmail.com,9876521828,"Mumbai Suburban Area, India",2023-10-15T16:00:57.171307,Pending,39063.8,online
1249,2.0,Online Customer 181,online_900@gmail.com,9876562719,"Mumbai Suburban Area, India",2023-10-15T19:58:23.171307,Delivered,926.53,online
1250,2.0,Online Customer 966,online_604@gmail.com,9876541595,"Mumbai Suburban Area, India",2023-10-16T15:21:34.171307,Delivered,39875.32,online
1251,,Online Customer 981,online_70@gmail.com,9876513249,"Mumbai Suburban Area, India",2023-10-16T15:50:56.171307,Pending,950.42,online
1252,,Online Customer 190,online_197@gmail.com,9876549492,"Mumbai Suburban Area, India",2023-10-18T20:27:12.171307,Delivered,783.68,online
1253,2.0,Online Customer 822,online_710@gmail.com,9876546958,"Mumbai Suburban Area, India",2023-10-18T19:57:46.171307,Pending,254.49,online
1254,2.0,Online Customer 270,online_20@gmail.com,9876589380,"Mumbai Suburban Area, India",2023-10-20T18:24:13.171307,Delivered,643.73,online
1255,,Online Customer 824,online_602@gmail.com,9876582700,"Mumbai Suburban Area, India",2023-10-20T15:45:21.171307,Delivered,1839.73,online
1256,2.0,Online Customer 599,online_891@gmail.com,9876557884,"Mumbai Suburban Area, India",2023-10-21T16:55:25.171307,Delivered,694.08,online
1257,2.0,Online Customer 900,online_270@gmail.com,9876574196,"Mumbai Suburban Area, India",2023-10-21T19:27:04.171307,Delivered,3541.2,online
1258,,Online Customer 995,online_67@gmail.com,9876556526,"Mumbai Suburban Area, India",2023-10-22T09:38:18.171307,Delivered,2484.38,online
1259,,Online Customer 578,online_212@gmail.com,9876592609,"Mumbai Suburban Area, India",2023-10-22T17:10:54.171307,Pending,2268.2,online
1260,,Online Customer 996,online_914@gmail.com,9876523694,"Mumbai Suburban Area, India",2023-10-22T11:10:19.171307,Delivered,29351.91,online
1261,,Online Customer 193,online_955@gmail.com,9876522124,"Mumbai Suburban Area, India",2023-10-23T19:43:05.171307,Delivered,764.24,online
1262,2.0,Online Customer 206,online_662@gmail.com,9876574753,"Mumbai Suburban Area, India",2023-10-23T09:37:41.171307,Pending,14905.73,online
1263,2.0,Online Customer 514,online_452@gmail.com,9876528609,"Mumbai Suburban Area, India",2023-10-23T09:02:14.171307,Delivered,737.84,online
1264,,Online Customer 835,online_140@gmail.com,9876533301,"Mumbai Suburban Area, India",2023-10-24T20:41:27.171307,Delivered,78441.7,online
1265,,Online Customer 438,online_170@gmail.com,9876512357,"Mumbai Suburban Area, India",2023-10-24T14:00:17.171307,Delivered,2177.53,online
1266,2.0,Online Customer 952,online_309@gmail.com,9876518053,"Mumbai Suburban Area, India",2023-10-25T12:12:37.171307,Delivered,2178.44,online
1267,2.0,Online Customer 877,online_750@gmail.com,9876552755,"Mumbai Suburban Area, India",2023-10-25T21:19:47.171307,Delivered,15043.05,online
1268,,Online Customer 157,online_455@gmail.com,9876529212,"Mumbai Suburban Area, India",2023-10-25T16:56:27.171307,Delivered,15967.27,online
1269,2.0,Online Customer 516,online_95@gmail.com,9876594626,"Mumbai Suburban Area, India",2023-10-26T13:03:38.171307,Pending,703.9,online
1270,2.0,Online Customer 438,online_691@gmail.com,9876554313,"Mumbai Suburban Area, India",2023-10-27T14:58:43.171307,Delivered,796.5,online
1271,2.0,Online Customer 662,online_569@gmail.com,9876521009,"Mumbai Suburban Area, India",2023-10-27T12:39:24.171307,Delivered,2140.86,online
1272,2.0,Online Customer 461,online_472@gmail.com,9876579574,"Mumbai Suburban Area, India",2023-10-27T12:54:05.171307,Delivered,1452.1,online
1273,,Online Customer 732,online_258@gmail.com,9876557775,"Mumbai Suburban Area, India",2023-10-27T21:35:36.171307,Delivered,3161.66,online
1274,2.0,Online Customer 213,online_262@gmail.com,9876544377,"Mumbai Suburban Area, India",2023-10-28T20:55:24.171307,Delivered,1977.12,online
1275,2.0,Online Customer 654,online_515@gmail.com,9876560664,"Mumbai Suburban Area, India",2023-10-28T09:09:42.171307,Delivered,76611.6,online
1276,2.0,Online Customer 324,online_361@gmail.com,9876580465,"Mumbai Suburban Area, India",2023-10-29T17:26:32.171307,Delivered,66235.6,online
1277,2.0,Online Customer 664,online_876@gmail.com,9876513442,"Mumbai Suburban Area, India",2023-10-29T15:47:59.171307,Delivered,693.14,online
1278,2.0,Online Customer 710,online_207@gmail.com,9876539587,"Mumbai Suburban Area, India",2023-10-29T17:29:50.171307,Delivered,735.82,online
1279,,Online Customer 813,online_646@gmail.com,9876548101,"Mumbai Suburban Area, India",2023-10-29T17:25:37.171307,Delivered,1108.78,online
1280,,Online Customer 948,online_248@gmail.com,9876565652,"Mumbai Suburban Area, India",2023-10-30T19:38:51.171307,Delivered,1179.74,online
1281,,Online Customer 941,online_560@gmail.com,9876587974,"Mumbai Suburban Area, India",2023-10-30T11:20:06.171307,Pending,501.64,online
1282,,Online Customer 890,online_292@gmail.com,9876538060,"Mumbai Suburban Area, India",2023-10-30T14:06:11.171307,Delivered,37456.78,online
1283,2.0,Online Customer 494,online_744@gmail.com,9876591075,"Mumbai Suburban Area, India",2023-10-31T11:34:49.171307,Delivered,705.99,online
1284,,Online Customer 830,online_108@gmail.com,9876520286,"Mumbai Suburban Area, India",2023-10-31T13:38:30.171307,Delivered,2248.49,online
1285,2.0,Online Customer 958,online_985@gmail.com,9876571754,"Mumbai Suburban Area, India",2023-11-01T19:35:56.171307,Delivered,39882.88,online
1286,2.0,Online Customer 159,online_724@gmail.com,9876535700,"Mumbai Suburban Area, India",2023-11-01T19:14:50.171307,Delivered,2667.42,online
1287,2.0,Online Customer 938,online_416@gmail.com,9876584122,"Mumbai Suburban Area, India",2023-11-01T19:19:36.171307,Delivered,2755.27,online
1288,,Online Customer 149,online_888@gmail.com,9876586186,"Mumbai Suburban Area, India",2023-11-01T12:31:59.171307,Delivered,31108.33,online
1289,2.0,Online Customer 774,online_267@gmail.com,9876528490,"Mumbai Suburban Area, India",2023-11-02T20:45:00.171307,Delivered,33280.51,online
1290,,Online Customer 227,online_608@gmail.com,9876585618,"Mumbai Suburban Area, India",2023-11-03T21:37:33.171307,Delivered,1558.35,online
1291,2.0,Online Customer 556,online_82@gmail.com,9876578295,"Mumbai Suburban Area, India",2023-11-03T10:27:36.171307,Delivered,2482.86,online
1292,2.0,Online Customer 690,online_344@gmail.com,9876582796,"Mumbai Suburban Area, India",2023-11-03T11:51:23.171307,Delivered,3242.46,online
1293,,Online Customer 745,online_142@gmail.com,9876540476,"Mumbai Suburban Area, India",2023-11-04T16:49:06.171307,Pending,3077.19,online
1294,2.0,Online Customer 449,online_713@gmail.com,9876553552,"Mumbai Suburban Area, India",2023-11-04T10:03:03.171307,Delivered,448.53,online
1295,2.0,Online Customer 611,online_256@gmail.com,9876579385,"Mumbai Suburban Area, India",2023-11-04T12:25:09.171307,Delivered,448.53,online
1296,2.0,Online Customer 735,online_509@gmail.com,9876583707,"Mumbai Suburban Area, India",2023-11-04T21:07:57.171307,Pending,2294.7,online
1297,,Online Customer 905,online_984@gmail.com,9876513768,"Mumbai Suburban Area, India",2023-11-05T21:01:30.171307,Delivered,3537.81,online
1298,,Online Customer 571,online_981@gmail.com,9876552340,"Mumbai Suburban Area, India",2023-11-05T12:05:59.171307,Delivered,36061.22,online
1299,2.0,Online Customer 723,online_80@gmail.com,9876578051,"Mumbai Suburban Area, India",2023-11-06T18:30:47.171307,Delivered,1860.09,online
1300,,Online Customer 437,online_321@gmail.com,9876515014,"Mumbai Suburban Area, India",2023-11-07T18:32:41.171307,Delivered,2315.59,online
1301,2.0,Online Customer 863,online_506@gmail.com,9876587903,"Mumbai Suburban Area, India",2023-11-08T11:32:54.171307,Delivered,2793.08,online
1302,,Online Customer 605,online_709@gmail.com,9876515733,"Mumbai Suburban Area, India",2023-11-08T20:19:19.171307,Pending,1312.27,online
1303,2.0,Online Customer 471,online_459@gmail.com,9876585789,"Mumbai Suburban Area, India",2023-11-09T17:40:48.171307,Delivered,3779.37,online
1304,,Online Customer 334,online_152@gmail.com,9876523852,"Mumbai Suburban Area, India",2023-11-09T11:08:48.171307,Delivered,581.62,online
1305,,Online Customer 301,online_864@gmail.com,9876511322,"Mumbai Suburban Area, India",2023-11-09T18:15:28.171307,Delivered,2529.5,online
1306,,Online Customer 392,online_922@gmail.com,9876560594,"Mumbai Suburban Area, India",2023-11-09T09:36:29.171307,Delivered,76854.01,online
1307,,Online Customer 453,online_766@gmail.com,9876556851,"Mumbai Suburban Area, India",2023-11-09T13:43:58.171307,Delivered,2915.42,online
1308,2.0,Online Customer 731,online_615@gmail.com,9876524009,"Mumbai Suburban Area, India",2023-11-10T10:35:07.171307,Delivered,545.92,online
1309,,Online Customer 695,online_199@gmail.com,9876546694,"Mumbai Suburban Area, India",2023-11-10T20:59:04.171307,Delivered,2947.45,online
1310,,Online Customer 592,online_222@gmail.com,9876513348,"Mumbai Suburban Area, India",2023-11-10T11:16:18.171307,Delivered,2298.28,online
1311,,Online Customer 343,online_361@gmail.com,9876531619,"Mumbai Suburban Area, India",2023-11-10T18:58:59.171307,Delivered,3686.81,online
1312,,Online Customer 141,online_585@gmail.com,9876556771,"Mumbai Suburban Area, India",2023-11-10T12:37:20.171307,Delivered,612.6,online
1313,,Online Customer 525,online_309@gmail.com,9876539296,"Mumbai Suburban Area, India",2023-11-10T19:26:43.171307,Delivered,880.07,online
1314,2.0,Online Customer 827,online_185@gmail.com,9876541026,"Mumbai Suburban Area, India",2023-11-10T10:48:05.171307,Delivered,863.0,online
1315,2.0,Online Customer 882,online_648@gmail.com,9876587362,"Mumbai Suburban Area, India",2023-11-11T18:46:49.171307,Delivered,2025.66,online
1316,,Online Customer 703,online_668@gmail.com,9876518730,"Mumbai Suburban Area, India",2023-11-11T10:19:34.171307,Delivered,1560.04,online
1317,,Online Customer 473,online_32@gmail.com,9876593290,"Mumbai Suburban Area, India",2023-11-11T09:51:17.171307,Delivered,1079.5,online
1318,,Online Customer 665,online_95@gmail.com,9876569168,"Mumbai Suburban Area, India",2023-11-12T20:07:54.171307,Delivered,269.37,online
1319,,Online Customer 656,online_499@gmail.com,9876550227,"Mumbai Suburban Area, India",2023-11-12T09:39:14.171307,Delivered,255.29,online
1320,,Online Customer 895,online_182@gmail.com,9876527215,"Mumbai Suburban Area, India",2023-11-20T09:39:18.171307,Delivered,928.58,online
1321,2.0,Online Customer 888,online_167@gmail.com,9876566454,"Mumbai Suburban Area, India",2023-11-20T21:57:02.171307,Delivered,13090.15,online
1322,2.0,Online Customer 575,online_953@gmail.com,9876544365,"Mumbai Suburban Area, India",2023-11-20T12:49:59.171307,Delivered,84697.32,online
1323,2.0,Online Customer 112,online_581@gmail.com,9876555411,"Mumbai Suburban Area, India",2023-11-20T17:07:24.171307,Delivered,26980.11,online
1324,2.0,Online Customer 843,online_119@gmail.com,9876524306,"Mumbai Suburban Area, India",2023-11-21T10:17:09.171307,Delivered,1744.46,online
1325,2.0,Online Customer 307,online_98@gmail.com,9876588263,"Mumbai Suburban Area, India",2023-11-21T17:50:30.171307,Delivered,228.69,online
1326,2.0,Online Customer 772,online_578@gmail.com,9876536413,"Mumbai Suburban Area, India",2023-11-21T19:39:12.171307,Delivered,40404.25,online
1327,2.0,Online Customer 974,online_432@gmail.com,9876520140,"Mumbai Suburban Area, India",2023-11-21T15:28:56.171307,Delivered,12517.71,online
1328,,Online Customer 230,online_675@gmail.com,9876596321,"Mumbai Suburban Area, India",2023-11-21T16:16:44.171307,Delivered,882.32,online
1329,,Online Customer 500,online_894@gmail.com,9876593082,"Mumbai Suburban Area, India",2023-11-22T18:56:33.171307,Delivered,1487.85,online
1330,,Online Customer 946,online_9@gmail.com,9876598026,"Mumbai Suburban Area, India",2023-11-22T17:14:39.171307,Delivered,3349.32,online
1331,,Online Customer 762,online_525@gmail.com,9876557345,"Mumbai Suburban Area, India",2023-11-23T12:22:32.171307,Delivered,447.9,online
1332,,Online Customer 254,online_708@gmail.com,9876524614,"Mumbai Suburban Area, India",2023-11-23T15:16:26.171307,Pending,27125.12,online
1333,,Online Customer 356,online_378@gmail.com,9876531631,"Mumbai Suburban Area, India",2023-11-23T21:34:43.171307,Delivered,710.08,online
1334,,Online Customer 443,online_267@gmail.com,9876591030,"Mumbai Suburban Area, India",2023-11-23T14:15:42.171307,Delivered,2531.43,online
1335,2.0,Online Customer 486,online_329@gmail.com,9876544509,"Mumbai Suburban Area, India",2023-11-23T09:13:46.171307,Delivered,17828.9,online
1336,2.0,Online Customer 542,online_428@gmail.com,9876511495,"Mumbai Suburban Area, India",2023-11-24T20:45:21.171307,Delivered,3172.38,online
1337,,Online Customer 603,online_86@gmail.com,9876520406,"Mumbai Suburban Area, India",2023-11-24T11:32:22.171307,Delivered,1985.52,online
1338,,Online Customer 608,online_49@gmail.com,9876561209,"Mumbai Suburban Area, India",2023-11-25T10:57:21.171307,Delivered,25589.78,online
1339,,Online Customer 566,online_137@gmail.com,9876575444,"Mumbai Suburban Area, India",2023-11-25T19:00:36.171307,Delivered,2570.36,online
1340,2.0,Online Customer 511,online_496@gmail.com,9876538857,"Mumbai Suburban Area, India",2023-11-25T20:07:56.171307,Delivered,3475.22,online
1341,,Online Customer 262,online_189@gmail.com,9876577528,"Mumbai Suburban Area, India",2023-11-25T17:04:26.171307,Delivered,44363.03,online
1342,2.0,Online Customer 138,online_475@gmail.com,9876572111,"Mumbai Suburban Area, India",2023-11-25T19:16:45.171307,Delivered,263.08,online
1343,,Online Customer 671,online_784@gmail.com,9876552414,"Mumbai Suburban Area, India",2023-11-26T14:31:38.171307,Delivered,12794.89,online
1344,2.0,Online Customer 186,online_574@gmail.com,9876510152,"Mumbai Suburban Area, India",2023-11-26T20:53:58.171307,Delivered,103098.71,online
1345,,Online Customer 140,online_94@gmail.com,9876539521,"Mumbai Suburban Area, India",2023-11-26T09:23:29.171307,Delivered,14163.24,online
1346,,Online Customer 512,online_183@gmail.com,9876516241,"Mumbai Suburban Area, India",2023-11-26T16:17:30.171307,Delivered,15636.61,online
1347,,Online Customer 801,online_999@gmail.com,9876533876,"Mumbai Suburban Area, India",2023-11-26T17:05:33.171307,Delivered,30266.32,online
1348,2.0,Online Customer 730,online_248@gmail.com,9876524795,"Mumbai Suburban Area, India",2023-11-26T21:26:06.171307,Delivered,31650.81,online
1349,2.0,Online Customer 813,online_85@gmail.com,9876568529,"Mumbai Suburban Area, India",2023-11-27T15:26:26.171307,Delivered,28792.6,online
1350,,Online Customer 111,online_717@gmail.com,9876564941,"Mumbai Suburban Area, India",2023-11-27T14:46:00.171307,Delivered,1762.8,online
1351,,Online Customer 488,online_195@gmail.com,9876514984,"Mumbai Suburban Area, India",2023-11-28T13:42:05.171307,Delivered,861.56,online
1352,2.0,Online Customer 665,online_183@gmail.com,9876561053,"Mumbai Suburban Area, India",2023-11-28T17:41:50.171307,Delivered,455.4,online
1353,2.0,Online Customer 862,online_736@gmail.com,9876571201,"Mumbai Suburban Area, India",2023-11-28T18:52:16.171307,Delivered,1425.74,online
1354,,Online Customer 893,online_360@gmail.com,9876558878,"Mumbai Suburban Area, India",2023-11-28T17:21:34.171307,Delivered,2187.46,online
1355,,Online Customer 507,online_322@gmail.com,9876553818,"Mumbai Suburban Area, India",2023-12-05T12:29:05.171307,Delivered,1776.14,online
1356,2.0,Online Customer 585,online_541@gmail.com,9876574972,"Mumbai Suburban Area, India",2023-12-05T15:51:13.171307,Pending,30414.86,online
1357,2.0,Online Customer 179,online_657@gmail.com,9876571422,"Mumbai Suburban Area, India",2023-12-05T15:33:17.171307,Pending,323.75,online
1358,2.0,Online Customer 905,online_719@gmail.com,9876530323,"Mumbai Suburban Area, India",2023-12-05T19:28:42.171307,Pending,456.78,online
1359,2.0,Online Customer 761,online_219@gmail.com,9876541068,"Mumbai Suburban Area, India",2023-12-05T09:04:28.171307,Delivered,1598.55,online
1360,,Online Customer 698,online_186@gmail.com,9876568314,"Mumbai Suburban Area, India",2023-12-06T13:15:36.171307,Delivered,33842.45,online
1361,2.0,Online Customer 543,online_214@gmail.com,9876526793,"Mumbai Suburban Area, India",2023-12-06T19:58:31.171307,Delivered,71859.36,online
1362,,Online Customer 507,online_405@gmail.com,9876591307,"Mumbai Suburban Area, India",2023-12-07T13:24:01.171307,Delivered,15728.15,online
1363,,Online Customer 128,online_886@gmail.com,9876566772,"Mumbai Suburban Area, India",2023-12-07T13:12:52.171307,Delivered,18988.92,online
1364,,Online Customer 549,online_679@gmail.com,9876522975,"Mumbai Suburban Area, India",2023-12-07T19:14:30.171307,Pending,3255.52,online
1365,2.0,Online Customer 480,online_210@gmail.com,9876581480,"Mumbai Suburban Area, India",2023-12-07T18:22:52.171307,Delivered,303.22,online
1366,,Online Customer 691,online_608@gmail.com,9876510713,"Mumbai Suburban Area, India",2023-12-07T09:03:30.171307,Delivered,33771.69,online
1367,2.0,Online Customer 808,online_474@gmail.com,9876558460,"Mumbai Suburban Area, India",2023-12-07T09:17:16.171307,Delivered,636.24,online
1368,,Online Customer 134,online_344@gmail.com,9876593423,"Mumbai Suburban Area, India",2023-12-08T15:55:23.171307,Delivered,16954.08,online
1369,2.0,Online Customer 636,online_10@gmail.com,9876580443,"Mumbai Suburban Area, India",2023-12-08T20:28:37.171307,Delivered,34094.42,online
1370,2.0,Online Customer 341,online_660@gmail.com,9876517630,"Mumbai Suburban Area, India",2023-12-08T13:53:44.171307,Delivered,34775.81,online
1371,2.0,Online Customer 405,online_396@gmail.com,9876583616,"Mumbai Suburban Area, India",2023-12-08T21:39:44.171307,Delivered,21407.56,online
1372,2.0,Online Customer 854,online_554@gmail.com,9876524943,"Mumbai Suburban Area, India",2023-12-08T12:17:46.171307,Delivered,11398.35,online
1373,,Online Customer 228,online_49@gmail.com,9876592235,"Mumbai Suburban Area, India",2023-12-08T13:32:10.171307,Delivered,33026.97,online
1374,,Online Customer 189,online_919@gmail.com,9876532452,"Mumbai Suburban Area, India",2023-12-08T09:02:35.171307,Delivered,35257.18,online
1375,2.0,Online Customer 511,online_242@gmail.com,9876521777,"Mumbai Suburban Area, India",2023-12-09T16:53:31.171307,Delivered,11396.93,online
1376,2.0,Online Customer 462,online_711@gmail.com,9876555539,"Mumbai Suburban Area, India",2023-12-09T16:16:37.171307,Delivered,16058.97,online
1377,,Online Customer 614,online_178@gmail.com,9876529994,"Mumbai Suburban Area, India",2023-12-09T15:17:01.171307,Delivered,738.04,online
1378,,Online Customer 991,online_488@gmail.com,9876518103,"Mumbai Suburban Area, India",2023-12-09T18:14:46.171307,Delivered,10982.71,online
1379,,Online Customer 109,online_229@gmail.com,9876564550,"Mumbai Suburban Area, India",2023-12-10T12:12:05.171307,Delivered,35973.3,online
1380,,Online Customer 252,online_418@gmail.com,9876522763,"Mumbai Suburban Area, India",2023-12-20T16:33:42.171307,Delivered,2231.17,online
1381,2.0,Online Customer 419,online_483@gmail.com,9876525284,"Mumbai Suburban Area, India",2023-12-20T12:05:52.171307,Delivered,4400.28,online
1382,2.0,Online Customer 958,online_683@gmail.com,9876517499,"Mumbai Suburban Area, India",2023-12-20T09:41:19.171307,Delivered,2992.42,online
1383,,Online Customer 337,online_778@gmail.com,9876535055,"Mumbai Suburban Area, India",2023-12-20T18:40:04.171307,Delivered,5683.31,online
1384,2.0,Online Customer 324,online_666@gmail.com,9876554517,"Mumbai Suburban Area, India",2023-12-21T19:42:02.171307,Delivered,1520.71,online
1385,,Online Customer 622,online_426@gmail.com,9876514830,"Mumbai Suburban Area, India",2023-12-21T10:18:11.171307,Delivered,324.95,online
1386,2.0,Online Customer 142,online_924@gmail.com,9876516933,"Mumbai Suburban Area, India",2023-12-22T18:52:20.171307,Delivered,490.54,online
1387,2.0,Online Customer 852,online_730@gmail.com,9876550963,"Mumbai Suburban Area, India",2023-12-22T13:56:02.171307,Pending,661.5,online
1388,2.0,Online Customer 706,online_499@gmail.com,9876536829,"Mumbai Suburban Area, India",2023-12-22T18:09:47.171307,Delivered,5861.08,online
1389,,Online Customer 834,online_227@gmail.com,9876588037,"Mumbai Suburban Area, India",2023-12-22T12:09:10.171307,Delivered,977.83,online
1390,,Online Customer 274,online_679@gmail.com,9876541557,"Mumbai Suburban Area, India",2023-12-22T11:39:46.171307,Delivered,3687.82,online
1391,,Online Customer 526,online_9@gmail.com,9876560216,"Mumbai Suburban Area, India",2023-12-22T19:35:27.171307,Delivered,31652.24,online
1392,,Online Customer 437,online_589@gmail.com,9876588465,"Mumbai Suburban Area, India",2023-12-23T17:49:57.171307,Delivered,532.15,online
1393,2.0,Online Customer 288,online_430@gmail.com,9876546418,"Mumbai Suburban Area, India",2023-12-23T11:17:00.171307,Delivered,1386.19,online
1394,,Online Customer 893,online_290@gmail.com,9876515414,"Mumbai Suburban Area, India",2023-12-23T15:13:09.171307,Delivered,751.1,online
1395,2.0,Online Customer 543,online_278@gmail.com,9876545010,"Mumbai Suburban Area, India",2023-12-23T17:04:29.171307,Delivered,1709.07,online
1396,,Online Customer 310,online_848@gmail.com,9876544489,"Mumbai Suburban Area, India",2023-12-24T15:04:13.171307,Delivered,505.86,online
1397,,Online Customer 472,online_972@gmail.com,9876549954,"Mumbai Suburban Area, India",2023-12-24T11:15:34.171307,Delivered,3318.8,online
1398,,Online Customer 940,online_779@gmail.com,9876578059,"Mumbai Suburban Area, India",2023-12-24T10:52:49.171307,Delivered,1388.41,online
1399,2.0,Online Customer 850,online_12@gmail.com,9876514657,"Mumbai Suburban Area, India",2023-12-24T14:28:17.171307,Pending,2703.08,online
1400,,Online Customer 487,online_486@gmail.com,9876590135,"Mumbai Suburban Area, India",2023-12-24T17:43:28.171307,Pending,61278.12,online
1401,2.0,Online Customer 669,online_157@gmail.com,9876528280,"Mumbai Suburban Area, India",2023-12-25T16:45:15.171307,Delivered,2328.18,online
1402,2.0,Online Customer 369,online_720@gmail.com,9876557764,"Mumbai Suburban Area, India",2023-12-26T17:38:07.171307,Delivered,179.72,online
1403,2.0,Online Customer 369,online_935@gmail.com,9876567587,"Mumbai Suburban Area, India",2023-12-26T19:44:06.171307,Delivered,59386.0,online
1404,,Online Customer 962,online_831@gmail.com,9876575105,"Mumbai Suburban Area, India",2023-12-26T09:50:07.171307,Delivered,4130.15,online
1405,2.0,Online Customer 419,online_140@gmail.com,9876595492,"Mumbai Suburban Area, India",2023-12-27T21:23:09.171307,Pending,33986.0,online
1406,,Online Customer 355,online_884@gmail.com,9876523760,"Mumbai Suburban Area, India",2023-12-27T12:02:15.171307,Delivered,2185.02,online
1407,2.0,Online Customer 940,online_287@gmail.com,9876516321,"Mumbai Suburban Area, India",2023-12-27T15:29:41.171307,Delivered,5137.18,online
1408,2.0,Online Customer 781,online_121@gmail.com,9876544899,"Mumbai Suburban Area, India",2023-12-27T12:00:47.171307,Pending,378.62,online
1409,2.0,Online Customer 431,online_14@gmail.com,9876572657,"Mumbai Suburban Area, India",2023-12-27T18:31:54.171307,Delivered,4723.66,online
1410,2.0,Online Customer 483,online_392@gmail.com,9876594284,"Mumbai Suburban Area, India",2023-12-28T11:01:41.171307,Delivered,1871.17,online
1411,2.0,Online Customer 775,online_943@gmail.com,9876598911,"Mumbai Suburban Area, India",2023-12-28T19:23:24.171307,Delivered,5114.89,online
1412,,Online Customer 599,online_883@gmail.com,9876547892,"Mumbai Suburban Area, India",2023-12-29T21:06:23.171307,Delivered,541.4,online
1413,2.0,Online Customer 634,online_588@gmail.com,9876576606,"Mumbai Suburban Area, India",2023-12-29T15:45:30.171307,Delivered,533.26,online
1414,,Online Customer 680,online_968@gmail.com,9876559556,"Mumbai Suburban Area, India",2023-12-29T15:01:20.171307,Delivered,1563.02,online
1415,,Online Customer 951,online_254@gmail.com,9876563098,"Mumbai Suburban Area, India",2023-12-30T18:25:43.171307,Delivered,1783.97,online
1416,2.0,Online Customer 414,online_961@gmail.com,9876559746,"Mumbai Suburban Area, India",2024-01-05T18:17:24.171307,Delivered,35500.21,online
1417,2.0,Online Customer 636,online_386@gmail.com,9876582872,"Mumbai Suburban Area, India",2024-01-05T09:15:59.171307,Delivered,1843.91,online
1418,2.0,Online Customer 795,online_729@gmail.com,9876553978,"Mumbai Suburban Area, India",2024-01-05T19:42:22.171307,Delivered,2750.36,online
1419,2.0,Online Customer 593,online_770@gmail.com,9876528182,"Mumbai Suburban Area, India",2024-01-05T17:21:04.171307,Delivered,17567.73,online
1420,,Online Customer 446,online_707@gmail.com,9876563868,"Mumbai Suburban Area, India",2024-01-05T15:44:58.171307,Delivered,2404.94,online
1421,2.0,Online Customer 155,online_880@gmail.com,9876539447,"Mumbai Suburban Area, India",2024-01-06T17:55:12.171307,Delivered,55611.27,online
1422,,Online Customer 165,online_134@gmail.com,9876566872,"Mumbai Suburban Area, India",2024-01-06T12:12:12.171307,Delivered,74578.9,online
1423,,Online Customer 754,online_469@gmail.com,9876594360,"Mumbai Suburban Area, India",2024-01-06T19:04:24.171307,Delivered,365.37,online
1424,,Online Customer 953,online_899@gmail.com,9876562342,"Mumbai Suburban Area, India",2024-01-07T10:09:13.171307,Delivered,837.2,online
1425,2.0,Online Customer 905,online_159@gmail.com,9876526598,"Mumbai Suburban Area, India",2024-01-07T17:03:37.171307,Delivered,3250.45,online
1426,,Online Customer 985,online_797@gmail.com,9876513609,"Mumbai Suburban Area, India",2024-01-08T11:48:04.171307,Delivered,647.1,online
1427,,Online Customer 877,online_313@gmail.com,9876516860,"Mumbai Suburban Area, India",2024-01-08T16:00:47.171307,Delivered,39315.27,online
1428,2.0,Online Customer 491,online_130@gmail.com,9876531583,"Mumbai Suburban Area, India",2024-01-09T19:50:16.171307,Pending,704.26,online
1429,2.0,Online Customer 798,online_312@gmail.com,9876565254,"Mumbai Suburban Area, India",2024-01-09T15:10:59.171307,Delivered,4207.88,online
1430,,Online Customer 752,online_53@gmail.com,9876542251,"Mumbai Suburban Area, India",2024-01-09T16:18:19.171307,Delivered,804.46,online
1431,2.0,Online Customer 280,online_780@gmail.com,9876564697,"Mumbai Suburban Area, India",2024-01-09T15:15:10.171307,Delivered,77591.92,online
1432,,Online Customer 855,online_648@gmail.com,9876547658,"Mumbai Suburban Area, India",2024-01-09T09:48:16.171307,Delivered,18621.15,online
1433,2.0,Online Customer 884,online_332@gmail.com,9876536383,"Mumbai Suburban Area, India",2024-01-10T14:30:06.171307,Delivered,3434.49,online
1434,,Online Customer 299,online_775@gmail.com,9876527500,"Mumbai Suburban Area, India",2024-01-10T10:37:37.171307,Delivered,1833.16,online
1435,,Online Customer 674,online_412@gmail.com,9876538332,"Mumbai Suburban Area, India",2024-01-11T10:21:09.171307,Delivered,1171.26,online
1436,2.0,Online Customer 793,online_493@gmail.com,9876538624,"Mumbai Suburban Area, India",2024-01-12T21:53:36.171307,Delivered,90463.28,online
1437,,Online Customer 400,online_199@gmail.com,9876543696,"Mumbai Suburban Area, India",2024-01-12T20:09:05.171307,Delivered,439.58,online
1438,,Online Customer 984,online_55@gmail.com,9876596652,"Mumbai Suburban Area, India",2024-01-13T10:26:30.171307,Delivered,1594.81,online
1439,,Online Customer 853,online_542@gmail.com,9876526049,"Mumbai Suburban Area, India",2024-01-13T09:47:56.171307,Delivered,416.6,online
1440,2.0,Online Customer 839,online_469@gmail.com,9876590351,"Mumbai Suburban Area, India",2024-01-13T15:34:14.171307,Delivered,173.99,online
1441,2.0,Online Customer 599,online_720@gmail.com,9876552481,"Mumbai Suburban Area, India",2024-01-20T13:18:55.171307,Delivered,99879.97,online
1442,,Online Customer 574,online_346@gmail.com,9876593378,"Mumbai Suburban Area, India",2024-01-20T14:21:45.171307,Delivered,46067.48,online
1443,2.0,Online Customer 768,online_98@gmail.com,9876527587,"Mumbai Suburban Area, India",2024-01-20T20:16:55.171307,Delivered,123869.37,online
1444,2.0,Online Customer 236,online_499@gmail.com,9876578304,"Mumbai Suburban Area, India",2024-01-20T21:58:07.171307,Delivered,372.52,online
1445,,Online Customer 827,online_892@gmail.com,9876555140,"Mumbai Suburban Area, India",2024-01-20T10:41:39.171307,Delivered,78724.4,online
1446,,Online Customer 625,online_644@gmail.com,9876545369,"Mumbai Suburban Area, India",2024-01-20T10:32:14.171307,Delivered,508.84,online
1447,,Online Customer 624,online_923@gmail.com,9876591156,"Mumbai Suburban Area, India",2024-01-21T12:37:09.171307,Delivered,70478.88,online
1448,,Online Customer 163,online_513@gmail.com,9876523379,"Mumbai Suburban Area, India",2024-01-21T13:46:31.171307,Delivered,131926.18,online
1449,,Online Customer 700,online_900@gmail.com,9876516464,"Mumbai Suburban Area, India",2024-01-21T19:54:09.171307,Delivered,67585.28,online
1450,,Online Customer 563,online_629@gmail.com,9876524487,"Mumbai Suburban Area, India",2024-01-22T19:01:19.171307,Delivered,26914.52,online
1451,2.0,Online Customer 941,online_81@gmail.com,9876542468,"Mumbai Suburban Area, India",2024-01-22T16:07:27.171307,Delivered,83931.8,online
1452,,Online Customer 155,online_372@gmail.com,9876575495,"Mumbai Suburban Area, India",2024-01-23T14:52:44.171307,Delivered,2046.9,online
1453,2.0,Online Customer 664,online_906@gmail.com,9876561876,"Mumbai Suburban Area, India",2024-01-24T19:58:04.171307,Delivered,28322.76,online
1454,2.0,Online Customer 720,online_961@gmail.com,9876518300,"Mumbai Suburban Area, India",2024-01-24T10:14:51.171307,Pending,29891.28,online
1455,,Online Customer 413,online_956@gmail.com,9876537269,"Mumbai Suburban Area, India",2024-01-25T12:28:33.171307,Delivered,67545.4,online
1456,2.0,Online Customer 679,online_354@gmail.com,9876578848,"Mumbai Suburban Area, India",2024-01-26T21:36:17.171307,Delivered,717.48,online
1457,,Online Customer 754,online_958@gmail.com,9876528931,"Mumbai Suburban Area, India",2024-01-26T13:08:30.171307,Delivered,516.78,online
1458,2.0,Online Customer 890,online_853@gmail.com,9876513860,"Mumbai Suburban Area, India",2024-01-27T14:37:21.171307,Delivered,35461.56,online
1459,,Online Customer 256,online_634@gmail.com,9876579202,"Mumbai Suburban Area, India",2024-01-27T10:29:13.171307,Delivered,86216.81,online
1460,2.0,Online Customer 905,online_933@gmail.com,9876577833,"Mumbai Suburban Area, India",2024-01-28T12:24:04.171307,Delivered,71266.27,online
1461,2.0,Online Customer 350,online_710@gmail.com,9876526451,"Mumbai Suburban Area, India",2024-01-28T09:55:41.171307,Delivered,68523.08,online
1462,2.0,Online Customer 510,online_464@gmail.com,9876515877,"Mumbai Suburban Area, India",2024-01-28T14:43:37.171307,Delivered,108076.35,online
1463,2.0,Online Customer 421,online_152@gmail.com,9876595439,"Mumbai Suburban Area, India",2024-01-28T10:15:32.171307,Delivered,95842.67,online
1464,2.0,Online Customer 158,online_186@gmail.com,9876537806,"Mumbai Suburban Area, India",2024-01-28T12:37:29.171307,Delivered,112201.86,online
1465,2.0,Online Customer 424,online_156@gmail.com,9876588178,"Mumbai Suburban Area, India",2024-01-28T17:06:12.171307,Delivered,41337.78,online
1466,,Online Customer 492,online_586@gmail.com,9876542252,"Mumbai Suburban Area, India",2024-02-05T20:09:54.171307,Delivered,16900.2,online
1467,2.0,Online Customer 465,online_733@gmail.com,9876547355,"Mumbai Suburban Area, India",2024-02-05T21:28:26.171307,Delivered,394.32,online
1468,,Online Customer 360,online_754@gmail.com,9876594949,"Mumbai Suburban Area, India",2024-02-05T12:17:28.171307,Delivered,291.98,online
1469,2.0,Online Customer 644,online_681@gmail.com,9876592653,"Mumbai Suburban Area, India",2024-02-05T18:20:21.171307,Delivered,1307.78,online
1470,2.0,Online Customer 232,online_167@gmail.com,9876547731,"Mumbai Suburban Area, India",2024-02-07T21:52:17.171307,Delivered,520.58,online
1471,2.0,Online Customer 336,online_736@gmail.com,9876552552,"Mumbai Suburban Area, India",2024-02-07T11:57:44.171307,Pending,62810.54,online
1472,2.0,Online Customer 932,online_52@gmail.com,9876514755,"Mumbai Suburban Area, India",2024-02-07T20:08:31.171307,Delivered,680.41,online
1473,,Online Customer 722,online_594@gmail.com,9876532354,"Mumbai Suburban Area, India",2024-02-08T09:52:49.171307,Delivered,1612.32,online
1474,,Online Customer 275,online_436@gmail.com,9876542047,"Mumbai Suburban Area, India",2024-02-08T09:08:56.171307,Delivered,211.61,online
1475,2.0,Online Customer 606,online_8@gmail.com,9876556372,"Mumbai Suburban Area, India",2024-02-09T18:43:04.171307,Delivered,17684.83,online
1476,2.0,Online Customer 420,online_708@gmail.com,9876584688,"Mumbai Suburban Area, India",2024-02-09T17:51:23.171307,Delivered,4471.14,online
1477,2.0,Online Customer 952,online_4@gmail.com,9876559869,"Mumbai Suburban Area, India",2024-02-10T21:48:48.171307,Delivered,469.58,online
1478,,Online Customer 903,online_828@gmail.com,9876543027,"Mumbai Suburban Area, India",2024-02-10T13:27:09.171307,Delivered,381.77,online
1479,2.0,Online Customer 963,online_496@gmail.com,9876587474,"Mumbai Suburban Area, India",2024-02-10T11:52:50.171307,Delivered,34226.07,online
1480,2.0,Online Customer 352,online_348@gmail.com,9876569976,"Mumbai Suburban Area, India",2024-02-10T10:09:34.171307,Delivered,937.86,online
1481,2.0,Online Customer 539,online_658@gmail.com,9876555014,"Mumbai Suburban Area, India",2024-02-11T16:18:27.171307,Pending,16469.35,online
1482,2.0,Online Customer 185,online_453@gmail.com,9876528266,"Mumbai Suburban Area, India",2024-02-11T09:17:54.171307,Delivered,2281.62,online
1483,2.0,Online Customer 767,online_670@gmail.com,9876523082,"Mumbai Suburban Area, India",2024-02-11T12:41:31.171307,Delivered,16203.47,online
1484,2.0,Online Customer 768,online_865@gmail.com,9876596752,"Mumbai Suburban Area, India",2024-02-12T10:46:28.171307,Delivered,1227.12,online
1485,,Online Customer 508,online_416@gmail.com,9876565127,"Mumbai Suburban Area, India",2024-02-12T21:17:44.171307,Delivered,621.32,online
1486,,Online Customer 153,online_831@gmail.com,9876551348,"Mumbai Suburban Area, India",2024-02-12T20:41:39.171307,Delivered,1386.77,online
1487,,Online Customer 575,online_75@gmail.com,9876558986,"Mumbai Suburban Area, India",2024-02-12T18:06:16.171307,Delivered,324.83,online
1488,,Online Customer 869,online_784@gmail.com,9876596517,"Mumbai Suburban Area, India",2024-02-12T15:06:49.171307,Delivered,2053.01,online
1489,2.0,Online Customer 870,online_282@gmail.com,9876519394,"Mumbai Suburban Area, India",2024-02-13T19:50:44.171307,Delivered,1412.26,online
1490,2.0,Online Customer 371,online_604@gmail.com,9876578493,"Mumbai Suburban Area, India",2024-02-13T20:59:11.171307,Delivered,33677.36,online
1491,,Online Customer 260,online_195@gmail.com,9876574865,"Mumbai Suburban Area, India",2024-02-13T18:46:48.171307,Pending,672.96,online
1492,2.0,Online Customer 280,online_758@gmail.com,9876587542,"Mumbai Suburban Area, India",2024-02-14T10:45:10.171307,Delivered,1601.66,online
1493,2.0,Online Customer 180,online_849@gmail.com,9876561880,"Mumbai Suburban Area, India",2024-02-15T16:08:19.171307,Pending,1429.46,online
1494,2.0,Online Customer 736,online_402@gmail.com,9876598797,"Mumbai Suburban Area, India",2024-02-16T18:12:11.171307,Delivered,2411.87,online
1495,,Online Customer 897,online_730@gmail.com,9876598966,"Mumbai Suburban Area, India",2024-02-16T13:07:31.171307,Delivered,35823.84,online
1496,,Online Customer 318,online_399@gmail.com,9876521858,"Mumbai Suburban Area, India",2024-02-17T16:11:47.171307,Delivered,436.8,online
1497,2.0,Online Customer 350,online_73@gmail.com,9876590136,"Mumbai Suburban Area, India",2024-02-17T19:28:21.171307,Delivered,3901.22,online
1498,2.0,Online Customer 348,online_805@gmail.com,9876524561,"Mumbai Suburban Area, India",2024-02-18T10:37:44.171307,Delivered,3638.64,online
1499,,Online Customer 294,online_621@gmail.com,9876578948,"Mumbai Suburban Area, India",2024-02-19T21:59:20.171307,Delivered,22339.85,online
1500,,Online Customer 349,online_903@gmail.com,9876549899,"Mumbai Suburban Area, India",2024-02-20T20:41:00.171307,Delivered,1644.47,online
1501,2.0,Online Customer 372,online_638@gmail.com,9876566749,"Mumbai Suburban Area, India",2024-02-21T14:06:30.171307,Delivered,851.42,online
1502,2.0,Online Customer 913,online_987@gmail.com,9876513049,"Mumbai Suburban Area, India",2024-02-21T09:33:34.171307,Delivered,1223.68,online
1503,2.0,Online Customer 918,online_846@gmail.com,9876525257,"Mumbai Suburban Area, India",2024-02-22T14:05:04.171307,Delivered,511.3,online
1504,,Online Customer 771,online_422@gmail.com,9876579530,"Mumbai Suburban Area, India",2024-02-23T18:52:38.171307,Delivered,2666.47,online
1505,,Online Customer 901,online_578@gmail.com,9876548378,"Mumbai Suburban Area, India",2024-02-24T15:26:01.171307,Delivered,31453.86,online
1506,2.0,Online Customer 478,online_565@gmail.com,9876514256,"Mumbai Suburban Area, India",2024-02-25T10:27:53.171307,Pending,513.1,online
1507,2.0,Online Customer 517,online_601@gmail.com,9876516598,"Mumbai Suburban Area, India",2024-02-25T09:40:15.171307,Delivered,1200.27,online
1508,,Online Customer 475,online_479@gmail.com,9876586911,"Mumbai Suburban Area, India",2024-02-25T17:37:49.171307,Delivered,35944.56,online
1509,,Online Customer 852,online_728@gmail.com,9876590464,"Mumbai Suburban Area, India",2024-02-26T15:55:45.171307,Delivered,406.72,online
1510,2.0,Online Customer 682,online_431@gmail.com,9876586636,"Mumbai Suburban Area, India",2024-02-26T15:36:03.171307,Delivered,29961.95,online
1511,,Online Customer 375,online_159@gmail.com,9876524726,"Mumbai Suburban Area, India",2024-02-27T13:00:13.171307,Delivered,618.25,online
1512,2.0,Online Customer 280,online_575@gmail.com,9876554864,"Mumbai Suburban Area, India",2024-02-27T12:33:51.171307,Pending,2019.74,online
1513,,Online Customer 546,online_107@gmail.com,9876535116,"Mumbai Suburban Area, India",2024-02-27T17:14:10.171307,Pending,438.79,online
1514,2.0,Online Customer 628,online_292@gmail.com,9876566439,"Mumbai Suburban Area, India",2024-02-28T13:48:18.171307,Delivered,724.75,online
1515,,Online Customer 740,online_404@gmail.com,9876551653,"Mumbai Suburban Area, India",2024-02-28T10:21:08.171307,Delivered,333.69,online
1516,,Online Customer 810,online_463@gmail.com,9876588494,"Mumbai Suburban Area, India",2024-02-28T21:39:02.171307,Pending,85911.4,online
1517,,Online Customer 310,online_755@gmail.com,9876593845,"Mumbai Suburban Area, India",2024-02-29T12:21:31.171307,Delivered,511.3,online
1518,,Online Customer 138,online_460@gmail.com,9876561811,"Mumbai Suburban Area, India",2024-02-29T15:50:30.171307,Delivered,81161.0,online
1519,2.0,Online Customer 857,online_348@gmail.com,9876555221,"Mumbai Suburban Area, India",2024-02-29T12:23:09.171307,Delivered,40261.16,online
1520,,Online Customer 625,online_58@gmail.com,9876593914,"Mumbai Suburban Area, India",2024-02-29T09:57:09.171307,Delivered,870.74,online
1521,2.0,Online Customer 920,online_154@gmail.com,9876538130,"Mumbai Suburban Area, India",2024-03-01T21:09:28.171307,Delivered,32903.7,online
1522,2.0,Online Customer 626,online_757@gmail.com,9876529340,"Mumbai Suburban Area, India",2024-03-01T18:26:20.171307,Delivered,44697.67,online
1523,,Online Customer 748,online_617@gmail.com,9876540929,"Mumbai Suburban Area, India",2024-03-01T15:52:35.171307,Delivered,15864.84,online
1524,,Online Customer 519,online_177@gmail.com,9876529828,"Mumbai Suburban Area, India",2024-03-02T10:50:10.171307,Delivered,15922.89,online
1525,2.0,Online Customer 725,online_390@gmail.com,9876515532,"Mumbai Suburban Area, India",2024-03-02T18:54:19.171307,Delivered,36035.26,online
1526,,Online Customer 828,online_91@gmail.com,9876575346,"Mumbai Suburban Area, India",2024-03-02T19:12:55.171307,Delivered,18142.09,online
1527,2.0,Online Customer 147,online_558@gmail.com,9876587840,"Mumbai Suburban Area, India",2024-03-05T10:17:02.171307,Delivered,234.31,online
1528,2.0,Online Customer 457,online_388@gmail.com,9876523634,"Mumbai Suburban Area, India",2024-03-06T14:29:43.171307,Delivered,1752.7,online
1529,,Online Customer 889,online_404@gmail.com,9876526737,"Mumbai Suburban Area, India",2024-03-06T14:13:32.171307,Delivered,1176.28,online
1530,,Online Customer 427,online_451@gmail.com,9876576227,"Mumbai Suburban Area, India",2024-03-06T16:40:12.171307,Delivered,91165.09,online
1531,2.0,Online Customer 694,online_453@gmail.com,9876568382,"Mumbai Suburban Area, India",2024-03-07T16:43:32.171307,Delivered,666.48,online
1532,,Online Customer 312,online_616@gmail.com,9876519001,"Mumbai Suburban Area, India",2024-03-07T21:31:24.171307,Delivered,1886.12,online
1533,,Online Customer 734,online_154@gmail.com,9876555725,"Mumbai Suburban Area, India",2024-03-07T21:45:40.171307,Delivered,44537.32,online
1534,2.0,Online Customer 275,online_204@gmail.com,9876553370,"Mumbai Suburban Area, India",2024-03-08T16:01:28.171307,Delivered,367.16,online
1535,2.0,Online Customer 893,online_508@gmail.com,9876529352,"Mumbai Suburban Area, India",2024-03-08T09:28:22.171307,Delivered,172.02,online
1536,,Online Customer 453,online_833@gmail.com,9876521621,"Mumbai Suburban Area, India",2024-03-09T18:01:20.171307,Delivered,47582.75,online
1537,,Online Customer 154,online_382@gmail.com,9876534372,"Mumbai Suburban Area, India",2024-03-10T13:37:25.171307,Delivered,1610.86,online
1538,,Online Customer 278,online_803@gmail.com,9876523232,"Mumbai Suburban Area, India",2024-03-10T14:34:00.171307,Delivered,1640.17,online
1539,2.0,Online Customer 768,online_42@gmail.com,9876567067,"Mumbai Suburban Area, India",2024-03-10T13:16:05.171307,Delivered,819.04,online
1540,,Online Customer 580,online_629@gmail.com,9876591194,"Mumbai Suburban Area, India",2024-03-11T19:48:34.171307,Delivered,394.55,online
1541,,Online Customer 417,online_812@gmail.com,9876557954,"Mumbai Suburban Area, India",2024-03-11T20:16:18.171307,Delivered,394.55,online
1542,,Online Customer 378,online_12@gmail.com,9876538904,"Mumbai Suburban Area, India",2024-03-11T21:39:02.171307,Delivered,789.1,online
1543,2.0,Online Customer 539,online_357@gmail.com,9876588264,"Mumbai Suburban Area, India",2024-03-11T18:04:14.171307,Delivered,789.1,online
1544,2.0,Online Customer 630,online_990@gmail.com,9876552084,"Mumbai Suburban Area, India",2024-03-21T17:01:43.171307,Delivered,36623.75,online
1545,,Online Customer 816,online_408@gmail.com,9876576017,"Mumbai Suburban Area, India",2024-03-21T13:02:39.171307,Delivered,3545.98,online
1546,,Online Customer 690,online_354@gmail.com,9876545795,"Mumbai Suburban Area, India",2024-03-21T12:52:13.171307,Delivered,684.49,online
1547,,Online Customer 755,online_22@gmail.com,9876596730,"Mumbai Suburban Area, India",2024-03-22T09:41:04.171307,Pending,38980.44,online
1548,2.0,Online Customer 507,online_249@gmail.com,9876515140,"Mumbai Suburban Area, India",2024-03-22T19:02:06.171307,Delivered,3914.76,online
1549,2.0,Online Customer 564,online_821@gmail.com,9876562247,"Mumbai Suburban Area, India",2024-03-22T17:34:02.171307,Delivered,245.92,online
1550,,Online Customer 922,online_335@gmail.com,9876566838,"Mumbai Suburban Area, India",2024-03-22T17:14:24.171307,Delivered,74957.45,online
1551,,Online Customer 687,online_971@gmail.com,9876574318,"Mumbai Suburban Area, India",2024-03-23T17:00:33.171307,Delivered,1374.91,online
1552,2.0,Online Customer 494,online_799@gmail.com,9876576330,"Mumbai Suburban Area, India",2024-03-23T15:53:02.171307,Delivered,4804.94,online
1553,2.0,Online Customer 618,online_444@gmail.com,9876591997,"Mumbai Suburban Area, India",2024-03-23T19:51:53.171307,Delivered,282.24,online
1554,,Online Customer 864,online_317@gmail.com,9876518243,"Mumbai Suburban Area, India",2024-03-23T11:22:27.171307,Pending,468.08,online
1555,2.0,Online Customer 550,online_326@gmail.com,9876571213,"Mumbai Suburban Area, India",2024-03-23T19:57:39.171307,Delivered,5001.52,online
1556,,Online Customer 107,online_406@gmail.com,9876536688,"Mumbai Suburban Area, India",2024-03-23T09:39:36.171307,Delivered,4280.13,online
1557,,Online Customer 415,online_985@gmail.com,9876568507,"Mumbai Suburban Area, India",2024-03-23T09:33:50.171307,Pending,1493.81,online
1558,,Online Customer 694,online_311@gmail.com,9876524261,"Mumbai Suburban Area, India",2024-03-24T20:32:20.171307,Pending,2577.43,online
1559,,Online Customer 735,online_842@gmail.com,9876570901,"Mumbai Suburban Area, India",2024-03-24T12:19:47.171307,Delivered,1812.02,online
1560,,Online Customer 476,online_612@gmail.com,9876548079,"Mumbai Suburban Area, India",2024-03-24T11:28:22.171307,Pending,3294.41,online
1561,,Online Customer 478,online_243@gmail.com,9876529463,"Mumbai Suburban Area, India",2024-03-24T19:53:48.171307,Delivered,2017.07,online
1562,2.0,Online Customer 487,online_91@gmail.com,9876543058,"Mumbai Suburban Area, India",2024-03-24T12:10:37.171307,Delivered,593.1,online
1563,2.0,Online Customer 688,online_734@gmail.com,9876551341,"Mumbai Suburban Area, India",2024-03-25T12:43:24.171307,Delivered,497.64,online
1564,,Online Customer 611,online_473@gmail.com,9876573726,"Mumbai Suburban Area, India",2024-03-25T13:02:28.171307,Delivered,191.83,online
1565,,Online Customer 618,online_564@gmail.com,9876542436,"Mumbai Suburban Area, India",2024-03-25T10:52:07.171307,Pending,4220.32,online
1566,2.0,Online Customer 437,online_647@gmail.com,9876585090,"Mumbai Suburban Area, India",2024-03-26T16:36:52.171307,Delivered,2997.77,online
1567,2.0,Online Customer 433,online_620@gmail.com,9876511124,"Mumbai Suburban Area, India",2024-03-27T13:18:54.171307,Delivered,413.2,online
1568,,Online Customer 164,online_153@gmail.com,9876579085,"Mumbai Suburban Area, India",2024-03-27T15:20:40.171307,Delivered,2342.52,online
1569,2.0,Online Customer 896,online_351@gmail.com,9876567454,"Mumbai Suburban Area, India",2024-03-27T19:54:06.171307,Delivered,2346.96,online
1570,2.0,Online Customer 679,online_503@gmail.com,9876529961,"Mumbai Suburban Area, India",2024-04-05T16:39:35.171307,Delivered,1769.4,online
1571,2.0,Online Customer 796,online_768@gmail.com,9876581444,"Mumbai Suburban Area, India",2024-04-05T15:08:40.171307,Delivered,385.42,online
1572,2.0,Online Customer 966,online_242@gmail.com,9876543829,"Mumbai Suburban Area, India",2024-04-06T17:46:19.171307,Delivered,2881.0,online
1573,2.0,Online Customer 690,online_966@gmail.com,9876529818,"Mumbai Suburban Area, India",2024-04-06T15:05:37.171307,Pending,56746.74,online
1574,,Online Customer 483,online_680@gmail.com,9876592475,"Mumbai Suburban Area, India",2024-04-06T18:52:34.171307,Delivered,1210.72,online
1575,2.0,Online Customer 571,online_493@gmail.com,9876543724,"Mumbai Suburban Area, India",2024-04-07T11:18:16.171307,Delivered,1827.07,online
1576,2.0,Online Customer 477,online_794@gmail.com,9876585933,"Mumbai Suburban Area, India",2024-04-07T20:58:02.171307,Delivered,39798.92,online
1577,,Online Customer 381,online_32@gmail.com,9876511064,"Mumbai Suburban Area, India",2024-04-07T19:04:58.171307,Delivered,269.64,online
1578,,Online Customer 136,online_107@gmail.com,9876516342,"Mumbai Suburban Area, India",2024-04-07T09:48:51.171307,Delivered,3077.6,online
1579,2.0,Online Customer 124,online_996@gmail.com,9876576995,"Mumbai Suburban Area, India",2024-04-08T17:12:46.171307,Delivered,33412.16,online
1580,,Online Customer 515,online_997@gmail.com,9876573641,"Mumbai Suburban Area, India",2024-04-09T15:01:51.171307,Delivered,1074.16,online
1581,,Online Customer 548,online_821@gmail.com,9876542529,"Mumbai Suburban Area, India",2024-04-09T21:42:39.171307,Delivered,753.32,online
1582,,Online Customer 324,online_170@gmail.com,9876538199,"Mumbai Suburban Area, India",2024-04-09T20:22:14.171307,Delivered,22553.57,online
1583,,Online Customer 332,online_391@gmail.com,9876527034,"Mumbai Suburban Area, India",2024-04-09T16:12:16.171307,Delivered,38643.6,online
1584,,Online Customer 606,online_623@gmail.com,9876514840,"Mumbai Suburban Area, India",2024-04-10T19:45:11.171307,Delivered,2616.07,online
1585,2.0,Online Customer 339,online_869@gmail.com,9876539606,"Mumbai Suburban Area, India",2024-04-11T15:51:44.171307,Delivered,1074.16,online
1586,2.0,Online Customer 123,online_448@gmail.com,9876540175,"Mumbai Suburban Area, India",2024-04-11T09:53:24.171307,Delivered,2760.78,online
1587,2.0,Online Customer 761,online_13@gmail.com,9876511862,"Mumbai Suburban Area, India",2024-04-11T18:17:08.171307,Delivered,826.88,online
1588,,Online Customer 237,online_292@gmail.com,9876579330,"Mumbai Suburban Area, India",2024-04-11T13:45:37.171307,Delivered,32986.98,online
1589,,Online Customer 723,online_881@gmail.com,9876577945,"Mumbai Suburban Area, India",2024-04-12T13:53:40.171307,Delivered,452.15,online
1590,2.0,Online Customer 109,online_224@gmail.com,9876571084,"Mumbai Suburban Area, India",2024-04-12T18:35:04.171307,Delivered,2184.09,online
1591,,Online Customer 289,online_418@gmail.com,9876556907,"Mumbai Suburban Area, India",2024-04-12T14:21:12.171307,Pending,42880.56,online
1592,,Online Customer 202,online_987@gmail.com,9876541726,"Mumbai Suburban Area, India",2024-04-13T13:50:59.171307,Delivered,904.3,online
1593,2.0,Online Customer 333,online_302@gmail.com,9876572825,"Mumbai Suburban Area, India",2024-04-13T17:53:08.171307,Delivered,973.81,online
1594,2.0,Online Customer 656,online_824@gmail.com,9876588529,"Mumbai Suburban Area, India",2024-04-13T12:25:10.171307,Delivered,3823.53,online
1595,,Online Customer 337,online_92@gmail.com,9876562190,"Mumbai Suburban Area, India",2024-04-13T09:39:28.171307,Delivered,728.72,online
1596,2.0,Online Customer 779,online_860@gmail.com,9876529663,"Mumbai Suburban Area, India",2024-04-13T17:49:39.171307,Delivered,1539.6,online
1597,2.0,Online Customer 647,online_397@gmail.com,9876515267,"Mumbai Suburban Area, India",2024-04-14T21:51:09.171307,Delivered,959.96,online
1598,,Online Customer 818,online_418@gmail.com,9876569098,"Mumbai Suburban Area, India",2024-04-14T14:36:57.171307,Delivered,3028.72,online
1599,,Online Customer 235,online_386@gmail.com,9876532479,"Mumbai Suburban Area, India",2024-04-14T16:59:07.171307,Delivered,429.9,online
1600,2.0,Online Customer 567,online_974@gmail.com,9876526849,"Mumbai Suburban Area, India",2024-04-14T17:51:02.171307,Delivered,1759.82,online
1601,,Online Customer 956,online_78@gmail.com,9876523593,"Mumbai Suburban Area, India",2024-04-15T14:42:51.171307,Delivered,486.93,online
1602,,Online Customer 237,online_71@gmail.com,9876545739,"Mumbai Suburban Area, India",2024-04-16T20:51:29.171307,Delivered,1029.52,online
1603,,Online Customer 404,online_357@gmail.com,9876512608,"Mumbai Suburban Area, India",2024-04-16T10:42:03.171307,Delivered,973.86,online
1604,2.0,Online Customer 466,online_127@gmail.com,9876537427,"Mumbai Suburban Area, India",2024-04-20T19:37:26.171307,Delivered,357.42,online
1605,,Online Customer 470,online_491@gmail.com,9876521301,"Mumbai Suburban Area, India",2024-04-20T11:49:03.171307,Pending,1224.89,online
1606,2.0,Online Customer 753,online_959@gmail.com,9876552801,"Mumbai Suburban Area, India",2024-04-21T13:14:33.171307,Delivered,2392.39,online
1607,2.0,Online Customer 229,online_730@gmail.com,9876529927,"Mumbai Suburban Area, India",2024-04-21T10:05:27.171307,Delivered,1668.1,online
1608,2.0,Online Customer 729,online_641@gmail.com,9876514657,"Mumbai Suburban Area, India",2024-04-21T18:00:28.171307,Delivered,4906.79,online
1609,2.0,Online Customer 192,online_152@gmail.com,9876581786,"Mumbai Suburban Area, India",2024-04-22T13:45:32.171307,Delivered,2767.99,online
1610,2.0,Online Customer 139,online_661@gmail.com,9876576028,"Mumbai Suburban Area, India",2024-04-22T09:48:49.171307,Delivered,27753.4,online
1611,,Online Customer 458,online_556@gmail.com,9876572157,"Mumbai Suburban Area, India",2024-04-23T09:50:27.171307,Delivered,67737.23,online
1612,2.0,Online Customer 711,online_281@gmail.com,9876526112,"Mumbai Suburban Area, India",2024-04-24T18:13:57.171307,Delivered,344.47,online
1613,2.0,Online Customer 448,online_983@gmail.com,9876563567,"Mumbai Suburban Area, India",2024-04-24T09:39:34.171307,Delivered,12510.42,online
1614,2.0,Online Customer 696,online_961@gmail.com,9876589692,"Mumbai Suburban Area, India",2024-04-26T21:10:20.171307,Delivered,2737.47,online
1615,,Online Customer 398,online_397@gmail.com,9876514663,"Mumbai Suburban Area, India",2024-04-26T14:23:43.171307,Delivered,84014.4,online
1616,2.0,Online Customer 710,online_798@gmail.com,9876589855,"Mumbai Suburban Area, India",2024-04-27T15:55:38.171307,Delivered,399.05,online
1617,,Online Customer 819,online_687@gmail.com,9876538514,"Mumbai Suburban Area, India",2024-04-27T11:29:13.171307,Delivered,399.05,online
1618,,Online Customer 718,online_525@gmail.com,9876545226,"Mumbai Suburban Area, India",2024-04-27T19:36:42.171307,Delivered,424.63,online
1619,,Online Customer 756,online_671@gmail.com,9876577371,"Mumbai Suburban Area, India",2024-04-27T09:51:51.171307,Delivered,531.76,online
1620,,Online Customer 237,online_440@gmail.com,9876517945,"Mumbai Suburban Area, India",2024-04-27T13:10:51.171307,Delivered,1170.08,online
1621,2.0,Online Customer 912,online_882@gmail.com,9876528555,"Mumbai Suburban Area, India",2024-04-27T12:00:50.171307,Delivered,400.01,online
1622,,Online Customer 670,online_378@gmail.com,9876514532,"Mumbai Suburban Area, India",2024-04-27T21:44:19.171307,Delivered,469.58,online
1623,2.0,Online Customer 911,online_890@gmail.com,9876527415,"Mumbai Suburban Area, India",2024-04-27T15:38:23.171307,Delivered,15263.78,online
1624,,Online Customer 587,online_180@gmail.com,9876515816,"Mumbai Suburban Area, India",2024-04-27T13:04:02.171307,Delivered,891.25,online
1625,,Online Customer 260,online_540@gmail.com,9876553252,"Mumbai Suburban Area, India",2024-04-28T15:21:43.171307,Delivered,5292.78,online
1626,,Online Customer 871,online_812@gmail.com,9876554045,"Mumbai Suburban Area, India",2024-04-28T09:00:51.171307,Delivered,519.07,online
1627,,Online Customer 935,online_822@gmail.com,9876557682,"Mumbai Suburban Area, India",2024-04-28T14:45:31.171307,Delivered,16912.59,online
1628,2.0,Online Customer 672,online_856@gmail.com,9876560968,"Mumbai Suburban Area, India",2024-04-28T12:28:47.171307,Delivered,751.1,online
1629,,Online Customer 735,online_744@gmail.com,9876546883,"Mumbai Suburban Area, India",2024-04-28T11:11:47.171307,Delivered,890.18,online
1630,2.0,Online Customer 858,online_551@gmail.com,9876547065,"Mumbai Suburban Area, India",2024-05-05T19:04:22.171307,Delivered,36452.97,online
1631,,Online Customer 823,online_677@gmail.com,9876516249,"Mumbai Suburban Area, India",2024-05-05T21:31:06.171307,Delivered,1165.14,online
1632,2.0,Online Customer 910,online_221@gmail.com,9876520287,"Mumbai Suburban Area, India",2024-05-05T13:28:20.171307,Delivered,1525.87,online
1633,,Online Customer 584,online_58@gmail.com,9876571465,"Mumbai Suburban Area, India",2024-05-05T18:39:39.171307,Delivered,1486.04,online
1634,,Online Customer 657,online_753@gmail.com,9876554422,"Mumbai Suburban Area, India",2024-05-06T09:44:13.171307,Delivered,33772.7,online
1635,2.0,Online Customer 265,online_362@gmail.com,9876561558,"Mumbai Suburban Area, India",2024-05-06T17:52:54.171307,Delivered,2037.69,online
1636,2.0,Online Customer 365,online_728@gmail.com,9876528678,"Mumbai Suburban Area, India",2024-05-07T09:56:03.171307,Delivered,2057.38,online
1637,2.0,Online Customer 220,online_885@gmail.com,9876564593,"Mumbai Suburban Area, India",2024-05-07T17:58:21.171307,Delivered,40058.17,online
1638,2.0,Online Customer 925,online_448@gmail.com,9876589553,"Mumbai Suburban Area, India",2024-05-08T11:24:32.171307,Pending,69661.02,online
1639,2.0,Online Customer 868,online_361@gmail.com,9876528141,"Mumbai Suburban Area, India",2024-05-08T14:00:44.171307,Pending,35909.22,online
1640,,Online Customer 886,online_60@gmail.com,9876539474,"Mumbai Suburban Area, India",2024-05-09T19:03:00.171307,Delivered,36289.16,online
1641,2.0,Online Customer 545,online_696@gmail.com,9876528829,"Mumbai Suburban Area, India",2024-05-09T10:42:14.171307,Delivered,250.75,online
1642,,Online Customer 925,online_787@gmail.com,9876556872,"Mumbai Suburban Area, India",2024-05-10T19:05:40.171307,Delivered,75651.37,online
1643,2.0,Online Customer 404,online_348@gmail.com,9876513833,"Mumbai Suburban Area, India",2024-05-10T12:43:16.171307,Delivered,1193.28,online
1644,,Online Customer 404,online_28@gmail.com,9876534623,"Mumbai Suburban Area, India",2024-05-10T10:09:19.171307,Delivered,3059.59,online
1645,,Online Customer 488,online_121@gmail.com,9876524845,"Mumbai Suburban Area, India",2024-05-10T18:29:37.171307,Delivered,35786.34,online
1646,,Online Customer 701,online_246@gmail.com,9876592758,"Mumbai Suburban Area, India",2024-05-11T16:35:17.171307,Delivered,18085.62,online
1647,2.0,Online Customer 810,online_382@gmail.com,9876591955,"Mumbai Suburban Area, India",2024-05-11T17:00:35.171307,Delivered,1985.79,online
1648,,Online Customer 889,online_279@gmail.com,9876550021,"Mumbai Suburban Area, India",2024-05-11T19:27:58.171307,Delivered,38546.29,online
1649,2.0,Online Customer 302,online_741@gmail.com,9876554742,"Mumbai Suburban Area, India",2024-05-11T21:21:31.171307,Delivered,1459.22,online
1650,2.0,Online Customer 717,online_133@gmail.com,9876572886,"Mumbai Suburban Area, India",2024-05-11T15:42:40.171307,Delivered,1193.28,online
1651,2.0,Online Customer 292,online_402@gmail.com,9876568889,"Mumbai Suburban Area, India",2024-05-11T16:29:56.171307,Delivered,494.66,online
1652,2.0,Online Customer 216,online_785@gmail.com,9876559557,"Mumbai Suburban Area, India",2024-05-12T17:04:48.171307,Delivered,84264.5,online
1653,2.0,Online Customer 151,online_372@gmail.com,9876511563,"Mumbai Suburban Area, India",2024-05-12T20:27:29.171307,Delivered,108449.18,online
1654,2.0,Online Customer 699,online_142@gmail.com,9876584202,"Mumbai Suburban Area, India",2024-05-13T13:37:36.171307,Pending,39965.19,online
1655,2.0,Online Customer 453,online_803@gmail.com,9876562032,"Mumbai Suburban Area, India",2024-05-13T21:09:04.171307,Delivered,41760.34,online
1656,2.0,Online Customer 732,online_175@gmail.com,9876550597,"Mumbai Suburban Area, India",2024-05-13T11:37:20.171307,Delivered,20213.68,online
1657,,Online Customer 329,online_1000@gmail.com,9876542508,"Mumbai Suburban Area, India",2024-05-20T20:52:01.171307,Delivered,1508.95,online
1658,2.0,Online Customer 955,online_672@gmail.com,9876555243,"Mumbai Suburban Area, India",2024-05-20T14:20:00.171307,Delivered,221.16,online
1659,2.0,Online Customer 462,online_339@gmail.com,9876515230,"Mumbai Suburban Area, India",2024-05-21T20:40:58.171307,Delivered,24976.63,online
1660,,Online Customer 196,online_75@gmail.com,9876549399,"Mumbai Suburban Area, India",2024-05-21T09:13:40.171307,Delivered,3011.22,online
1661,,Online Customer 468,online_876@gmail.com,9876576136,"Mumbai Suburban Area, India",2024-05-21T20:51:23.171307,Delivered,62715.52,online
1662,,Online Customer 576,online_624@gmail.com,9876519767,"Mumbai Suburban Area, India",2024-05-21T19:22:29.171307,Delivered,1718.98,online
1663,,Online Customer 183,online_436@gmail.com,9876597792,"Mumbai Suburban Area, India",2024-05-21T16:23:44.171307,Delivered,444.32,online
1664,,Online Customer 295,online_299@gmail.com,9876572809,"Mumbai Suburban Area, India",2024-05-21T09:37:05.171307,Pending,25249.88,online
1665,2.0,Online Customer 407,online_979@gmail.com,9876525451,"Mumbai Suburban Area, India",2024-05-22T12:38:59.171307,Delivered,845.48,online
1666,,Online Customer 598,online_226@gmail.com,9876532847,"Mumbai Suburban Area, India",2024-05-22T20:21:23.171307,Delivered,319.03,online
1667,2.0,Online Customer 616,online_697@gmail.com,9876555424,"Mumbai Suburban Area, India",2024-05-22T10:00:24.171307,Delivered,2720.88,online
1668,2.0,Online Customer 707,online_354@gmail.com,9876572185,"Mumbai Suburban Area, India",2024-05-24T12:42:24.171307,Delivered,850.79,online
1669,,Online Customer 269,online_860@gmail.com,9876594697,"Mumbai Suburban Area, India",2024-05-24T15:26:12.171307,Delivered,171.0,online
1670,,Online Customer 146,online_394@gmail.com,9876519586,"Mumbai Suburban Area, India",2024-05-25T19:27:52.171307,Pending,550.59,online
1671,2.0,Online Customer 961,online_508@gmail.com,9876543443,"Mumbai Suburban Area, India",2024-05-25T10:12:36.171307,Delivered,347.81,online
1672,,Online Customer 824,online_932@gmail.com,9876539391,"Mumbai Suburban Area, India",2024-05-26T13:26:01.171307,Delivered,2988.12,online
1673,2.0,Online Customer 785,online_886@gmail.com,9876597178,"Mumbai Suburban Area, India",2024-05-26T09:45:08.171307,Delivered,648.7,online
1674,,Online Customer 137,online_970@gmail.com,9876567212,"Mumbai Suburban Area, India",2024-05-26T13:57:07.171307,Delivered,1338.45,online
1675,,Online Customer 251,online_69@gmail.com,9876542794,"Mumbai Suburban Area, India",2024-05-27T10:55:20.171307,Delivered,619.5,online
1676,,Online Customer 612,online_682@gmail.com,9876584339,"Mumbai Suburban Area, India",2024-06-05T11:14:08.171307,Delivered,1017.77,online
1677,,Online Customer 283,online_361@gmail.com,9876577574,"Mumbai Suburban Area, India",2024-06-05T11:41:08.171307,Delivered,16470.69,online
1678,2.0,Online Customer 551,online_793@gmail.com,9876551143,"Mumbai Suburban Area, India",2024-06-05T14:51:38.171307,Pending,168.38,online
1679,,Online Customer 578,online_529@gmail.com,9876582406,"Mumbai Suburban Area, India",2024-06-06T19:43:02.171307,Delivered,763.58,online
1680,,Online Customer 103,online_807@gmail.com,9876556915,"Mumbai Suburban Area, India",2024-06-07T12:46:08.171307,Delivered,1027.6,online
1681,2.0,Online Customer 459,online_19@gmail.com,9876596355,"Mumbai Suburban Area, India",2024-06-07T12:20:23.171307,Delivered,888.58,online
1682,2.0,Online Customer 684,online_565@gmail.com,9876531414,"Mumbai Suburban Area, India",2024-06-08T12:41:45.171307,Delivered,1122.8,online
1683,2.0,Online Customer 312,online_345@gmail.com,9876587675,"Mumbai Suburban Area, India",2024-06-08T17:38:44.171307,Delivered,18449.33,online
1684,,Online Customer 293,online_511@gmail.com,9876584176,"Mumbai Suburban Area, India",2024-06-09T15:14:28.171307,Delivered,586.73,online
1685,,Online Customer 309,online_835@gmail.com,9876554386,"Mumbai Suburban Area, India",2024-06-09T12:46:00.171307,Delivered,221.74,online
1686,,Online Customer 793,online_919@gmail.com,9876585002,"Mumbai Suburban Area, India",2024-06-09T20:49:52.171307,Delivered,1015.91,online
1687,2.0,Online Customer 945,online_666@gmail.com,9876565244,"Mumbai Suburban Area, India",2024-06-09T20:50:00.171307,Delivered,1750.73,online
1688,2.0,Online Customer 264,online_497@gmail.com,9876581596,"Mumbai Suburban Area, India",2024-06-10T17:19:31.171307,Delivered,1417.3,online
1689,2.0,Online Customer 140,online_427@gmail.com,9876532398,"Mumbai Suburban Area, India",2024-06-10T13:40:45.171307,Delivered,1777.99,online
1690,2.0,Online Customer 381,online_275@gmail.com,9876594375,"Mumbai Suburban Area, India",2024-06-11T21:30:50.171307,Delivered,968.81,online
1691,2.0,Online Customer 819,online_837@gmail.com,9876587736,"Mumbai Suburban Area, India",2024-06-11T17:15:02.171307,Delivered,88649.8,online
1692,,Online Customer 285,online_923@gmail.com,9876584505,"Mumbai Suburban Area, India",2024-06-12T15:52:18.171307,Delivered,27939.36,online
1693,,Online Customer 221,online_350@gmail.com,9876547852,"Mumbai Suburban Area, India",2024-06-12T13:42:58.171307,Delivered,682.07,online
1694,2.0,Online Customer 936,online_390@gmail.com,9876544963,"Mumbai Suburban Area, India",2024-06-12T12:00:48.171307,Delivered,1305.02,online
1695,,Online Customer 631,online_614@gmail.com,9876588869,"Mumbai Suburban Area, India",2024-06-12T10:25:27.171307,Delivered,14716.61,online
1696,,Online Customer 610,online_231@gmail.com,9876554853,"Mumbai Suburban Area, India",2024-06-12T09:25:26.171307,Delivered,426.42,online
1697,2.0,Online Customer 759,online_904@gmail.com,9876595830,"Mumbai Suburban Area, India",2024-06-12T09:01:05.171307,Pending,34028.24,online
1698,2.0,Online Customer 153,online_381@gmail.com,9876575972,"Mumbai Suburban Area, India",2024-06-12T15:56:49.171307,Delivered,31160.52,online
1699,,Online Customer 255,online_299@gmail.com,9876582487,"Mumbai Suburban Area, India",2024-06-13T17:53:39.171307,Delivered,1054.82,online
1700,2.0,Online Customer 477,online_616@gmail.com,9876520362,"Mumbai Suburban Area, India",2024-06-14T16:50:20.171307,Pending,33300.99,online
1701,,Online Customer 718,online_329@gmail.com,9876554622,"Mumbai Suburban Area, India",2024-06-14T12:46:09.171307,Delivered,35123.61,online
1702,2.0,Online Customer 455,online_744@gmail.com,9876540319,"Mumbai Suburban Area, India",2024-06-14T14:09:51.171307,Delivered,14271.22,online
1703,2.0,Online Customer 847,online_6@gmail.com,9876564489,"Mumbai Suburban Area, India",2024-06-15T21:57:59.171307,Pending,19544.02,online
1704,2.0,Online Customer 744,online_433@gmail.com,9876599101,"Mumbai Suburban Area, India",2024-06-15T17:03:10.171307,Pending,702.3,online
1705,2.0,Online Customer 853,online_24@gmail.com,9876598453,"Mumbai Suburban Area, India",2024-06-15T20:23:28.171307,Delivered,43300.56,online
1706,,Online Customer 249,online_402@gmail.com,9876511670,"Mumbai Suburban Area, India",2024-06-15T09:57:14.171307,Delivered,78352.66,online
1707,,Online Customer 264,online_561@gmail.com,9876525472,"Mumbai Suburban Area, India",2024-06-15T15:31:30.171307,Delivered,96425.76,online
1708,2.0,Online Customer 910,online_214@gmail.com,9876557907,"Mumbai Suburban Area, India",2024-06-20T20:14:03.171307,Delivered,27773.82,online
1709,,Online Customer 868,online_673@gmail.com,9876519508,"Mumbai Suburban Area, India",2024-06-20T12:17:41.171307,Pending,3785.25,online
1710,,Online Customer 589,online_759@gmail.com,9876575054,"Mumbai Suburban Area, India",2024-06-21T17:20:52.171307,Delivered,427.33,online
1711,2.0,Online Customer 417,online_961@gmail.com,9876557676,"Mumbai Suburban Area, India",2024-06-21T16:53:37.171307,Delivered,37139.14,online
1712,,Online Customer 752,online_523@gmail.com,9876523168,"Mumbai Suburban Area, India",2024-06-21T20:08:21.171307,Delivered,1208.35,online
1713,,Online Customer 309,online_185@gmail.com,9876567771,"Mumbai Suburban Area, India",2024-06-21T13:23:40.171307,Delivered,4078.88,online
1714,,Online Customer 777,online_507@gmail.com,9876560801,"Mumbai Suburban Area, India",2024-06-22T15:09:35.171307,Delivered,1722.32,online
1715,,Online Customer 329,online_309@gmail.com,9876551050,"Mumbai Suburban Area, India",2024-06-22T20:08:38.171307,Delivered,466.7,online
1716,2.0,Online Customer 503,online_988@gmail.com,9876580448,"Mumbai Suburban Area, India",2024-06-22T16:32:33.171307,Delivered,175.67,online
1717,2.0,Online Customer 342,online_783@gmail.com,9876574894,"Mumbai Suburban Area, India",2024-06-22T17:36:25.171307,Delivered,28293.92,online
1718,,Online Customer 583,online_582@gmail.com,9876511964,"Mumbai Suburban Area, India",2024-06-23T20:05:13.171307,Delivered,2801.43,online
1719,2.0,Online Customer 932,online_454@gmail.com,9876537098,"Mumbai Suburban Area, India",2024-06-23T11:31:37.171307,Delivered,31613.42,online
1720,,Online Customer 737,online_904@gmail.com,9876517766,"Mumbai Suburban Area, India",2024-06-24T10:42:59.171307,Delivered,1573.93,online
1721,2.0,Online Customer 913,online_940@gmail.com,9876578545,"Mumbai Suburban Area, India",2024-06-24T17:48:34.171307,Delivered,19975.72,online
1722,2.0,Online Customer 175,online_856@gmail.com,9876579568,"Mumbai Suburban Area, India",2024-06-24T17:46:52.171307,Delivered,449.79,online
1723,2.0,Online Customer 791,online_556@gmail.com,9876565722,"Mumbai Suburban Area, India",2024-06-26T17:09:43.171307,Delivered,488.58,online
1724,,Online Customer 571,online_899@gmail.com,9876550822,"Mumbai Suburban Area, India",2024-06-26T14:18:56.171307,Delivered,17408.95,online
1725,2.0,Online Customer 281,online_864@gmail.com,9876576728,"Mumbai Suburban Area, India",2024-06-26T21:07:18.171307,Delivered,35666.91,online
1726,2.0,Online Customer 120,online_428@gmail.com,9876585640,"Mumbai Suburban Area, India",2024-06-26T21:05:46.171307,Delivered,1588.73,online
1727,,Online Customer 914,online_607@gmail.com,9876549778,"Mumbai Suburban Area, India",2024-06-26T14:13:32.171307,Delivered,854.3,online
1728,,Online Customer 263,online_837@gmail.com,9876526686,"Mumbai Suburban Area, India",2024-06-27T13:35:29.171307,Delivered,25568.66,online
1729,,Online Customer 914,online_7@gmail.com,9876595519,"Mumbai Suburban Area, India",2024-06-27T11:11:32.171307,Pending,1640.13,online
1730,,Online Customer 904,online_514@gmail.com,9876529701,"Mumbai Suburban Area, India",2024-06-28T17:12:00.171307,Delivered,737.02,online
1731,,Online Customer 589,online_83@gmail.com,9876534160,"Mumbai Suburban Area, India",2024-06-28T21:09:45.171307,Delivered,3733.14,online
1732,2.0,Online Customer 449,online_340@gmail.com,9876547809,"Mumbai Suburban Area, India",2024-06-28T16:21:18.171307,Delivered,351.34,online
1733,,Online Customer 906,online_441@gmail.com,9876571510,"Mumbai Suburban Area, India",2024-06-29T10:37:13.171307,Delivered,22512.1,online
1734,2.0,Online Customer 964,online_182@gmail.com,9876540563,"Mumbai Suburban Area, India",2024-06-29T21:55:16.171307,Delivered,854.44,online
1735,2.0,Online Customer 494,online_762@gmail.com,9876534250,"Mumbai Suburban Area, India",2024-06-30T18:23:05.171307,Delivered,522.83,online
1736,2.0,Online Customer 931,online_450@gmail.com,9876534180,"Mumbai Suburban Area, India",2024-06-30T13:22:06.171307,Delivered,1681.03,online
1737,,Online Customer 865,online_979@gmail.com,9876515857,"Mumbai Suburban Area, India",2024-06-30T15:09:18.171307,Pending,1251.32,online
1738,,Online Customer 668,online_880@gmail.com,9876594699,"Mumbai Suburban Area, India",2024-06-30T20:28:37.171307,Delivered,31181.4,online
1739,,Online Customer 589,online_678@gmail.com,9876515119,"Mumbai Suburban Area, India",2024-07-01T11:04:45.171307,Delivered,804.16,online
1740,,Online Customer 353,online_951@gmail.com,9876567944,"Mumbai Suburban Area, India",2024-07-01T11:45:11.171307,Delivered,13779.11,online
1741,,Online Customer 445,online_365@gmail.com,9876519431,"Mumbai Suburban Area, India",2024-07-01T18:25:11.171307,Delivered,1861.61,online
1742,,Online Customer 157,online_217@gmail.com,9876529496,"Mumbai Suburban Area, India",2024-07-01T14:12:39.171307,Delivered,4577.46,online
1743,2.0,Online Customer 958,online_226@gmail.com,9876548311,"Mumbai Suburban Area, India",2024-07-01T18:14:16.171307,Delivered,1375.03,online
1744,2.0,Online Customer 164,online_72@gmail.com,9876537438,"Mumbai Suburban Area, India",2024-07-02T17:56:58.171307,Delivered,261.86,online
1745,2.0,Online Customer 751,online_220@gmail.com,9876568553,"Mumbai Suburban Area, India",2024-07-02T09:49:51.171307,Delivered,2705.59,online
1746,,Online Customer 107,online_939@gmail.com,9876563955,"Mumbai Suburban Area, India",2024-07-03T14:07:56.171307,Delivered,773.14,online
1747,,Online Customer 705,online_454@gmail.com,9876563066,"Mumbai Suburban Area, India",2024-07-03T19:52:37.171307,Delivered,1360.76,online
1748,2.0,Online Customer 689,online_628@gmail.com,9876532476,"Mumbai Suburban Area, India",2024-07-03T09:41:22.171307,Delivered,327.01,online
1749,2.0,Online Customer 102,online_379@gmail.com,9876582163,"Mumbai Suburban Area, India",2024-07-03T15:54:00.171307,Delivered,327.01,online
1750,,Online Customer 417,online_544@gmail.com,9876566925,"Mumbai Suburban Area, India",2024-07-05T11:50:03.171307,Delivered,3273.86,online
1751,,Online Customer 217,online_383@gmail.com,9876592006,"Mumbai Suburban Area, India",2024-07-05T20:50:42.171307,Pending,572.44,online
1752,2.0,Online Customer 189,online_514@gmail.com,9876534238,"Mumbai Suburban Area, India",2024-07-05T20:59:41.171307,Delivered,5163.69,online
1753,2.0,Online Customer 352,online_441@gmail.com,9876549085,"Mumbai Suburban Area, India",2024-07-05T16:19:06.171307,Delivered,30406.68,online
1754,2.0,Online Customer 711,online_568@gmail.com,9876569558,"Mumbai Suburban Area, India",2024-07-06T10:10:10.171307,Delivered,3727.08,online
1755,,Online Customer 731,online_627@gmail.com,9876510670,"Mumbai Suburban Area, India",2024-07-06T12:41:10.171307,Delivered,1113.72,online
1756,,Online Customer 355,online_898@gmail.com,9876522221,"Mumbai Suburban Area, India",2024-07-06T18:30:23.171307,Delivered,61012.41,online
1757,2.0,Online Customer 702,online_526@gmail.com,9876512184,"Mumbai Suburban Area, India",2024-07-06T21:42:08.171307,Delivered,4063.06,online
1758,,Online Customer 838,online_854@gmail.com,9876576925,"Mumbai Suburban Area, India",2024-07-06T11:01:41.171307,Delivered,1075.24,online
1759,2.0,Online Customer 854,online_399@gmail.com,9876551506,"Mumbai Suburban Area, India",2024-07-07T18:27:39.171307,Pending,2131.2,online
1760,2.0,Online Customer 427,online_694@gmail.com,9876542700,"Mumbai Suburban Area, India",2024-07-07T12:55:06.171307,Delivered,199.67,online
1761,2.0,Online Customer 234,online_417@gmail.com,9876526264,"Mumbai Suburban Area, India",2024-07-07T14:46:56.171307,Delivered,1936.06,online
1762,,Online Customer 434,online_648@gmail.com,9876574377,"Mumbai Suburban Area, India",2024-07-07T21:22:15.171307,Delivered,460.9,online
1763,,Online Customer 496,online_407@gmail.com,9876564695,"Mumbai Suburban Area, India",2024-07-08T13:20:07.171307,Pending,1957.63,online
1764,2.0,Online Customer 557,online_314@gmail.com,9876529167,"Mumbai Suburban Area, India",2024-07-08T17:41:19.171307,Delivered,1253.08,online
1765,2.0,Online Customer 140,online_619@gmail.com,9876578061,"Mumbai Suburban Area, India",2024-07-08T17:18:00.171307,Delivered,3485.57,online
1766,2.0,Online Customer 564,online_253@gmail.com,9876583744,"Mumbai Suburban Area, India",2024-07-09T18:16:47.171307,Delivered,764.82,online
1767,2.0,Online Customer 292,online_279@gmail.com,9876559281,"Mumbai Suburban Area, India",2024-07-09T19:48:07.171307,Delivered,70064.98,online
1768,,Online Customer 481,online_381@gmail.com,9876558714,"Mumbai Suburban Area, India",2024-07-10T14:33:39.171307,Delivered,68536.07,online
1769,2.0,Online Customer 495,online_179@gmail.com,9876553229,"Mumbai Suburban Area, India",2024-07-10T14:53:18.171307,Delivered,67701.53,online
1770,2.0,Online Customer 443,online_62@gmail.com,9876524621,"Mumbai Suburban Area, India",2024-07-11T16:19:46.171307,Delivered,329.11,online
1771,,Online Customer 937,online_469@gmail.com,9876595726,"Mumbai Suburban Area, India",2024-07-11T16:29:02.171307,Delivered,65850.56,online
1772,,Online Customer 665,online_620@gmail.com,9876517078,"Mumbai Suburban Area, India",2024-07-11T09:21:42.171307,Delivered,55217.66,online
1773,2.0,Online Customer 496,online_109@gmail.com,9876551633,"Mumbai Suburban Area, India",2024-07-12T14:06:45.171307,Delivered,2335.23,online
1774,,Online Customer 310,online_120@gmail.com,9876558476,"Mumbai Suburban Area, India",2024-07-12T11:40:57.171307,Delivered,221.74,online
1775,,Online Customer 938,online_978@gmail.com,9876537811,"Mumbai Suburban Area, India",2024-07-12T13:59:15.171307,Delivered,29904.37,online
1776,2.0,Online Customer 378,online_441@gmail.com,9876517743,"Mumbai Suburban Area, India",2024-07-12T12:45:37.171307,Delivered,1192.76,online
1777,,Online Customer 631,online_887@gmail.com,9876574045,"Mumbai Suburban Area, India",2024-07-12T10:05:27.171307,Delivered,1350.08,online
1778,,Online Customer 963,online_94@gmail.com,9876593838,"Mumbai Suburban Area, India",2024-07-12T17:15:31.171307,Delivered,847.2,online
1779,,Online Customer 902,online_255@gmail.com,9876579652,"Mumbai Suburban Area, India",2024-07-12T11:49:56.171307,Delivered,16119.13,online
1780,2.0,Online Customer 434,online_943@gmail.com,9876583796,"Mumbai Suburban Area, India",2024-07-12T21:24:46.171307,Delivered,1914.36,online
1781,2.0,Online Customer 317,online_412@gmail.com,9876528620,"Mumbai Suburban Area, India",2024-07-13T10:45:13.171307,Delivered,64731.88,online
1782,2.0,Online Customer 631,online_175@gmail.com,9876584803,"Mumbai Suburban Area, India",2024-07-13T11:59:27.171307,Delivered,31947.93,online
1783,,Online Customer 620,online_329@gmail.com,9876540706,"Mumbai Suburban Area, India",2024-07-13T19:02:49.171307,Delivered,663.8,online
1784,2.0,Online Customer 932,online_582@gmail.com,9876516403,"Mumbai Suburban Area, India",2024-07-13T20:24:15.171307,Delivered,37098.08,online
1785,,Online Customer 411,online_366@gmail.com,9876574758,"Mumbai Suburban Area, India",2024-07-14T19:53:57.171307,Delivered,1737.61,online
1786,,Online Customer 654,online_713@gmail.com,9876525878,"Mumbai Suburban Area, India",2024-07-14T18:04:17.171307,Delivered,1339.18,online
1787,2.0,Online Customer 295,online_944@gmail.com,9876556195,"Mumbai Suburban Area, India",2024-07-14T11:27:28.171307,Delivered,78710.28,online
1788,,Online Customer 794,online_565@gmail.com,9876515432,"Mumbai Suburban Area, India",2024-07-16T09:04:06.171307,Delivered,17731.13,online
1789,,Online Customer 451,online_989@gmail.com,9876537098,"Mumbai Suburban Area, India",2024-07-17T18:20:43.171307,Delivered,31713.5,online
1790,,Online Customer 920,online_795@gmail.com,9876556222,"Mumbai Suburban Area, India",2024-07-17T14:55:31.171307,Delivered,5897.31,online
1791,,Online Customer 789,online_189@gmail.com,9876579411,"Mumbai Suburban Area, India",2024-07-17T17:01:31.171307,Delivered,934.25,online
1792,,Online Customer 473,online_842@gmail.com,9876513393,"Mumbai Suburban Area, India",2024-07-17T15:01:57.171307,Delivered,4042.33,online
1793,,Online Customer 592,online_570@gmail.com,9876550347,"Mumbai Suburban Area, India",2024-07-17T12:56:03.171307,Delivered,5976.98,online
1794,,Online Customer 793,online_657@gmail.com,9876544666,"Mumbai Suburban Area, India",2024-07-18T21:53:34.171307,Delivered,302.56,online
1795,,Online Customer 733,online_312@gmail.com,9876533579,"Mumbai Suburban Area, India",2024-07-19T12:16:02.171307,Pending,789.17,online
1796,,Online Customer 248,online_890@gmail.com,9876549152,"Mumbai Suburban Area, India",2024-07-19T16:08:29.171307,Delivered,985.24,online
1797,2.0,Online Customer 153,online_750@gmail.com,9876596945,"Mumbai Suburban Area, India",2024-07-20T16:57:48.171307,Delivered,487.38,online
1798,,Online Customer 998,online_791@gmail.com,9876548952,"Mumbai Suburban Area, India",2024-07-20T12:44:13.171307,Delivered,738.04,online
1799,,Online Customer 588,online_168@gmail.com,9876540003,"Mumbai Suburban Area, India",2024-07-20T14:34:18.171307,Delivered,18370.0,online
1800,,Online Customer 316,online_295@gmail.com,9876527921,"Mumbai Suburban Area, India",2024-07-23T11:52:19.171307,Delivered,20707.31,online
1801,2.0,Online Customer 106,online_661@gmail.com,9876566637,"Mumbai Suburban Area, India",2024-07-23T18:07:27.171307,Delivered,294.26,online
1802,2.0,Online Customer 913,online_562@gmail.com,9876597974,"Mumbai Suburban Area, India",2024-07-24T11:25:45.171307,Delivered,6635.41,online
1803,2.0,Online Customer 917,online_828@gmail.com,9876570260,"Mumbai Suburban Area, India",2024-07-26T09:28:26.171307,Pending,2037.04,online
1804,,Online Customer 629,online_635@gmail.com,9876559565,"Mumbai Suburban Area, India",2024-07-26T13:48:26.171307,Pending,2224.69,online
1805,2.0,Online Customer 660,online_472@gmail.com,9876545685,"Mumbai Suburban Area, India",2024-07-27T14:51:31.171307,Delivered,2500.91,online
1806,,Online Customer 331,online_28@gmail.com,9876540668,"Mumbai Suburban Area, India",2024-07-27T15:16:33.171307,Delivered,2145.2,online
1807,,Online Customer 875,online_805@gmail.com,9876535584,"Mumbai Suburban Area, India",2024-07-28T13:17:13.171307,Delivered,1440.18,online
1808,,Online Customer 434,online_307@gmail.com,9876583575,"Mumbai Suburban Area, India",2024-07-28T20:02:22.171307,Delivered,2681.45,online
1809,,Online Customer 680,online_824@gmail.com,9876594932,"Mumbai Suburban Area, India",2024-07-28T10:38:45.171307,Delivered,495.49,online
1810,,Online Customer 633,online_346@gmail.com,9876598948,"Mumbai Suburban Area, India",2024-07-28T13:11:56.171307,Delivered,1136.53,online
1811,2.0,Online Customer 920,online_565@gmail.com,9876560939,"Mumbai Suburban Area, India",2024-07-29T13:00:40.171307,Delivered,572.66,online
1812,,Online Customer 185,online_543@gmail.com,9876543021,"Mumbai Suburban Area, India",2024-07-29T16:28:13.171307,Pending,475.64,online
1813,,Online Customer 862,online_375@gmail.com,9876528696,"Mumbai Suburban Area, India",2024-07-30T15:54:02.171307,Delivered,987.68,online
1814,2.0,Online Customer 610,online_427@gmail.com,9876549026,"Mumbai Suburban Area, India",2024-07-30T17:29:47.171307,Delivered,527.92,online
1815,2.0,Online Customer 391,online_407@gmail.com,9876577382,"Mumbai Suburban Area, India",2024-08-05T16:23:52.171307,Delivered,12518.78,online
1816,,Online Customer 486,online_872@gmail.com,9876556692,"Mumbai Suburban Area, India",2024-08-07T19:45:15.171307,Delivered,749.36,online
1817,2.0,Online Customer 249,online_236@gmail.com,9876583049,"Mumbai Suburban Area, India",2024-08-07T14:56:46.171307,Delivered,4287.18,online
1818,,Online Customer 495,online_52@gmail.com,9876557703,"Mumbai Suburban Area, India",2024-08-08T10:08:50.171307,Delivered,14919.01,online
1819,2.0,Online Customer 189,online_433@gmail.com,9876573622,"Mumbai Suburban Area, India",2024-08-08T16:50:59.171307,Delivered,1086.79,online
1820,2.0,Online Customer 574,online_298@gmail.com,9876575561,"Mumbai Suburban Area, India",2024-08-08T19:12:21.171307,Delivered,29624.68,online
1821,,Online Customer 754,online_301@gmail.com,9876522256,"Mumbai Suburban Area, India",2024-08-09T16:44:47.171307,Delivered,1372.37,online
1822,,Online Customer 611,online_232@gmail.com,9876587509,"Mumbai Suburban Area, India",2024-08-09T12:32:47.171307,Delivered,14106.66,online
1823,,Online Customer 489,online_156@gmail.com,9876538155,"Mumbai Suburban Area, India",2024-08-09T13:15:45.171307,Delivered,858.32,online
1824,,Online Customer 250,online_836@gmail.com,9876530163,"Mumbai Suburban Area, India",2024-08-10T14:22:55.171307,Pending,1626.42,online
1825,,Online Customer 927,online_61@gmail.com,9876588649,"Mumbai Suburban Area, India",2024-08-10T10:28:46.171307,Delivered,694.08,online
1826,2.0,Online Customer 218,online_708@gmail.com,9876544902,"Mumbai Suburban Area, India",2024-08-10T15:08:07.171307,Delivered,1752.27,online
1827,,Online Customer 385,online_961@gmail.com,9876564159,"Mumbai Suburban Area, India",2024-08-10T10:59:31.171307,Delivered,1168.64,online
1828,,Online Customer 590,online_39@gmail.com,9876581583,"Mumbai Suburban Area, India",2024-08-10T16:26:31.171307,Delivered,1168.64,online
1829,2.0,Online Customer 878,online_823@gmail.com,9876585501,"Mumbai Suburban Area, India",2024-08-10T20:57:29.171307,Delivered,907.22,online
1830,,Online Customer 941,online_362@gmail.com,9876545817,"Mumbai Suburban Area, India",2024-08-10T11:16:02.171307,Delivered,3708.09,online
1831,,Online Customer 340,online_592@gmail.com,9876516732,"Mumbai Suburban Area, India",2024-08-11T17:39:24.171307,Delivered,2801.67,online
1832,2.0,Online Customer 845,online_234@gmail.com,9876537660,"Mumbai Suburban Area, India",2024-08-11T10:38:24.171307,Delivered,1647.76,online
1833,,Online Customer 184,online_562@gmail.com,9876557951,"Mumbai Suburban Area, India",2024-08-11T15:54:53.171307,Delivered,1803.8,online
1834,2.0,Online Customer 749,online_926@gmail.com,9876592326,"Mumbai Suburban Area, India",2024-08-11T11:23:11.171307,Delivered,1070.58,online
1835,,Online Customer 652,online_982@gmail.com,9876538027,"Mumbai Suburban Area, India",2024-08-11T15:50:20.171307,Delivered,296.42,online
1836,,Online Customer 364,online_47@gmail.com,9876542560,"Mumbai Suburban Area, India",2024-08-20T20:29:36.171307,Delivered,5142.38,online
1837,,Online Customer 289,online_549@gmail.com,9876588070,"Mumbai Suburban Area, India",2024-08-21T17:26:15.171307,Delivered,79576.34,online
1838,,Online Customer 835,online_624@gmail.com,9876519201,"Mumbai Suburban Area, India",2024-08-22T19:01:16.171307,Delivered,2898.28,online
1839,2.0,Online Customer 429,online_436@gmail.com,9876540555,"Mumbai Suburban Area, India",2024-08-22T11:34:48.171307,Delivered,72702.48,online
1840,,Online Customer 762,online_604@gmail.com,9876533934,"Mumbai Suburban Area, India",2024-08-22T10:59:39.171307,Delivered,165.4,online
1841,2.0,Online Customer 246,online_676@gmail.com,9876521176,"Mumbai Suburban Area, India",2024-08-22T17:15:31.171307,Delivered,351.98,online
1842,2.0,Online Customer 967,online_935@gmail.com,9876537297,"Mumbai Suburban Area, India",2024-08-22T19:27:55.171307,Delivered,77205.32,online
1843,,Online Customer 611,online_567@gmail.com,9876515930,"Mumbai Suburban Area, India",2024-08-23T15:34:11.171307,Delivered,2826.55,online
1844,,Online Customer 953,online_228@gmail.com,9876527443,"Mumbai Suburban Area, India",2024-08-23T17:20:33.171307,Delivered,3594.52,online
1845,2.0,Online Customer 298,online_730@gmail.com,9876524673,"Mumbai Suburban Area, India",2024-08-23T18:15:09.171307,Delivered,777.63,online
1846,2.0,Online Customer 863,online_909@gmail.com,9876599306,"Mumbai Suburban Area, India",2024-08-24T18:00:58.171307,Delivered,1472.73,online
1847,2.0,Online Customer 583,online_525@gmail.com,9876540958,"Mumbai Suburban Area, India",2024-08-24T18:57:32.171307,Delivered,2127.82,online
1848,,Online Customer 386,online_95@gmail.com,9876595362,"Mumbai Suburban Area, India",2024-08-24T18:09:20.171307,Delivered,263.17,online
1849,2.0,Online Customer 329,online_631@gmail.com,9876512657,"Mumbai Suburban Area, India",2024-08-25T16:57:21.171307,Delivered,605.0,online
1850,2.0,Online Customer 635,online_746@gmail.com,9876590163,"Mumbai Suburban Area, India",2024-08-25T12:53:51.171307,Delivered,80137.49,online
1851,,Online Customer 447,online_611@gmail.com,9876597547,"Mumbai Suburban Area, India",2024-08-25T13:57:48.171307,Delivered,1159.47,online
1852,,Online Customer 275,online_939@gmail.com,9876584575,"Mumbai Suburban Area, India",2024-08-25T11:14:13.171307,Delivered,803.67,online
1853,,Online Customer 367,online_272@gmail.com,9876555668,"Mumbai Suburban Area, India",2024-08-25T12:25:07.171307,Delivered,1286.08,online
1854,,Online Customer 127,online_982@gmail.com,9876538635,"Mumbai Suburban Area, India",2024-08-26T10:49:08.171307,Delivered,1060.73,online
1855,,Online Customer 609,online_904@gmail.com,9876563359,"Mumbai Suburban Area, India",2024-08-26T09:16:56.171307,Delivered,368.61,online
1856,,Online Customer 790,online_533@gmail.com,9876517432,"Mumbai Suburban Area, India",2024-08-26T15:53:07.171307,Delivered,847.26,online
1857,,Online Customer 917,online_927@gmail.com,9876559629,"Mumbai Suburban Area, India",2024-08-26T18:03:35.171307,Delivered,40120.38,online
1858,,Online Customer 586,online_602@gmail.com,9876554025,"Mumbai Suburban Area, India",2024-08-28T15:20:13.171307,Delivered,2095.37,online
1859,2.0,Online Customer 453,online_230@gmail.com,9876521728,"Mumbai Suburban Area, India",2024-08-28T13:25:23.171307,Delivered,11752.34,online
1860,,Online Customer 414,online_605@gmail.com,9876595848,"Mumbai Suburban Area, India",2024-08-29T20:38:48.171307,Delivered,1312.78,online
1861,2.0,Online Customer 341,online_960@gmail.com,9876546954,"Mumbai Suburban Area, India",2024-08-29T14:31:02.171307,Delivered,2922.11,online
1862,2.0,Online Customer 274,online_592@gmail.com,9876553556,"Mumbai Suburban Area, India",2024-08-30T11:29:31.171307,Delivered,42040.82,online
1863,,Online Customer 637,online_791@gmail.com,9876596849,"Mumbai Suburban Area, India",2024-08-30T13:36:01.171307,Delivered,2622.32,online
1864,2.0,Online Customer 301,online_640@gmail.com,9876530454,"Mumbai Suburban Area, India",2024-08-30T09:08:00.171307,Delivered,517.06,online
1865,2.0,Online Customer 741,online_631@gmail.com,9876580686,"Mumbai Suburban Area, India",2024-08-30T14:59:32.171307,Delivered,1637.08,online
1866,2.0,Online Customer 111,online_83@gmail.com,9876523103,"Mumbai Suburban Area, India",2024-08-31T18:52:08.171307,Pending,76.79,online
1867,2.0,Online Customer 663,online_349@gmail.com,9876541630,"Mumbai Suburban Area, India",2024-08-31T21:00:57.171307,Delivered,76.79,online
1868,2.0,Online Customer 726,online_435@gmail.com,9876547925,"Mumbai Suburban Area, India",2024-08-31T19:42:30.171307,Delivered,76.79,online
1869,,Online Customer 443,online_753@gmail.com,9876556805,"Mumbai Suburban Area, India",2024-08-31T11:51:41.171307,Delivered,72.78,online
1870,,Online Customer 366,online_817@gmail.com,9876543102,"Mumbai Suburban Area, India",2024-09-05T21:55:20.171307,Delivered,17261.42,online
1871,,Online Customer 473,online_784@gmail.com,9876517976,"Mumbai Suburban Area, India",2024-09-05T13:48:12.171307,Pending,69067.9,online
1872,2.0,Online Customer 726,online_488@gmail.com,9876540904,"Mumbai Suburban Area, India",2024-09-05T12:49:05.171307,Pending,191.99,online
1873,2.0,Online Customer 506,online_59@gmail.com,9876583583,"Mumbai Suburban Area, India",2024-09-06T13:42:59.171307,Delivered,15602.68,online
1874,,Online Customer 501,online_835@gmail.com,9876546307,"Mumbai Suburban Area, India",2024-09-06T11:44:32.171307,Pending,16957.58,online
1875,2.0,Online Customer 121,online_950@gmail.com,9876569627,"Mumbai Suburban Area, India",2024-09-07T10:02:23.171307,Delivered,726.32,online
1876,2.0,Online Customer 586,online_203@gmail.com,9876582027,"Mumbai Suburban Area, India",2024-09-07T14:04:56.171307,Delivered,1493.44,online
1877,2.0,Online Customer 881,online_275@gmail.com,9876516692,"Mumbai Suburban Area, India",2024-09-07T12:48:25.171307,Delivered,1147.62,online
1878,2.0,Online Customer 179,online_582@gmail.com,9876514200,"Mumbai Suburban Area, India",2024-09-07T21:31:11.171307,Pending,82887.51,online
1879,,Online Customer 454,online_391@gmail.com,9876529210,"Mumbai Suburban Area, India",2024-09-08T19:49:33.171307,Delivered,666.86,online
1880,2.0,Online Customer 551,online_885@gmail.com,9876526865,"Mumbai Suburban Area, India",2024-09-08T13:54:00.171307,Delivered,1290.64,online
1881,,Online Customer 867,online_519@gmail.com,9876515800,"Mumbai Suburban Area, India",2024-09-08T20:30:41.171307,Pending,1533.7,online
1882,,Online Customer 507,online_120@gmail.com,9876568999,"Mumbai Suburban Area, India",2024-09-08T20:43:28.171307,Delivered,82675.56,online
1883,,Online Customer 880,online_874@gmail.com,9876555464,"Mumbai Suburban Area, India",2024-09-08T17:58:22.171307,Delivered,815.76,online
1884,2.0,Online Customer 206,online_763@gmail.com,9876569423,"Mumbai Suburban Area, India",2024-09-08T21:08:53.171307,Delivered,18244.96,online
1885,2.0,Online Customer 806,online_836@gmail.com,9876566375,"Mumbai Suburban Area, India",2024-09-08T17:13:57.171307,Delivered,878.83,online
1886,,Online Customer 253,online_376@gmail.com,9876556175,"Mumbai Suburban Area, India",2024-09-08T12:00:05.171307,Delivered,81427.02,online
1887,,Online Customer 873,online_769@gmail.com,9876544191,"Mumbai Suburban Area, India",2024-09-09T20:58:49.171307,Delivered,632.11,online
1888,,Online Customer 325,online_470@gmail.com,9876598136,"Mumbai Suburban Area, India",2024-09-09T21:56:00.171307,Delivered,2737.81,online
1889,2.0,Online Customer 226,online_738@gmail.com,9876596022,"Mumbai Suburban Area, India",2024-09-10T09:21:57.171307,Delivered,8977.21,online
1890,2.0,Online Customer 647,online_533@gmail.com,9876520368,"Mumbai Suburban Area, India",2024-09-11T09:35:51.171307,Delivered,8791.96,online
1891,2.0,Online Customer 751,online_71@gmail.com,9876579801,"Mumbai Suburban Area, India",2024-09-11T20:40:01.171307,Delivered,9294.36,online
1892,,Online Customer 924,online_787@gmail.com,9876531819,"Mumbai Suburban Area, India",2024-09-20T16:39:59.171307,Delivered,3285.18,online
1893,2.0,Online Customer 350,online_830@gmail.com,9876536190,"Mumbai Suburban Area, India",2024-09-20T10:31:59.171307,Delivered,2580.38,online
1894,,Online Customer 180,online_238@gmail.com,9876514018,"Mumbai Suburban Area, India",2024-09-21T14:55:06.171307,Delivered,14945.44,online
1895,2.0,Online Customer 283,online_806@gmail.com,9876541919,"Mumbai Suburban Area, India",2024-09-21T11:49:52.171307,Delivered,957.34,online
1896,,Online Customer 712,online_946@gmail.com,9876543043,"Mumbai Suburban Area, India",2024-09-21T15:40:12.171307,Delivered,342.28,online
1897,,Online Customer 745,online_276@gmail.com,9876584076,"Mumbai Suburban Area, India",2024-09-21T09:18:01.171307,Pending,1367.47,online
1898,,Online Customer 514,online_628@gmail.com,9876559852,"Mumbai Suburban Area, India",2024-09-22T13:38:57.171307,Delivered,10473.7,online
1899,,Online Customer 357,online_508@gmail.com,9876598528,"Mumbai Suburban Area, India",2024-09-22T12:24:05.171307,Delivered,3796.28,online
1900,,Online Customer 946,online_495@gmail.com,9876523982,"Mumbai Suburban Area, India",2024-09-22T10:47:52.171307,Delivered,2095.17,online
1901,2.0,Online Customer 564,online_442@gmail.com,9876548223,"Mumbai Suburban Area, India",2024-09-23T16:22:44.171307,Delivered,904.18,online
1902,2.0,Online Customer 299,online_654@gmail.com,9876585759,"Mumbai Suburban Area, India",2024-09-24T15:44:27.171307,Delivered,878.58,online
1903,2.0,Online Customer 616,online_346@gmail.com,9876587376,"Mumbai Suburban Area, India",2024-09-25T20:37:02.171307,Delivered,2189.04,online
1904,2.0,Online Customer 233,online_302@gmail.com,9876581308,"Mumbai Suburban Area, India",2024-09-25T11:38:03.171307,Delivered,13429.54,online
1905,2.0,Online Customer 615,online_176@gmail.com,9876569601,"Mumbai Suburban Area, India",2024-09-26T18:12:42.171307,Delivered,2189.04,online
1906,,Online Customer 514,online_319@gmail.com,9876529792,"Mumbai Suburban Area, India",2024-09-27T14:17:13.171307,Delivered,4151.7,online
1907,2.0,Online Customer 785,online_759@gmail.com,9876555913,"Mumbai Suburban Area, India",2024-09-27T20:32:56.171307,Pending,2418.15,online
1908,2.0,Online Customer 214,online_12@gmail.com,9876587332,"Mumbai Suburban Area, India",2024-09-27T11:29:45.171307,Delivered,3927.12,online
1909,2.0,Online Customer 181,online_737@gmail.com,9876531015,"Mumbai Suburban Area, India",2024-09-27T14:46:11.171307,Delivered,6338.6,online
1910,,Online Customer 203,online_446@gmail.com,9876536740,"Mumbai Suburban Area, India",2024-09-27T09:23:55.171307,Pending,4932.8,online
1911,2.0,Online Customer 174,online_37@gmail.com,9876546216,"Mumbai Suburban Area, India",2024-09-28T17:27:58.171307,Delivered,2450.07,online
1912,,Online Customer 209,online_755@gmail.com,9876520840,"Mumbai Suburban Area, India",2024-09-28T16:57:31.171307,Delivered,381.77,online
1913,2.0,Online Customer 234,online_761@gmail.com,9876569916,"Mumbai Suburban Area, India",2024-09-29T21:47:43.171307,Delivered,805.66,online
1914,2.0,Online Customer 337,online_673@gmail.com,9876544909,"Mumbai Suburban Area, India",2024-09-29T15:02:37.171307,Pending,1554.46,online
1915,2.0,Online Customer 516,online_148@gmail.com,9876567770,"Mumbai Suburban Area, India",2024-10-05T14:10:50.171307,Delivered,2837.54,online
1916,2.0,Online Customer 633,online_299@gmail.com,9876556683,"Mumbai Suburban Area, India",2024-10-05T10:21:18.171307,Delivered,1525.19,online
1917,2.0,Online Customer 291,online_398@gmail.com,9876599526,"Mumbai Suburban Area, India",2024-10-05T18:31:11.171307,Delivered,5856.14,online
1918,,Online Customer 197,online_167@gmail.com,9876577937,"Mumbai Suburban Area, India",2024-10-05T11:22:30.171307,Delivered,2010.18,online
1919,2.0,Online Customer 361,online_876@gmail.com,9876592538,"Mumbai Suburban Area, India",2024-10-06T19:31:12.171307,Delivered,1648.52,online
1920,2.0,Online Customer 100,online_842@gmail.com,9876559725,"Mumbai Suburban Area, India",2024-10-06T10:31:12.171307,Delivered,5128.84,online
1921,2.0,Online Customer 852,online_558@gmail.com,9876587608,"Mumbai Suburban Area, India",2024-10-06T14:48:25.171307,Pending,2694.58,online
1922,,Online Customer 500,online_432@gmail.com,9876591100,"Mumbai Suburban Area, India",2024-10-06T14:21:44.171307,Pending,68484.58,online
1923,2.0,Online Customer 874,online_156@gmail.com,9876529407,"Mumbai Suburban Area, India",2024-10-08T13:02:14.171307,Pending,1175.66,online
1924,2.0,Online Customer 743,online_880@gmail.com,9876548927,"Mumbai Suburban Area, India",2024-10-08T21:29:11.171307,Delivered,2762.46,online
1925,,Online Customer 782,online_789@gmail.com,9876578488,"Mumbai Suburban Area, India",2024-10-09T19:14:46.171307,Delivered,22725.44,online
1926,2.0,Online Customer 972,online_596@gmail.com,9876578220,"Mumbai Suburban Area, India",2024-10-09T10:39:26.171307,Pending,3491.39,online
1927,,Online Customer 874,online_104@gmail.com,9876574965,"Mumbai Suburban Area, India",2024-10-09T21:39:16.171307,Delivered,991.98,online
1928,2.0,Online Customer 416,online_241@gmail.com,9876570335,"Mumbai Suburban Area, India",2024-10-10T15:57:27.171307,Delivered,639.77,online
1929,2.0,Online Customer 556,online_170@gmail.com,9876552615,"Mumbai Suburban Area, India",2024-10-10T14:36:11.171307,Delivered,3749.49,online
1930,,Online Customer 652,online_526@gmail.com,9876552944,"Mumbai Suburban Area, India",2024-10-10T21:11:39.171307,Delivered,461.94,online
1931,2.0,Online Customer 152,online_799@gmail.com,9876536385,"Mumbai Suburban Area, India",2024-10-11T17:02:29.171307,Delivered,423.9,online
1932,2.0,Online Customer 791,online_729@gmail.com,9876553578,"Mumbai Suburban Area, India",2024-10-11T18:21:12.171307,Delivered,247.17,online
1933,,Online Customer 964,online_82@gmail.com,9876559267,"Mumbai Suburban Area, India",2024-10-11T13:34:53.171307,Delivered,26560.82,online
1934,,Online Customer 112,online_715@gmail.com,9876510899,"Mumbai Suburban Area, India",2024-10-11T14:50:48.171307,Delivered,248.99,online
1935,,Online Customer 421,online_571@gmail.com,9876566586,"Mumbai Suburban Area, India",2024-10-11T09:24:13.171307,Delivered,4211.55,online
1936,2.0,Online Customer 519,online_226@gmail.com,9876533946,"Mumbai Suburban Area, India",2024-10-12T16:46:31.171307,Delivered,53367.06,online
1937,,Online Customer 931,online_911@gmail.com,9876565307,"Mumbai Suburban Area, India",2024-10-12T17:12:02.171307,Delivered,262.73,online
1938,,Online Customer 555,online_666@gmail.com,9876591771,"Mumbai Suburban Area, India",2024-10-12T17:10:58.171307,Delivered,1433.16,online
1939,,Online Customer 188,online_658@gmail.com,9876542799,"Mumbai Suburban Area, India",2024-10-12T14:02:50.171307,Pending,3202.97,online
1940,2.0,Online Customer 317,online_217@gmail.com,9876550098,"Mumbai Suburban Area, India",2024-10-12T19:23:34.171307,Delivered,2173.65,online
1941,2.0,Online Customer 821,online_18@gmail.com,9876575136,"Mumbai Suburban Area, India",2024-10-12T10:20:06.171307,Delivered,4283.71,online
1942,,Online Customer 478,online_982@gmail.com,9876539422,"Mumbai Suburban Area, India",2024-10-12T20:59:33.171307,Delivered,51234.66,online
1943,,Online Customer 878,online_108@gmail.com,9876514557,"Mumbai Suburban Area, India",2024-10-12T17:01:10.171307,Pending,26288.4,online
1944,,Online Customer 990,online_827@gmail.com,9876559965,"Mumbai Suburban Area, India",2024-10-12T16:00:48.171307,Delivered,49795.56,online
1945,2.0,Online Customer 778,online_296@gmail.com,9876594410,"Mumbai Suburban Area, India",2024-10-12T17:09:49.171307,Delivered,494.34,online
1946,2.0,Online Customer 560,online_6@gmail.com,9876597297,"Mumbai Suburban Area, India",2024-10-13T21:36:33.171307,Pending,1588.94,online
1947,,Online Customer 908,online_14@gmail.com,9876535739,"Mumbai Suburban Area, India",2024-10-13T20:56:38.171307,Delivered,878.01,online
1948,,Online Customer 317,online_179@gmail.com,9876526169,"Mumbai Suburban Area, India",2024-10-13T15:50:54.171307,Delivered,3520.4,online
1949,,Online Customer 862,online_716@gmail.com,9876563715,"Mumbai Suburban Area, India",2024-10-13T11:16:11.171307,Delivered,445.42,online
1950,,Online Customer 259,online_823@gmail.com,9876544808,"Mumbai Suburban Area, India",2024-10-21T09:16:07.171307,Delivered,9175.75,online
1951,,Online Customer 170,online_833@gmail.com,9876546824,"Mumbai Suburban Area, India",2024-10-21T13:03:47.171307,Delivered,454.6,online
1952,2.0,Online Customer 307,online_244@gmail.com,9876526678,"Mumbai Suburban Area, India",2024-10-21T14:03:52.171307,Delivered,16884.36,online
1953,,Online Customer 788,online_834@gmail.com,9876562234,"Mumbai Suburban Area, India",2024-10-21T12:16:55.171307,Delivered,276.56,online
1954,,Online Customer 814,online_170@gmail.com,9876530368,"Mumbai Suburban Area, India",2024-10-22T15:40:16.171307,Delivered,9965.8,online
1955,2.0,Online Customer 684,online_506@gmail.com,9876568809,"Mumbai Suburban Area, India",2024-10-22T16:07:45.171307,Delivered,2448.47,online
1956,2.0,Online Customer 528,online_160@gmail.com,9876543240,"Mumbai Suburban Area, India",2024-10-23T19:49:51.171307,Delivered,23565.29,online
1957,,Online Customer 203,online_462@gmail.com,9876569701,"Mumbai Suburban Area, India",2024-10-23T18:39:05.171307,Delivered,643.64,online
1958,,Online Customer 717,online_390@gmail.com,9876528864,"Mumbai Suburban Area, India",2024-10-23T20:25:34.171307,Delivered,3600.04,online
1959,,Online Customer 657,online_211@gmail.com,9876560291,"Mumbai Suburban Area, India",2024-10-23T20:54:00.171307,Delivered,1180.08,online
1960,,Online Customer 921,online_22@gmail.com,9876541388,"Mumbai Suburban Area, India",2024-10-23T10:30:47.171307,Delivered,3167.2,online
1961,2.0,Online Customer 829,online_360@gmail.com,9876550487,"Mumbai Suburban Area, India",2024-10-24T20:59:57.171307,Delivered,26458.34,online
1962,,Online Customer 299,online_99@gmail.com,9876551936,"Mumbai Suburban Area, India",2024-10-24T12:21:08.171307,Delivered,227.3,online
1963,2.0,Online Customer 309,online_953@gmail.com,9876541043,"Mumbai Suburban Area, India",2024-10-24T21:20:27.171307,Pending,10296.57,online
1964,,Online Customer 515,online_471@gmail.com,9876540742,"Mumbai Suburban Area, India",2024-10-25T09:48:12.171307,Delivered,10175.2,online
1965,2.0,Online Customer 252,online_296@gmail.com,9876539159,"Mumbai Suburban Area, India",2024-10-26T09:30:04.171307,Delivered,223.24,online
1966,,Online Customer 762,online_637@gmail.com,9876591829,"Mumbai Suburban Area, India",2024-10-27T09:47:57.171307,Delivered,1425.77,online
1967,,Online Customer 101,online_56@gmail.com,9876532473,"Mumbai Suburban Area, India",2024-10-28T15:46:02.171307,Delivered,2720.03,online
1968,2.0,Online Customer 459,online_710@gmail.com,9876522545,"Mumbai Suburban Area, India",2024-10-28T11:17:07.171307,Delivered,20483.7,online
1969,,Online Customer 705,online_861@gmail.com,9876579951,"Mumbai Suburban Area, India",2024-10-29T12:11:35.171307,Delivered,11410.44,online
1970,2.0,Online Customer 789,online_798@gmail.com,9876579190,"Mumbai Suburban Area, India",2024-10-29T18:02:36.171307,Delivered,11132.1,online
1971,,Online Customer 234,online_313@gmail.com,9876565510,"Mumbai Suburban Area, India",2024-10-29T21:02:13.171307,Delivered,1354.87,online
1972,2.0,Online Customer 845,online_115@gmail.com,9876597732,"Mumbai Suburban Area, India",2024-10-29T14:46:57.171307,Pending,21111.45,online
1973,2.0,Online Customer 673,online_480@gmail.com,9876571116,"Mumbai Suburban Area, India",2024-11-05T16:18:39.171307,Delivered,3068.36,online
1974,,Online Customer 297,online_866@gmail.com,9876519931,"Mumbai Suburban Area, India",2024-11-06T11:43:13.171307,Delivered,862.44,online
1975,,Online Customer 703,online_856@gmail.com,9876517911,"Mumbai Suburban Area, India",2024-11-06T16:12:13.171307,Delivered,277.68,online
1976,,Online Customer 690,online_463@gmail.com,9876566943,"Mumbai Suburban Area, India",2024-11-06T12:24:21.171307,Delivered,45858.17,online
1977,,Online Customer 340,online_811@gmail.com,9876529977,"Mumbai Suburban Area, India",2024-11-06T14:07:47.171307,Delivered,808.1,online
1978,,Online Customer 627,online_299@gmail.com,9876526355,"Mumbai Suburban Area, India",2024-11-07T15:59:52.171307,Delivered,30592.09,online
1979,2.0,Online Customer 319,online_918@gmail.com,9876580121,"Mumbai Suburban Area, India",2024-11-07T16:34:52.171307,Delivered,2185.43,online
1980,,Online Customer 695,online_722@gmail.com,9876518373,"Mumbai Suburban Area, India",2024-11-07T17:09:54.171307,Delivered,237.01,online
1981,2.0,Online Customer 768,online_981@gmail.com,9876558083,"Mumbai Suburban Area, India",2024-11-08T18:14:07.171307,Delivered,20780.8,online
1982,,Online Customer 499,online_946@gmail.com,9876571031,"Mumbai Suburban Area, India",2024-11-08T17:15:56.171307,Pending,2271.34,online
1983,,Online Customer 358,online_815@gmail.com,9876556442,"Mumbai Suburban Area, India",2024-11-08T17:58:35.171307,Delivered,138.52,online
1984,2.0,Online Customer 198,online_789@gmail.com,9876511556,"Mumbai Suburban Area, India",2024-11-08T20:31:30.171307,Delivered,53373.13,online
1985,2.0,Online Customer 305,online_795@gmail.com,9876567659,"Mumbai Suburban Area, India",2024-11-08T21:31:10.171307,Pending,54510.52,online
1986,,Online Customer 215,online_819@gmail.com,9876533640,"Mumbai Suburban Area, India",2024-11-08T11:13:41.171307,Delivered,36372.65,online
1987,,Online Customer 911,online_428@gmail.com,9876521334,"Mumbai Suburban Area, India",2024-11-08T14:58:53.171307,Delivered,30406.68,online
1988,,Online Customer 670,online_249@gmail.com,9876553733,"Mumbai Suburban Area, India",2024-11-09T10:24:19.171307,Delivered,133.17,online
1989,2.0,Online Customer 111,online_772@gmail.com,9876589745,"Mumbai Suburban Area, India",2024-11-09T10:18:24.171307,Delivered,15203.34,online
1990,,Online Customer 768,online_697@gmail.com,9876514750,"Mumbai Suburban Area, India",2024-11-09T17:23:32.171307,Delivered,17659.5,online
1991,2.0,Online Customer 408,online_166@gmail.com,9876572192,"Mumbai Suburban Area, India",2024-11-09T12:46:10.171307,Delivered,33295.79,online
1992,,Online Customer 530,online_649@gmail.com,9876584390,"Mumbai Suburban Area, India",2024-11-09T11:33:43.171307,Delivered,30406.68,online
1993,,Online Customer 405,online_430@gmail.com,9876558286,"Mumbai Suburban Area, India",2024-11-09T14:38:30.171307,Delivered,1041.2,online
1994,2.0,Online Customer 111,online_721@gmail.com,9876578198,"Mumbai Suburban Area, India",2024-11-09T11:15:14.171307,Delivered,47142.81,online
1995,,Online Customer 161,online_939@gmail.com,9876547467,"Mumbai Suburban Area, India",2024-11-09T09:24:11.171307,Delivered,65.25,online
1996,,Online Customer 723,online_32@gmail.com,9876595306,"Mumbai Suburban Area, India",2024-11-10T14:16:56.171307,Delivered,15646.82,online
1997,2.0,Online Customer 195,online_474@gmail.com,9876543846,"Mumbai Suburban Area, India",2024-11-10T15:28:39.171307,Pending,16920.01,online
1998,2.0,Online Customer 680,online_586@gmail.com,9876594565,"Mumbai Suburban Area, India",2024-11-10T15:13:39.171307,Delivered,35290.19,online
1999,,Online Customer 514,online_934@gmail.com,9876587138,"Mumbai Suburban Area, India",2024-11-10T11:00:01.171307,Delivered,2139.68,online
2000,2.0,Online Customer 408,online_716@gmail.com,9876545272,"Mumbai Suburban Area, India",2024-11-11T13:46:55.171307,Delivered,2591.1,online
2001,,Online Customer 570,online_553@gmail.com,9876578532,"Mumbai Suburban Area, India",2024-11-12T15:25:05.171307,Delivered,36443.1,online
2002,,Online Customer 151,online_120@gmail.com,9876512982,"Mumbai Suburban Area, India",2024-11-12T18:12:55.171307,Delivered,254.49,online
2003,,Online Customer 849,online_751@gmail.com,9876558859,"Mumbai Suburban Area, India",2024-11-12T11:30:09.171307,Delivered,21005.34,online
2004,,Online Customer 228,online_732@gmail.com,9876547306,"Mumbai Suburban Area, India",2024-11-20T16:05:49.171307,Delivered,330.8,online
2005,,Online Customer 323,online_885@gmail.com,9876547036,"Mumbai Suburban Area, India",2024-11-20T15:02:35.171307,Delivered,55947.72,online
2006,,Online Customer 551,online_580@gmail.com,9876580250,"Mumbai Suburban Area, India",2024-11-20T19:40:39.171307,Delivered,29960.6,online
2007,,Online Customer 791,online_137@gmail.com,9876553486,"Mumbai Suburban Area, India",2024-11-21T16:13:58.171307,Delivered,1415.28,online
2008,,Online Customer 382,online_856@gmail.com,9876558214,"Mumbai Suburban Area, India",2024-11-22T18:58:59.171307,Delivered,66287.24,online
2009,,Online Customer 866,online_888@gmail.com,9876582992,"Mumbai Suburban Area, India",2024-11-22T21:54:10.171307,Delivered,372.52,online
2010,,Online Customer 419,online_683@gmail.com,9876541232,"Mumbai Suburban Area, India",2024-11-23T21:37:08.171307,Delivered,3086.08,online
2011,2.0,Online Customer 628,online_738@gmail.com,9876545960,"Mumbai Suburban Area, India",2024-11-23T17:06:37.171307,Pending,125276.54,online
2012,,Online Customer 401,online_365@gmail.com,9876593953,"Mumbai Suburban Area, India",2024-11-23T14:46:26.171307,Delivered,712.83,online
2013,,Online Customer 927,online_386@gmail.com,9876543732,"Mumbai Suburban Area, India",2024-11-23T10:16:53.171307,Delivered,62622.42,online
2014,,Online Customer 627,online_418@gmail.com,9876580009,"Mumbai Suburban Area, India",2024-11-24T10:39:46.171307,Delivered,342.0,online
2015,2.0,Online Customer 903,online_219@gmail.com,9876554295,"Mumbai Suburban Area, India",2024-11-24T15:49:37.171307,Delivered,609.8,online
2016,,Online Customer 113,online_338@gmail.com,9876558741,"Mumbai Suburban Area, India",2024-11-24T11:07:11.171307,Delivered,23033.74,online
2017,,Online Customer 800,online_15@gmail.com,9876598897,"Mumbai Suburban Area, India",2024-11-24T19:14:57.171307,Delivered,1529.76,online
2018,,Online Customer 529,online_849@gmail.com,9876523690,"Mumbai Suburban Area, India",2024-11-24T09:03:39.171307,Delivered,46439.17,online
2019,,Online Customer 815,online_291@gmail.com,9876516963,"Mumbai Suburban Area, India",2024-11-25T15:45:03.171307,Delivered,333.69,online
2020,,Online Customer 919,online_984@gmail.com,9876519934,"Mumbai Suburban Area, India",2024-11-25T15:23:19.171307,Delivered,821.87,online
2021,,Online Customer 933,online_211@gmail.com,9876597753,"Mumbai Suburban Area, India",2024-11-25T15:33:06.171307,Delivered,330.2,online
2022,2.0,Online Customer 567,online_271@gmail.com,9876517267,"Mumbai Suburban Area, India",2024-11-25T14:02:43.171307,Delivered,27785.67,online
2023,2.0,Online Customer 608,online_803@gmail.com,9876582381,"Mumbai Suburban Area, India",2024-11-26T16:34:07.171307,Delivered,1806.27,online
2024,,Online Customer 732,online_432@gmail.com,9876537363,"Mumbai Suburban Area, India",2024-11-26T21:14:03.171307,Delivered,71392.46,online
2025,2.0,Online Customer 877,online_878@gmail.com,9876525238,"Mumbai Suburban Area, India",2024-11-26T12:10:44.171307,Delivered,3581.87,online
2026,2.0,Online Customer 213,online_2@gmail.com,9876510139,"Mumbai Suburban Area, India",2024-11-26T13:31:50.171307,Delivered,1437.56,online
2027,2.0,Online Customer 937,online_988@gmail.com,9876552846,"Mumbai Suburban Area, India",2024-11-27T20:18:32.171307,Delivered,35595.53,online
2028,2.0,Online Customer 373,online_273@gmail.com,9876587218,"Mumbai Suburban Area, India",2024-11-27T16:30:39.171307,Delivered,1670.27,online
2029,,Online Customer 188,online_441@gmail.com,9876549421,"Mumbai Suburban Area, India",2024-11-27T17:57:05.171307,Delivered,1294.06,online
2030,2.0,Online Customer 884,online_555@gmail.com,9876529156,"Mumbai Suburban Area, India",2024-11-27T20:56:33.171307,Delivered,2605.49,online
2031,2.0,Online Customer 915,online_584@gmail.com,9876559421,"Mumbai Suburban Area, India",2024-11-27T20:51:58.171307,Delivered,906.42,online
2032,,Online Customer 155,online_923@gmail.com,9876591514,"Mumbai Suburban Area, India",2024-11-27T12:46:42.171307,Delivered,1984.6,online
2033,2.0,Online Customer 895,online_742@gmail.com,9876548436,"Mumbai Suburban Area, India",2024-11-28T14:13:50.171307,Pending,31175.53,online
2034,2.0,Online Customer 433,online_639@gmail.com,9876528462,"Mumbai Suburban Area, India",2024-11-28T11:50:21.171307,Delivered,5267.3,online
2035,,Online Customer 456,online_342@gmail.com,9876572874,"Mumbai Suburban Area, India",2024-11-28T21:29:53.171307,Delivered,4563.1,online
2036,2.0,Online Customer 160,online_577@gmail.com,9876549091,"Mumbai Suburban Area, India",2024-11-28T11:07:14.171307,Delivered,80181.57,online
2037,2.0,Online Customer 523,online_133@gmail.com,9876558375,"Mumbai Suburban Area, India",2024-11-29T16:03:39.171307,Delivered,46287.56,online
2038,,Online Customer 113,online_430@gmail.com,9876524986,"Mumbai Suburban Area, India",2024-11-29T16:48:20.171307,Delivered,34039.03,online
2039,2.0,Online Customer 383,online_426@gmail.com,9876558202,"Mumbai Suburban Area, India",2024-11-29T18:52:31.171307,Delivered,259.01,online
2040,2.0,Online Customer 616,online_426@gmail.com,9876543910,"Mumbai Suburban Area, India",2024-11-29T17:47:13.171307,Delivered,234.99,online
2041,2.0,Online Customer 247,online_362@gmail.com,9876515326,"Mumbai Suburban Area, India",2024-11-29T21:22:12.171307,Delivered,469.98,online
2042,,Online Customer 956,online_868@gmail.com,9876514919,"Mumbai Suburban Area, India",2024-11-29T16:59:36.171307,Delivered,2056.67,online
2043,2.0,Online Customer 466,online_396@gmail.com,9876571980,"Mumbai Suburban Area, India",2024-11-30T19:12:35.171307,Delivered,27988.1,online
2044,2.0,Online Customer 120,online_103@gmail.com,9876553759,"Mumbai Suburban Area, India",2024-11-30T14:21:54.171307,Pending,833.2,online
2045,,Online Customer 656,online_798@gmail.com,9876543589,"Mumbai Suburban Area, India",2024-11-30T19:32:52.171307,Delivered,879.16,online
2046,2.0,Online Customer 183,online_76@gmail.com,9876549914,"Mumbai Suburban Area, India",2024-11-30T19:20:56.171307,Delivered,27108.94,online
2047,2.0,Online Customer 453,online_841@gmail.com,9876583692,"Mumbai Suburban Area, India",2024-12-05T15:02:20.171307,Delivered,12302.77,online
2048,2.0,Online Customer 889,online_248@gmail.com,9876589606,"Mumbai Suburban Area, India",2024-12-05T16:16:16.171307,Delivered,2066.4,online
2049,2.0,Online Customer 612,online_630@gmail.com,9876531869,"Mumbai Suburban Area, India",2024-12-05T09:46:38.171307,Delivered,28057.83,online
2050,,Online Customer 791,online_328@gmail.com,9876517205,"Mumbai Suburban Area, India",2024-12-05T13:51:30.171307,Delivered,1036.44,online
2051,,Online Customer 876,online_1000@gmail.com,9876563612,"Mumbai Suburban Area, India",2024-12-05T19:14:07.171307,Delivered,226.86,online
2052,2.0,Online Customer 514,online_741@gmail.com,9876512149,"Mumbai Suburban Area, India",2024-12-06T21:39:24.171307,Delivered,182.6,online
2053,2.0,Online Customer 689,online_126@gmail.com,9876565817,"Mumbai Suburban Area, India",2024-12-07T11:18:44.171307,Delivered,34497.55,online
2054,,Online Customer 893,online_798@gmail.com,9876533323,"Mumbai Suburban Area, India",2024-12-07T15:15:24.171307,Pending,45786.06,online
2055,2.0,Online Customer 488,online_788@gmail.com,9876556249,"Mumbai Suburban Area, India",2024-12-08T20:08:52.171307,Delivered,5554.58,online
2056,,Online Customer 260,online_996@gmail.com,9876568939,"Mumbai Suburban Area, India",2024-12-08T21:39:18.171307,Delivered,234.67,online
2057,,Online Customer 550,online_238@gmail.com,9876590110,"Mumbai Suburban Area, India",2024-12-08T11:24:43.171307,Delivered,57112.12,online
2058,2.0,Online Customer 331,online_276@gmail.com,9876586511,"Mumbai Suburban Area, India",2024-12-09T09:55:05.171307,Pending,38957.94,online
2059,2.0,Online Customer 205,online_901@gmail.com,9876523720,"Mumbai Suburban Area, India",2024-12-09T14:45:54.171307,Delivered,5860.38,online
2060,,Online Customer 916,online_943@gmail.com,9876553989,"Mumbai Suburban Area, India",2024-12-09T11:15:28.171307,Delivered,42336.33,online
2061,,Online Customer 806,online_48@gmail.com,9876577887,"Mumbai Suburban Area, India",2024-12-09T10:57:29.171307,Delivered,32746.89,online
2062,,Online Customer 545,online_755@gmail.com,9876566059,"Mumbai Suburban Area, India",2024-12-10T11:23:26.171307,Delivered,4808.66,online
2063,,Online Customer 576,online_877@gmail.com,9876585511,"Mumbai Suburban Area, India",2024-12-10T13:11:05.171307,Delivered,499.38,online
2064,2.0,Online Customer 460,online_225@gmail.com,9876560956,"Mumbai Suburban Area, India",2024-12-10T16:14:29.171307,Delivered,9361.56,online
2065,,Online Customer 164,online_103@gmail.com,9876589174,"Mumbai Suburban Area, India",2024-12-11T19:04:48.171307,Delivered,1688.33,online
2066,,Online Customer 435,online_428@gmail.com,9876570679,"Mumbai Suburban Area, India",2024-12-11T19:52:50.171307,Delivered,31320.03,online
2067,2.0,Online Customer 328,online_310@gmail.com,9876599504,"Mumbai Suburban Area, India",2024-12-11T15:57:05.171307,Delivered,2202.88,online
2068,,Online Customer 953,online_638@gmail.com,9876512357,"Mumbai Suburban Area, India",2024-12-11T10:13:55.171307,Delivered,94561.37,online
2069,,Online Customer 136,online_783@gmail.com,9876550357,"Mumbai Suburban Area, India",2024-12-11T11:08:59.171307,Delivered,1101.44,online
2070,,Online Customer 128,online_775@gmail.com,9876589358,"Mumbai Suburban Area, India",2024-12-12T21:50:42.171307,Delivered,18899.37,online
2071,2.0,Online Customer 237,online_531@gmail.com,9876527113,"Mumbai Suburban Area, India",2024-12-13T12:25:44.171307,Delivered,16921.78,online
2072,2.0,Online Customer 814,online_86@gmail.com,9876537571,"Mumbai Suburban Area, India",2024-12-13T12:17:12.171307,Delivered,90417.14,online
2073,,Online Customer 128,online_66@gmail.com,9876550420,"Mumbai Suburban Area, India",2024-12-13T11:13:58.171307,Delivered,31475.29,online
2074,,Online Customer 168,online_171@gmail.com,9876512625,"Mumbai Suburban Area, India",2024-12-14T11:49:05.171307,Delivered,810.12,online
2075,,Online Customer 821,online_355@gmail.com,9876512823,"Mumbai Suburban Area, India",2024-12-14T19:49:59.171307,Delivered,1589.19,online
2076,,Online Customer 749,online_614@gmail.com,9876581598,"Mumbai Suburban Area, India",2024-12-14T13:28:42.171307,Delivered,695.62,online
2077,2.0,Online Customer 698,online_772@gmail.com,9876523519,"Mumbai Suburban Area, India",2024-12-15T19:27:14.171307,Delivered,20550.65,online
2078,,Online Customer 111,online_165@gmail.com,9876530197,"Mumbai Suburban Area, India",2024-12-15T10:02:30.171307,Delivered,9045.01,online
2079,2.0,Online Customer 381,online_993@gmail.com,9876532513,"Mumbai Suburban Area, India",2024-12-15T16:56:21.171307,Delivered,351.57,online
2080,2.0,Online Customer 274,online_327@gmail.com,9876587298,"Mumbai Suburban Area, India",2024-12-16T11:05:29.171307,Delivered,988.88,online
2081,2.0,Online Customer 674,online_554@gmail.com,9876532402,"Mumbai Suburban Area, India",2024-12-16T14:35:44.171307,Delivered,33553.64,online
2082,,Online Customer 834,online_314@gmail.com,9876588465,"Mumbai Suburban Area, India",2024-12-16T11:04:19.171307,Delivered,9801.12,online
2083,2.0,Online Customer 746,online_286@gmail.com,9876565988,"Mumbai Suburban Area, India",2024-12-16T20:45:53.171307,Delivered,2705.39,online
2084,2.0,Online Customer 674,online_156@gmail.com,9876585416,"Mumbai Suburban Area, India",2024-12-17T11:35:59.171307,Delivered,12178.03,online
2085,,Online Customer 136,online_732@gmail.com,9876596743,"Mumbai Suburban Area, India",2024-12-17T21:10:27.171307,Delivered,1173.48,online
2086,2.0,Online Customer 227,online_667@gmail.com,9876537191,"Mumbai Suburban Area, India",2024-12-20T10:48:44.171307,Delivered,1858.2,online
2087,,Online Customer 895,online_654@gmail.com,9876514205,"Mumbai Suburban Area, India",2024-12-20T21:15:15.171307,Delivered,263.17,online
2088,2.0,Online Customer 296,online_274@gmail.com,9876548624,"Mumbai Suburban Area, India",2024-12-21T09:30:30.171307,Pending,1780.58,online
2089,2.0,Online Customer 470,online_118@gmail.com,9876536489,"Mumbai Suburban Area, India",2024-12-21T10:37:41.171307,Pending,452.58,online
2090,,Online Customer 327,online_190@gmail.com,9876591705,"Mumbai Suburban Area, India",2024-12-21T14:50:26.171307,Delivered,347.04,online
2091,2.0,Online Customer 118,online_37@gmail.com,9876545586,"Mumbai Suburban Area, India",2024-12-22T17:23:04.171307,Pending,6126.25,online
2092,2.0,Online Customer 847,online_349@gmail.com,9876579656,"Mumbai Suburban Area, India",2024-12-22T11:13:11.171307,Delivered,347.04,online
2093,,Online Customer 560,online_127@gmail.com,9876533106,"Mumbai Suburban Area, India",2024-12-22T19:42:27.171307,Delivered,2765.51,online
2094,,Online Customer 286,online_831@gmail.com,9876569798,"Mumbai Suburban Area, India",2024-12-22T17:29:36.171307,Delivered,940.96,online
2095,,Online Customer 890,online_961@gmail.com,9876517982,"Mumbai Suburban Area, India",2024-12-24T21:40:26.171307,Delivered,1141.01,online
2096,,Online Customer 526,online_653@gmail.com,9876519782,"Mumbai Suburban Area, India",2024-12-24T15:11:44.171307,Delivered,1645.15,online
2097,,Online Customer 399,online_262@gmail.com,9876588443,"Mumbai Suburban Area, India",2024-12-26T17:59:42.171307,Delivered,457.6,online
2098,,Online Customer 947,online_926@gmail.com,9876547351,"Mumbai Suburban Area, India",2024-12-26T19:17:15.171307,Delivered,383.32,online
2099,2.0,Online Customer 696,online_401@gmail.com,9876546287,"Mumbai Suburban Area, India",2025-01-05T21:45:31.171307,Delivered,15169.84,online
2100,,Online Customer 964,online_53@gmail.com,9876596368,"Mumbai Suburban Area, India",2025-01-05T10:21:09.171307,Delivered,50052.47,online
2101,2.0,Online Customer 899,online_790@gmail.com,9876575000,"Mumbai Suburban Area, India",2025-01-05T13:31:18.171307,Delivered,3466.54,online
2102,2.0,Online Customer 172,online_838@gmail.com,9876552314,"Mumbai Suburban Area, India",2025-01-05T14:38:21.171307,Delivered,2758.09,online
2103,2.0,Online Customer 776,online_946@gmail.com,9876590993,"Mumbai Suburban Area, India",2025-01-05T16:31:41.171307,Delivered,1330.93,online
2104,2.0,Online Customer 971,online_354@gmail.com,9876518905,"Mumbai Suburban Area, India",2025-01-06T18:39:05.171307,Delivered,1377.02,online
2105,2.0,Online Customer 346,online_801@gmail.com,9876564778,"Mumbai Suburban Area, India",2025-01-06T16:16:49.171307,Delivered,1507.68,online
2106,2.0,Online Customer 689,online_830@gmail.com,9876520815,"Mumbai Suburban Area, India",2025-01-06T20:52:44.171307,Pending,50752.4,online
2107,2.0,Online Customer 799,online_699@gmail.com,9876590559,"Mumbai Suburban Area, India",2025-01-07T14:56:13.171307,Delivered,3019.5,online
2108,2.0,Online Customer 760,online_990@gmail.com,9876571194,"Mumbai Suburban Area, India",2025-01-07T16:05:17.171307,Delivered,805.29,online
2109,2.0,Online Customer 150,online_482@gmail.com,9876569779,"Mumbai Suburban Area, India",2025-01-08T15:09:19.171307,Delivered,601.52,online
2110,2.0,Online Customer 293,online_571@gmail.com,9876527739,"Mumbai Suburban Area, India",2025-01-09T20:16:39.171307,Delivered,766.17,online
2111,2.0,Online Customer 438,online_750@gmail.com,9876512972,"Mumbai Suburban Area, India",2025-01-09T19:27:02.171307,Delivered,43298.53,online
2112,2.0,Online Customer 990,online_729@gmail.com,9876511269,"Mumbai Suburban Area, India",2025-01-09T20:30:55.171307,Delivered,29899.15,online
2113,2.0,Online Customer 635,online_351@gmail.com,9876532932,"Mumbai Suburban Area, India",2025-01-09T10:54:50.171307,Delivered,5314.59,online
2114,2.0,Online Customer 346,online_294@gmail.com,9876564242,"Mumbai Suburban Area, India",2025-01-09T17:11:28.171307,Delivered,1674.66,online
2115,,Online Customer 865,online_93@gmail.com,9876511459,"Mumbai Suburban Area, India",2025-01-10T20:02:21.171307,Delivered,4267.27,online
2116,2.0,Online Customer 212,online_281@gmail.com,9876559734,"Mumbai Suburban Area, India",2025-01-10T14:39:31.171307,Delivered,52774.87,online
2117,,Online Customer 544,online_982@gmail.com,9876560056,"Mumbai Suburban Area, India",2025-01-10T16:18:15.171307,Delivered,1868.52,online
2118,,Online Customer 265,online_27@gmail.com,9876550274,"Mumbai Suburban Area, India",2025-01-10T09:09:29.171307,Delivered,2419.92,online
2119,,Online Customer 597,online_7@gmail.com,9876586247,"Mumbai Suburban Area, India",2025-01-11T16:51:57.171307,Delivered,36987.14,online
2120,2.0,Online Customer 441,online_536@gmail.com,9876572666,"Mumbai Suburban Area, India",2025-01-11T13:09:50.171307,Delivered,16920.01,online
2121,2.0,Online Customer 976,online_309@gmail.com,9876589053,"Mumbai Suburban Area, India",2025-01-11T15:45:39.171307,Delivered,3257.56,online
2122,,Online Customer 569,online_750@gmail.com,9876598856,"Mumbai Suburban Area, India",2025-01-11T18:01:40.171307,Delivered,5433.16,online
2123,,Online Customer 217,online_228@gmail.com,9876599762,"Mumbai Suburban Area, India",2025-01-12T10:55:57.171307,Delivered,4434.72,online
2124,2.0,Online Customer 755,online_384@gmail.com,9876512976,"Mumbai Suburban Area, India",2025-01-12T09:46:57.171307,Delivered,3011.7,online
2125,2.0,Online Customer 684,online_78@gmail.com,9876599728,"Mumbai Suburban Area, India",2025-01-21T14:03:45.171307,Delivered,1591.2,online
2126,,Online Customer 570,online_408@gmail.com,9876588046,"Mumbai Suburban Area, India",2025-01-21T18:37:30.171307,Delivered,21014.47,online
2127,2.0,Online Customer 830,online_102@gmail.com,9876587852,"Mumbai Suburban Area, India",2025-01-21T19:27:30.171307,Delivered,818.48,online
2128,,Online Customer 838,online_211@gmail.com,9876512800,"Mumbai Suburban Area, India",2025-01-22T20:47:20.171307,Delivered,37256.52,online
2129,2.0,Online Customer 668,online_870@gmail.com,9876564113,"Mumbai Suburban Area, India",2025-01-23T15:38:39.171307,Delivered,1175.55,online
2130,2.0,Online Customer 540,online_401@gmail.com,9876580352,"Mumbai Suburban Area, India",2025-01-23T12:21:15.171307,Delivered,165.4,online
2131,2.0,Online Customer 969,online_786@gmail.com,9876582132,"Mumbai Suburban Area, India",2025-01-23T18:13:13.171307,Pending,216.38,online
2132,,Online Customer 101,online_820@gmail.com,9876523905,"Mumbai Suburban Area, India",2025-01-23T10:26:27.171307,Delivered,1085.52,online
2133,2.0,Online Customer 619,online_784@gmail.com,9876547387,"Mumbai Suburban Area, India",2025-01-24T18:30:57.171307,Delivered,2181.78,online
2134,,Online Customer 172,online_88@gmail.com,9876581797,"Mumbai Suburban Area, India",2025-01-24T19:42:56.171307,Delivered,415.71,online
2135,,Online Customer 358,online_175@gmail.com,9876557892,"Mumbai Suburban Area, India",2025-01-24T14:03:10.171307,Pending,703.14,online
2136,,Online Customer 898,online_201@gmail.com,9876577328,"Mumbai Suburban Area, India",2025-01-24T16:02:46.171307,Delivered,32411.16,online
2137,,Online Customer 194,online_473@gmail.com,9876568115,"Mumbai Suburban Area, India",2025-01-25T12:25:57.171307,Delivered,11539.01,online
2138,2.0,Online Customer 891,online_52@gmail.com,9876533199,"Mumbai Suburban Area, India",2025-01-25T12:31:11.171307,Delivered,613.94,online
2139,,Online Customer 555,online_657@gmail.com,9876529007,"Mumbai Suburban Area, India",2025-01-25T14:39:08.171307,Delivered,344.04,online
2140,2.0,Online Customer 646,online_990@gmail.com,9876562179,"Mumbai Suburban Area, India",2025-01-26T12:59:14.171307,Delivered,350.22,online
2141,2.0,Online Customer 862,online_641@gmail.com,9876552206,"Mumbai Suburban Area, India",2025-01-26T17:10:00.171307,Delivered,2585.9,online
2142,2.0,Online Customer 121,online_584@gmail.com,9876517137,"Mumbai Suburban Area, India",2025-01-26T15:47:11.171307,Delivered,71228.4,online
2143,2.0,Online Customer 461,online_971@gmail.com,9876556649,"Mumbai Suburban Area, India",2025-01-26T20:11:47.171307,Pending,39028.22,online
2144,,Online Customer 980,online_704@gmail.com,9876556637,"Mumbai Suburban Area, India",2025-01-27T09:41:47.171307,Delivered,52899.91,online
2145,,Online Customer 603,online_468@gmail.com,9876585525,"Mumbai Suburban Area, India",2025-01-27T14:35:55.171307,Delivered,330.8,online
2146,,Online Customer 992,online_936@gmail.com,9876531741,"Mumbai Suburban Area, India",2025-01-27T09:46:13.171307,Delivered,1878.42,online
2147,2.0,Online Customer 364,online_338@gmail.com,9876567765,"Mumbai Suburban Area, India",2025-01-28T13:10:23.171307,Delivered,1927.38,online
2148,2.0,Online Customer 510,online_596@gmail.com,9876527896,"Mumbai Suburban Area, India",2025-01-28T11:36:42.171307,Delivered,1209.49,online
2149,,Online Customer 324,online_550@gmail.com,9876533735,"Mumbai Suburban Area, India",2025-01-29T16:50:31.171307,Pending,805.44,online
2150,2.0,Online Customer 833,online_522@gmail.com,9876540674,"Mumbai Suburban Area, India",2025-01-29T20:51:41.171307,Delivered,10544.61,online
2151,2.0,Online Customer 473,online_71@gmail.com,9876596597,"Mumbai Suburban Area, India",2025-01-29T14:35:59.171307,Delivered,430.06,online
2152,,Online Customer 690,online_496@gmail.com,9876528081,"Mumbai Suburban Area, India",2025-01-30T21:27:34.171307,Delivered,1025.36,online
2153,,Online Customer 720,online_348@gmail.com,9876547844,"Mumbai Suburban Area, India",2025-01-30T15:37:21.171307,Delivered,1212.53,online
2154,2.0,Online Customer 233,online_856@gmail.com,9876557195,"Mumbai Suburban Area, India",2025-01-31T18:08:42.171307,Delivered,733.76,online
2155,2.0,Online Customer 440,online_476@gmail.com,9876579644,"Mumbai Suburban Area, India",2025-01-31T19:02:29.171307,Pending,2158.76,online
2156,2.0,Online Customer 348,online_982@gmail.com,9876543337,"Mumbai Suburban Area, India",2025-01-31T14:02:10.171307,Delivered,1518.88,online
2157,2.0,Online Customer 983,online_492@gmail.com,9876560980,"Mumbai Suburban Area, India",2025-01-31T19:26:14.171307,Delivered,1143.34,online
2158,,Online Customer 321,online_835@gmail.com,9876544013,"Mumbai Suburban Area, India",2025-01-31T17:57:34.171307,Delivered,921.8,online
2159,2.0,Online Customer 737,online_98@gmail.com,9876512444,"Mumbai Suburban Area, India",2025-01-31T12:20:03.171307,Delivered,1654.84,online
2160,2.0,Online Customer 571,online_261@gmail.com,9876520409,"Mumbai Suburban Area, India",2025-01-31T20:21:11.171307,Delivered,2127.82,online
2161,2.0,Online Customer 570,online_14@gmail.com,9876520531,"Mumbai Suburban Area, India",2025-01-31T10:25:22.171307,Delivered,18984.51,online
2162,,Online Customer 498,online_580@gmail.com,9876598325,"Mumbai Suburban Area, India",2025-02-01T10:24:29.171307,Pending,1847.54,online
2163,2.0,Online Customer 622,online_579@gmail.com,9876597201,"Mumbai Suburban Area, India",2025-02-01T17:29:24.171307,Delivered,1217.69,online
2164,,Online Customer 450,online_62@gmail.com,9876559823,"Mumbai Suburban Area, India",2025-02-02T13:43:23.171307,Delivered,344.04,online
2165,,Online Customer 889,online_954@gmail.com,9876573704,"Mumbai Suburban Area, India",2025-02-02T16:02:00.171307,Delivered,2177.41,online
2166,2.0,Online Customer 305,online_348@gmail.com,9876586403,"Mumbai Suburban Area, India",2025-02-02T18:19:00.171307,Delivered,423.65,online
2167,,Online Customer 486,online_161@gmail.com,9876532402,"Mumbai Suburban Area, India",2025-02-03T21:19:17.171307,Delivered,916.6,online
2168,,Online Customer 369,online_626@gmail.com,9876526926,"Mumbai Suburban Area, India",2025-02-03T09:04:09.171307,Delivered,40832.23,online
2169,2.0,Online Customer 480,online_718@gmail.com,9876529944,"Mumbai Suburban Area, India",2025-02-03T21:22:26.171307,Delivered,3190.62,online
2170,2.0,Online Customer 764,online_705@gmail.com,9876531009,"Mumbai Suburban Area, India",2025-02-03T15:57:40.171307,Delivered,891.07,online
2171,2.0,Online Customer 818,online_640@gmail.com,9876541434,"Mumbai Suburban Area, India",2025-02-04T11:03:15.171307,Delivered,3230.2,online
2172,2.0,Online Customer 398,online_298@gmail.com,9876568483,"Mumbai Suburban Area, India",2025-02-04T13:09:38.171307,Delivered,497.64,online
2173,,Online Customer 577,online_12@gmail.com,9876531114,"Mumbai Suburban Area, India",2025-02-04T12:14:45.171307,Delivered,40754.13,online
2174,,Online Customer 355,online_69@gmail.com,9876532959,"Mumbai Suburban Area, India",2025-02-05T18:06:14.171307,Pending,1035.82,online
2175,2.0,Online Customer 568,online_349@gmail.com,9876531623,"Mumbai Suburban Area, India",2025-02-05T11:08:44.171307,Delivered,255.54,online
2176,,Online Customer 802,online_805@gmail.com,9876530190,"Mumbai Suburban Area, India",2025-02-06T10:43:59.171307,Delivered,1100.54,online
2177,2.0,Online Customer 267,online_598@gmail.com,9876553535,"Mumbai Suburban Area, India",2025-02-06T16:01:29.171307,Pending,654.88,online
2178,,Online Customer 217,online_582@gmail.com,9876561653,"Mumbai Suburban Area, India",2025-02-06T17:48:31.171307,Delivered,700.36,online
2179,,Online Customer 664,online_606@gmail.com,9876570508,"Mumbai Suburban Area, India",2025-02-06T15:09:13.171307,Delivered,18974.18,online
2180,2.0,Online Customer 882,online_108@gmail.com,9876539827,"Mumbai Suburban Area, India",2025-02-07T10:06:47.171307,Delivered,21183.24,online
2181,,Online Customer 658,online_87@gmail.com,9876560639,"Mumbai Suburban Area, India",2025-02-07T15:32:10.171307,Delivered,397.63,online
2182,,Online Customer 699,online_655@gmail.com,9876537483,"Mumbai Suburban Area, India",2025-02-07T16:39:38.171307,Delivered,599.03,online
2183,,Online Customer 908,online_517@gmail.com,9876596635,"Mumbai Suburban Area, India",2025-02-08T14:32:54.171307,Delivered,172.02,online
2184,2.0,Online Customer 662,online_13@gmail.com,9876536359,"Mumbai Suburban Area, India",2025-02-08T20:18:18.171307,Delivered,1588.6,online
2185,,Online Customer 758,online_153@gmail.com,9876512169,"Mumbai Suburban Area, India",2025-02-08T19:25:42.171307,Delivered,2264.93,online
2186,2.0,Online Customer 930,online_442@gmail.com,9876559683,"Mumbai Suburban Area, India",2025-02-09T14:17:58.171307,Delivered,1539.45,online
2187,2.0,Online Customer 430,online_527@gmail.com,9876518455,"Mumbai Suburban Area, India",2025-02-09T11:16:59.171307,Delivered,1646.13,online
2188,2.0,Online Customer 207,online_946@gmail.com,9876593799,"Mumbai Suburban Area, India",2025-02-09T18:14:34.171307,Delivered,9752.76,online
2189,2.0,Online Customer 713,online_628@gmail.com,9876525791,"Mumbai Suburban Area, India",2025-02-09T16:37:07.171307,Delivered,1390.46,online
2190,2.0,Online Customer 235,online_179@gmail.com,9876562689,"Mumbai Suburban Area, India",2025-02-09T13:43:56.171307,Delivered,19108.46,online
2191,,Online Customer 693,online_559@gmail.com,9876531892,"Mumbai Suburban Area, India",2025-02-10T20:14:16.171307,Delivered,228.69,online
2192,,Online Customer 278,online_854@gmail.com,9876524406,"Mumbai Suburban Area, India",2025-02-10T21:04:59.171307,Pending,957.58,online
2193,,Online Customer 576,online_192@gmail.com,9876515425,"Mumbai Suburban Area, India",2025-02-10T18:59:40.171307,Delivered,1129.28,online
2194,,Online Customer 272,online_302@gmail.com,9876544240,"Mumbai Suburban Area, India",2025-02-10T12:28:52.171307,Delivered,973.62,online
2195,,Online Customer 264,online_569@gmail.com,9876576099,"Mumbai Suburban Area, India",2025-02-10T17:17:31.171307,Delivered,660.86,online
2196,2.0,Online Customer 308,online_520@gmail.com,9876520352,"Mumbai Suburban Area, India",2025-02-11T09:31:50.171307,Delivered,898.87,online
2197,,Online Customer 245,online_766@gmail.com,9876589787,"Mumbai Suburban Area, India",2025-02-12T16:50:16.171307,Delivered,767.66,online
2198,2.0,Online Customer 883,online_232@gmail.com,9876557352,"Mumbai Suburban Area, India",2025-02-13T17:51:14.171307,Delivered,523.72,online
2199,,Online Customer 854,online_764@gmail.com,9876566139,"Mumbai Suburban Area, India",2025-02-13T10:40:25.171307,Delivered,10878.3,online
2200,,Online Customer 808,online_698@gmail.com,9876589478,"Mumbai Suburban Area, India",2025-02-13T11:38:11.171307,Delivered,495.4,online
2201,,Online Customer 682,online_160@gmail.com,9876582804,"Mumbai Suburban Area, India",2025-02-13T20:25:34.171307,Delivered,351.98,online
2202,,Online Customer 129,online_345@gmail.com,9876562614,"Mumbai Suburban Area, India",2025-02-14T17:01:11.171307,Delivered,412.18,online
2203,,Online Customer 193,online_59@gmail.com,9876515643,"Mumbai Suburban Area, India",2025-02-14T10:11:56.171307,Delivered,29216.04,online
2204,,Online Customer 943,online_727@gmail.com,9876584586,"Mumbai Suburban Area, India",2025-02-14T20:48:25.171307,Delivered,30827.97,online
2205,,Online Customer 498,online_964@gmail.com,9876556098,"Mumbai Suburban Area, India",2025-02-14T09:27:07.171307,Delivered,29407.9,online
2206,2.0,Online Customer 788,online_114@gmail.com,9876550281,"Mumbai Suburban Area, India",2025-02-14T19:22:21.171307,Delivered,30625.52,online
2207,,Online Customer 335,online_747@gmail.com,9876526909,"Mumbai Suburban Area, India",2025-02-20T20:40:11.171307,Delivered,20645.32,online
2208,,Online Customer 835,online_937@gmail.com,9876581365,"Mumbai Suburban Area, India",2025-02-21T14:33:10.171307,Delivered,37873.67,online
2209,,Online Customer 879,online_70@gmail.com,9876573957,"Mumbai Suburban Area, India",2025-02-21T21:59:09.171307,Delivered,18629.85,online
2210,2.0,Online Customer 727,online_245@gmail.com,9876575678,"Mumbai Suburban Area, India",2025-02-22T11:09:50.171307,Delivered,4355.0,online
2211,2.0,Online Customer 461,online_372@gmail.com,9876548545,"Mumbai Suburban Area, India",2025-02-22T11:19:24.171307,Pending,800.02,online
2212,,Online Customer 161,online_410@gmail.com,9876574223,"Mumbai Suburban Area, India",2025-02-22T14:35:06.171307,Delivered,34093.72,online
2213,2.0,Online Customer 470,online_644@gmail.com,9876598691,"Mumbai Suburban Area, India",2025-02-23T16:48:09.171307,Delivered,37811.96,online
2214,,Online Customer 327,online_769@gmail.com,9876590192,"Mumbai Suburban Area, India",2025-02-23T09:44:47.171307,Delivered,1501.28,online
2215,,Online Customer 300,online_622@gmail.com,9876542785,"Mumbai Suburban Area, India",2025-02-23T16:08:01.171307,Delivered,2029.54,online
2216,2.0,Online Customer 284,online_637@gmail.com,9876561270,"Mumbai Suburban Area, India",2025-02-24T12:48:21.171307,Delivered,725.2,online
2217,2.0,Online Customer 901,online_926@gmail.com,9876579110,"Mumbai Suburban Area, India",2025-02-24T18:23:17.171307,Delivered,156.85,online
2218,,Online Customer 810,online_630@gmail.com,9876585934,"Mumbai Suburban Area, India",2025-02-24T11:47:50.171307,Delivered,1782.14,online
2219,2.0,Online Customer 909,online_696@gmail.com,9876556660,"Mumbai Suburban Area, India",2025-02-25T14:24:28.171307,Delivered,330.2,online
2220,2.0,Online Customer 109,online_76@gmail.com,9876524413,"Mumbai Suburban Area, India",2025-02-25T11:41:45.171307,Delivered,3012.38,online
2221,2.0,Online Customer 996,online_653@gmail.com,9876599445,"Mumbai Suburban Area, India",2025-02-26T11:16:00.171307,Delivered,454.6,online
2222,,Online Customer 380,online_416@gmail.com,9876572011,"Mumbai Suburban Area, India",2025-03-05T11:21:22.171307,Delivered,25834.05,online
2223,,Online Customer 617,online_169@gmail.com,9876515155,"Mumbai Suburban Area, India",2025-03-05T15:28:42.171307,Delivered,845.1,online
2224,,Online Customer 777,online_722@gmail.com,9876549425,"Mumbai Suburban Area, India",2025-03-05T16:17:38.171307,Delivered,28897.53,online
2225,,Online Customer 119,online_924@gmail.com,9876518213,"Mumbai Suburban Area, India",2025-03-05T13:31:01.171307,Pending,54802.67,online
2226,,Online Customer 149,online_41@gmail.com,9876593588,"Mumbai Suburban Area, India",2025-03-06T09:32:54.171307,Pending,1261.65,online
2227,2.0,Online Customer 198,online_952@gmail.com,9876511805,"Mumbai Suburban Area, India",2025-03-07T10:42:19.171307,Delivered,1644.47,online
2228,2.0,Online Customer 705,online_927@gmail.com,9876560572,"Mumbai Suburban Area, India",2025-03-07T18:26:46.171307,Delivered,1430.07,online
2229,2.0,Online Customer 670,online_505@gmail.com,9876539458,"Mumbai Suburban Area, India",2025-03-07T19:26:23.171307,Delivered,2133.24,online
2230,,Online Customer 105,online_778@gmail.com,9876597631,"Mumbai Suburban Area, India",2025-03-07T21:00:29.171307,Delivered,1784.41,online
2231,2.0,Online Customer 398,online_877@gmail.com,9876549268,"Mumbai Suburban Area, India",2025-03-08T14:30:09.171307,Pending,498.66,online
2232,,Online Customer 609,online_355@gmail.com,9876515434,"Mumbai Suburban Area, India",2025-03-08T10:21:20.171307,Delivered,2477.87,online
2233,,Online Customer 637,online_145@gmail.com,9876512966,"Mumbai Suburban Area, India",2025-03-08T20:35:27.171307,Pending,75733.92,online
2234,,Online Customer 446,online_907@gmail.com,9876527252,"Mumbai Suburban Area, India",2025-03-09T16:35:17.171307,Delivered,1913.61,online
2235,2.0,Online Customer 455,online_390@gmail.com,9876551898,"Mumbai Suburban Area, India",2025-03-09T19:35:45.171307,Delivered,75765.97,online
2236,,Online Customer 705,online_505@gmail.com,9876549521,"Mumbai Suburban Area, India",2025-03-09T19:16:41.171307,Delivered,17213.26,online
2237,,Online Customer 989,online_842@gmail.com,9876527855,"Mumbai Suburban Area, India",2025-03-09T09:28:27.171307,Delivered,42307.2,online
2238,,Online Customer 442,online_631@gmail.com,9876555450,"Mumbai Suburban Area, India",2025-03-09T17:56:21.171307,Delivered,331.18,online
2239,2.0,Online Customer 876,online_494@gmail.com,9876596800,"Mumbai Suburban Area, India",2025-03-10T13:39:52.171307,Delivered,299.98,online
2240,2.0,Online Customer 693,online_326@gmail.com,9876581734,"Mumbai Suburban Area, India",2025-03-11T14:21:32.171307,Pending,40261.16,online
2241,,Online Customer 391,online_867@gmail.com,9876598259,"Mumbai Suburban Area, India",2025-03-11T17:22:40.171307,Delivered,30098.45,online
2242,,Online Customer 143,online_974@gmail.com,9876514914,"Mumbai Suburban Area, India",2025-03-11T09:46:58.171307,Delivered,14663.98,online
2243,2.0,Online Customer 910,online_226@gmail.com,9876522761,"Mumbai Suburban Area, India",2025-03-11T20:16:32.171307,Delivered,15709.39,online
2244,2.0,Online Customer 774,online_15@gmail.com,9876599502,"Mumbai Suburban Area, India",2025-03-11T21:43:16.171307,Delivered,2051.46,online
2245,,Online Customer 573,online_840@gmail.com,9876518814,"Mumbai Suburban Area, India",2025-03-12T17:51:49.171307,Delivered,853.68,online
2246,,Online Customer 203,online_175@gmail.com,9876513873,"Mumbai Suburban Area, India",2025-03-12T09:08:55.171307,Delivered,1503.79,online
2247,2.0,Online Customer 986,online_669@gmail.com,9876576704,"Mumbai Suburban Area, India",2025-03-14T16:25:51.171307,Delivered,1117.12,online
2248,,Online Customer 898,online_962@gmail.com,9876591867,"Mumbai Suburban Area, India",2025-03-14T20:35:49.171307,Delivered,2828.29,online
2249,2.0,Online Customer 866,online_668@gmail.com,9876566484,"Mumbai Suburban Area, India",2025-03-15T19:38:38.171307,Delivered,677.02,online
2250,2.0,Online Customer 713,online_347@gmail.com,9876527398,"Mumbai Suburban Area, India",2025-03-15T18:16:08.171307,Delivered,66987.11,online
2251,2.0,Online Customer 804,online_312@gmail.com,9876586561,"Mumbai Suburban Area, India",2025-03-15T10:49:59.171307,Delivered,1667.27,online
2252,,Online Customer 725,online_564@gmail.com,9876551628,"Mumbai Suburban Area, India",2025-03-15T10:14:06.171307,Delivered,1145.14,online
2253,2.0,Online Customer 574,online_765@gmail.com,9876573866,"Mumbai Suburban Area, India",2025-03-16T09:02:00.171307,Pending,1044.26,online
2254,,Online Customer 894,online_981@gmail.com,9876569091,"Mumbai Suburban Area, India",2025-03-16T14:12:58.171307,Delivered,1890.26,online
2255,2.0,Online Customer 936,online_753@gmail.com,9876534033,"Mumbai Suburban Area, India",2025-03-16T19:30:05.171307,Delivered,757.44,online
2256,2.0,Online Customer 211,online_514@gmail.com,9876595441,"Mumbai Suburban Area, India",2025-03-16T09:31:16.171307,Delivered,1441.73,online
2257,,Online Customer 340,online_258@gmail.com,9876573955,"Mumbai Suburban Area, India",2025-03-20T14:45:09.171307,Delivered,1949.46,online
2258,,Online Customer 584,online_89@gmail.com,9876583959,"Mumbai Suburban Area, India",2025-03-21T10:39:55.171307,Delivered,2845.56,online
2259,,Online Customer 126,online_688@gmail.com,9876557668,"Mumbai Suburban Area, India",2025-03-21T17:12:05.171307,Delivered,792.54,online
2260,,Online Customer 620,online_569@gmail.com,9876518278,"Mumbai Suburban Area, India",2025-03-21T21:31:21.171307,Delivered,1266.48,online
2261,,Online Customer 323,online_187@gmail.com,9876580523,"Mumbai Suburban Area, India",2025-03-21T13:53:59.171307,Delivered,1531.94,online
2262,2.0,Online Customer 613,online_525@gmail.com,9876525413,"Mumbai Suburban Area, India",2025-03-22T17:48:26.171307,Delivered,792.67,online
2263,,Online Customer 943,online_183@gmail.com,9876536771,"Mumbai Suburban Area, India",2025-03-22T10:06:08.171307,Delivered,3233.82,online
2264,2.0,Online Customer 166,online_928@gmail.com,9876575840,"Mumbai Suburban Area, India",2025-03-22T17:31:54.171307,Delivered,10318.04,online
2265,,Online Customer 145,online_394@gmail.com,9876544870,"Mumbai Suburban Area, India",2025-03-22T21:21:22.171307,Delivered,2748.82,online
2266,,Online Customer 676,online_766@gmail.com,9876548084,"Mumbai Suburban Area, India",2025-03-22T11:41:10.171307,Pending,3082.08,online
2267,2.0,Online Customer 964,online_578@gmail.com,9876581477,"Mumbai Suburban Area, India",2025-03-22T21:18:58.171307,Delivered,1033.79,online
2268,2.0,Online Customer 777,online_90@gmail.com,9876516153,"Mumbai Suburban Area, India",2025-03-23T16:59:23.171307,Pending,959.58,online
2269,2.0,Online Customer 787,online_758@gmail.com,9876567132,"Mumbai Suburban Area, India",2025-03-23T12:28:55.171307,Delivered,2386.56,online
2270,2.0,Online Customer 850,online_712@gmail.com,9876567114,"Mumbai Suburban Area, India",2025-03-23T21:24:09.171307,Delivered,620.87,online
2271,,Online Customer 300,online_940@gmail.com,9876564289,"Mumbai Suburban Area, India",2025-03-23T20:51:56.171307,Delivered,1743.06,online
2272,,Online Customer 635,online_626@gmail.com,9876560022,"Mumbai Suburban Area, India",2025-03-23T10:53:09.171307,Pending,934.9,online
2273,2.0,Online Customer 709,online_644@gmail.com,9876579106,"Mumbai Suburban Area, India",2025-03-23T17:18:00.171307,Delivered,835.54,online
2274,2.0,Online Customer 415,online_120@gmail.com,9876520132,"Mumbai Suburban Area, India",2025-03-24T16:19:54.171307,Delivered,12374.58,online
2275,2.0,Online Customer 354,online_292@gmail.com,9876522720,"Mumbai Suburban Area, India",2025-03-24T14:36:10.171307,Pending,804.16,online
2276,,Online Customer 733,online_588@gmail.com,9876562196,"Mumbai Suburban Area, India",2025-03-25T19:17:46.171307,Delivered,2416.15,online
2277,2.0,Online Customer 596,online_356@gmail.com,9876558138,"Mumbai Suburban Area, India",2025-03-26T17:17:36.171307,Pending,2647.08,online
2278,2.0,Online Customer 940,online_734@gmail.com,9876580496,"Mumbai Suburban Area, India",2025-03-26T14:45:02.171307,Pending,1286.54,online
2279,2.0,Online Customer 519,online_643@gmail.com,9876519000,"Mumbai Suburban Area, India",2025-03-28T18:07:05.171307,Delivered,1148.91,online
2280,,Online Customer 330,online_461@gmail.com,9876592280,"Mumbai Suburban Area, India",2025-03-28T09:47:22.171307,Delivered,3053.32,online
2281,,Online Customer 622,online_774@gmail.com,9876510387,"Mumbai Suburban Area, India",2025-03-28T20:55:11.171307,Delivered,3236.48,online
2282,,Online Customer 127,online_951@gmail.com,9876551370,"Mumbai Suburban Area, India",2025-03-29T12:25:06.171307,Delivered,1277.67,online
2283,2.0,Online Customer 788,online_575@gmail.com,9876570019,"Mumbai Suburban Area, India",2025-04-05T20:22:07.171307,Delivered,59689.04,online
2284,2.0,Online Customer 120,online_59@gmail.com,9876564964,"Mumbai Suburban Area, India",2025-04-05T21:09:29.171307,Delivered,3473.06,online
2285,,Online Customer 824,online_41@gmail.com,9876576441,"Mumbai Suburban Area, India",2025-04-05T19:00:08.171307,Delivered,82118.51,online
2286,,Online Customer 954,online_367@gmail.com,9876511904,"Mumbai Suburban Area, India",2025-04-05T10:11:06.171307,Delivered,3205.95,online
2287,,Online Customer 187,online_169@gmail.com,9876556712,"Mumbai Suburban Area, India",2025-04-05T20:37:35.171307,Delivered,717.48,online
2288,2.0,Online Customer 503,online_351@gmail.com,9876589926,"Mumbai Suburban Area, India",2025-04-06T11:56:21.171307,Delivered,62042.66,online
2289,,Online Customer 142,online_411@gmail.com,9876519989,"Mumbai Suburban Area, India",2025-04-06T19:33:11.171307,Delivered,55723.51,online
2290,,Online Customer 940,online_591@gmail.com,9876539669,"Mumbai Suburban Area, India",2025-04-07T19:40:35.171307,Delivered,392.54,online
2291,2.0,Online Customer 249,online_498@gmail.com,9876577771,"Mumbai Suburban Area, India",2025-04-07T10:30:30.171307,Delivered,24805.56,online
2292,,Online Customer 447,online_942@gmail.com,9876550722,"Mumbai Suburban Area, India",2025-04-08T17:09:05.171307,Delivered,1179.28,online
2293,2.0,Online Customer 833,online_811@gmail.com,9876528709,"Mumbai Suburban Area, India",2025-04-08T09:50:18.171307,Delivered,36677.01,online
2294,,Online Customer 700,online_743@gmail.com,9876526584,"Mumbai Suburban Area, India",2025-04-08T11:04:47.171307,Delivered,1096.8,online
2295,,Online Customer 469,online_778@gmail.com,9876584645,"Mumbai Suburban Area, India",2025-04-08T12:01:23.171307,Delivered,108056.46,online
2296,,Online Customer 280,online_563@gmail.com,9876586201,"Mumbai Suburban Area, India",2025-04-08T13:58:59.171307,Delivered,26745.95,online
2297,2.0,Online Customer 816,online_116@gmail.com,9876544584,"Mumbai Suburban Area, India",2025-04-09T13:58:16.171307,Delivered,29891.28,online
2298,2.0,Online Customer 364,online_904@gmail.com,9876541877,"Mumbai Suburban Area, India",2025-04-10T09:28:10.171307,Delivered,35192.82,online
2299,,Online Customer 921,online_94@gmail.com,9876524677,"Mumbai Suburban Area, India",2025-04-10T16:43:58.171307,Delivered,22856.57,online
2300,2.0,Online Customer 974,online_82@gmail.com,9876526006,"Mumbai Suburban Area, India",2025-04-10T11:32:54.171307,Delivered,8791.96,online
2301,2.0,Online Customer 396,online_612@gmail.com,9876535741,"Mumbai Suburban Area, India",2025-04-11T11:36:32.171307,Delivered,36767.27,online
2302,,Online Customer 403,online_21@gmail.com,9876553366,"Mumbai Suburban Area, India",2025-04-11T12:21:17.171307,Delivered,3601.77,online
2303,,Online Customer 109,online_174@gmail.com,9876527679,"Mumbai Suburban Area, India",2025-04-12T20:55:02.171307,Delivered,882.42,online
2304,,Online Customer 641,online_336@gmail.com,9876597855,"Mumbai Suburban Area, India",2025-04-12T10:42:21.171307,Delivered,1662.56,online
2305,,Online Customer 899,online_917@gmail.com,9876578454,"Mumbai Suburban Area, India",2025-04-12T21:04:52.171307,Pending,993.84,online
2306,,Online Customer 260,online_247@gmail.com,9876566154,"Mumbai Suburban Area, India",2025-04-12T20:41:17.171307,Delivered,36920.65,online
2307,,Online Customer 893,online_789@gmail.com,9876548467,"Mumbai Suburban Area, India",2025-04-12T12:38:57.171307,Delivered,937.98,online
2308,2.0,Online Customer 287,online_306@gmail.com,9876550915,"Mumbai Suburban Area, India",2025-04-13T09:27:23.171307,Delivered,1280.0,online
2309,2.0,Online Customer 311,online_93@gmail.com,9876572305,"Mumbai Suburban Area, India",2025-04-13T10:52:36.171307,Pending,3903.34,online
2310,,Online Customer 276,online_630@gmail.com,9876544438,"Mumbai Suburban Area, India",2025-04-13T13:57:28.171307,Delivered,864.41,online
2311,2.0,Online Customer 222,online_688@gmail.com,9876551370,"Mumbai Suburban Area, India",2025-04-13T16:43:14.171307,Delivered,1412.12,online
2312,,Online Customer 191,online_896@gmail.com,9876540181,"Mumbai Suburban Area, India",2025-04-14T17:33:12.171307,Delivered,39897.96,online
2313,2.0,Online Customer 952,online_881@gmail.com,9876548405,"Mumbai Suburban Area, India",2025-04-15T15:13:41.171307,Pending,891.07,online
2314,2.0,Online Customer 673,online_978@gmail.com,9876569190,"Mumbai Suburban Area, India",2025-04-16T12:53:04.171307,Pending,68883.84,online
2315,2.0,Online Customer 758,online_661@gmail.com,9876555733,"Mumbai Suburban Area, India",2025-04-16T16:39:20.171307,Delivered,46881.38,online
2316,,Online Customer 573,online_807@gmail.com,9876580298,"Mumbai Suburban Area, India",2025-04-17T18:43:17.171307,Delivered,1920.35,online
2317,,Online Customer 940,online_402@gmail.com,9876564228,"Mumbai Suburban Area, India",2025-04-17T16:21:10.171307,Delivered,1079.33,online
2318,2.0,Online Customer 407,online_389@gmail.com,9876560649,"Mumbai Suburban Area, India",2025-04-20T13:42:24.171307,Delivered,549.29,online
2319,2.0,Online Customer 273,online_802@gmail.com,9876574534,"Mumbai Suburban Area, India",2025-04-20T09:59:09.171307,Delivered,2524.65,online
2320,,Online Customer 691,online_853@gmail.com,9876592459,"Mumbai Suburban Area, India",2025-04-20T20:16:41.171307,Pending,351.21,online
2321,2.0,Online Customer 913,online_154@gmail.com,9876516252,"Mumbai Suburban Area, India",2025-04-21T17:54:27.171307,Delivered,652.19,online
2322,2.0,Online Customer 879,online_828@gmail.com,9876551358,"Mumbai Suburban Area, India",2025-04-21T17:51:42.171307,Delivered,23210.61,online
2323,,Online Customer 205,online_446@gmail.com,9876517206,"Mumbai Suburban Area, India",2025-04-22T16:31:43.171307,Delivered,1460.16,online
2324,2.0,Online Customer 962,online_887@gmail.com,9876569558,"Mumbai Suburban Area, India",2025-04-23T11:51:35.171307,Pending,3971.5,online
2325,2.0,Online Customer 761,online_691@gmail.com,9876534942,"Mumbai Suburban Area, India",2025-04-23T16:28:13.171307,Delivered,2825.41,online
2326,,Online Customer 355,online_28@gmail.com,9876568459,"Mumbai Suburban Area, India",2025-04-24T11:46:13.171307,Delivered,2304.34,online
2327,2.0,Online Customer 240,online_208@gmail.com,9876585560,"Mumbai Suburban Area, India",2025-04-24T15:34:15.171307,Delivered,550.28,online
2328,2.0,Online Customer 985,online_52@gmail.com,9876531461,"Mumbai Suburban Area, India",2025-04-24T17:06:12.171307,Delivered,858.33,online
2329,2.0,Online Customer 781,online_913@gmail.com,9876590621,"Mumbai Suburban Area, India",2025-04-24T10:47:16.171307,Delivered,2878.0,online
2330,,Online Customer 978,online_3@gmail.com,9876571336,"Mumbai Suburban Area, India",2025-04-24T11:23:23.171307,Delivered,318.12,online
2331,2.0,Online Customer 676,online_164@gmail.com,9876586592,"Mumbai Suburban Area, India",2025-04-24T11:52:21.171307,Delivered,8972.8,online
2332,2.0,Online Customer 642,online_582@gmail.com,9876550475,"Mumbai Suburban Area, India",2025-04-26T19:06:42.171307,Delivered,98253.77,online
2333,2.0,Online Customer 760,online_576@gmail.com,9876592483,"Mumbai Suburban Area, India",2025-04-26T14:30:11.171307,Delivered,2387.52,online
2334,,Online Customer 141,online_562@gmail.com,9876582946,"Mumbai Suburban Area, India",2025-04-26T11:51:48.171307,Delivered,20365.58,online
2335,,Online Customer 428,online_838@gmail.com,9876513832,"Mumbai Suburban Area, India",2025-04-26T19:30:03.171307,Delivered,1786.82,online
2336,,Online Customer 948,online_157@gmail.com,9876511766,"Mumbai Suburban Area, India",2025-04-26T11:47:24.171307,Delivered,20031.85,online
2337,2.0,Online Customer 352,online_42@gmail.com,9876585084,"Mumbai Suburban Area, India",2025-04-26T09:28:01.171307,Delivered,452.58,online
2338,,Online Customer 857,online_512@gmail.com,9876569808,"Mumbai Suburban Area, India",2025-04-26T20:22:10.171307,Delivered,792.98,online
2339,2.0,Online Customer 269,online_130@gmail.com,9876583518,"Mumbai Suburban Area, India",2025-04-27T09:36:45.171307,Delivered,3303.32,online
2340,,Online Customer 770,online_655@gmail.com,9876526819,"Mumbai Suburban Area, India",2025-04-27T12:53:33.171307,Delivered,1656.06,online
2341,,Online Customer 221,online_454@gmail.com,9876552522,"Mumbai Suburban Area, India",2025-04-27T18:10:40.171307,Delivered,511.39,online
2342,2.0,Online Customer 518,online_428@gmail.com,9876536037,"Mumbai Suburban Area, India",2025-04-27T11:32:24.171307,Delivered,1089.55,online
2343,,Online Customer 976,online_353@gmail.com,9876550256,"Mumbai Suburban Area, India",2025-04-27T19:47:14.171307,Delivered,19943.12,online
2344,,Online Customer 105,online_549@gmail.com,9876548834,"Mumbai Suburban Area, India",2025-04-27T15:01:17.171307,Delivered,2085.89,online
2345,,Online Customer 565,online_796@gmail.com,9876590297,"Mumbai Suburban Area, India",2025-04-27T18:30:28.171307,Delivered,2518.32,online
2346,,Online Customer 230,online_315@gmail.com,9876556952,"Mumbai Suburban Area, India",2025-04-28T17:19:04.171307,Delivered,654.62,online
2347,,Online Customer 584,online_680@gmail.com,9876530488,"Mumbai Suburban Area, India",2025-04-28T20:06:01.171307,Pending,586.39,online
2348,2.0,Online Customer 102,online_883@gmail.com,9876594199,"Mumbai Suburban Area, India",2025-04-28T11:50:59.171307,Delivered,2528.17,online
2349,2.0,Online Customer 268,online_941@gmail.com,9876563074,"Mumbai Suburban Area, India",2025-04-29T11:49:21.171307,Delivered,971.12,online
2350,2.0,Online Customer 350,online_679@gmail.com,9876572810,"Mumbai Suburban Area, India",2025-04-29T09:55:36.171307,Delivered,3147.86,online
2351,2.0,Online Customer 763,online_421@gmail.com,9876586047,"Mumbai Suburban Area, India",2025-04-30T12:11:20.171307,Delivered,34711.83,online
2352,,Online Customer 246,online_994@gmail.com,9876565915,"Mumbai Suburban Area, India",2025-04-30T11:52:09.171307,Delivered,1371.71,online
2353,,Online Customer 545,online_514@gmail.com,9876546607,"Mumbai Suburban Area, India",2025-05-01T18:26:29.171307,Pending,613.87,online
2354,2.0,Online Customer 108,online_891@gmail.com,9876584301,"Mumbai Suburban Area, India",2025-05-01T17:43:23.171307,Delivered,303.22,online
2355,,Online Customer 523,online_144@gmail.com,9876534991,"Mumbai Suburban Area, India",2025-05-01T16:42:49.171307,Delivered,218.48,online
2356,2.0,Online Customer 905,online_789@gmail.com,9876536709,"Mumbai Suburban Area, India",2025-05-02T18:17:57.171307,Delivered,3441.66,online
2357,2.0,Online Customer 284,online_619@gmail.com,9876560679,"Mumbai Suburban Area, India",2025-05-02T09:31:45.171307,Delivered,11501.93,online
2358,,Online Customer 366,online_384@gmail.com,9876537984,"Mumbai Suburban Area, India",2025-05-02T17:17:42.171307,Delivered,37777.3,online
2359,2.0,Online Customer 114,online_165@gmail.com,9876581211,"Mumbai Suburban Area, India",2025-05-02T17:10:15.171307,Delivered,180.43,online
2360,,Online Customer 572,online_588@gmail.com,9876541970,"Mumbai Suburban Area, India",2025-05-03T20:21:04.171307,Delivered,360.86,online
2361,,Online Customer 713,online_438@gmail.com,9876570025,"Mumbai Suburban Area, India",2025-05-03T20:23:04.171307,Delivered,2980.09,online
2362,2.0,Online Customer 180,online_43@gmail.com,9876527104,"Mumbai Suburban Area, India",2025-05-03T18:28:12.171307,Delivered,49369.65,online
2363,2.0,Online Customer 919,online_977@gmail.com,9876598963,"Mumbai Suburban Area, India",2025-05-04T10:02:21.171307,Pending,99673.71,online
2364,,Online Customer 451,online_396@gmail.com,9876530132,"Mumbai Suburban Area, India",2025-05-04T18:19:58.171307,Delivered,272.88,online
2365,,Online Customer 796,online_35@gmail.com,9876514288,"Mumbai Suburban Area, India",2025-05-04T11:21:29.171307,Delivered,3651.5,online
2366,,Online Customer 105,online_530@gmail.com,9876515504,"Mumbai Suburban Area, India",2025-05-04T13:57:39.171307,Delivered,1825.75,online
2367,2.0,Online Customer 822,online_880@gmail.com,9876598330,"Mumbai Suburban Area, India",2025-05-05T16:30:55.171307,Delivered,76392.15,online
2368,,Online Customer 963,online_716@gmail.com,9876528390,"Mumbai Suburban Area, India",2025-05-06T14:31:47.171307,Delivered,13240.72,online
2369,,Online Customer 752,online_173@gmail.com,9876531625,"Mumbai Suburban Area, India",2025-05-06T21:50:04.171307,Delivered,14453.99,online
2370,2.0,Online Customer 595,online_891@gmail.com,9876539012,"Mumbai Suburban Area, India",2025-05-06T14:42:02.171307,Pending,571.32,online
2371,,Online Customer 856,online_845@gmail.com,9876532183,"Mumbai Suburban Area, India",2025-05-06T09:59:00.171307,Delivered,1118.45,online
2372,2.0,Online Customer 250,online_764@gmail.com,9876517764,"Mumbai Suburban Area, India",2025-05-07T19:37:43.171307,Delivered,79973.76,online
2373,,Online Customer 858,online_614@gmail.com,9876595835,"Mumbai Suburban Area, India",2025-05-07T19:12:58.171307,Delivered,1377.02,online
2374,2.0,Online Customer 255,online_418@gmail.com,9876594192,"Mumbai Suburban Area, India",2025-05-08T18:59:02.171307,Delivered,1377.02,online
2375,,Online Customer 777,online_34@gmail.com,9876565428,"Mumbai Suburban Area, India",2025-05-08T19:42:13.171307,Pending,1478.57,online
2376,2.0,Online Customer 410,online_405@gmail.com,9876578424,"Mumbai Suburban Area, India",2025-05-09T16:46:24.171307,Delivered,2532.07,online
2377,,Online Customer 677,online_620@gmail.com,9876550997,"Mumbai Suburban Area, India",2025-05-09T15:40:19.171307,Delivered,127.77,online
2378,2.0,Online Customer 111,online_704@gmail.com,9876553808,"Mumbai Suburban Area, India",2025-05-09T13:48:31.171307,Delivered,2585.1,online
2379,,Online Customer 347,online_328@gmail.com,9876556652,"Mumbai Suburban Area, India",2025-05-10T20:33:48.171307,Delivered,180.43,online
2380,2.0,Online Customer 637,online_371@gmail.com,9876585010,"Mumbai Suburban Area, India",2025-05-10T12:49:19.171307,Delivered,21619.32,online
2381,,Online Customer 720,online_541@gmail.com,9876529088,"Mumbai Suburban Area, India",2025-05-10T12:51:27.171307,Delivered,1117.12,online
2382,,Online Customer 385,online_320@gmail.com,9876570582,"Mumbai Suburban Area, India",2025-05-10T11:57:34.171307,Delivered,3549.77,online
2383,2.0,Online Customer 983,online_122@gmail.com,9876570319,"Mumbai Suburban Area, India",2025-05-10T21:58:25.171307,Delivered,3063.39,online
2384,,Online Customer 828,online_862@gmail.com,9876560000,"Mumbai Suburban Area, India",2025-05-10T15:57:31.171307,Delivered,19548.38,online
2385,,Online Customer 321,online_821@gmail.com,9876569559,"Mumbai Suburban Area, India",2025-05-11T17:03:20.171307,Delivered,12433.96,online
2386,,Online Customer 905,online_627@gmail.com,9876592004,"Mumbai Suburban Area, India",2025-05-11T18:04:00.171307,Delivered,1926.48,online
2387,,Online Customer 416,online_190@gmail.com,9876548606,"Mumbai Suburban Area, India",2025-05-11T16:34:11.171307,Delivered,3899.2,online
2388,2.0,Online Customer 167,online_442@gmail.com,9876533386,"Mumbai Suburban Area, India",2025-05-11T20:28:19.171307,Delivered,697.98,online
2389,2.0,Online Customer 606,online_317@gmail.com,9876557976,"Mumbai Suburban Area, India",2025-05-12T17:06:50.171307,Delivered,675.18,online
2390,2.0,Online Customer 423,online_588@gmail.com,9876568110,"Mumbai Suburban Area, India",2025-05-12T18:32:22.171307,Pending,20149.27,online
2391,,Online Customer 800,online_996@gmail.com,9876598791,"Mumbai Suburban Area, India",2025-05-14T15:21:27.171307,Delivered,14011.68,online
2392,2.0,Online Customer 648,online_91@gmail.com,9876559019,"Mumbai Suburban Area, India",2025-05-20T17:03:26.171307,Delivered,17892.75,online
2393,,Online Customer 540,online_343@gmail.com,9876573739,"Mumbai Suburban Area, India",2025-05-20T15:37:29.171307,Delivered,27508.74,online
2394,,Online Customer 405,online_875@gmail.com,9876591826,"Mumbai Suburban Area, India",2025-05-20T12:45:00.171307,Delivered,8025.19,online
2395,2.0,Online Customer 878,online_556@gmail.com,9876516812,"Mumbai Suburban Area, India",2025-05-20T10:44:24.171307,Delivered,616.46,online
2396,2.0,Online Customer 121,online_916@gmail.com,9876538661,"Mumbai Suburban Area, India",2025-05-20T21:12:24.171307,Delivered,476.56,online
2397,2.0,Online Customer 655,online_52@gmail.com,9876548301,"Mumbai Suburban Area, India",2025-05-21T21:22:34.171307,Delivered,586.53,online
2398,2.0,Online Customer 747,online_393@gmail.com,9876583211,"Mumbai Suburban Area, India",2025-05-22T15:21:54.171307,Delivered,223.95,online
2399,,Online Customer 384,online_148@gmail.com,9876591169,"Mumbai Suburban Area, India",2025-05-22T10:21:12.171307,Delivered,27554.66,online
2400,,Online Customer 621,online_89@gmail.com,9876590418,"Mumbai Suburban Area, India",2025-05-22T21:25:16.171307,Delivered,615.06,online
2401,,Online Customer 414,online_610@gmail.com,9876547366,"Mumbai Suburban Area, India",2025-05-23T19:04:26.171307,Delivered,43453.22,online
2402,,Online Customer 484,online_137@gmail.com,9876515704,"Mumbai Suburban Area, India",2025-05-23T18:51:43.171307,Delivered,706.25,online
2403,,Online Customer 179,online_672@gmail.com,9876555821,"Mumbai Suburban Area, India",2025-05-23T20:59:48.171307,Delivered,18396.8,online
2404,2.0,Online Customer 534,online_782@gmail.com,9876562657,"Mumbai Suburban Area, India",2025-05-24T16:40:10.171307,Delivered,17351.09,online
2405,2.0,Online Customer 437,online_600@gmail.com,9876522967,"Mumbai Suburban Area, India",2025-05-25T11:02:12.171307,Delivered,57493.67,online
2406,,Online Customer 663,online_332@gmail.com,9876581718,"Mumbai Suburban Area, India",2025-05-25T19:16:33.171307,Pending,1027.91,online
2407,,Online Customer 172,online_355@gmail.com,9876572200,"Mumbai Suburban Area, India",2025-05-25T15:07:36.171307,Delivered,1503.88,online
2408,2.0,Online Customer 580,online_553@gmail.com,9876527978,"Mumbai Suburban Area, India",2025-05-25T19:25:05.171307,Delivered,185.89,online
2409,,Online Customer 167,online_267@gmail.com,9876534741,"Mumbai Suburban Area, India",2025-05-26T16:20:22.171307,Delivered,9195.29,online
2410,2.0,Online Customer 948,online_250@gmail.com,9876584553,"Mumbai Suburban Area, India",2025-05-27T12:49:36.171307,Delivered,60607.74,online
2411,2.0,Online Customer 467,online_153@gmail.com,9876598494,"Mumbai Suburban Area, India",2025-05-27T20:11:33.171307,Delivered,138079.82,online
2412,,Online Customer 546,online_881@gmail.com,9876510633,"Mumbai Suburban Area, India",2025-05-27T19:57:49.171307,Delivered,265.16,online
2413,2.0,Online Customer 403,online_319@gmail.com,9876537203,"Mumbai Suburban Area, India",2025-05-28T09:53:18.171307,Delivered,75544.41,online
2414,,Online Customer 243,online_409@gmail.com,9876524150,"Mumbai Suburban Area, India",2025-05-28T09:22:56.171307,Delivered,924.34,online
2415,2.0,Online Customer 559,online_220@gmail.com,9876572835,"Mumbai Suburban Area, India",2025-05-28T13:43:44.171307,Delivered,36890.18,online
2416,,Online Customer 702,online_160@gmail.com,9876599745,"Mumbai Suburban Area, India",2025-05-29T12:18:37.171307,Delivered,132502.66,online
2417,2.0,Online Customer 203,online_14@gmail.com,9876589666,"Mumbai Suburban Area, India",2025-05-29T15:38:33.171307,Delivered,37541.98,online
2418,,Online Customer 252,online_43@gmail.com,9876532614,"Mumbai Suburban Area, India",2025-05-29T15:14:20.171307,Delivered,36675.34,online
2419,,Online Customer 697,online_835@gmail.com,9876516422,"Mumbai Suburban Area, India",2025-05-29T16:30:29.171307,Delivered,72113.4,online
2420,,Online Customer 209,online_140@gmail.com,9876579203,"Mumbai Suburban Area, India",2025-05-30T13:33:25.171307,Pending,41699.06,online
2421,2.0,Online Customer 958,online_761@gmail.com,9876569887,"Mumbai Suburban Area, India",2025-05-30T09:11:43.171307,Delivered,41699.06,online
2422,2.0,Online Customer 963,online_278@gmail.com,9876597542,"Mumbai Suburban Area, India",2025-06-05T11:24:26.171307,Delivered,854.5,online
2423,,Online Customer 900,online_989@gmail.com,9876581963,"Mumbai Suburban Area, India",2025-06-05T14:04:27.171307,Delivered,1047.0,online
2424,,Online Customer 730,online_852@gmail.com,9876512459,"Mumbai Suburban Area, India",2025-06-05T19:38:32.171307,Delivered,957.6,online
2425,2.0,Online Customer 387,online_920@gmail.com,9876581712,"Mumbai Suburban Area, India",2025-06-05T12:58:17.171307,Delivered,256.1,online
2426,,Online Customer 834,online_622@gmail.com,9876552253,"Mumbai Suburban Area, India",2025-06-06T19:14:52.171307,Delivered,1609.28,online
2427,,Online Customer 809,online_666@gmail.com,9876559424,"Mumbai Suburban Area, India",2025-06-06T11:50:59.171307,Delivered,3127.43,online
2428,,Online Customer 522,online_651@gmail.com,9876581864,"Mumbai Suburban Area, India",2025-06-06T17:57:31.171307,Delivered,17186.8,online
2429,,Online Customer 510,online_241@gmail.com,9876520223,"Mumbai Suburban Area, India",2025-06-07T16:16:21.171307,Delivered,515.42,online
2430,2.0,Online Customer 618,online_155@gmail.com,9876534368,"Mumbai Suburban Area, India",2025-06-07T14:15:55.171307,Pending,822.18,online
2431,2.0,Online Customer 648,online_18@gmail.com,9876549805,"Mumbai Suburban Area, India",2025-06-08T20:13:57.171307,Delivered,1029.32,online
2432,2.0,Online Customer 414,online_189@gmail.com,9876523579,"Mumbai Suburban Area, India",2025-06-08T11:42:38.171307,Delivered,18234.33,online
2433,2.0,Online Customer 145,online_583@gmail.com,9876574600,"Mumbai Suburban Area, India",2025-06-08T15:30:30.171307,Pending,18530.75,online
2434,,Online Customer 403,online_978@gmail.com,9876511864,"Mumbai Suburban Area, India",2025-06-08T15:15:44.171307,Delivered,266.34,online
2435,,Online Customer 869,online_1@gmail.com,9876576487,"Mumbai Suburban Area, India",2025-06-08T18:39:41.171307,Delivered,3242.96,online
2436,2.0,Online Customer 190,online_605@gmail.com,9876559545,"Mumbai Suburban Area, India",2025-06-09T11:12:34.171307,Delivered,220.3,online
2437,,Online Customer 895,online_654@gmail.com,9876522304,"Mumbai Suburban Area, India",2025-06-09T11:56:34.171307,Delivered,70.27,online
2438,2.0,Online Customer 113,online_717@gmail.com,9876528046,"Mumbai Suburban Area, India",2025-06-09T14:13:07.171307,Delivered,2304.26,online
2439,2.0,Online Customer 814,online_736@gmail.com,9876569403,"Mumbai Suburban Area, India",2025-06-09T10:13:55.171307,Delivered,485.12,online
2440,2.0,Online Customer 330,online_822@gmail.com,9876543048,"Mumbai Suburban Area, India",2025-06-10T17:56:41.171307,Delivered,35643.61,online
2441,,Online Customer 470,online_420@gmail.com,9876585488,"Mumbai Suburban Area, India",2025-06-10T14:22:51.171307,Pending,1735.38,online
2442,2.0,Online Customer 564,online_823@gmail.com,9876586921,"Mumbai Suburban Area, India",2025-06-10T18:48:07.171307,Delivered,1195.48,online
2443,2.0,Online Customer 786,online_119@gmail.com,9876543008,"Mumbai Suburban Area, India",2025-06-11T20:40:14.171307,Delivered,2325.34,online
2444,2.0,Online Customer 691,online_27@gmail.com,9876567090,"Mumbai Suburban Area, India",2025-06-11T13:53:35.171307,Delivered,1243.49,online
2445,,Online Customer 654,online_28@gmail.com,9876521629,"Mumbai Suburban Area, India",2025-06-11T19:40:44.171307,Delivered,571.45,online
2446,2.0,Online Customer 837,online_40@gmail.com,9876556501,"Mumbai Suburban Area, India",2025-06-11T10:27:41.171307,Delivered,1060.16,online
2447,2.0,Online Customer 409,online_114@gmail.com,9876516098,"Mumbai Suburban Area, India",2025-06-12T16:38:19.171307,Delivered,1613.44,online
2448,2.0,Online Customer 358,online_40@gmail.com,9876536235,"Mumbai Suburban Area, India",2025-06-20T17:16:29.171307,Delivered,1194.63,online
2449,,Online Customer 332,online_252@gmail.com,9876583602,"Mumbai Suburban Area, India",2025-06-20T09:21:43.171307,Delivered,442.14,online
2450,2.0,Online Customer 933,online_796@gmail.com,9876576120,"Mumbai Suburban Area, India",2025-06-21T11:00:25.171307,Delivered,15626.34,online
2451,,Online Customer 490,online_162@gmail.com,9876551511,"Mumbai Suburban Area, India",2025-06-21T21:24:39.171307,Delivered,27623.02,online
2452,2.0,Online Customer 279,online_735@gmail.com,9876554684,"Mumbai Suburban Area, India",2025-06-22T14:28:08.171307,Delivered,646.24,online
2453,2.0,Online Customer 211,online_712@gmail.com,9876596699,"Mumbai Suburban Area, India",2025-06-22T12:48:28.171307,Delivered,31545.07,online
2454,2.0,Online Customer 524,online_727@gmail.com,9876555909,"Mumbai Suburban Area, India",2025-06-23T16:38:38.171307,Delivered,29440.56,online
2455,2.0,Online Customer 843,online_753@gmail.com,9876551392,"Mumbai Suburban Area, India",2025-06-24T13:37:37.171307,Delivered,57260.56,online
2456,,Online Customer 684,online_154@gmail.com,9876546635,"Mumbai Suburban Area, India",2025-06-24T17:58:44.171307,Pending,32020.26,online
2457,,Online Customer 313,online_110@gmail.com,9876563461,"Mumbai Suburban Area, India",2025-06-25T19:55:20.171307,Delivered,26958.81,online
2458,,Online Customer 170,online_141@gmail.com,9876531792,"Mumbai Suburban Area, India",2025-06-25T15:06:12.171307,Delivered,27155.57,online
2459,2.0,Online Customer 516,online_932@gmail.com,9876593632,"Mumbai Suburban Area, India",2025-06-26T11:05:57.171307,Delivered,88882.97,online
2460,,Online Customer 410,online_945@gmail.com,9876586427,"Mumbai Suburban Area, India",2025-06-26T20:21:03.171307,Delivered,13090.15,online
2461,2.0,Online Customer 965,online_656@gmail.com,9876534209,"Mumbai Suburban Area, India",2025-06-27T20:51:12.171307,Delivered,89312.77,online
2462,,Online Customer 159,online_387@gmail.com,9876541201,"Mumbai Suburban Area, India",2025-06-27T18:31:40.171307,Delivered,262.73,online
2463,,Online Customer 926,online_39@gmail.com,9876579510,"Mumbai Suburban Area, India",2025-06-27T21:34:05.171307,Delivered,15908.52,online
2464,2.0,Online Customer 848,online_812@gmail.com,9876535509,"Mumbai Suburban Area, India",2025-06-27T10:45:40.171307,Delivered,118004.98,online
2465,2.0,Online Customer 859,online_729@gmail.com,9876594089,"Mumbai Suburban Area, India",2025-06-27T10:44:51.171307,Delivered,1367.92,online
2466,,Online Customer 983,online_321@gmail.com,9876592147,"Mumbai Suburban Area, India",2025-06-28T21:36:19.171307,Delivered,72870.59,online
2467,2.0,Online Customer 217,online_97@gmail.com,9876553276,"Mumbai Suburban Area, India",2025-06-28T20:43:46.171307,Delivered,30117.2,online
2468,,Online Customer 856,online_493@gmail.com,9876596486,"Mumbai Suburban Area, India",2025-06-28T20:09:40.171307,Delivered,15555.42,online
2469,,Online Customer 671,online_416@gmail.com,9876525767,"Mumbai Suburban Area, India",2025-07-05T16:32:33.171307,Delivered,2004.48,online
2470,,Online Customer 581,online_918@gmail.com,9876516030,"Mumbai Suburban Area, India",2025-07-05T16:55:48.171307,Delivered,303.65,online
2471,2.0,Online Customer 912,online_305@gmail.com,9876554762,"Mumbai Suburban Area, India",2025-07-05T18:25:39.171307,Delivered,47822.26,online
2472,2.0,Online Customer 392,online_39@gmail.com,9876517516,"Mumbai Suburban Area, India",2025-07-05T21:05:07.171307,Delivered,33095.27,online
2473,,Online Customer 845,online_636@gmail.com,9876566624,"Mumbai Suburban Area, India",2025-07-05T19:44:18.171307,Delivered,779.5,online
2474,,Online Customer 933,online_471@gmail.com,9876590377,"Mumbai Suburban Area, India",2025-07-06T21:33:53.171307,Delivered,1179.55,online
2475,,Online Customer 628,online_938@gmail.com,9876522247,"Mumbai Suburban Area, India",2025-07-06T19:04:08.171307,Delivered,47920.16,online
2476,,Online Customer 824,online_955@gmail.com,9876523706,"Mumbai Suburban Area, India",2025-07-06T14:38:00.171307,Delivered,37093.16,online
2477,,Online Customer 526,online_987@gmail.com,9876556782,"Mumbai Suburban Area, India",2025-07-06T10:02:14.171307,Delivered,1421.53,online
2478,2.0,Online Customer 214,online_921@gmail.com,9876551310,"Mumbai Suburban Area, India",2025-07-06T21:41:35.171307,Delivered,3107.97,online
2479,,Online Customer 993,online_23@gmail.com,9876524368,"Mumbai Suburban Area, India",2025-07-07T19:01:00.171307,Delivered,3340.75,online
2480,2.0,Online Customer 522,online_640@gmail.com,9876517717,"Mumbai Suburban Area, India",2025-07-07T17:40:57.171307,Delivered,1094.56,online
2481,2.0,Online Customer 113,online_825@gmail.com,9876543068,"Mumbai Suburban Area, India",2025-07-07T14:48:28.171307,Delivered,3303.96,online
2482,2.0,Online Customer 321,online_179@gmail.com,9876544843,"Mumbai Suburban Area, India",2025-07-07T16:42:15.171307,Delivered,53674.85,online
2483,,Online Customer 262,online_131@gmail.com,9876571278,"Mumbai Suburban Area, India",2025-07-08T20:10:00.171307,Delivered,646.25,online
2484,2.0,Online Customer 692,online_734@gmail.com,9876510628,"Mumbai Suburban Area, India",2025-07-08T19:39:41.171307,Delivered,17619.08,online
2485,2.0,Online Customer 901,online_508@gmail.com,9876531991,"Mumbai Suburban Area, India",2025-07-08T14:31:29.171307,Delivered,1177.36,online
2486,2.0,Online Customer 667,online_118@gmail.com,9876523419,"Mumbai Suburban Area, India",2025-07-08T17:10:32.171307,Delivered,1516.64,online
2487,2.0,Online Customer 569,online_396@gmail.com,9876545028,"Mumbai Suburban Area, India",2025-07-08T13:20:46.171307,Delivered,149.99,online
2488,2.0,Online Customer 962,online_939@gmail.com,9876587702,"Mumbai Suburban Area, India",2025-07-09T10:44:19.171307,Delivered,553.12,online
2489,,Online Customer 503,online_526@gmail.com,9876583953,"Mumbai Suburban Area, India",2025-07-09T18:03:13.171307,Delivered,234.16,online
2490,,Online Customer 689,online_362@gmail.com,9876515675,"Mumbai Suburban Area, India",2025-07-09T15:03:58.171307,Delivered,1240.18,online
2491,2.0,Online Customer 171,online_297@gmail.com,9876514038,"Mumbai Suburban Area, India",2025-07-10T12:58:24.171307,Delivered,3051.89,online
2492,,Online Customer 497,online_586@gmail.com,9876585490,"Mumbai Suburban Area, India",2025-07-11T21:47:42.171307,Delivered,644.68,online
2493,,Online Customer 586,online_775@gmail.com,9876545260,"Mumbai Suburban Area, India",2025-07-11T14:19:36.171307,Delivered,44140.0,online
2494,,Online Customer 540,online_589@gmail.com,9876546163,"Mumbai Suburban Area, India",2025-07-12T15:46:45.171307,Delivered,43761.58,online
2495,2.0,Online Customer 764,online_695@gmail.com,9876550004,"Mumbai Suburban Area, India",2025-07-12T11:38:10.171307,Delivered,2292.55,online
2496,2.0,Online Customer 830,online_615@gmail.com,9876571225,"Mumbai Suburban Area, India",2025-07-12T16:28:50.171307,Delivered,44104.98,online
2497,2.0,Online Customer 363,online_344@gmail.com,9876521650,"Mumbai Suburban Area, India",2025-07-13T14:53:16.171307,Delivered,1728.34,online
2498,,Online Customer 449,online_673@gmail.com,9876571792,"Mumbai Suburban Area, India",2025-07-13T14:33:31.171307,Delivered,24344.86,online
2499,2.0,Online Customer 706,online_855@gmail.com,9876534190,"Mumbai Suburban Area, India",2025-07-13T21:57:42.171307,Delivered,2090.32,online
2500,,Online Customer 816,online_828@gmail.com,9876555616,"Mumbai Suburban Area, India",2025-07-14T17:20:05.171307,Delivered,1156.2,online
2501,2.0,Online Customer 383,online_149@gmail.com,9876580527,"Mumbai Suburban Area, India",2025-07-14T13:26:52.171307,Delivered,24356.97,online
2502,2.0,Online Customer 204,online_176@gmail.com,9876595561,"Mumbai Suburban Area, India",2025-07-15T13:50:12.171307,Delivered,779.48,online
2503,2.0,Online Customer 478,online_242@gmail.com,9876563912,"Mumbai Suburban Area, India",2025-07-15T18:27:21.171307,Pending,1006.74,online
2504,2.0,Online Customer 737,online_307@gmail.com,9876564036,"Mumbai Suburban Area, India",2025-07-16T10:56:18.171307,Delivered,1113.52,online
2505,,Online Customer 830,online_34@gmail.com,9876594112,"Mumbai Suburban Area, India",2025-07-20T18:20:19.171307,Delivered,914.44,online
2506,2.0,Online Customer 683,online_61@gmail.com,9876584180,"Mumbai Suburban Area, India",2025-07-20T16:58:58.171307,Delivered,18698.65,online
2507,2.0,Online Customer 593,online_888@gmail.com,9876592086,"Mumbai Suburban Area, India",2025-07-20T17:32:14.171307,Delivered,76295.11,online
2508,2.0,Online Customer 828,online_59@gmail.com,9876543412,"Mumbai Suburban Area, India",2025-07-20T10:38:40.171307,Delivered,199.67,online
2509,,Online Customer 402,online_46@gmail.com,9876593206,"Mumbai Suburban Area, India",2025-07-21T20:27:22.171307,Pending,22882.0,online
2510,2.0,Online Customer 203,online_406@gmail.com,9876554516,"Mumbai Suburban Area, India",2025-07-22T20:30:15.171307,Delivered,408.54,online
2511,2.0,Online Customer 514,online_317@gmail.com,9876545664,"Mumbai Suburban Area, India",2025-07-22T11:46:32.171307,Delivered,35417.95,online
2512,,Online Customer 691,online_522@gmail.com,9876572110,"Mumbai Suburban Area, India",2025-07-22T10:56:55.171307,Delivered,10125.7,online
2513,2.0,Online Customer 577,online_528@gmail.com,9876548906,"Mumbai Suburban Area, India",2025-07-23T09:28:13.171307,Pending,34334.86,online
2514,,Online Customer 850,online_913@gmail.com,9876546833,"Mumbai Suburban Area, India",2025-07-23T18:35:42.171307,Delivered,400.25,online
2515,,Online Customer 697,online_868@gmail.com,9876590719,"Mumbai Suburban Area, India",2025-07-23T12:22:06.171307,Delivered,18196.01,online
2516,2.0,Online Customer 892,online_387@gmail.com,9876563210,"Mumbai Suburban Area, India",2025-07-23T19:44:01.171307,Delivered,159.59,online
2517,,Online Customer 312,online_171@gmail.com,9876596483,"Mumbai Suburban Area, India",2025-07-24T19:05:46.171307,Delivered,18923.52,online
2518,2.0,Online Customer 618,online_312@gmail.com,9876576325,"Mumbai Suburban Area, India",2025-07-24T10:04:15.171307,Pending,36593.58,online
2519,,Online Customer 575,online_531@gmail.com,9876594025,"Mumbai Suburban Area, India",2025-07-25T18:02:38.171307,Pending,211.77,online
2520,,Online Customer 730,online_700@gmail.com,9876556706,"Mumbai Suburban Area, India",2025-07-25T09:35:24.171307,Delivered,34008.57,online
2521,2.0,Online Customer 626,online_502@gmail.com,9876548618,"Mumbai Suburban Area, India",2025-07-25T19:58:29.171307,Pending,67117.59,online
2522,,Online Customer 672,online_970@gmail.com,9876560291,"Mumbai Suburban Area, India",2025-07-26T21:30:23.171307,Delivered,10330.6,online
2523,2.0,Online Customer 672,online_834@gmail.com,9876515437,"Mumbai Suburban Area, India",2025-07-26T17:17:09.171307,Delivered,9608.35,online
2524,2.0,Online Customer 388,online_338@gmail.com,9876521972,"Mumbai Suburban Area, India",2025-07-26T18:51:47.171307,Delivered,1029.16,online
2525,,Online Customer 911,online_415@gmail.com,9876567160,"Mumbai Suburban Area, India",2025-07-26T14:56:26.171307,Delivered,9905.98,online
2526,,Online Customer 183,online_403@gmail.com,9876577087,"Mumbai Suburban Area, India",2025-07-27T16:56:55.171307,Delivered,800.02,online
2527,,Online Customer 705,online_115@gmail.com,9876584627,"Mumbai Suburban Area, India",2025-07-27T21:52:26.171307,Delivered,20235.48,online
2528,2.0,Online Customer 368,online_636@gmail.com,9876522691,"Mumbai Suburban Area, India",2025-07-27T11:19:23.171307,Delivered,19506.47,online
2529,,Online Customer 557,online_475@gmail.com,9876584711,"Mumbai Suburban Area, India",2025-07-28T20:29:00.171307,Delivered,50372.46,online
2530,2.0,Online Customer 226,online_144@gmail.com,9876590248,"Mumbai Suburban Area, India",2025-07-28T15:05:12.171307,Delivered,1267.52,online
2531,,Online Customer 794,online_913@gmail.com,9876599906,"Mumbai Suburban Area, India",2025-07-29T20:53:12.171307,Delivered,629.94,online
2532,2.0,Online Customer 138,online_432@gmail.com,9876599422,"Mumbai Suburban Area, India",2025-07-29T10:24:18.171307,Delivered,20479.02,online
2533,2.0,Online Customer 420,online_114@gmail.com,9876552302,"Mumbai Suburban Area, India",2025-07-29T17:54:06.171307,Delivered,625.84,online
2534,,Online Customer 445,online_203@gmail.com,9876559554,"Mumbai Suburban Area, India",2025-07-30T15:23:11.171307,Delivered,10426.7,online
2535,2.0,Online Customer 180,online_120@gmail.com,9876540979,"Mumbai Suburban Area, India",2025-08-05T19:18:53.171307,Delivered,9824.75,online
2536,2.0,Online Customer 211,online_697@gmail.com,9876570508,"Mumbai Suburban Area, India",2025-08-05T10:21:17.171307,Pending,30942.91,online
2537,2.0,Online Customer 343,online_6@gmail.com,9876531487,"Mumbai Suburban Area, India",2025-08-06T15:27:09.171307,Pending,59273.41,online
2538,2.0,Online Customer 846,online_191@gmail.com,9876511033,"Mumbai Suburban Area, India",2025-08-06T15:41:14.171307,Delivered,371.66,online
2539,2.0,Online Customer 425,online_735@gmail.com,9876543977,"Mumbai Suburban Area, India",2025-08-07T10:28:07.171307,Pending,6197.97,online
2540,2.0,Online Customer 747,online_140@gmail.com,9876567098,"Mumbai Suburban Area, India",2025-08-07T21:58:38.171307,Delivered,31888.25,online
2541,,Online Customer 739,online_801@gmail.com,9876595687,"Mumbai Suburban Area, India",2025-08-07T19:04:08.171307,Delivered,1731.9,online
2542,2.0,Online Customer 255,online_816@gmail.com,9876556271,"Mumbai Suburban Area, India",2025-08-08T10:59:07.171307,Delivered,1387.3,online
2543,,Online Customer 575,online_503@gmail.com,9876598551,"Mumbai Suburban Area, India",2025-08-08T10:59:02.171307,Delivered,1666.87,online
2544,,Online Customer 464,online_797@gmail.com,9876539273,"Mumbai Suburban Area, India",2025-08-08T16:45:48.171307,Delivered,2555.34,online
2545,2.0,Online Customer 365,online_509@gmail.com,9876553820,"Mumbai Suburban Area, India",2025-08-09T19:18:42.171307,Delivered,1947.62,online
2546,,Online Customer 818,online_575@gmail.com,9876568106,"Mumbai Suburban Area, India",2025-08-09T19:09:31.171307,Delivered,331.02,online
2547,,Online Customer 629,online_803@gmail.com,9876580722,"Mumbai Suburban Area, India",2025-08-09T21:59:24.171307,Delivered,20131.56,online
2548,2.0,Online Customer 609,online_815@gmail.com,9876510489,"Mumbai Suburban Area, India",2025-08-09T15:46:50.171307,Delivered,11305.94,online
2549,,Online Customer 172,online_700@gmail.com,9876562761,"Mumbai Suburban Area, India",2025-08-09T10:26:37.171307,Delivered,34281.15,online
2550,,Online Customer 179,online_927@gmail.com,9876580026,"Mumbai Suburban Area, India",2025-08-10T15:58:46.171307,Delivered,1396.28,online
2551,,Online Customer 734,online_462@gmail.com,9876516076,"Mumbai Suburban Area, India",2025-08-11T17:59:02.171307,Pending,72841.08,online
2552,,Online Customer 316,online_730@gmail.com,9876558290,"Mumbai Suburban Area, India",2025-08-11T13:54:19.171307,Delivered,18476.37,online
2553,,Online Customer 616,online_4@gmail.com,9876549436,"Mumbai Suburban Area, India",2025-08-12T10:08:18.171307,Pending,3371.24,online
2554,2.0,Online Customer 219,online_565@gmail.com,9876566623,"Mumbai Suburban Area, India",2025-08-12T19:49:58.171307,Pending,5604.47,online
2555,,Online Customer 157,online_922@gmail.com,9876558102,"Mumbai Suburban Area, India",2025-08-13T19:19:47.171307,Delivered,1972.68,online
2556,2.0,Online Customer 940,online_367@gmail.com,9876522481,"Mumbai Suburban Area, India",2025-08-13T11:43:49.171307,Delivered,426.42,online
2557,2.0,Online Customer 984,online_910@gmail.com,9876580078,"Mumbai Suburban Area, India",2025-08-15T16:39:47.171307,Delivered,19037.84,online
2558,2.0,Online Customer 521,online_90@gmail.com,9876577719,"Mumbai Suburban Area, India",2025-08-16T11:20:54.171307,Delivered,2500.19,online
2559,2.0,Online Customer 530,online_550@gmail.com,9876572484,"Mumbai Suburban Area, India",2025-08-16T18:13:23.171307,Delivered,6113.97,online
2560,,Online Customer 669,online_434@gmail.com,9876580356,"Mumbai Suburban Area, India",2025-08-16T11:22:37.171307,Delivered,3488.16,online
2561,,Online Customer 432,online_994@gmail.com,9876573642,"Mumbai Suburban Area, India",2025-08-16T11:49:04.171307,Delivered,20752.61,online
2562,,Online Customer 483,online_948@gmail.com,9876518866,"Mumbai Suburban Area, India",2025-08-17T17:53:18.171307,Delivered,12917.99,online
2563,2.0,Online Customer 464,online_649@gmail.com,9876591246,"Mumbai Suburban Area, India",2025-08-17T12:27:40.171307,Delivered,478.67,online
2564,,Online Customer 936,online_991@gmail.com,9876575018,"Mumbai Suburban Area, India",2025-08-17T10:57:11.171307,Pending,2832.79,online
2565,,Online Customer 821,online_231@gmail.com,9876538480,"Mumbai Suburban Area, India",2025-08-17T20:01:29.171307,Delivered,1684.63,online
2566,2.0,Online Customer 249,online_525@gmail.com,9876546879,"Mumbai Suburban Area, India",2025-08-18T17:46:53.171307,Delivered,4523.42,online
2567,,Online Customer 160,online_586@gmail.com,9876523929,"Mumbai Suburban Area, India",2025-08-18T09:40:30.171307,Delivered,3153.26,online
2568,2.0,Online Customer 383,online_854@gmail.com,9876566990,"Mumbai Suburban Area, India",2025-08-18T11:14:48.171307,Delivered,1230.41,online
2569,2.0,Online Customer 161,online_753@gmail.com,9876525886,"Mumbai Suburban Area, India",2025-08-18T13:03:43.171307,Delivered,1628.16,online
2570,,Online Customer 121,online_776@gmail.com,9876513150,"Mumbai Suburban Area, India",2025-08-18T10:50:07.171307,Delivered,1743.35,online
2571,,Online Customer 771,online_400@gmail.com,9876556282,"Mumbai Suburban Area, India",2025-08-19T21:28:44.171307,Delivered,1324.61,online
2572,2.0,Online Customer 375,online_842@gmail.com,9876545316,"Mumbai Suburban Area, India",2025-08-19T19:24:00.171307,Delivered,740.25,online
2573,2.0,Online Customer 663,online_858@gmail.com,9876555768,"Mumbai Suburban Area, India",2025-08-20T15:07:50.171307,Delivered,1134.02,online
2574,,Online Customer 613,online_112@gmail.com,9876517354,"Mumbai Suburban Area, India",2025-08-20T13:43:04.171307,Delivered,35537.52,online
2575,2.0,Online Customer 292,online_505@gmail.com,9876528447,"Mumbai Suburban Area, India",2025-08-20T14:59:37.171307,Delivered,17785.26,online
2576,2.0,Online Customer 707,online_203@gmail.com,9876575976,"Mumbai Suburban Area, India",2025-08-20T20:09:04.171307,Delivered,2381.98,online
2577,,Online Customer 976,online_35@gmail.com,9876566031,"Mumbai Suburban Area, India",2025-08-20T10:09:19.171307,Delivered,15904.01,online
2578,,Online Customer 424,online_922@gmail.com,9876591125,"Mumbai Suburban Area, India",2025-08-21T11:32:09.171307,Delivered,1343.75,online
2579,,Online Customer 370,online_241@gmail.com,9876563858,"Mumbai Suburban Area, India",2025-08-21T11:04:53.171307,Delivered,3582.84,online
2580,,Online Customer 825,online_702@gmail.com,9876598854,"Mumbai Suburban Area, India",2025-08-22T10:31:07.171307,Delivered,1734.51,online
2581,2.0,Online Customer 836,online_86@gmail.com,9876592886,"Mumbai Suburban Area, India",2025-08-22T19:09:22.171307,Delivered,1844.35,online
2582,,Online Customer 434,online_246@gmail.com,9876547157,"Mumbai Suburban Area, India",2025-08-22T18:23:46.171307,Pending,1937.9,online
2583,,Online Customer 539,online_206@gmail.com,9876515909,"Mumbai Suburban Area, India",2025-08-23T18:20:02.171307,Delivered,1908.66,online
2584,2.0,Online Customer 943,online_675@gmail.com,9876568248,"Mumbai Suburban Area, India",2025-08-23T10:07:40.171307,Delivered,31546.95,online
2585,2.0,Online Customer 726,online_713@gmail.com,9876586442,"Mumbai Suburban Area, India",2025-08-23T16:26:46.171307,Delivered,997.38,online
2586,,Online Customer 486,online_104@gmail.com,9876518286,"Mumbai Suburban Area, India",2025-08-23T10:15:25.171307,Delivered,37968.44,online
2587,2.0,Online Customer 434,online_917@gmail.com,9876580402,"Mumbai Suburban Area, India",2025-08-23T14:22:23.171307,Delivered,1983.67,online
2588,2.0,Online Customer 422,online_453@gmail.com,9876560281,"Mumbai Suburban Area, India",2025-08-24T21:44:55.171307,Delivered,39817.02,online
2589,2.0,Online Customer 797,online_122@gmail.com,9876597357,"Mumbai Suburban Area, India",2025-08-24T14:58:00.171307,Delivered,1366.6,online
2590,,Online Customer 280,online_708@gmail.com,9876596087,"Mumbai Suburban Area, India",2025-08-24T19:28:31.171307,Delivered,1686.9,online
2591,2.0,Online Customer 418,online_967@gmail.com,9876561313,"Mumbai Suburban Area, India",2025-08-24T13:52:11.171307,Delivered,363.16,online
2592,2.0,Online Customer 119,online_707@gmail.com,9876567670,"Mumbai Suburban Area, India",2025-08-24T20:50:02.171307,Delivered,677.02,online
2593,,Online Customer 868,online_115@gmail.com,9876561464,"Mumbai Suburban Area, India",2025-08-26T09:21:51.171307,Delivered,16359.79,online
2594,,Online Customer 454,online_163@gmail.com,9876549563,"Mumbai Suburban Area, India",2025-08-27T20:22:08.171307,Delivered,932.96,online
2595,,Online Customer 314,online_89@gmail.com,9876588342,"Mumbai Suburban Area, India",2025-08-27T21:59:47.171307,Delivered,1134.61,online
2596,,Online Customer 290,online_343@gmail.com,9876520790,"Mumbai Suburban Area, India",2025-08-27T11:39:52.171307,Delivered,82070.46,online
2597,2.0,Online Customer 633,online_334@gmail.com,9876585106,"Mumbai Suburban Area, India",2025-08-28T16:07:15.171307,Pending,35085.03,online
2598,2.0,Online Customer 656,online_855@gmail.com,9876517454,"Mumbai Suburban Area, India",2025-08-28T11:56:26.171307,Delivered,18472.79,online
2599,,Online Customer 903,online_103@gmail.com,9876538191,"Mumbai Suburban Area, India",2025-08-29T15:11:42.171307,Delivered,320.81,online
2600,2.0,Online Customer 676,online_501@gmail.com,9876572572,"Mumbai Suburban Area, India",2025-08-29T20:08:11.171307,Delivered,573.6,online
2601,,Online Customer 572,online_839@gmail.com,9876571884,"Mumbai Suburban Area, India",2025-08-29T14:36:02.171307,Delivered,191.86,online
2602,2.0,Online Customer 631,online_86@gmail.com,9876538522,"Mumbai Suburban Area, India",2025-08-29T18:08:49.171307,Delivered,36360.39,online
2603,,Online Customer 543,online_874@gmail.com,9876538160,"Mumbai Suburban Area, India",2025-08-30T19:26:36.171307,Delivered,771.0,online
2604,,Online Customer 554,online_606@gmail.com,9876597971,"Mumbai Suburban Area, India",2025-08-30T12:44:56.171307,Delivered,2589.65,online
2605,,Online Customer 938,online_769@gmail.com,9876510547,"Mumbai Suburban Area, India",2025-08-31T16:02:51.171307,Delivered,17554.89,online
2606,2.0,Online Customer 446,online_740@gmail.com,9876549848,"Mumbai Suburban Area, India",2025-08-31T13:47:20.171307,Delivered,2250.86,online
2607,,Online Customer 265,online_704@gmail.com,9876599620,"Mumbai Suburban Area, India",2025-08-31T17:49:16.171307,Delivered,714.76,online
2608,,Online Customer 565,online_115@gmail.com,9876515702,"Mumbai Suburban Area, India",2025-09-01T18:02:14.171307,Delivered,691.4,online
2609,2.0,Online Customer 442,online_956@gmail.com,9876541404,"Mumbai Suburban Area, India",2025-09-01T21:55:44.171307,Delivered,691.4,online
2610,,Online Customer 145,online_460@gmail.com,9876593743,"Mumbai Suburban Area, India",2025-09-05T16:01:55.171307,Delivered,76594.8,online
2611,2.0,Online Customer 568,online_265@gmail.com,9876550060,"Mumbai Suburban Area, India",2025-09-05T19:12:23.171307,Delivered,1293.07,online
2612,,Online Customer 243,online_539@gmail.com,9876530585,"Mumbai Suburban Area, India",2025-09-05T09:44:15.171307,Delivered,342.0,online
2613,2.0,Online Customer 995,online_685@gmail.com,9876579398,"Mumbai Suburban Area, India",2025-09-05T18:31:44.171307,Delivered,2048.16,online
2614,,Online Customer 842,online_410@gmail.com,9876563613,"Mumbai Suburban Area, India",2025-09-05T11:49:17.171307,Delivered,2531.23,online
2615,,Online Customer 711,online_573@gmail.com,9876535236,"Mumbai Suburban Area, India",2025-09-06T12:41:51.171307,Delivered,34708.15,online
2616,,Online Customer 951,online_740@gmail.com,9876591192,"Mumbai Suburban Area, India",2025-09-06T16:46:19.171307,Delivered,31382.53,online
2617,2.0,Online Customer 985,online_785@gmail.com,9876578464,"Mumbai Suburban Area, India",2025-09-06T18:49:06.171307,Pending,66246.22,online
2618,2.0,Online Customer 276,online_900@gmail.com,9876575986,"Mumbai Suburban Area, India",2025-09-06T12:24:16.171307,Delivered,39580.31,online
2619,2.0,Online Customer 836,online_125@gmail.com,9876593510,"Mumbai Suburban Area, India",2025-09-07T19:04:29.171307,Delivered,97287.68,online
2620,,Online Customer 765,online_157@gmail.com,9876524729,"Mumbai Suburban Area, India",2025-09-07T16:09:01.171307,Delivered,33094.26,online
2621,2.0,Online Customer 609,online_455@gmail.com,9876515686,"Mumbai Suburban Area, India",2025-09-07T13:44:44.171307,Delivered,1550.96,online
2622,,Online Customer 636,online_322@gmail.com,9876592270,"Mumbai Suburban Area, India",2025-09-07T16:25:48.171307,Delivered,17216.43,online
2623,2.0,Online Customer 657,online_476@gmail.com,9876537531,"Mumbai Suburban Area, India",2025-09-08T18:30:57.171307,Delivered,37728.78,online
2624,2.0,Online Customer 135,online_435@gmail.com,9876519334,"Mumbai Suburban Area, India",2025-09-09T17:47:44.171307,Delivered,20962.65,online
2625,,Online Customer 514,online_537@gmail.com,9876548636,"Mumbai Suburban Area, India",2025-09-09T09:07:31.171307,Delivered,861.56,online
2626,,Online Customer 978,online_104@gmail.com,9876590890,"Mumbai Suburban Area, India",2025-09-10T12:01:47.171307,Delivered,75743.73,online
2627,2.0,Online Customer 896,online_820@gmail.com,9876512296,"Mumbai Suburban Area, India",2025-09-10T14:32:17.171307,Delivered,3485.18,online
2628,2.0,Online Customer 731,online_208@gmail.com,9876561245,"Mumbai Suburban Area, India",2025-09-10T10:43:35.171307,Delivered,1112.78,online
2629,2.0,Online Customer 600,online_399@gmail.com,9876597147,"Mumbai Suburban Area, India",2025-09-11T16:10:46.171307,Delivered,31119.41,online
2630,2.0,Online Customer 366,online_217@gmail.com,9876558668,"Mumbai Suburban Area, India",2025-09-11T14:01:57.171307,Delivered,212.56,online
2631,2.0,Online Customer 122,online_234@gmail.com,9876548103,"Mumbai Suburban Area, India",2025-09-11T18:21:28.171307,Delivered,78960.08,online
2632,,Online Customer 590,online_120@gmail.com,9876571509,"Mumbai Suburban Area, India",2025-09-12T10:43:10.171307,Delivered,64533.53,online
2633,,Online Customer 359,online_679@gmail.com,9876571286,"Mumbai Suburban Area, India",2025-09-12T10:20:59.171307,Delivered,107148.53,online
2634,2.0,Online Customer 896,online_636@gmail.com,9876594733,"Mumbai Suburban Area, India",2025-09-12T11:47:36.171307,Delivered,35868.51,online
2635,,Online Customer 515,online_18@gmail.com,9876539032,"Mumbai Suburban Area, India",2025-09-12T11:46:59.171307,Delivered,72425.24,online
2636,,Online Customer 827,online_727@gmail.com,9876520789,"Mumbai Suburban Area, India",2025-09-13T18:19:29.171307,Delivered,74920.68,online
2637,,Online Customer 174,online_886@gmail.com,9876515831,"Mumbai Suburban Area, India",2025-09-13T12:22:38.171307,Delivered,34527.72,online
2638,2.0,Online Customer 190,online_461@gmail.com,9876524455,"Mumbai Suburban Area, India",2025-09-13T20:28:27.171307,Delivered,1362.06,online
2639,2.0,Online Customer 116,online_663@gmail.com,9876515349,"Mumbai Suburban Area, India",2025-09-13T16:44:46.171307,Delivered,86492.49,online
2640,2.0,Online Customer 537,online_594@gmail.com,9876589597,"Mumbai Suburban Area, India",2025-09-13T15:43:01.171307,Delivered,87084.26,online
2641,,Online Customer 384,online_40@gmail.com,9876598132,"Mumbai Suburban Area, India",2025-09-13T12:17:41.171307,Delivered,1220.48,online
2642,2.0,Online Customer 844,online_975@gmail.com,9876591964,"Mumbai Suburban Area, India",2025-09-20T19:31:38.171307,Delivered,33979.91,online
2643,,Online Customer 228,online_628@gmail.com,9876562058,"Mumbai Suburban Area, India",2025-09-20T18:58:09.171307,Delivered,1408.89,online
2644,,Online Customer 510,online_115@gmail.com,9876594845,"Mumbai Suburban Area, India",2025-09-20T18:37:07.171307,Delivered,1919.58,online
2645,,Online Customer 824,online_144@gmail.com,9876560330,"Mumbai Suburban Area, India",2025-09-21T17:41:13.171307,Delivered,33338.48,online
2646,2.0,Online Customer 478,online_677@gmail.com,9876539153,"Mumbai Suburban Area, India",2025-09-21T21:37:34.171307,Delivered,1977.94,online
2647,2.0,Online Customer 600,online_11@gmail.com,9876545469,"Mumbai Suburban Area, India",2025-09-21T20:13:30.171307,Delivered,814.58,online
2648,,Online Customer 812,online_978@gmail.com,9876559016,"Mumbai Suburban Area, India",2025-09-21T11:12:24.171307,Delivered,133.17,online
2649,,Online Customer 890,online_843@gmail.com,9876587261,"Mumbai Suburban Area, India",2025-09-21T15:19:23.171307,Delivered,774.79,online
2650,2.0,Online Customer 233,online_202@gmail.com,9876531712,"Mumbai Suburban Area, India",2025-09-21T11:24:34.171307,Delivered,33355.18,online
2651,,Online Customer 970,online_542@gmail.com,9876550130,"Mumbai Suburban Area, India",2025-09-21T17:29:32.171307,Delivered,1427.36,online
2652,2.0,Online Customer 265,online_884@gmail.com,9876522581,"Mumbai Suburban Area, India",2025-09-21T19:57:51.171307,Delivered,2243.86,online
2653,2.0,Online Customer 342,online_733@gmail.com,9876595757,"Mumbai Suburban Area, India",2025-09-22T19:46:05.171307,Delivered,2755.28,online
2654,2.0,Online Customer 961,online_34@gmail.com,9876591059,"Mumbai Suburban Area, India",2025-09-23T11:00:04.171307,Delivered,30115.17,online
2655,2.0,Online Customer 454,online_571@gmail.com,9876568691,"Mumbai Suburban Area, India",2025-09-23T10:22:16.171307,Delivered,2858.35,online
2656,,Online Customer 355,online_402@gmail.com,9876536331,"Mumbai Suburban Area, India",2025-09-23T16:24:19.171307,Delivered,60006.45,online
2657,,Online Customer 799,online_700@gmail.com,9876587138,"Mumbai Suburban Area, India",2025-09-24T12:21:15.171307,Delivered,20506.21,online
2658,2.0,Online Customer 887,online_480@gmail.com,9876590043,"Mumbai Suburban Area, India",2025-09-25T20:51:21.171307,Delivered,2249.94,online
2659,,Online Customer 441,online_965@gmail.com,9876524611,"Mumbai Suburban Area, India",2025-09-25T11:15:17.171307,Delivered,3275.13,online
2660,2.0,Online Customer 871,online_315@gmail.com,9876526887,"Mumbai Suburban Area, India",2025-09-25T10:00:07.171307,Delivered,20678.63,online
2661,,Online Customer 709,online_300@gmail.com,9876532861,"Mumbai Suburban Area, India",2025-09-25T11:09:41.171307,Delivered,2257.14,online
2662,2.0,Online Customer 267,online_918@gmail.com,9876599829,"Mumbai Suburban Area, India",2025-09-25T14:46:08.171307,Delivered,143.42,online
2663,2.0,Online Customer 764,online_82@gmail.com,9876510550,"Mumbai Suburban Area, India",2025-09-25T15:44:55.171307,Delivered,65617.46,online
2664,,Online Customer 850,online_700@gmail.com,9876579815,"Mumbai Suburban Area, India",2025-09-26T16:43:22.171307,Delivered,259.71,online
2665,,Online Customer 963,online_916@gmail.com,9876568654,"Mumbai Suburban Area, India",2025-09-26T17:44:51.171307,Delivered,1310.97,online
2666,,Online Customer 624,online_594@gmail.com,9876572295,"Mumbai Suburban Area, India",2025-09-26T17:40:33.171307,Delivered,68234.01,online
2667,2.0,Online Customer 760,online_199@gmail.com,9876553339,"Mumbai Suburban Area, India",2025-09-26T20:47:26.171307,Delivered,156.73,online
2668,,Online Customer 894,online_773@gmail.com,9876590458,"Mumbai Suburban Area, India",2025-09-26T13:24:20.171307,Delivered,53585.56,online
2669,2.0,Online Customer 134,online_78@gmail.com,9876515318,"Mumbai Suburban Area, India",2025-09-27T16:25:36.171307,Delivered,69716.78,online
2670,2.0,Online Customer 845,online_972@gmail.com,9876571920,"Mumbai Suburban Area, India",2025-09-27T15:17:52.171307,Delivered,35362.06,online
2671,,Online Customer 823,online_900@gmail.com,9876594090,"Mumbai Suburban Area, India",2025-09-27T16:50:40.171307,Delivered,319.16,online
2672,2.0,Online Customer 685,online_1000@gmail.com,9876597848,"Mumbai Suburban Area, India",2025-10-05T18:13:30.171307,Delivered,57448.47,online
2673,2.0,Online Customer 141,online_252@gmail.com,9876592664,"Mumbai Suburban Area, India",2025-10-05T09:25:24.171307,Delivered,1162.63,online
2674,2.0,Online Customer 838,online_475@gmail.com,9876597015,"Mumbai Suburban Area, India",2025-10-05T11:50:56.171307,Delivered,37008.68,online
2675,,Online Customer 497,online_472@gmail.com,9876518277,"Mumbai Suburban Area, India",2025-10-06T12:39:52.171307,Delivered,595.87,online
2676,2.0,Online Customer 582,online_178@gmail.com,9876581763,"Mumbai Suburban Area, India",2025-10-06T14:15:08.171307,Delivered,2874.85,online
2677,2.0,Online Customer 579,online_454@gmail.com,9876592841,"Mumbai Suburban Area, India",2025-10-06T12:05:36.171307,Delivered,35567.78,online
2678,,Online Customer 234,online_132@gmail.com,9876541254,"Mumbai Suburban Area, India",2025-10-06T17:12:55.171307,Delivered,2426.25,online
2679,2.0,Online Customer 930,online_882@gmail.com,9876554863,"Mumbai Suburban Area, India",2025-10-07T11:46:08.171307,Delivered,1746.69,online
2680,,Online Customer 418,online_31@gmail.com,9876542519,"Mumbai Suburban Area, India",2025-10-07T18:40:54.171307,Delivered,41522.68,online
2681,2.0,Online Customer 554,online_920@gmail.com,9876581823,"Mumbai Suburban Area, India",2025-10-07T16:00:13.171307,Delivered,725.1,online
2682,,Online Customer 223,online_706@gmail.com,9876576217,"Mumbai Suburban Area, India",2025-10-07T10:31:33.171307,Delivered,383.66,online
2683,2.0,Online Customer 249,online_578@gmail.com,9876537276,"Mumbai Suburban Area, India",2025-10-08T10:05:14.171307,Delivered,430.06,online
2684,,Online Customer 816,online_933@gmail.com,9876578495,"Mumbai Suburban Area, India",2025-10-08T19:06:18.171307,Delivered,3916.7,online
2685,2.0,Online Customer 829,online_435@gmail.com,9876551093,"Mumbai Suburban Area, India",2025-10-08T16:44:36.171307,Delivered,39288.22,online
2686,2.0,Online Customer 221,online_252@gmail.com,9876542913,"Mumbai Suburban Area, India",2025-10-08T18:54:07.171307,Delivered,929.04,online
2687,,Online Customer 212,online_442@gmail.com,9876538949,"Mumbai Suburban Area, India",2025-10-09T12:26:29.171307,Delivered,1662.94,online
2688,2.0,Online Customer 154,online_651@gmail.com,9876573177,"Mumbai Suburban Area, India",2025-10-09T16:55:33.171307,Delivered,2057.38,online
2689,2.0,Online Customer 261,online_144@gmail.com,9876532304,"Mumbai Suburban Area, India",2025-10-09T14:15:53.171307,Delivered,222.94,online
2690,,Online Customer 173,online_506@gmail.com,9876563492,"Mumbai Suburban Area, India",2025-10-09T11:42:49.171307,Delivered,1328.67,online
2691,2.0,Online Customer 304,online_65@gmail.com,9876549273,"Mumbai Suburban Area, India",2025-10-09T18:57:11.171307,Delivered,2142.81,online
2692,,Online Customer 769,online_553@gmail.com,9876560996,"Mumbai Suburban Area, India",2025-10-11T14:45:04.171307,Delivered,303.65,online
2693,2.0,Online Customer 302,online_94@gmail.com,9876595644,"Mumbai Suburban Area, India",2025-10-11T12:49:58.171307,Delivered,2286.35,online
2694,,Online Customer 517,online_273@gmail.com,9876542261,"Mumbai Suburban Area, India",2025-10-11T20:29:13.171307,Delivered,18534.02,online
2695,2.0,Online Customer 971,online_468@gmail.com,9876522068,"Mumbai Suburban Area, India",2025-10-12T15:29:25.171307,Delivered,1713.01,online
2696,,Online Customer 548,online_375@gmail.com,9876551540,"Mumbai Suburban Area, India",2025-10-12T11:37:23.171307,Delivered,3491.72,online
2697,2.0,Online Customer 857,online_489@gmail.com,9876570043,"Mumbai Suburban Area, India",2025-10-12T12:54:26.171307,Delivered,4056.16,online
2698,2.0,Online Customer 275,online_655@gmail.com,9876528398,"Mumbai Suburban Area, India",2025-10-15T14:15:10.171307,Delivered,1513.01,online
2699,,Online Customer 724,online_851@gmail.com,9876594839,"Mumbai Suburban Area, India",2025-10-15T16:28:58.171307,Delivered,383.66,online
2700,2.0,Online Customer 216,online_814@gmail.com,9876590189,"Mumbai Suburban Area, India",2025-10-15T21:53:20.171307,Delivered,602.8,online
2701,2.0,Online Customer 493,online_992@gmail.com,9876561220,"Mumbai Suburban Area, India",2025-10-16T16:47:52.171307,Delivered,368.61,online
2702,2.0,Online Customer 895,online_947@gmail.com,9876551450,"Mumbai Suburban Area, India",2025-10-17T14:42:20.171307,Delivered,9828.74,online
2703,,Online Customer 177,online_145@gmail.com,9876562233,"Mumbai Suburban Area, India",2025-10-20T13:12:30.171307,Delivered,2374.24,online
2704,,Online Customer 226,online_779@gmail.com,9876586599,"Mumbai Suburban Area, India",2025-10-21T11:48:27.171307,Delivered,66788.96,online
2705,2.0,Online Customer 293,online_978@gmail.com,9876542549,"Mumbai Suburban Area, India",2025-10-21T14:22:42.171307,Pending,68675.3,online
2706,2.0,Online Customer 370,online_155@gmail.com,9876566013,"Mumbai Suburban Area, India",2025-10-21T19:27:42.171307,Delivered,179.15,online
2707,2.0,Online Customer 316,online_791@gmail.com,9876586311,"Mumbai Suburban Area, India",2025-10-21T13:49:53.171307,Delivered,685.97,online
2708,2.0,Online Customer 919,online_444@gmail.com,9876532454,"Mumbai Suburban Area, India",2025-10-21T18:32:13.171307,Delivered,358.3,online
2709,,Online Customer 919,online_522@gmail.com,9876519014,"Mumbai Suburban Area, India",2025-10-21T21:08:58.171307,Delivered,1508.62,online
2710,,Online Customer 716,online_371@gmail.com,9876532904,"Mumbai Suburban Area, India",2025-10-22T15:27:22.171307,Delivered,1206.46,online
2711,,Online Customer 957,online_554@gmail.com,9876580604,"Mumbai Suburban Area, India",2025-10-22T14:42:14.171307,Delivered,384.62,online
2712,,Online Customer 971,online_895@gmail.com,9876595012,"Mumbai Suburban Area, India",2025-10-22T14:46:18.171307,Delivered,3538.49,online
2713,,Online Customer 362,online_688@gmail.com,9876522704,"Mumbai Suburban Area, India",2025-10-25T09:01:06.171307,Delivered,708.41,online
2714,2.0,Online Customer 846,online_425@gmail.com,9876585747,"Mumbai Suburban Area, India",2025-10-26T17:02:34.171307,Delivered,722.26,online
2715,2.0,Online Customer 214,online_914@gmail.com,9876519422,"Mumbai Suburban Area, India",2025-10-26T18:16:49.171307,Delivered,41725.17,online
2716,,Online Customer 961,online_793@gmail.com,9876544796,"Mumbai Suburban Area, India",2025-10-26T11:41:26.171307,Delivered,2227.48,online
2717,2.0,Online Customer 276,online_330@gmail.com,9876573741,"Mumbai Suburban Area, India",2025-10-26T14:47:23.171307,Delivered,2092.72,online
2718,2.0,Online Customer 281,online_178@gmail.com,9876514559,"Mumbai Suburban Area, India",2025-10-28T15:29:54.171307,Delivered,1148.4,online
2719,2.0,Online Customer 223,online_717@gmail.com,9876572715,"Mumbai Suburban Area, India",2025-11-05T20:23:35.171307,Delivered,319.03,online
2720,,Online Customer 343,online_252@gmail.com,9876511964,"Mumbai Suburban Area, India",2025-11-05T15:33:21.171307,Delivered,10170.43,online
2721,2.0,Online Customer 679,online_884@gmail.com,9876556909,"Mumbai Suburban Area, India",2025-11-06T21:16:38.171307,Delivered,35934.15,online
2722,,Online Customer 967,online_524@gmail.com,9876554250,"Mumbai Suburban Area, India",2025-11-06T21:11:35.171307,Pending,862.75,online
2723,2.0,Online Customer 116,online_428@gmail.com,9876549393,"Mumbai Suburban Area, India",2025-11-06T12:07:36.171307,Delivered,854.3,online
2724,2.0,Online Customer 158,online_89@gmail.com,9876573850,"Mumbai Suburban Area, India",2025-11-06T17:50:46.171307,Delivered,40463.37,online
2725,2.0,Online Customer 141,online_923@gmail.com,9876533814,"Mumbai Suburban Area, India",2025-11-07T10:12:05.171307,Pending,16327.92,online
2726,,Online Customer 760,online_73@gmail.com,9876522842,"Mumbai Suburban Area, India",2025-11-07T12:53:43.171307,Delivered,50083.02,online
2727,2.0,Online Customer 954,online_931@gmail.com,9876576082,"Mumbai Suburban Area, India",2025-11-07T17:41:11.171307,Delivered,109575.02,online
2728,2.0,Online Customer 246,online_169@gmail.com,9876536884,"Mumbai Suburban Area, India",2025-11-07T21:52:05.171307,Delivered,57692.03,online
2729,,Online Customer 619,online_601@gmail.com,9876581576,"Mumbai Suburban Area, India",2025-11-07T17:05:45.171307,Delivered,1213.94,online
2730,2.0,Online Customer 986,online_921@gmail.com,9876559124,"Mumbai Suburban Area, India",2025-11-08T14:08:21.171307,Delivered,494.66,online
2731,2.0,Online Customer 871,online_197@gmail.com,9876586656,"Mumbai Suburban Area, India",2025-11-08T15:04:48.171307,Delivered,1455.23,online
2732,2.0,Online Customer 638,online_88@gmail.com,9876562483,"Mumbai Suburban Area, India",2025-11-08T18:45:58.171307,Delivered,10112.07,online
2733,2.0,Online Customer 779,online_247@gmail.com,9876510910,"Mumbai Suburban Area, India",2025-11-08T14:13:15.171307,Delivered,17165.82,online
2734,,Online Customer 760,online_672@gmail.com,9876567774,"Mumbai Suburban Area, India",2025-11-08T15:40:06.171307,Delivered,1587.31,online
2735,,Online Customer 329,online_862@gmail.com,9876540570,"Mumbai Suburban Area, India",2025-11-09T20:28:18.171307,Delivered,499.1,online
2736,,Online Customer 214,online_733@gmail.com,9876541516,"Mumbai Suburban Area, India",2025-11-09T14:04:04.171307,Delivered,33591.97,online
2737,,Online Customer 946,online_177@gmail.com,9876517014,"Mumbai Suburban Area, India",2025-11-09T13:48:54.171307,Delivered,134593.28,online
2738,2.0,Online Customer 825,online_305@gmail.com,9876535407,"Mumbai Suburban Area, India",2025-11-09T17:25:27.171307,Delivered,45749.18,online
2739,,Online Customer 315,online_117@gmail.com,9876547003,"Mumbai Suburban Area, India",2025-11-09T13:09:58.171307,Delivered,73219.2,online
2740,,Online Customer 916,online_184@gmail.com,9876568161,"Mumbai Suburban Area, India",2025-11-10T16:01:51.171307,Delivered,8972.8,online
2741,2.0,Online Customer 672,online_257@gmail.com,9876593728,"Mumbai Suburban Area, India",2025-11-10T17:11:00.171307,Delivered,37736.98,online
2742,2.0,Online Customer 326,online_90@gmail.com,9876588860,"Mumbai Suburban Area, India",2025-11-10T18:58:55.171307,Delivered,34620.94,online
2743,,Online Customer 326,online_252@gmail.com,9876580125,"Mumbai Suburban Area, India",2025-11-11T12:52:00.171307,Delivered,370.5,online
2744,,Online Customer 429,online_124@gmail.com,9876519236,"Mumbai Suburban Area, India",2025-11-11T13:52:31.171307,Delivered,67463.35,online
2745,,Online Customer 526,online_326@gmail.com,9876576149,"Mumbai Suburban Area, India",2025-11-12T10:37:37.171307,Delivered,18653.92,online
2746,2.0,Online Customer 517,online_646@gmail.com,9876549889,"Mumbai Suburban Area, India",2025-11-12T13:57:01.171307,Delivered,956.82,online
2747,2.0,Online Customer 764,online_400@gmail.com,9876533959,"Mumbai Suburban Area, India",2025-11-13T10:37:59.171307,Delivered,33238.9,online
2748,,Online Customer 503,online_840@gmail.com,9876543415,"Mumbai Suburban Area, India",2025-11-13T10:55:52.171307,Delivered,1012.68,online
2749,,Online Customer 688,online_922@gmail.com,9876590700,"Mumbai Suburban Area, India",2025-11-14T15:03:46.171307,Delivered,2541.3,online
2750,2.0,Online Customer 240,online_63@gmail.com,9876551376,"Mumbai Suburban Area, India",2025-11-14T09:27:44.171307,Delivered,79061.49,online
2751,2.0,Online Customer 706,online_738@gmail.com,9876532991,"Mumbai Suburban Area, India",2025-11-15T15:50:23.171307,Delivered,39372.27,online
2752,2.0,Online Customer 985,online_301@gmail.com,9876528908,"Mumbai Suburban Area, India",2025-11-15T21:44:35.171307,Delivered,42596.89,online
2753,,Online Customer 635,online_198@gmail.com,9876592658,"Mumbai Suburban Area, India",2025-11-15T15:04:17.171307,Delivered,1193.28,online
2754,,Online Customer 775,online_631@gmail.com,9876516329,"Mumbai Suburban Area, India",2025-11-20T17:11:37.171307,Pending,696.75,online
2755,2.0,Online Customer 514,online_160@gmail.com,9876530575,"Mumbai Suburban Area, India",2025-11-20T15:16:13.171307,Delivered,64499.04,online
2756,2.0,Online Customer 523,online_118@gmail.com,9876552147,"Mumbai Suburban Area, India",2025-11-21T10:44:36.171307,Delivered,228.88,online
2757,2.0,Online Customer 334,online_958@gmail.com,9876558152,"Mumbai Suburban Area, India",2025-11-21T17:13:47.171307,Delivered,4947.71,online
2758,2.0,Online Customer 383,online_840@gmail.com,9876555424,"Mumbai Suburban Area, India",2025-11-21T16:07:17.171307,Delivered,62781.16,online
2759,2.0,Online Customer 352,online_948@gmail.com,9876543903,"Mumbai Suburban Area, India",2025-11-21T12:10:06.171307,Delivered,734.32,online
2760,2.0,Online Customer 749,online_3@gmail.com,9876551105,"Mumbai Suburban Area, India",2025-11-21T19:33:11.171307,Delivered,1737.61,online
2761,2.0,Online Customer 780,online_150@gmail.com,9876525908,"Mumbai Suburban Area, India",2025-11-22T19:57:50.171307,Delivered,39583.36,online
2762,2.0,Online Customer 527,online_651@gmail.com,9876580497,"Mumbai Suburban Area, India",2025-11-22T18:14:04.171307,Delivered,3194.49,online
2763,,Online Customer 653,online_316@gmail.com,9876555808,"Mumbai Suburban Area, India",2025-11-22T11:57:21.171307,Delivered,34012.68,online
2764,2.0,Online Customer 894,online_129@gmail.com,9876558966,"Mumbai Suburban Area, India",2025-11-23T09:28:46.171307,Delivered,22469.16,online
2765,2.0,Online Customer 738,online_330@gmail.com,9876578327,"Mumbai Suburban Area, India",2025-11-23T13:40:27.171307,Delivered,805.12,online
2766,,Online Customer 501,online_687@gmail.com,9876555689,"Mumbai Suburban Area, India",2025-11-23T16:27:24.171307,Delivered,14271.22,online
2767,2.0,Online Customer 553,online_196@gmail.com,9876551959,"Mumbai Suburban Area, India",2025-11-24T12:09:59.171307,Delivered,1667.47,online
2768,2.0,Online Customer 668,online_128@gmail.com,9876536551,"Mumbai Suburban Area, India",2025-11-24T13:23:44.171307,Delivered,40931.44,online
2769,2.0,Online Customer 262,online_435@gmail.com,9876533437,"Mumbai Suburban Area, India",2025-11-24T19:42:31.171307,Delivered,18141.86,online
2770,,Online Customer 463,online_733@gmail.com,9876557622,"Mumbai Suburban Area, India",2025-11-25T09:38:59.171307,Delivered,2678.25,online
2771,2.0,Online Customer 221,online_393@gmail.com,9876566928,"Mumbai Suburban Area, India",2025-11-25T11:43:34.171307,Delivered,3789.83,online
2772,,Online Customer 639,online_10@gmail.com,9876517244,"Mumbai Suburban Area, India",2025-11-25T19:37:46.171307,Delivered,758.58,online
2773,2.0,Online Customer 704,online_79@gmail.com,9876555252,"Mumbai Suburban Area, India",2025-11-26T13:01:41.171307,Delivered,74692.76,online
2774,2.0,Online Customer 248,online_887@gmail.com,9876576870,"Mumbai Suburban Area, India",2025-11-26T21:37:59.171307,Delivered,458.3,online
2775,,Online Customer 560,online_176@gmail.com,9876511172,"Mumbai Suburban Area, India",2025-11-26T19:13:25.171307,Delivered,53706.82,online
2776,,Online Customer 398,online_713@gmail.com,9876584269,"Mumbai Suburban Area, India",2025-11-27T14:40:06.171307,Delivered,943.07,online
2777,,Online Customer 963,online_349@gmail.com,9876580193,"Mumbai Suburban Area, India",2025-11-27T13:39:44.171307,Delivered,19751.51,online
2778,2.0,Online Customer 113,online_479@gmail.com,9876511202,"Mumbai Suburban Area, India",2025-11-27T12:13:32.171307,Delivered,2876.97,online
2779,2.0,Online Customer 413,online_273@gmail.com,9876554545,"Mumbai Suburban Area, India",2025-11-27T11:12:32.171307,Delivered,250.82,online
2780,,Online Customer 506,online_63@gmail.com,9876567982,"Mumbai Suburban Area, India",2025-11-27T13:42:10.171307,Delivered,433.52,online
2781,,Online Customer 685,online_647@gmail.com,9876598840,"Mumbai Suburban Area, India",2025-11-27T18:55:24.171307,Delivered,16429.56,online
2782,2.0,Online Customer 228,online_651@gmail.com,9876596349,"Mumbai Suburban Area, India",2025-11-27T20:39:19.171307,Delivered,36073.81,online
2783,,Online Customer 992,online_274@gmail.com,9876525529,"Mumbai Suburban Area, India",2025-11-27T12:44:00.171307,Delivered,16423.64,online
2784,,Online Customer 456,online_624@gmail.com,9876596443,"Mumbai Suburban Area, India",2025-11-28T21:09:40.171307,Delivered,233.62,online
2785,2.0,Online Customer 268,online_546@gmail.com,9876515944,"Mumbai Suburban Area, India",2025-11-28T20:34:54.171307,Delivered,36848.29,online
2786,2.0,Online Customer 602,online_505@gmail.com,9876558476,"Mumbai Suburban Area, India",2025-11-28T12:11:40.171307,Delivered,67.0,online
2787,2.0,Online Customer 269,online_524@gmail.com,9876557349,"Mumbai Suburban Area, India",2025-11-28T20:30:24.171307,Delivered,1218.8,online
2788,2.0,Online Customer 658,online_23@gmail.com,9876576879,"Mumbai Suburban Area, India",2025-11-28T14:55:54.171307,Delivered,35867.88,online
2789,2.0,Online Customer 362,online_146@gmail.com,9876510261,"Mumbai Suburban Area, India",2025-11-28T14:33:54.171307,Delivered,1299.96,online
2790,,Online Customer 845,online_243@gmail.com,9876519701,"Mumbai Suburban Area, India",2025-11-29T20:23:56.171307,Delivered,1101.88,online
2791,,Online Customer 509,online_801@gmail.com,9876569883,"Mumbai Suburban Area, India",2025-11-29T19:37:07.171307,Delivered,36704.67,online
2792,,Online Customer 407,online_61@gmail.com,9876589419,"Mumbai Suburban Area, India",2025-11-29T16:36:46.171307,Delivered,693.7,online
2793,,Online Customer 138,online_65@gmail.com,9876591221,"Mumbai Suburban Area, India",2025-11-29T10:54:54.171307,Delivered,3651.5,online
2794,,Online Customer 971,online_210@gmail.com,9876597766,"Mumbai Suburban Area, India",2025-11-29T17:56:36.171307,Delivered,56307.4,online
2795,,Online Customer 725,online_264@gmail.com,9876528529,"Mumbai Suburban Area, India",2025-11-29T20:04:26.171307,Delivered,532.15,online
2796,2.0,Online Customer 214,online_730@gmail.com,9876559312,"Mumbai Suburban Area, India",2025-11-29T10:25:39.171307,Delivered,1013.07,online
2797,2.0,Online Customer 319,online_880@gmail.com,9876539147,"Mumbai Suburban Area, India",2025-11-29T10:36:45.171307,Delivered,4660.14,online
2798,,Online Customer 426,online_745@gmail.com,9876587574,"Mumbai Suburban Area, India",2025-11-30T14:45:03.171307,Delivered,69086.72,online
2799,,Online Customer 192,online_113@gmail.com,9876532023,"Mumbai Suburban Area, India",2025-11-30T12:26:40.171307,Delivered,108286.97,online
2800,,Online Customer 144,online_990@gmail.com,9876593928,"Mumbai Suburban Area, India",2025-11-30T20:25:40.171307,Delivered,19584.05,online
2801,2.0,Online Customer 918,online_933@gmail.com,9876543446,"Mumbai Suburban Area, India",2025-11-30T21:13:26.171307,Delivered,78.86,online
2802,,Online Customer 930,online_802@gmail.com,9876565063,"Mumbai Suburban Area, India",2025-11-30T13:44:11.171307,Delivered,249.33,online
2803,2.0,Online Customer 217,online_960@gmail.com,9876546801,"Mumbai Suburban Area, India",2025-12-05T21:01:22.171307,Delivered,2074.03,online
2804,2.0,Online Customer 977,online_973@gmail.com,9876580108,"Mumbai Suburban Area, India",2025-12-05T18:42:32.171307,Delivered,42061.97,online
2805,2.0,Online Customer 659,online_799@gmail.com,9876549463,"Mumbai Suburban Area, India",2025-12-05T16:58:20.171307,Delivered,1069.87,online
2806,2.0,Online Customer 182,online_31@gmail.com,9876525760,"Mumbai Suburban Area, India",2025-12-06T20:11:09.171307,Pending,2290.08,online
2807,2.0,Online Customer 296,online_674@gmail.com,9876516250,"Mumbai Suburban Area, India",2025-12-06T13:13:37.171307,Delivered,2566.56,online
2808,2.0,Online Customer 462,online_2@gmail.com,9876597463,"Mumbai Suburban Area, India",2025-12-06T20:40:51.171307,Delivered,962.9,online
2809,2.0,Online Customer 717,online_332@gmail.com,9876598926,"Mumbai Suburban Area, India",2025-12-07T12:46:54.171307,Delivered,2013.58,online
2810,,Online Customer 135,online_75@gmail.com,9876581912,"Mumbai Suburban Area, India",2025-12-07T21:32:24.171307,Delivered,488.32,online
2811,2.0,Online Customer 225,online_966@gmail.com,9876576948,"Mumbai Suburban Area, India",2025-12-07T11:23:14.171307,Delivered,2270.24,online
2812,2.0,Online Customer 771,online_74@gmail.com,9876558791,"Mumbai Suburban Area, India",2025-12-07T12:54:17.171307,Delivered,19590.95,online
2813,2.0,Online Customer 295,online_576@gmail.com,9876546267,"Mumbai Suburban Area, India",2025-12-08T12:27:30.171307,Delivered,968.7,online
2814,,Online Customer 555,online_223@gmail.com,9876560019,"Mumbai Suburban Area, India",2025-12-08T14:41:45.171307,Delivered,36443.1,online
2815,,Online Customer 681,online_545@gmail.com,9876585750,"Mumbai Suburban Area, India",2025-12-09T15:45:26.171307,Pending,36443.1,online
2816,2.0,Online Customer 871,online_381@gmail.com,9876548832,"Mumbai Suburban Area, India",2025-12-10T18:46:24.171307,Delivered,21709.78,online
2817,2.0,Online Customer 794,online_386@gmail.com,9876580989,"Mumbai Suburban Area, India",2025-12-10T21:43:48.171307,Delivered,1334.99,online
2818,2.0,Online Customer 921,online_977@gmail.com,9876540928,"Mumbai Suburban Area, India",2025-12-11T18:31:19.171307,Delivered,629.87,online
2819,,Online Customer 451,online_266@gmail.com,9876549365,"Mumbai Suburban Area, India",2025-12-12T21:17:42.171307,Delivered,291.77,online
2820,,Online Customer 676,online_141@gmail.com,9876586023,"Mumbai Suburban Area, India",2025-12-12T16:14:54.171307,Delivered,1679.12,online
2821,2.0,Online Customer 573,online_20@gmail.com,9876556863,"Mumbai Suburban Area, India",2025-12-12T18:13:28.171307,Delivered,2066.46,online
2822,2.0,Online Customer 166,online_734@gmail.com,9876579876,"Mumbai Suburban Area, India",2025-12-13T21:04:10.171307,Delivered,470.78,online
2823,2.0,Online Customer 333,online_308@gmail.com,9876579754,"Mumbai Suburban Area, India",2025-12-13T14:46:50.171307,Pending,3191.2,online
2824,,Online Customer 875,online_215@gmail.com,9876543445,"Mumbai Suburban Area, India",2025-12-14T10:43:26.171307,Delivered,2167.15,online
2825,,Online Customer 702,online_854@gmail.com,9876540989,"Mumbai Suburban Area, India",2025-12-14T19:24:51.171307,Delivered,1429.41,online
2826,,Online Customer 772,online_379@gmail.com,9876594069,"Mumbai Suburban Area, India",2025-12-14T11:40:34.171307,Delivered,495.49,online
2827,2.0,Online Customer 720,online_394@gmail.com,9876583207,"Mumbai Suburban Area, India",2025-12-15T20:12:23.171307,Delivered,472.76,online
2828,2.0,Online Customer 534,online_161@gmail.com,9876563106,"Mumbai Suburban Area, India",2025-12-15T19:45:26.171307,Delivered,3614.81,online
2829,2.0,Online Customer 487,online_973@gmail.com,9876543324,"Mumbai Suburban Area, India",2025-12-16T09:42:26.171307,Delivered,240.73,online
2830,,Online Customer 544,online_776@gmail.com,9876515991,"Mumbai Suburban Area, India",2025-12-16T12:26:10.171307,Delivered,724.75,online
2831,2.0,Online Customer 164,online_378@gmail.com,9876544684,"Mumbai Suburban Area, India",2025-12-16T17:42:41.171307,Delivered,263.04,online
2832,2.0,Online Customer 208,online_348@gmail.com,9876535726,"Mumbai Suburban Area, India",2025-12-20T21:11:52.171307,Delivered,4632.67,online
2833,,Online Customer 831,online_986@gmail.com,9876531381,"Mumbai Suburban Area, India",2025-12-21T21:03:29.171307,Delivered,714.4,online
2834,,Online Customer 810,online_252@gmail.com,9876591429,"Mumbai Suburban Area, India",2025-12-21T14:36:23.171307,Delivered,2173.38,online
2835,2.0,Online Customer 959,online_619@gmail.com,9876599182,"Mumbai Suburban Area, India",2025-12-21T16:59:40.171307,Delivered,13010.84,online
2836,,Online Customer 113,online_4@gmail.com,9876597099,"Mumbai Suburban Area, India",2025-12-22T19:59:42.171307,Delivered,31444.09,online
2837,2.0,Online Customer 120,online_190@gmail.com,9876554391,"Mumbai Suburban Area, India",2025-12-22T15:45:12.171307,Delivered,323.75,online
2838,2.0,Online Customer 307,online_695@gmail.com,9876524179,"Mumbai Suburban Area, India",2025-12-23T09:06:52.171307,Delivered,50333.79,online
2839,2.0,Online Customer 828,online_197@gmail.com,9876551061,"Mumbai Suburban Area, India",2025-12-23T20:10:29.171307,Delivered,3225.38,online
2840,2.0,Online Customer 568,online_984@gmail.com,9876520238,"Mumbai Suburban Area, India",2025-12-23T11:10:47.171307,Delivered,69531.32,online
2841,,Online Customer 976,online_987@gmail.com,9876515910,"Mumbai Suburban Area, India",2025-12-23T12:21:32.171307,Delivered,59830.62,online
2842,,Online Customer 798,online_579@gmail.com,9876582262,"Mumbai Suburban Area, India",2025-12-23T20:22:50.171307,Delivered,23565.29,online
2843,,Online Customer 735,online_987@gmail.com,9876541379,"Mumbai Suburban Area, India",2025-12-23T15:35:13.171307,Delivered,13235.62,online
2844,2.0,Online Customer 474,online_271@gmail.com,9876524958,"Mumbai Suburban Area, India",2025-12-23T20:18:49.171307,Delivered,62888.18,online
2845,,Online Customer 599,online_739@gmail.com,9876589732,"Mumbai Suburban Area, India",2025-12-24T19:36:09.171307,Delivered,80107.01,online
2846,,Online Customer 981,online_460@gmail.com,9876548040,"Mumbai Suburban Area, India",2025-12-24T19:31:17.171307,Delivered,846.52,online
2847,2.0,Online Customer 557,online_564@gmail.com,9876519979,"Mumbai Suburban Area, India",2025-12-24T20:51:11.171307,Delivered,63919.98,online
2848,2.0,Online Customer 817,online_932@gmail.com,9876526380,"Mumbai Suburban Area, India",2025-12-25T18:42:43.171307,Delivered,69637.24,online
2849,,Online Customer 612,online_381@gmail.com,9876568369,"Mumbai Suburban Area, India",2025-12-25T18:52:30.171307,Delivered,3727.06,online
2850,2.0,Online Customer 443,online_919@gmail.com,9876581166,"Mumbai Suburban Area, India",2025-12-26T11:30:44.171307,Delivered,19086.49,online
2851,2.0,Online Customer 221,online_615@gmail.com,9876559707,"Mumbai Suburban Area, India",2025-12-26T19:06:00.171307,Delivered,68240.08,online
2852,,Online Customer 442,online_932@gmail.com,9876591246,"Mumbai Suburban Area, India",2025-12-26T13:41:52.171307,Delivered,1825.75,online
2853,,Online Customer 353,online_574@gmail.com,9876522921,"Mumbai Suburban Area, India",2025-12-26T11:41:10.171307,Delivered,1845.8,online
2854,2.0,Online Customer 514,online_926@gmail.com,9876530396,"Mumbai Suburban Area, India",2025-12-26T11:27:58.171307,Delivered,11331.35,online
2855,2.0,Online Customer 512,online_627@gmail.com,9876546279,"Mumbai Suburban Area, India",2025-12-26T17:01:09.171307,Delivered,10982.71,online
2856,2.0,Online Customer 139,online_131@gmail.com,9876575216,"Mumbai Suburban Area, India",2025-12-26T15:54:38.171307,Delivered,10408.45,online
2857,2.0,Online Customer 807,online_368@gmail.com,9876516949,"Mumbai Suburban Area, India",2026-01-05T21:34:14.171307,Delivered,408.54,online
2858,,Online Customer 448,online_744@gmail.com,9876520272,"Mumbai Suburban Area, India",2026-01-05T10:20:42.171307,Delivered,14596.41,online
2859,,Online Customer 726,online_696@gmail.com,9876530073,"Mumbai Suburban Area, India",2026-01-05T09:10:22.171307,Delivered,872.84,online
2860,2.0,Online Customer 512,online_725@gmail.com,9876556503,"Mumbai Suburban Area, India",2026-01-05T18:11:38.171307,Delivered,933.32,online
2861,2.0,Online Customer 990,online_470@gmail.com,9876578219,"Mumbai Suburban Area, India",2026-01-05T18:22:29.171307,Delivered,478.92,online
2862,,Online Customer 957,online_49@gmail.com,9876565792,"Mumbai Suburban Area, India",2026-01-06T19:23:46.171307,Delivered,23799.45,online
2863,2.0,Online Customer 400,online_189@gmail.com,9876514860,"Mumbai Suburban Area, India",2026-01-06T09:24:31.171307,Pending,676.1,online
2864,,Online Customer 505,online_209@gmail.com,9876574290,"Mumbai Suburban Area, India",2026-01-07T20:37:54.171307,Delivered,204.27,online
2865,,Online Customer 605,online_354@gmail.com,9876553512,"Mumbai Suburban Area, India",2026-01-07T10:28:45.171307,Delivered,450.11,online
2866,2.0,Online Customer 554,online_201@gmail.com,9876568252,"Mumbai Suburban Area, India",2026-01-08T21:08:43.171307,Delivered,1919.61,online
2867,2.0,Online Customer 636,online_738@gmail.com,9876575675,"Mumbai Suburban Area, India",2026-01-08T13:13:19.171307,Delivered,8966.79,online
2868,,Online Customer 233,online_853@gmail.com,9876513328,"Mumbai Suburban Area, India",2026-01-08T12:57:54.171307,Delivered,213.54,online
2869,2.0,Online Customer 830,online_184@gmail.com,9876587142,"Mumbai Suburban Area, India",2026-01-08T14:19:42.171307,Delivered,28855.4,online
2870,2.0,Online Customer 766,online_882@gmail.com,9876581600,"Mumbai Suburban Area, India",2026-01-09T17:09:10.171307,Delivered,471.5,online
2871,,Online Customer 152,online_68@gmail.com,9876597926,"Mumbai Suburban Area, India",2026-01-09T15:26:55.171307,Delivered,936.24,online
2872,,Online Customer 697,online_658@gmail.com,9876521157,"Mumbai Suburban Area, India",2026-01-09T09:56:22.171307,Delivered,24928.66,online
2873,,Online Customer 845,online_44@gmail.com,9876544119,"Mumbai Suburban Area, India",2026-01-09T19:02:22.171307,Delivered,49722.15,online
2874,,Online Customer 905,online_494@gmail.com,9876524616,"Mumbai Suburban Area, India",2026-01-10T12:26:43.171307,Delivered,46067.48,online
2875,,Online Customer 879,online_394@gmail.com,9876591261,"Mumbai Suburban Area, India",2026-01-11T09:39:55.171307,Delivered,1421.2,online
2876,,Online Customer 285,online_808@gmail.com,9876594816,"Mumbai Suburban Area, India",2026-01-11T19:48:33.171307,Delivered,54217.88,online
2877,,Online Customer 133,online_923@gmail.com,9876561924,"Mumbai Suburban Area, India",2026-01-11T11:48:54.171307,Delivered,2219.96,online
2878,2.0,Online Customer 601,online_47@gmail.com,9876590041,"Mumbai Suburban Area, India",2026-01-11T18:10:55.171307,Delivered,620.27,online
2879,,Online Customer 858,online_613@gmail.com,9876536310,"Mumbai Suburban Area, India",2026-01-12T10:36:48.171307,Delivered,42982.43,online
2880,,Online Customer 900,online_4@gmail.com,9876532529,"Mumbai Suburban Area, India",2026-01-12T16:48:40.171307,Delivered,878.0,online
2881,2.0,Online Customer 318,online_905@gmail.com,9876560605,"Mumbai Suburban Area, India",2026-01-12T17:13:25.171307,Delivered,17342.97,online
2882,,Online Customer 361,online_233@gmail.com,9876572734,"Mumbai Suburban Area, India",2026-01-12T21:24:43.171307,Delivered,20114.29,online
2883,,Online Customer 591,online_689@gmail.com,9876590029,"Mumbai Suburban Area, India",2026-01-13T13:48:35.171307,Delivered,188.96,online
2884,2.0,Online Customer 811,online_180@gmail.com,9876568012,"Mumbai Suburban Area, India",2026-01-13T10:20:05.171307,Delivered,946.94,online
2885,,Online Customer 104,online_427@gmail.com,9876554130,"Mumbai Suburban Area, India",2026-01-20T10:11:13.171307,Delivered,762.99,online
2886,2.0,Online Customer 468,online_865@gmail.com,9876540177,"Mumbai Suburban Area, India",2026-01-22T19:32:01.171307,Delivered,1202.32,online
2887,2.0,Online Customer 684,online_226@gmail.com,9876566382,"Mumbai Suburban Area, India",2026-01-22T13:54:18.171307,Delivered,54969.74,online
2888,,Online Customer 564,online_202@gmail.com,9876585271,"Mumbai Suburban Area, India",2026-01-23T15:50:50.171307,Delivered,1640.34,online
2889,,Online Customer 548,online_16@gmail.com,9876545603,"Mumbai Suburban Area, India",2026-01-23T18:03:12.171307,Delivered,1932.47,online
2890,,Online Customer 470,online_200@gmail.com,9876543539,"Mumbai Suburban Area, India",2026-01-23T14:40:56.171307,Delivered,1675.06,online
2891,2.0,Online Customer 869,online_543@gmail.com,9876587233,"Mumbai Suburban Area, India",2026-01-23T14:35:35.171307,Delivered,153.31,online
2892,2.0,Online Customer 626,online_996@gmail.com,9876510922,"Mumbai Suburban Area, India",2026-01-23T13:59:08.171307,Delivered,1455.9,online
2893,,Online Customer 303,online_178@gmail.com,9876527198,"Mumbai Suburban Area, India",2026-01-24T19:23:01.171307,Delivered,17496.38,online
2894,2.0,Online Customer 326,online_12@gmail.com,9876597732,"Mumbai Suburban Area, India",2026-01-24T16:58:28.171307,Delivered,1464.78,online
2895,2.0,Online Customer 897,online_898@gmail.com,9876570487,"Mumbai Suburban Area, India",2026-01-24T11:44:38.171307,Delivered,43776.39,online
2896,,Online Customer 453,online_129@gmail.com,9876584624,"Mumbai Suburban Area, India",2026-01-24T13:52:10.171307,Delivered,351.58,online
2897,2.0,Online Customer 167,online_806@gmail.com,9876542439,"Mumbai Suburban Area, India",2026-01-25T10:19:40.171307,Delivered,383.68,online
2898,,Online Customer 535,online_399@gmail.com,9876526644,"Mumbai Suburban Area, India",2026-01-25T10:49:49.171307,Delivered,248.99,online
2899,2.0,Online Customer 320,online_721@gmail.com,9876532202,"Mumbai Suburban Area, India",2026-01-25T09:31:25.171307,Pending,1165.99,online
2900,,Online Customer 164,online_695@gmail.com,9876577152,"Mumbai Suburban Area, India",2026-01-26T10:44:06.171307,Pending,852.51,online
2901,2.0,Online Customer 391,online_56@gmail.com,9876583737,"Mumbai Suburban Area, India",2026-01-26T20:35:20.171307,Delivered,1591.21,online
2902,2.0,Online Customer 109,online_369@gmail.com,9876597405,"Mumbai Suburban Area, India",2026-01-27T15:15:44.171307,Delivered,390.4,online
2903,,Online Customer 401,online_516@gmail.com,9876597707,"Mumbai Suburban Area, India",2026-01-27T10:20:08.171307,Delivered,70713.78,online
2904,,Online Customer 745,online_21@gmail.com,9876573988,"Mumbai Suburban Area, India",2026-01-27T18:45:11.171307,Delivered,63678.36,online
2905,,Online Customer 854,online_705@gmail.com,9876576946,"Mumbai Suburban Area, India",2026-01-28T14:11:54.171307,Delivered,211.61,online
2906,,Online Customer 816,online_980@gmail.com,9876514808,"Mumbai Suburban Area, India",2026-01-28T21:37:23.171307,Pending,359.68,online
2907,2.0,Online Customer 442,online_908@gmail.com,9876583691,"Mumbai Suburban Area, India",2026-01-28T16:00:10.171307,Delivered,2180.86,online
2908,,Online Customer 685,online_865@gmail.com,9876590544,"Mumbai Suburban Area, India",2026-01-29T21:22:57.171307,Delivered,1545.91,online
2909,,Online Customer 255,online_453@gmail.com,9876533179,"Mumbai Suburban Area, India",2026-01-29T21:07:09.171307,Delivered,480.58,online
2910,2.0,Online Customer 472,online_18@gmail.com,9876577956,"Mumbai Suburban Area, India",2026-01-29T21:25:43.171307,Delivered,22268.66,online
2911,2.0,Online Customer 198,online_96@gmail.com,9876514268,"Mumbai Suburban Area, India",2026-01-30T10:10:37.171307,Delivered,553.02,online
2912,,Online Customer 278,online_608@gmail.com,9876593497,"Mumbai Suburban Area, India",2026-01-30T21:58:59.171307,Delivered,18767.8,online
2913,,Online Customer 954,online_618@gmail.com,9876537049,"Mumbai Suburban Area, India",2026-01-31T09:27:47.171307,Delivered,69868.15,online
2914,,Online Customer 168,online_906@gmail.com,9876524751,"Mumbai Suburban Area, India",2026-01-31T11:02:35.171307,Delivered,661.94,online
2915,2.0,Online Customer 474,online_859@gmail.com,9876533669,"Mumbai Suburban Area, India",2026-01-31T12:10:30.171307,Delivered,44897.75,online
2916,,Online Customer 722,online_923@gmail.com,9876530511,"Mumbai Suburban Area, India",2026-01-31T14:37:31.171307,Delivered,543.07,online
2917,2.0,Online Customer 262,online_319@gmail.com,9876584643,"Mumbai Suburban Area, India",2026-02-01T17:26:16.171307,Delivered,53832.02,online
2918,2.0,Online Customer 580,online_18@gmail.com,9876595145,"Mumbai Suburban Area, India",2026-02-01T19:29:31.171307,Delivered,38815.25,online
2919,2.0,Online Customer 726,online_46@gmail.com,9876551752,"Mumbai Suburban Area, India",2026-02-01T12:03:14.171307,Delivered,42857.27,online
2920,2.0,Online Customer 179,online_322@gmail.com,9876523351,"Mumbai Suburban Area, India",2026-02-01T17:33:16.171307,Delivered,33934.66,online
2921,,Online Customer 744,online_587@gmail.com,9876582022,"Mumbai Suburban Area, India",2026-02-02T17:54:19.171307,Delivered,70212.71,online
2922,,Online Customer 446,online_673@gmail.com,9876513246,"Mumbai Suburban Area, India",2026-02-03T14:49:40.171307,Delivered,1083.44,online
2923,2.0,Online Customer 646,online_40@gmail.com,9876580442,"Mumbai Suburban Area, India",2026-02-03T09:13:59.171307,Delivered,1324.15,online
2924,,Online Customer 873,online_549@gmail.com,9876588799,"Mumbai Suburban Area, India",2026-02-03T19:44:10.171307,Delivered,32915.64,online
2925,2.0,Online Customer 806,online_1000@gmail.com,9876597582,"Mumbai Suburban Area, India",2026-02-04T11:26:22.171307,Delivered,31712.63,online
2926,,Online Customer 410,online_103@gmail.com,9876528569,"Mumbai Suburban Area, India",2026-02-04T18:14:40.171307,Delivered,523.72,online
2927,,Online Customer 257,online_432@gmail.com,9876567945,"Mumbai Suburban Area, India",2026-02-04T09:07:07.171307,Delivered,826.4,online
2928,,Online Customer 294,online_186@gmail.com,9876577282,"Mumbai Suburban Area, India",2026-02-04T17:25:43.171307,Delivered,1669.4,online
2929,2.0,Online Customer 932,online_806@gmail.com,9876535947,"Mumbai Suburban Area, India",2026-02-05T18:31:46.171307,Delivered,1078.38,online
2930,,Online Customer 658,online_715@gmail.com,9876577226,"Mumbai Suburban Area, India",2026-02-05T17:40:45.171307,Delivered,44831.42,online
2931,2.0,Online Customer 870,online_317@gmail.com,9876539023,"Mumbai Suburban Area, India",2026-02-05T17:47:52.171307,Delivered,607.17,online
2932,2.0,Online Customer 837,online_509@gmail.com,9876595059,"Mumbai Suburban Area, India",2026-02-06T12:18:39.171307,Delivered,1985.07,online
2933,2.0,Online Customer 454,online_149@gmail.com,9876592027,"Mumbai Suburban Area, India",2026-02-06T19:05:25.171307,Pending,43791.26,online
2934,,Online Customer 870,online_489@gmail.com,9876524826,"Mumbai Suburban Area, India",2026-02-06T16:44:41.171307,Delivered,43759.36,online
2935,,Online Customer 820,online_465@gmail.com,9876519334,"Mumbai Suburban Area, India",2026-02-07T21:34:08.171307,Delivered,18582.84,online
2936,,Online Customer 230,online_665@gmail.com,9876562392,"Mumbai Suburban Area, India",2026-02-07T10:52:02.171307,Delivered,8566.52,online
2937,2.0,Online Customer 980,online_182@gmail.com,9876582436,"Mumbai Suburban Area, India",2026-02-08T21:52:52.171307,Delivered,44233.78,online
2938,,Online Customer 747,online_73@gmail.com,9876549995,"Mumbai Suburban Area, India",2026-02-08T16:50:29.171307,Pending,576.56,online
2939,,Online Customer 308,online_44@gmail.com,9876594969,"Mumbai Suburban Area, India",2026-02-08T20:20:15.171307,Delivered,1215.52,online
2940,,Online Customer 289,online_88@gmail.com,9876545529,"Mumbai Suburban Area, India",2026-02-08T19:29:16.171307,Delivered,533.52,online
2941,,Online Customer 547,online_831@gmail.com,9876595393,"Mumbai Suburban Area, India",2026-02-09T16:11:11.171307,Delivered,1560.79,online
2942,2.0,Online Customer 499,online_293@gmail.com,9876540947,"Mumbai Suburban Area, India",2026-02-10T15:17:37.171307,Delivered,14054.11,online
2943,,Online Customer 595,online_473@gmail.com,9876512158,"Mumbai Suburban Area, India",2026-02-11T21:47:38.171307,Delivered,271.89,online
2944,,Online Customer 691,online_266@gmail.com,9876582931,"Mumbai Suburban Area, India",2026-02-11T10:26:35.171307,Delivered,782.8,online
2945,2.0,Online Customer 486,online_640@gmail.com,9876544935,"Mumbai Suburban Area, India",2026-02-11T19:19:54.171307,Delivered,80624.52,online
2946,,Online Customer 368,online_405@gmail.com,9876526971,"Mumbai Suburban Area, India",2026-02-11T14:45:18.171307,Delivered,1876.54,online
2947,2.0,Online Customer 806,online_349@gmail.com,9876597425,"Mumbai Suburban Area, India",2026-02-12T18:26:55.171307,Delivered,39572.05,online
2948,2.0,Online Customer 395,online_901@gmail.com,9876563945,"Mumbai Suburban Area, India",2026-02-12T18:25:00.171307,Delivered,133.5,online
2949,,Online Customer 226,online_938@gmail.com,9876585456,"Mumbai Suburban Area, India",2026-02-12T11:41:08.171307,Delivered,44692.17,online
2950,2.0,Online Customer 345,online_997@gmail.com,9876573006,"Mumbai Suburban Area, India",2026-02-13T09:26:50.171307,Delivered,623.2,online
2951,2.0,Online Customer 361,online_933@gmail.com,9876597062,"Mumbai Suburban Area, India",2026-02-13T10:32:33.171307,Delivered,77300.68,online
2952,2.0,Online Customer 226,online_983@gmail.com,9876529112,"Mumbai Suburban Area, India",2026-02-13T12:12:41.171307,Delivered,427.95,online
2953,2.0,Online Customer 126,online_951@gmail.com,9876585858,"Mumbai Suburban Area, India",2026-02-13T10:04:27.171307,Delivered,449.01,online
2954,,Online Customer 850,online_943@gmail.com,9876568536,"Mumbai Suburban Area, India",2026-02-13T15:11:38.171307,Delivered,351.57,online
2955,2.0,Online Customer 856,online_329@gmail.com,9876544916,"Mumbai Suburban Area, India",2026-02-13T21:46:12.171307,Delivered,2543.27,online
2956,2.0,Online Customer 269,online_857@gmail.com,9876532748,"Mumbai Suburban Area, India",2026-02-14T19:43:33.171307,Delivered,46211.64,online
2957,,Online Customer 396,online_31@gmail.com,9876518923,"Mumbai Suburban Area, India",2026-02-14T13:40:27.171307,Delivered,2451.31,online
2958,2.0,Online Customer 466,online_842@gmail.com,9876551585,"Mumbai Suburban Area, India",2026-02-14T17:38:33.171307,Delivered,1485.87,online
2959,2.0,Online Customer 117,online_32@gmail.com,9876541410,"Mumbai Suburban Area, India",2026-02-14T11:01:37.171307,Delivered,1854.82,online
2960,2.0,Online Customer 207,online_692@gmail.com,9876534756,"Mumbai Suburban Area, India",2026-02-15T21:13:32.171307,Delivered,338.51,online
2961,2.0,Online Customer 695,online_341@gmail.com,9876589810,"Mumbai Suburban Area, India",2026-02-15T20:39:22.171307,Delivered,24429.28,online
2962,2.0,Online Customer 320,online_300@gmail.com,9876521699,"Mumbai Suburban Area, India",2026-02-15T17:59:15.171307,Delivered,9701.58,online
2963,2.0,Online Customer 238,online_387@gmail.com,9876584630,"Mumbai Suburban Area, India",2026-02-15T21:20:29.171307,Delivered,3068.33,online
2964,2.0,Online Customer 547,online_239@gmail.com,9876544046,"Mumbai Suburban Area, India",2026-02-16T17:06:47.171307,Delivered,260.29,online
2965,,Online Customer 109,online_901@gmail.com,9876553461,"Mumbai Suburban Area, India",2026-02-17T20:56:11.171307,Delivered,74.28,online
2966,2.0,Online Customer 396,online_64@gmail.com,9876592081,"Mumbai Suburban Area, India",2026-02-17T13:35:56.171307,Delivered,554.39,online
2967,,Online Customer 456,online_513@gmail.com,9876569269,"Mumbai Suburban Area, India",2026-02-17T19:05:23.171307,Delivered,26628.18,online
2968,,Online Customer 723,online_215@gmail.com,9876579875,"Mumbai Suburban Area, India",2026-02-18T20:57:37.171307,Delivered,58499.48,online
2969,2.0,Online Customer 647,online_150@gmail.com,9876571767,"Mumbai Suburban Area, India",2026-02-18T18:42:10.171307,Delivered,1090.97,online
2970,2.0,Online Customer 802,online_707@gmail.com,9876570026,"Mumbai Suburban Area, India",2026-02-19T10:57:03.171307,Delivered,1515.81,online
2971,2.0,Online Customer 347,online_973@gmail.com,9876537534,"Mumbai Suburban Area, India",2026-02-19T10:42:08.171307,Delivered,273.99,online
2972,2.0,Online Customer 924,online_952@gmail.com,9876587479,"Mumbai Suburban Area, India",2026-02-20T09:39:58.171307,Delivered,1152.64,online
2973,2.0,Online Customer 291,online_208@gmail.com,9876516693,"Mumbai Suburban Area, India",2026-02-20T15:55:27.171307,Delivered,15004.81,online
2974,,Online Customer 372,online_768@gmail.com,9876537802,"Mumbai Suburban Area, India",2026-02-20T12:08:40.171307,Delivered,311.98,online
2975,,Online Customer 782,online_296@gmail.com,9876589367,"Mumbai Suburban Area, India",2026-02-20T16:57:03.171307,Delivered,1636.88,online
2976,,Online Customer 200,online_289@gmail.com,9876567541,"Mumbai Suburban Area, India",2026-02-20T17:05:12.171307,Delivered,83412.34,online
2977,,Online Customer 599,online_47@gmail.com,9876575517,"Mumbai Suburban Area, India",2026-02-21T10:00:45.171307,Delivered,2875.63,online
2978,2.0,Online Customer 942,online_84@gmail.com,9876543619,"Mumbai Suburban Area, India",2026-02-21T11:27:22.171307,Delivered,245.47,online
2979,,Online Customer 112,online_661@gmail.com,9876596967,"Mumbai Suburban Area, India",2026-02-21T21:37:05.171307,Delivered,4608.84,online
2980,,Online Customer 875,online_93@gmail.com,9876586775,"Mumbai Suburban Area, India",2026-02-21T09:19:03.171307,Delivered,1350.08,online
2981,,Online Customer 251,online_763@gmail.com,9876580167,"Mumbai Suburban Area, India",2026-02-22T15:59:02.171307,Delivered,1530.09,online
2982,2.0,Online Customer 190,online_611@gmail.com,9876556845,"Mumbai Suburban Area, India",2026-02-22T09:10:11.171307,Delivered,3620.33,online
2983,2.0,Online Customer 373,online_483@gmail.com,9876574570,"Mumbai Suburban Area, India",2026-02-22T11:56:54.171307,Delivered,595.18,online
2984,,Online Customer 482,online_552@gmail.com,9876590867,"Mumbai Suburban Area, India",2026-02-22T21:39:02.171307,Delivered,713.94,online
2985,,Online Customer 243,online_213@gmail.com,9876527962,"Mumbai Suburban Area, India",2026-02-22T12:52:42.171307,Delivered,21091.26,online
2986,2.0,Online Customer 742,online_84@gmail.com,9876563246,"Mumbai Suburban Area, India",2026-02-23T10:06:12.171307,Delivered,29573.26,online
2987,,Online Customer 187,online_592@gmail.com,9876543684,"Mumbai Suburban Area, India",2026-02-23T12:45:12.171307,Delivered,9907.24,online
2988,,Online Customer 873,online_162@gmail.com,9876546304,"Mumbai Suburban Area, India",2026-02-24T18:41:59.171307,Pending,2305.35,online
2989,,Online Customer 177,online_179@gmail.com,9876577353,"Mumbai Suburban Area, India",2026-02-24T19:12:14.171307,Delivered,2301.59,online
2990,2.0,Online Customer 152,online_208@gmail.com,9876514643,"Mumbai Suburban Area, India",2026-02-24T17:00:21.171307,Delivered,981.97,online
2991,,Online Customer 631,online_332@gmail.com,9876522548,"Mumbai Suburban Area, India",2026-02-24T20:32:45.171307,Delivered,743.08,online
2992,,Online Customer 905,online_119@gmail.com,9876575451,"Mumbai Suburban Area, India",2026-02-24T21:39:04.171307,Pending,319.18,online
2993,,Online Customer 766,online_996@gmail.com,9876551007,"Mumbai Suburban Area, India",2026-02-26T14:23:09.171307,Delivered,3147.86,online
2994,,Online Customer 865,online_952@gmail.com,9876555316,"Mumbai Suburban Area, India",2026-02-26T19:13:04.171307,Delivered,2492.44,online
2995,,Online Customer 438,online_726@gmail.com,9876545158,"Mumbai Suburban Area, India",2026-02-26T13:54:07.171307,Delivered,4913.84,online
2996,,Online Customer 793,online_975@gmail.com,9876513981,"Mumbai Suburban Area, India",2026-02-26T09:40:22.171307,Delivered,2344.69,online
2997,2.0,Online Customer 325,online_20@gmail.com,9876564821,"Mumbai Suburban Area, India",2026-02-26T11:01:08.171307,Delivered,3668.9,online
2998,,Online Customer 574,online_394@gmail.com,9876536842,"Mumbai Suburban Area, India",2026-02-27T09:45:42.171307,Delivered,311.98,online
2999,2.0,Online Customer 402,online_604@gmail.com,9876531145,"Mumbai Suburban Area, India",2026-02-27T20:04:09.171307,Pending,3000.98,online
3000,2.0,Online Customer 932,online_369@gmail.com,9876511303,"Mumbai Suburban Area, India",2026-02-27T21:51:34.171307,Delivered,2323.58,online
3001,2.0,Online Customer 262,online_472@gmail.com,9876543086,"Mumbai Suburban Area, India",2026-02-28T16:12:18.171307,Pending,3794.47,online
3002,2.0,Online Customer 465,online_912@gmail.com,9876533854,"Mumbai Suburban Area, India",2026-02-28T19:36:43.171307,Delivered,1384.16,online
3003,,Online Customer 533,online_458@gmail.com,9876577077,"Mumbai Suburban Area, India",2026-03-01T10:40:07.171307,Delivered,774.16,online
3004,,Online Customer 977,online_215@gmail.com,9876523815,"Mumbai Suburban Area, India",2026-03-01T09:38:29.171307,Delivered,36361.28,online
3005,,Online Customer 515,online_604@gmail.com,9876598113,"Mumbai Suburban Area, India",2026-03-01T15:28:39.171307,Delivered,1219.06,online
3006,2.0,Online Customer 319,online_363@gmail.com,9876556991,"Mumbai Suburban Area, India",2026-03-02T13:44:05.171307,Delivered,807.85,online
3007,,Online Customer 694,online_170@gmail.com,9876512340,"Mumbai Suburban Area, India",2026-03-02T10:04:15.171307,Delivered,413.2,online
3008,2.0,Online Customer 465,online_206@gmail.com,9876550989,"Mumbai Suburban Area, India",2026-03-02T13:29:35.171307,Delivered,1152.9,online
3009,2.0,Online Customer 465,online_28@gmail.com,9876562019,"Mumbai Suburban Area, India",2026-03-02T09:04:09.171307,Delivered,515.93,online
3010,2.0,Online Customer 190,online_519@gmail.com,9876537825,"Mumbai Suburban Area, India",2026-03-02T21:36:03.171307,Delivered,17794.56,online
3011,,Online Customer 673,online_635@gmail.com,9876572451,"Mumbai Suburban Area, India",2026-03-03T13:59:56.171307,Delivered,149.99,online
3012,2.0,Online Customer 739,online_633@gmail.com,9876599162,"Mumbai Suburban Area, India",2026-03-03T20:27:06.171307,Delivered,17082.4,online
3013,,Online Customer 671,online_499@gmail.com,9876583197,"Mumbai Suburban Area, India",2026-03-04T21:04:57.171307,Delivered,413.44,online
3014,,Online Customer 284,online_190@gmail.com,9876580722,"Mumbai Suburban Area, India",2026-03-04T20:52:19.171307,Delivered,1651.93,online
3015,,Online Customer 679,online_19@gmail.com,9876517436,"Mumbai Suburban Area, India",2026-03-05T19:56:30.171307,Pending,272.01,online
3016,2.0,Online Customer 709,online_480@gmail.com,9876543349,"Mumbai Suburban Area, India",2026-03-05T10:49:09.171307,Pending,2710.14,online
3017,,Online Customer 970,online_301@gmail.com,9876527446,"Mumbai Suburban Area, India",2026-03-05T14:47:17.171307,Delivered,2544.83,online
3018,,Online Customer 444,online_53@gmail.com,9876531851,"Mumbai Suburban Area, India",2026-03-05T17:54:17.171307,Delivered,2036.4,online
3019,2.0,Online Customer 925,online_878@gmail.com,9876547970,"Mumbai Suburban Area, India",2026-03-06T10:26:48.171307,Delivered,1661.74,online
3020,2.0,Online Customer 602,online_893@gmail.com,9876597528,"Mumbai Suburban Area, India",2026-03-06T13:23:47.171307,Delivered,506.91,online
3021,,Online Customer 556,online_682@gmail.com,9876569228,"Mumbai Suburban Area, India",2026-03-06T17:30:30.171307,Delivered,2335.6,online
3022,,Online Customer 648,online_482@gmail.com,9876597354,"Mumbai Suburban Area, India",2026-03-06T18:43:53.171307,Delivered,474.58,online
3023,2.0,Online Customer 435,online_238@gmail.com,9876587516,"Mumbai Suburban Area, India",2026-03-07T17:13:40.171307,Delivered,17018.03,online
3024,,Online Customer 926,online_845@gmail.com,9876523835,"Mumbai Suburban Area, India",2026-03-07T11:41:57.171307,Delivered,1849.71,online
3025,2.0,Online Customer 475,online_474@gmail.com,9876585072,"Mumbai Suburban Area, India",2026-03-07T11:43:12.171307,Pending,311.98,online
3026,,Online Customer 819,online_820@gmail.com,9876526514,"Mumbai Suburban Area, India",2026-03-07T15:28:22.171307,Delivered,1248.18,online
3027,2.0,Online Customer 601,online_328@gmail.com,9876518904,"Mumbai Suburban Area, India",2026-03-07T20:09:33.171307,Pending,847.2,online
3028,2.0,Online Customer 242,online_719@gmail.com,9876580569,"Mumbai Suburban Area, India",2026-03-08T11:28:06.171307,Delivered,798.76,online
3029,2.0,Online Customer 436,online_6@gmail.com,9876533853,"Mumbai Suburban Area, India",2026-03-09T12:14:27.171307,Delivered,2198.86,online
3030,2.0,Online Customer 601,online_337@gmail.com,9876591334,"Mumbai Suburban Area, India",2026-03-09T14:30:44.171307,Delivered,767.4,online
3031,,Online Customer 447,online_408@gmail.com,9876524202,"Mumbai Suburban Area, India",2026-03-09T13:01:22.171307,Delivered,4237.72,online
3032,,Online Customer 610,online_446@gmail.com,9876519165,"Mumbai Suburban Area, India",2026-03-10T12:09:10.171307,Delivered,599.68,online
3033,,Online Customer 807,online_426@gmail.com,9876515551,"Mumbai Suburban Area, India",2026-03-11T10:19:52.171307,Delivered,2538.34,online
3034,,Online Customer 566,online_703@gmail.com,9876526667,"Mumbai Suburban Area, India",2026-03-11T19:02:32.171307,Delivered,35019.48,online
3035,,Online Customer 692,online_636@gmail.com,9876521778,"Mumbai Suburban Area, India",2026-03-12T13:20:46.171307,Delivered,911.61,online
3036,,Online Customer 535,online_282@gmail.com,9876544663,"Mumbai Suburban Area, India",2026-03-12T09:45:31.171307,Delivered,16433.01,online
3037,2.0,Online Customer 885,online_998@gmail.com,9876533210,"Mumbai Suburban Area, India",2026-03-13T19:42:21.171307,Delivered,16769.55,online
3038,,Online Customer 504,online_509@gmail.com,9876584951,"Mumbai Suburban Area, India",2026-03-13T15:12:54.171307,Delivered,31899.2,online
3039,2.0,Online Customer 740,online_466@gmail.com,9876512183,"Mumbai Suburban Area, India",2026-03-14T17:50:46.171307,Delivered,272.65,online
3040,,Online Customer 243,online_875@gmail.com,9876583048,"Mumbai Suburban Area, India",2026-03-14T21:22:54.171307,Delivered,3337.76,online
3041,,Online Customer 900,online_465@gmail.com,9876585106,"Mumbai Suburban Area, India",2026-03-14T15:15:05.171307,Delivered,2683.1,online
3042,2.0,Online Customer 384,online_396@gmail.com,9876539244,"Mumbai Suburban Area, India",2026-03-14T09:33:21.171307,Delivered,297.08,online
3043,2.0,Online Customer 996,online_287@gmail.com,9876578423,"Mumbai Suburban Area, India",2026-03-15T12:07:50.171307,Delivered,17219.76,online
3044,,Online Customer 108,online_291@gmail.com,9876593874,"Mumbai Suburban Area, India",2026-03-15T15:29:41.171307,Delivered,695.62,online
3045,,Online Customer 983,online_728@gmail.com,9876570125,"Mumbai Suburban Area, India",2026-03-15T15:06:27.171307,Delivered,1365.66,online
3046,2.0,Online Customer 362,online_671@gmail.com,9876574495,"Mumbai Suburban Area, India",2026-03-16T14:24:03.171307,Delivered,1352.12,online
3047,,Online Customer 866,online_834@gmail.com,9876587615,"Mumbai Suburban Area, India",2026-03-16T17:28:50.171307,Delivered,1359.56,online
3048,,Online Customer 526,online_103@gmail.com,9876565469,"Mumbai Suburban Area, India",2026-03-17T12:12:09.171307,Delivered,33463.99,online
3049,,Online Customer 797,online_397@gmail.com,9876522289,"Mumbai Suburban Area, India",2026-03-17T09:28:38.171307,Delivered,822.01,online
3050,,Online Customer 281,online_532@gmail.com,9876519684,"Mumbai Suburban Area, India",2026-03-18T15:49:11.171307,Delivered,4628.25,online
3051,2.0,Online Customer 612,online_432@gmail.com,9876586095,"Mumbai Suburban Area, India",2026-03-19T15:39:58.171307,Delivered,2342.52,online
3052,2.0,Online Customer 101,online_649@gmail.com,9876520089,"Mumbai Suburban Area, India",2026-03-19T21:28:53.171307,Delivered,5339.08,online
3053,2.0,Online Customer 750,online_529@gmail.com,9876569187,"Mumbai Suburban Area, India",2026-03-19T20:15:15.171307,Delivered,5265.0,online
3054,,Online Customer 349,online_731@gmail.com,9876535588,"Mumbai Suburban Area, India",2026-03-19T13:22:51.171307,Delivered,2490.2,online
3055,2.0,Online Customer 208,online_512@gmail.com,9876528170,"Mumbai Suburban Area, India",2026-03-19T18:25:01.171307,Delivered,1386.77,online
3056,,Online Customer 572,online_777@gmail.com,9876570174,"Mumbai Suburban Area, India",2026-03-20T13:21:36.171307,Delivered,439.65,online
3057,2.0,Online Customer 495,online_995@gmail.com,9876583844,"Mumbai Suburban Area, India",2026-03-20T19:13:16.171307,Delivered,423.9,online
3058,2.0,Online Customer 492,online_587@gmail.com,9876527959,"Mumbai Suburban Area, India",2026-03-21T09:23:03.171307,Delivered,4298.28,online
3059,,Online Customer 395,online_361@gmail.com,9876593862,"Mumbai Suburban Area, India",2026-03-21T09:07:52.171307,Delivered,4392.44,online
3060,2.0,Online Customer 571,online_673@gmail.com,9876559922,"Mumbai Suburban Area, India",2026-03-22T16:53:41.171307,Delivered,798.1,online
3061,2.0,Online Customer 336,online_193@gmail.com,9876512427,"Mumbai Suburban Area, India",2026-03-22T13:57:07.171307,Delivered,928.06,online
3062,2.0,Online Customer 748,online_291@gmail.com,9876545665,"Mumbai Suburban Area, India",2026-03-22T14:39:37.171307,Delivered,30408.67,online
3063,2.0,Online Customer 746,online_767@gmail.com,9876571143,"Mumbai Suburban Area, India",2026-03-22T18:35:17.171307,Delivered,18491.3,online
3064,2.0,Online Customer 529,online_550@gmail.com,9876590958,"Mumbai Suburban Area, India",2026-03-23T16:07:24.171307,Delivered,3244.92,online
3065,,Online Customer 112,online_368@gmail.com,9876599439,"Mumbai Suburban Area, India",2026-03-24T15:45:01.171307,Delivered,3689.98,online
3066,2.0,Online Customer 665,online_633@gmail.com,9876568889,"Mumbai Suburban Area, India",2026-03-24T20:22:18.171307,Delivered,28898.45,online
3067,,Online Customer 183,online_511@gmail.com,9876598789,"Mumbai Suburban Area, India",2026-03-25T10:03:41.171307,Delivered,54368.8,online
3068,,Online Customer 724,online_525@gmail.com,9876582522,"Mumbai Suburban Area, India",2026-03-26T09:03:51.171307,Delivered,223.95,online
3069,2.0,Online Customer 672,online_429@gmail.com,9876521648,"Mumbai Suburban Area, India",2026-03-27T19:20:15.171307,Delivered,47415.97,online
3070,,Online Customer 775,online_362@gmail.com,9876537112,"Mumbai Suburban Area, India",2026-03-27T19:18:51.171307,Delivered,453.61,online
3071,,Online Customer 476,online_799@gmail.com,9876544312,"Mumbai Suburban Area, India",2026-03-27T20:33:41.171307,Delivered,14846.37,online
3072,2.0,Online Customer 468,online_134@gmail.com,9876562733,"Mumbai Suburban Area, India",2026-03-27T14:48:04.171307,Delivered,44922.98,online
3073,2.0,Online Customer 757,online_677@gmail.com,9876567098,"Mumbai Suburban Area, India",2026-03-27T18:34:23.171307,Delivered,19657.63,online
3074,2.0,Online Customer 677,online_171@gmail.com,9876592979,"Mumbai Suburban Area, India",2026-03-27T18:37:53.171307,Delivered,19641.79,online
3075,2.0,Online Customer 617,online_654@gmail.com,9876579843,"Mumbai Suburban Area, India",2026-03-28T17:00:16.171307,Delivered,30625.52,online
3076,2.0,Online Customer 790,online_460@gmail.com,9876558660,"Mumbai Suburban Area, India",2026-03-28T09:55:40.171307,Pending,1860.07,online
3077,2.0,Online Customer 404,online_360@gmail.com,9876547744,"Mumbai Suburban Area, India",2026-03-28T19:25:10.171307,Delivered,19221.25,online
3078,2.0,Online Customer 201,online_656@gmail.com,9876533214,"Mumbai Suburban Area, India",2026-03-28T15:52:18.171307,Delivered,18544.8,online
3079,,Online Customer 709,online_911@gmail.com,9876583074,"Mumbai Suburban Area, India",2026-03-29T21:29:55.171307,Delivered,21959.92,online
3080,,Online Customer 362,online_42@gmail.com,9876535642,"Mumbai Suburban Area, India",2026-03-29T20:22:56.171307,Delivered,808.2,online
3081,,Online Customer 755,online_852@gmail.com,9876587264,"Mumbai Suburban Area, India",2026-03-29T19:34:46.171307,Delivered,735.78,online
3082,2.0,Online Customer 306,online_618@gmail.com,9876525805,"Mumbai Suburban Area, India",2026-03-29T21:15:10.171307,Pending,1925.34,online
3083,,Online Customer 618,online_17@gmail.com,9876511775,"Mumbai Suburban Area, India",2026-03-30T10:39:27.171307,Delivered,51158.16,online
3084,2.0,Online Customer 530,online_694@gmail.com,9876534129,"Mumbai Suburban Area, India",2026-03-31T11:09:52.171307,Delivered,2025.75,online
3085,2.0,Online Customer 548,online_919@gmail.com,9876568932,"Mumbai Suburban Area, India",2026-03-31T09:27:44.171307,Delivered,1632.78,online
3086,,Online Customer 432,online_529@gmail.com,9876529896,"Mumbai Suburban Area, India",2026-03-31T12:56:54.171307,Delivered,329.11,online
3087,2.0,Online Customer 222,online_342@gmail.com,9876526651,"Mumbai Suburban Area, India",2026-04-01T18:10:49.171307,Delivered,1678.1,online
3088,,Online Customer 861,online_440@gmail.com,9876560587,"Mumbai Suburban Area, India",2026-04-02T11:50:15.171307,Pending,746.46,online
3089,2.0,Online Customer 234,online_183@gmail.com,9876548914,"Mumbai Suburban Area, India",2026-04-02T16:15:44.171307,Delivered,2345.95,online
3090,2.0,Online Customer 912,online_280@gmail.com,9876552923,"Mumbai Suburban Area, India",2026-04-02T16:25:32.171307,Delivered,1958.48,online
3091,2.0,Online Customer 622,online_532@gmail.com,9876544468,"Mumbai Suburban Area, India",2026-04-02T12:47:21.171307,Delivered,1358.26,online
3092,2.0,Online Customer 615,online_586@gmail.com,9876570630,"Mumbai Suburban Area, India",2026-04-03T13:14:28.171307,Delivered,381.77,online
3093,2.0,Online Customer 825,online_497@gmail.com,9876521616,"Mumbai Suburban Area, India",2026-04-05T18:38:40.171307,Delivered,51448.43,online
3094,2.0,Online Customer 351,online_647@gmail.com,9876598708,"Mumbai Suburban Area, India",2026-04-05T14:30:49.171307,Delivered,1920.83,online
3095,,Online Customer 592,online_330@gmail.com,9876561812,"Mumbai Suburban Area, India",2026-04-06T12:12:05.171307,Delivered,16903.22,online
3096,,Online Customer 308,online_293@gmail.com,9876559333,"Mumbai Suburban Area, India",2026-04-07T13:51:45.171307,Delivered,7849.96,online
3097,,Online Customer 836,online_10@gmail.com,9876536437,"Mumbai Suburban Area, India",2026-04-07T12:21:46.171307,Delivered,569.8,online
3098,,Online Customer 123,online_614@gmail.com,9876583914,"Mumbai Suburban Area, India",2026-04-07T15:53:41.171307,Delivered,794.07,online
3099,2.0,Online Customer 626,online_139@gmail.com,9876526419,"Mumbai Suburban Area, India",2026-04-09T15:33:03.171307,Delivered,37713.62,online
3100,2.0,Online Customer 409,online_862@gmail.com,9876533424,"Mumbai Suburban Area, India",2026-04-09T15:05:49.171307,Delivered,430.06,online
3101,2.0,Online Customer 128,online_656@gmail.com,9876543244,"Mumbai Suburban Area, India",2026-04-09T16:32:39.171307,Pending,3318.57,online
3102,,Online Customer 824,online_101@gmail.com,9876597731,"Mumbai Suburban Area, India",2026-04-10T20:52:19.171307,Delivered,80562.7,online
3103,,Online Customer 605,online_245@gmail.com,9876565086,"Mumbai Suburban Area, India",2026-04-11T20:33:22.171307,Delivered,10157.78,online
3104,2.0,Online Customer 947,online_126@gmail.com,9876545765,"Mumbai Suburban Area, India",2026-04-11T18:02:34.171307,Delivered,153.58,online
3105,2.0,Online Customer 762,online_759@gmail.com,9876520561,"Mumbai Suburban Area, India",2026-04-11T16:25:33.171307,Delivered,8902.09,online
3106,2.0,Online Customer 484,online_519@gmail.com,9876574690,"Mumbai Suburban Area, India",2026-04-11T11:32:02.171307,Delivered,1102.01,online
3107,,Online Customer 313,online_548@gmail.com,9876520043,"Mumbai Suburban Area, India",2026-04-12T17:45:24.171307,Delivered,79998.85,online
3108,2.0,Online Customer 433,online_530@gmail.com,9876522718,"Mumbai Suburban Area, India",2026-04-12T09:36:02.171307,Delivered,897.06,online
3109,,Online Customer 776,online_696@gmail.com,9876585981,"Mumbai Suburban Area, India",2026-04-13T21:10:14.171307,Delivered,148.56,online
3110,2.0,Online Customer 793,online_499@gmail.com,9876552273,"Mumbai Suburban Area, India",2026-04-13T09:36:13.171307,Delivered,90508.92,online
3111,,Online Customer 605,online_110@gmail.com,9876535294,"Mumbai Suburban Area, India",2026-04-14T09:18:46.171307,Delivered,40261.16,online
3112,2.0,Online Customer 405,online_829@gmail.com,9876558035,"Mumbai Suburban Area, India",2026-04-20T21:32:28.171307,Delivered,78813.71,online
3113,,Online Customer 135,online_65@gmail.com,9876550726,"Mumbai Suburban Area, India",2026-04-20T10:49:57.171307,Delivered,31414.05,online
3114,,Online Customer 316,online_356@gmail.com,9876563775,"Mumbai Suburban Area, India",2026-04-20T12:37:41.171307,Delivered,16247.64,online
3115,,Online Customer 903,online_419@gmail.com,9876529409,"Mumbai Suburban Area, India",2026-04-20T13:51:45.171307,Pending,25630.09,online
3116,2.0,Online Customer 990,online_27@gmail.com,9876578988,"Mumbai Suburban Area, India",2026-04-20T16:03:48.171307,Pending,110.15,online
3117,2.0,Online Customer 620,online_40@gmail.com,9876544469,"Mumbai Suburban Area, India",2026-04-21T10:48:47.171307,Delivered,676.75,online
3118,2.0,Online Customer 189,online_884@gmail.com,9876573026,"Mumbai Suburban Area, India",2026-04-21T13:07:54.171307,Delivered,25692.14,online
3119,,Online Customer 647,online_738@gmail.com,9876517821,"Mumbai Suburban Area, India",2026-04-21T10:51:21.171307,Delivered,221.16,online
3120,2.0,Online Customer 960,online_695@gmail.com,9876511746,"Mumbai Suburban Area, India",2026-04-21T11:37:22.171307,Delivered,1294.2,online
3121,2.0,Online Customer 510,online_938@gmail.com,9876556371,"Mumbai Suburban Area, India",2026-04-23T20:10:34.171307,Delivered,688.51,online
3122,,Online Customer 598,online_586@gmail.com,9876542312,"Mumbai Suburban Area, India",2026-04-23T15:49:11.171307,Delivered,647.1,online
3123,2.0,Online Customer 970,online_645@gmail.com,9876526084,"Mumbai Suburban Area, India",2026-04-24T11:19:16.171307,Delivered,1097.1,online
3124,2.0,Online Customer 576,online_583@gmail.com,9876589738,"Mumbai Suburban Area, India",2026-04-24T14:27:29.171307,Delivered,29160.12,online
3125,2.0,Online Customer 201,online_987@gmail.com,9876593000,"Mumbai Suburban Area, India",2026-04-25T11:42:37.171307,Delivered,78893.76,online
3126,2.0,Online Customer 345,online_626@gmail.com,9876548469,"Mumbai Suburban Area, India",2026-04-25T09:14:17.171307,Delivered,76517.3,online
3127,2.0,Online Customer 280,online_720@gmail.com,9876537998,"Mumbai Suburban Area, India",2026-04-25T11:39:33.171307,Delivered,2386.56,online
3128,2.0,Online Customer 887,online_467@gmail.com,9876519044,"Mumbai Suburban Area, India",2026-04-25T19:43:48.171307,Pending,3059.62,online
3129,,Online Customer 766,online_199@gmail.com,9876567797,"Mumbai Suburban Area, India",2026-04-26T11:16:21.171307,Delivered,2386.56,online
3130,2.0,Online Customer 619,online_709@gmail.com,9876588180,"Mumbai Suburban Area, India",2026-04-26T09:42:55.171307,Delivered,34356.49,online
3131,,Online Customer 584,online_466@gmail.com,9876570557,"Mumbai Suburban Area, India",2026-04-26T19:41:46.171307,Delivered,878.15,online
3132,2.0,Online Customer 389,online_6@gmail.com,9876566456,"Mumbai Suburban Area, India",2026-04-26T19:46:47.171307,Delivered,2518.22,online
3133,,Online Customer 599,online_348@gmail.com,9876557990,"Mumbai Suburban Area, India",2026-04-27T16:17:22.171307,Delivered,1825.1,online
3134,,Online Customer 980,online_609@gmail.com,9876550230,"Mumbai Suburban Area, India",2026-04-27T11:00:34.171307,Delivered,286.84,online
3135,,Online Customer 530,online_774@gmail.com,9876522916,"Mumbai Suburban Area, India",2026-04-27T12:35:46.171307,Delivered,168.91,online
3136,,Online Customer 323,online_269@gmail.com,9876531994,"Mumbai Suburban Area, India",2026-04-27T20:29:16.171307,Delivered,44957.92,online
3137,,Online Customer 380,online_254@gmail.com,9876521230,"Mumbai Suburban Area, India",2026-04-27T15:25:34.171307,Delivered,564.31,online
3138,,Online Customer 148,online_174@gmail.com,9876548031,"Mumbai Suburban Area, India",2026-04-28T19:44:02.171307,Delivered,1835.56,online
3139,2.0,Online Customer 306,online_356@gmail.com,9876536808,"Mumbai Suburban Area, India",2026-04-28T13:06:22.171307,Delivered,123.37,online
3140,,Online Customer 328,online_539@gmail.com,9876566194,"Mumbai Suburban Area, India",2026-04-28T19:11:37.171307,Delivered,199.99,online
3141,,Online Customer 413,online_99@gmail.com,9876513437,"Mumbai Suburban Area, India",2026-04-29T13:12:53.171307,Delivered,82156.5,online
3142,2.0,Online Customer 703,online_428@gmail.com,9876570772,"Mumbai Suburban Area, India",2026-05-05T12:12:49.171307,Delivered,22276.66,online
3143,2.0,Online Customer 723,online_573@gmail.com,9876580926,"Mumbai Suburban Area, India",2026-05-05T13:44:13.171307,Delivered,707.22,online
3144,,Online Customer 657,online_535@gmail.com,9876569245,"Mumbai Suburban Area, India",2026-05-06T15:27:36.171307,Pending,44633.69,online
3145,,Online Customer 372,online_485@gmail.com,9876590310,"Mumbai Suburban Area, India",2026-05-07T18:45:39.171307,Delivered,1922.38,online
3146,,Online Customer 211,online_507@gmail.com,9876547962,"Mumbai Suburban Area, India",2026-05-08T09:03:58.171307,Delivered,20035.75,online
3147,,Online Customer 802,online_677@gmail.com,9876590399,"Mumbai Suburban Area, India",2026-05-08T14:19:46.171307,Delivered,351.57,online
3148,2.0,Online Customer 702,online_564@gmail.com,9876588980,"Mumbai Suburban Area, India",2026-05-08T14:05:56.171307,Delivered,25082.84,online
3149,,Online Customer 459,online_876@gmail.com,9876560895,"Mumbai Suburban Area, India",2026-05-08T14:18:17.171307,Delivered,483.54,online
3150,,Online Customer 119,online_545@gmail.com,9876547866,"Mumbai Suburban Area, India",2026-05-08T16:31:49.171307,Delivered,37872.94,online
3151,2.0,Online Customer 945,online_395@gmail.com,9876522759,"Mumbai Suburban Area, India",2026-05-08T13:51:43.171307,Delivered,243.69,online
3152,,Online Customer 621,online_292@gmail.com,9876596994,"Mumbai Suburban Area, India",2026-05-08T19:51:15.171307,Delivered,19747.37,online
3153,2.0,Online Customer 491,online_488@gmail.com,9876534687,"Mumbai Suburban Area, India",2026-05-09T10:58:42.171307,Delivered,23033.74,online
3154,,Online Customer 754,online_547@gmail.com,9876519687,"Mumbai Suburban Area, India",2026-05-09T13:48:17.171307,Delivered,37499.92,online
3155,2.0,Online Customer 728,online_801@gmail.com,9876544883,"Mumbai Suburban Area, India",2026-05-10T21:03:44.171307,Pending,79709.54,online
3156,,Online Customer 675,online_328@gmail.com,9876576859,"Mumbai Suburban Area, India",2026-05-11T18:34:11.171307,Delivered,48037.46,online
3157,,Online Customer 844,online_806@gmail.com,9876554658,"Mumbai Suburban Area, India",2026-05-11T15:59:47.171307,Delivered,23027.66,online
3158,,Online Customer 953,online_771@gmail.com,9876560452,"Mumbai Suburban Area, India",2026-05-11T12:20:38.171307,Delivered,1077.97,online
3159,,Online Customer 794,online_441@gmail.com,9876538466,"Mumbai Suburban Area, India",2026-05-12T12:23:59.171307,Delivered,22147.82,online
3160,2.0,Online Customer 924,online_639@gmail.com,9876580997,"Mumbai Suburban Area, India",2026-05-12T21:04:19.171307,Delivered,78421.68,online
3161,2.0,Online Customer 878,online_242@gmail.com,9876584788,"Mumbai Suburban Area, India",2026-05-12T14:35:50.171307,Delivered,22147.82,online
3162,,Online Customer 444,online_577@gmail.com,9876583998,"Mumbai Suburban Area, India",2026-05-12T11:14:58.171307,Delivered,378.62,online
3163,,Online Customer 711,online_956@gmail.com,9876582541,"Mumbai Suburban Area, India",2026-05-13T16:09:23.171307,Delivered,518.08,online
3164,,Online Customer 918,online_41@gmail.com,9876598322,"Mumbai Suburban Area, India",2026-05-13T20:05:16.171307,Delivered,53189.99,online
3165,,Online Customer 825,online_851@gmail.com,9876517166,"Mumbai Suburban Area, India",2026-05-13T17:18:09.171307,Delivered,26704.58,online
3166,,Online Customer 951,online_785@gmail.com,9876514205,"Mumbai Suburban Area, India",2026-05-13T18:16:10.171307,Delivered,756.86,online
3167,2.0,Online Customer 953,online_170@gmail.com,9876564486,"Mumbai Suburban Area, India",2026-05-14T12:57:53.171307,Delivered,105555.65,online
3168,,Online Customer 166,online_421@gmail.com,9876533758,"Mumbai Suburban Area, India",2026-05-14T21:17:30.171307,Delivered,26463.8,online
3169,2.0,Online Customer 866,online_491@gmail.com,9876554114,"Mumbai Suburban Area, India",2026-05-14T14:52:37.171307,Delivered,25261.1,online
3170,,Online Customer 122,online_108@gmail.com,9876534520,"Mumbai Suburban Area, India",2026-05-20T11:57:26.171307,Delivered,2116.51,online
3171,2.0,Online Customer 358,online_891@gmail.com,9876579748,"Mumbai Suburban Area, India",2026-05-20T18:00:54.171307,Delivered,3170.72,online
3172,,Online Customer 914,online_860@gmail.com,9876534118,"Mumbai Suburban Area, India",2026-05-21T16:03:46.171307,Delivered,1052.52,online
3173,2.0,Online Customer 342,online_157@gmail.com,9876586356,"Mumbai Suburban Area, India",2026-05-21T14:11:19.171307,Delivered,9593.21,online
3174,,Online Customer 340,online_257@gmail.com,9876544724,"Mumbai Suburban Area, India",2026-05-21T18:03:03.171307,Pending,638.67,online
3175,,Online Customer 222,online_528@gmail.com,9876597910,"Mumbai Suburban Area, India",2026-05-21T17:02:10.171307,Delivered,454.62,online
3176,,Online Customer 469,online_750@gmail.com,9876568965,"Mumbai Suburban Area, India",2026-05-21T16:12:36.171307,Delivered,353.04,online
3177,,Online Customer 439,online_526@gmail.com,9876595945,"Mumbai Suburban Area, India",2026-05-22T20:22:57.171307,Delivered,3422.84,online
3178,,Online Customer 542,online_953@gmail.com,9876520286,"Mumbai Suburban Area, India",2026-05-22T17:30:30.171307,Delivered,162.74,online
3179,2.0,Online Customer 318,online_375@gmail.com,9876532431,"Mumbai Suburban Area, India",2026-05-22T20:33:55.171307,Delivered,12414.5,online
3180,,Online Customer 449,online_868@gmail.com,9876529098,"Mumbai Suburban Area, India",2026-05-23T09:01:42.171307,Delivered,1151.6,online
3181,,Online Customer 124,online_259@gmail.com,9876541083,"Mumbai Suburban Area, India",2026-05-23T15:23:25.171307,Delivered,669.77,online
3182,,Online Customer 719,online_508@gmail.com,9876592224,"Mumbai Suburban Area, India",2026-05-23T09:47:19.171307,Delivered,1055.81,online
3183,2.0,Online Customer 326,online_168@gmail.com,9876519328,"Mumbai Suburban Area, India",2026-05-24T15:05:45.171307,Delivered,38144.34,online
3184,2.0,Online Customer 211,online_456@gmail.com,9876584777,"Mumbai Suburban Area, India",2026-05-24T21:07:32.171307,Pending,4849.75,online
3185,2.0,Online Customer 259,online_85@gmail.com,9876510668,"Mumbai Suburban Area, India",2026-05-24T21:11:28.171307,Delivered,2356.76,online
3186,,Online Customer 676,online_500@gmail.com,9876595097,"Mumbai Suburban Area, India",2026-05-24T16:34:58.171307,Delivered,255.54,online
3187,2.0,Online Customer 369,online_317@gmail.com,9876532230,"Mumbai Suburban Area, India",2026-05-24T15:51:13.171307,Delivered,819.04,online
3188,2.0,Online Customer 952,online_877@gmail.com,9876585683,"Mumbai Suburban Area, India",2026-05-25T13:19:09.171307,Delivered,248.82,online
3189,,Online Customer 344,online_123@gmail.com,9876522461,"Mumbai Suburban Area, India",2026-05-25T17:07:22.171307,Delivered,2608.25,online
3190,,Online Customer 335,online_515@gmail.com,9876564259,"Mumbai Suburban Area, India",2026-05-26T20:31:19.171307,Delivered,1149.7,online
3191,2.0,Online Customer 312,online_577@gmail.com,9876570076,"Mumbai Suburban Area, India",2026-05-26T16:14:56.171307,Delivered,8972.8,online
3192,,Online Customer 686,online_274@gmail.com,9876544334,"Mumbai Suburban Area, India",2026-05-27T19:14:57.171307,Delivered,1395.74,online
3193,2.0,Online Customer 171,online_975@gmail.com,9876583355,"Mumbai Suburban Area, India",2026-05-27T09:27:21.171307,Delivered,1392.51,online
3194,2.0,Online Customer 251,online_540@gmail.com,9876545935,"Mumbai Suburban Area, India",2026-05-27T21:31:51.171307,Delivered,19699.24,online
3195,2.0,Online Customer 991,online_678@gmail.com,9876510053,"Mumbai Suburban Area, India",2026-05-28T19:38:34.171307,Pending,19080.03,online
3196,2.0,Online Customer 944,online_753@gmail.com,9876548346,"Mumbai Suburban Area, India",2026-05-29T18:00:34.171307,Delivered,36800.82,online
3197,,Online Customer 794,online_241@gmail.com,9876586911,"Mumbai Suburban Area, India",2026-05-29T21:01:03.171307,Delivered,19811.94,online
3198,,Online Customer 867,online_12@gmail.com,9876574926,"Mumbai Suburban Area, India",2026-05-29T13:44:26.171307,Delivered,855.9,online
3199,2.0,Online Customer 950,online_112@gmail.com,9876548398,"Mumbai Suburban Area, India",2026-05-29T19:53:10.171307,Delivered,9400.41,online
3200,2.0,Online Customer 704,online_208@gmail.com,9876569963,"Mumbai Suburban Area, India",2026-05-29T14:34:33.171307,Delivered,171.0,online
3201,,Online Customer 548,online_291@gmail.com,9876546812,"Mumbai Suburban Area, India",2026-05-29T11:48:33.171307,Delivered,36364.25,online
3202,2.0,Online Customer 921,online_639@gmail.com,9876536213,"Mumbai Suburban Area, India",2026-05-30T09:50:14.171307,Delivered,2700.16,online
3203,2.0,Online Customer 206,online_111@gmail.com,9876576421,"Mumbai Suburban Area, India",2026-05-30T11:05:12.171307,Delivered,4512.98,online
3204,2.0,Online Customer 562,online_817@gmail.com,9876531733,"Mumbai Suburban Area, India",2026-05-30T21:15:26.171307,Delivered,36183.45,online
3205,,Online Customer 813,online_988@gmail.com,9876523147,"Mumbai Suburban Area, India",2026-05-31T09:37:03.171307,Delivered,21515.68,online
3206,2.0,Online Customer 182,online_520@gmail.com,9876566770,"Mumbai Suburban Area, India",2026-05-31T13:49:51.171307,Delivered,40756.34,online
3207,2.0,Online Customer 301,online_917@gmail.com,9876578171,"Mumbai Suburban Area, India",2026-05-31T11:57:51.171307,Delivered,20816.9,online
3208,2.0,Online Customer 761,online_266@gmail.com,9876567090,"Mumbai Suburban Area, India",2026-06-01T16:55:10.171307,Delivered,10049.54,online
3209,2.0,Online Customer 192,online_751@gmail.com,9876562781,"Mumbai Suburban Area, India",2026-06-01T13:16:09.171307,Delivered,27515.78,online
3210,,Online Customer 154,online_575@gmail.com,9876582726,"Mumbai Suburban Area, India",2026-06-01T19:42:59.171307,Delivered,19855.95,online
3211,2.0,Online Customer 137,online_467@gmail.com,9876552393,"Mumbai Suburban Area, India",2026-06-01T14:54:06.171307,Delivered,8733.12,online
3212,,Online Customer 887,online_429@gmail.com,9876517398,"Mumbai Suburban Area, India",2026-06-05T14:07:30.171307,Delivered,760.28,online
3213,,Online Customer 745,online_920@gmail.com,9876590420,"Mumbai Suburban Area, India",2026-06-05T17:09:56.171307,Delivered,971.18,online
3214,,Online Customer 116,online_991@gmail.com,9876589830,"Mumbai Suburban Area, India",2026-06-05T13:57:30.171307,Delivered,1471.48,online
3215,,Online Customer 587,online_29@gmail.com,9876564176,"Mumbai Suburban Area, India",2026-06-06T13:45:10.171307,Delivered,2363.61,online
3216,,Online Customer 816,online_697@gmail.com,9876570175,"Mumbai Suburban Area, India",2026-06-06T11:02:20.171307,Delivered,211.07,online
3217,2.0,Online Customer 561,online_110@gmail.com,9876536881,"Mumbai Suburban Area, India",2026-06-07T12:18:31.171307,Delivered,1031.01,online
3218,,Online Customer 178,online_514@gmail.com,9876523460,"Mumbai Suburban Area, India",2026-06-07T18:22:42.171307,Delivered,1926.48,online
3219,,Online Customer 588,online_920@gmail.com,9876547036,"Mumbai Suburban Area, India",2026-06-08T11:14:17.171307,Delivered,32173.28,online
3220,,Online Customer 660,online_150@gmail.com,9876553629,"Mumbai Suburban Area, India",2026-06-08T18:21:23.171307,Delivered,1366.54,online
3221,2.0,Online Customer 717,online_816@gmail.com,9876514841,"Mumbai Suburban Area, India",2026-06-08T19:38:27.171307,Delivered,4647.53,online
3222,,Online Customer 229,online_846@gmail.com,9876584087,"Mumbai Suburban Area, India",2026-06-09T13:11:00.171307,Delivered,1438.02,online
3223,2.0,Online Customer 644,online_611@gmail.com,9876577830,"Mumbai Suburban Area, India",2026-06-10T11:31:19.171307,Delivered,2095.46,online
3224,2.0,Online Customer 268,online_823@gmail.com,9876594356,"Mumbai Suburban Area, India",2026-06-10T14:46:59.171307,Delivered,223.95,online
3225,2.0,Online Customer 273,online_816@gmail.com,9876544898,"Mumbai Suburban Area, India",2026-06-10T15:52:22.171307,Delivered,1171.26,online
3226,2.0,Online Customer 290,online_413@gmail.com,9876585094,"Mumbai Suburban Area, India",2026-06-11T10:20:22.171307,Delivered,429.74,online
3227,2.0,Online Customer 793,online_89@gmail.com,9876579914,"Mumbai Suburban Area, India",2026-06-11T18:07:14.171307,Delivered,3727.06,online
3228,2.0,Online Customer 491,online_271@gmail.com,9876552469,"Mumbai Suburban Area, India",2026-06-12T20:27:13.171307,Delivered,4441.85,online
3229,,Online Customer 995,online_376@gmail.com,9876566426,"Mumbai Suburban Area, India",2026-06-12T18:22:29.171307,Delivered,2867.26,online
3230,2.0,Online Customer 438,online_700@gmail.com,9876542883,"Mumbai Suburban Area, India",2026-06-13T18:54:27.171307,Delivered,2643.93,online
3231,,Online Customer 909,online_444@gmail.com,9876520819,"Mumbai Suburban Area, India",2026-06-13T14:30:41.171307,Delivered,33191.87,online
3232,,Online Customer 320,online_117@gmail.com,9876554241,"Mumbai Suburban Area, India",2026-06-14T11:29:00.171307,Delivered,2773.21,online
3233,2.0,Online Customer 620,online_612@gmail.com,9876553480,"Mumbai Suburban Area, India",2026-06-14T20:00:29.171307,Delivered,34094.42,online
3234,,Online Customer 316,online_139@gmail.com,9876544421,"Mumbai Suburban Area, India",2026-06-14T15:39:00.171307,Delivered,18599.73,online
3235,2.0,Online Customer 403,online_419@gmail.com,9876550698,"Mumbai Suburban Area, India",2026-06-14T17:34:04.171307,Delivered,38886.11,online
3236,2.0,Online Customer 709,online_317@gmail.com,9876567069,"Mumbai Suburban Area, India",2026-06-14T16:39:42.171307,Delivered,36046.36,online
3237,2.0,Online Customer 824,online_269@gmail.com,9876589811,"Mumbai Suburban Area, India",2026-06-14T18:04:38.171307,Delivered,18900.17,online
3238,,Online Customer 817,online_1@gmail.com,9876589213,"Mumbai Suburban Area, India",2026-06-15T10:44:23.171307,Delivered,2591.81,online
3239,,Online Customer 476,online_805@gmail.com,9876510087,"Mumbai Suburban Area, India",2026-06-15T11:26:02.171307,Delivered,18013.28,online
3240,2.0,Online Customer 694,online_205@gmail.com,9876586640,"Mumbai Suburban Area, India",2026-06-15T10:52:49.171307,Delivered,1524.55,online
3241,2.0,Online Customer 808,online_781@gmail.com,9876515948,"Mumbai Suburban Area, India",2026-06-16T11:22:11.171307,Delivered,3453.94,online
3242,2.0,Online Customer 494,online_893@gmail.com,9876574984,"Mumbai Suburban Area, India",2026-06-16T09:07:09.171307,Delivered,2414.07,online
3243,2.0,Online Customer 949,online_822@gmail.com,9876532835,"Mumbai Suburban Area, India",2026-06-16T10:42:51.171307,Delivered,3127.68,online
3244,2.0,Online Customer 677,online_647@gmail.com,9876589356,"Mumbai Suburban Area, India",2026-06-18T13:32:26.171307,Delivered,383.98,online
3245,,Online Customer 480,online_216@gmail.com,9876599446,"Mumbai Suburban Area, India",2026-06-18T10:55:22.171307,Delivered,41078.25,online
3246,,Online Customer 782,online_516@gmail.com,9876529233,"Mumbai Suburban Area, India",2026-06-18T18:40:13.171307,Delivered,204.27,online
3247,2.0,Online Customer 155,online_413@gmail.com,9876537073,"Mumbai Suburban Area, India",2026-06-18T12:48:37.171307,Delivered,215.03,online
3248,,Online Customer 946,online_636@gmail.com,9876515068,"Mumbai Suburban Area, India",2026-06-19T10:10:30.171307,Delivered,416.6,online
3249,2.0,Online Customer 527,online_829@gmail.com,9876599044,"Mumbai Suburban Area, India",2026-06-20T17:08:04.171307,Delivered,714.4,online
3250,,Online Customer 837,online_449@gmail.com,9876589422,"Mumbai Suburban Area, India",2026-06-20T20:35:13.171307,Delivered,33080.44,online
3251,,Online Customer 691,online_270@gmail.com,9876575566,"Mumbai Suburban Area, India",2026-06-20T10:08:51.171307,Delivered,17149.13,online
3252,,Online Customer 395,online_517@gmail.com,9876538958,"Mumbai Suburban Area, India",2026-06-21T20:13:51.171307,Delivered,469.34,online
3253,,Online Customer 980,online_392@gmail.com,9876542259,"Mumbai Suburban Area, India",2026-06-23T09:33:54.171307,Pending,4746.08,online
3254,,Online Customer 164,online_426@gmail.com,9876533256,"Mumbai Suburban Area, India",2026-06-23T21:29:56.171307,Delivered,801.84,online
3255,2.0,Online Customer 296,online_239@gmail.com,9876561496,"Mumbai Suburban Area, India",2026-06-23T10:23:55.171307,Delivered,1782.14,online
3256,,Online Customer 519,online_853@gmail.com,9876542485,"Mumbai Suburban Area, India",2026-06-24T14:42:34.171307,Pending,13779.11,online
3257,2.0,Online Customer 370,online_85@gmail.com,9876569634,"Mumbai Suburban Area, India",2026-06-24T16:03:32.171307,Pending,29665.31,online
3258,,Online Customer 279,online_272@gmail.com,9876597870,"Mumbai Suburban Area, India",2026-06-24T17:42:15.171307,Delivered,1936.09,online
3259,,Online Customer 939,online_602@gmail.com,9876530640,"Mumbai Suburban Area, India",2026-06-25T09:42:30.171307,Delivered,891.07,online
3260,,Online Customer 409,online_665@gmail.com,9876597919,"Mumbai Suburban Area, India",2026-06-25T20:52:35.171307,Delivered,44106.2,online
3261,2.0,Online Customer 257,online_973@gmail.com,9876531807,"Mumbai Suburban Area, India",2026-06-25T16:22:30.171307,Delivered,22333.44,online
3262,,Online Customer 770,online_149@gmail.com,9876557732,"Mumbai Suburban Area, India",2026-06-25T20:16:30.171307,Delivered,19307.87,online
3263,2.0,Online Customer 511,online_292@gmail.com,9876528251,"Mumbai Suburban Area, India",2026-06-26T14:21:17.171307,Delivered,3959.62,online
3264,,Online Customer 529,online_933@gmail.com,9876530635,"Mumbai Suburban Area, India",2026-06-26T10:11:56.171307,Delivered,3687.82,online
3265,2.0,Online Customer 629,online_725@gmail.com,9876590488,"Mumbai Suburban Area, India",2026-06-26T16:18:31.171307,Delivered,23577.5,online
3266,2.0,Online Customer 446,online_840@gmail.com,9876562185,"Mumbai Suburban Area, India",2026-06-27T19:31:02.171307,Pending,763.58,online
3267,,Online Customer 581,online_563@gmail.com,9876596050,"Mumbai Suburban Area, India",2026-06-27T10:55:15.171307,Delivered,3623.06,online
3268,2.0,Online Customer 391,online_636@gmail.com,9876582499,"Mumbai Suburban Area, India",2026-06-27T12:46:59.171307,Delivered,56999.55,online
3269,2.0,Online Customer 651,online_524@gmail.com,9876591718,"Mumbai Suburban Area, India",2026-06-27T16:19:28.171307,Delivered,620.91,online
3270,2.0,Online Customer 450,online_23@gmail.com,9876548537,"Mumbai Suburban Area, India",2026-06-27T12:38:24.171307,Delivered,2814.72,online
3271,2.0,Online Customer 490,online_759@gmail.com,9876581131,"Mumbai Suburban Area, India",2026-06-28T14:31:03.171307,Delivered,19384.89,online
3272,,Online Customer 707,online_410@gmail.com,9876588412,"Mumbai Suburban Area, India",2026-06-28T10:31:10.171307,Delivered,830.9,online
3273,,Online Customer 553,online_74@gmail.com,9876574660,"Mumbai Suburban Area, India",2026-06-28T13:47:47.171307,Delivered,6117.82,online
3274,2.0,Online Customer 128,online_317@gmail.com,9876559713,"Mumbai Suburban Area, India",2026-06-29T15:38:39.171307,Delivered,3065.08,online
3275,2.0,Online Customer 978,online_777@gmail.com,9876544731,"Mumbai Suburban Area, India",2026-06-29T10:08:01.171307,Delivered,2919.8,online
3276,2.0,Online Customer 168,online_290@gmail.com,9876597004,"Mumbai Suburban Area, India",2026-06-30T11:29:54.171307,Pending,1241.82,online
3277,2.0,Online Customer 834,online_753@gmail.com,9876571456,"Mumbai Suburban Area, India",2026-06-30T19:57:05.171307,Delivered,656.39,online
3278,,Online Customer 433,online_719@gmail.com,9876552783,"Mumbai Suburban Area, India",2026-07-01T09:55:44.171307,Delivered,3091.22,online
3279,2.0,Online Customer 932,online_225@gmail.com,9876598696,"Mumbai Suburban Area, India",2026-07-01T20:49:31.171307,Delivered,1819.99,online
3280,2.0,Online Customer 396,online_91@gmail.com,9876531969,"Mumbai Suburban Area, India",2026-07-01T12:15:05.171307,Delivered,144.32,online
3281,,Online Customer 571,online_757@gmail.com,9876592706,"Mumbai Suburban Area, India",2026-07-01T16:32:17.171307,Delivered,1453.93,online
3282,,Online Customer 515,online_354@gmail.com,9876586641,"Mumbai Suburban Area, India",2026-07-05T10:41:56.171307,Delivered,780.94,online
3283,2.0,Online Customer 633,online_485@gmail.com,9876599110,"Mumbai Suburban Area, India",2026-07-06T15:35:04.171307,Delivered,5660.26,online
3284,,Online Customer 134,online_989@gmail.com,9876594760,"Mumbai Suburban Area, India",2026-07-06T17:03:52.171307,Delivered,1145.36,online
3285,,Online Customer 320,online_430@gmail.com,9876523764,"Mumbai Suburban Area, India",2026-07-07T15:38:18.171307,Delivered,1910.21,online
3286,2.0,Online Customer 194,online_320@gmail.com,9876522081,"Mumbai Suburban Area, India",2026-07-07T18:56:49.171307,Delivered,1143.43,online
3287,2.0,Online Customer 608,online_784@gmail.com,9876562930,"Mumbai Suburban Area, India",2026-07-07T15:24:27.171307,Delivered,255.65,online
3288,,Online Customer 625,online_984@gmail.com,9876588944,"Mumbai Suburban Area, India",2026-07-07T11:27:14.171307,Delivered,3921.07,online
3289,2.0,Online Customer 236,online_219@gmail.com,9876569692,"Mumbai Suburban Area, India",2026-07-07T19:45:41.171307,Delivered,1640.05,online
3290,,Online Customer 329,online_912@gmail.com,9876565868,"Mumbai Suburban Area, India",2026-07-08T16:03:00.171307,Delivered,4416.47,online
3291,,Online Customer 791,online_939@gmail.com,9876555843,"Mumbai Suburban Area, India",2026-07-09T12:54:12.171307,Delivered,619.5,online
3292,2.0,Online Customer 875,online_88@gmail.com,9876546831,"Mumbai Suburban Area, India",2026-07-10T11:55:10.171307,Delivered,1173.38,online
3293,2.0,Online Customer 392,online_810@gmail.com,9876519509,"Mumbai Suburban Area, India",2026-07-10T18:19:46.171307,Delivered,1848.11,online
3294,,Online Customer 754,online_35@gmail.com,9876512119,"Mumbai Suburban Area, India",2026-07-11T21:18:48.171307,Delivered,4330.06,online
3295,2.0,Online Customer 843,online_879@gmail.com,9876529583,"Mumbai Suburban Area, India",2026-07-11T13:09:16.171307,Delivered,522.84,online
3296,,Online Customer 601,online_629@gmail.com,9876590992,"Mumbai Suburban Area, India",2026-07-20T16:14:45.171307,Delivered,15664.25,online
3297,2.0,Online Customer 911,online_246@gmail.com,9876573497,"Mumbai Suburban Area, India",2026-07-20T17:06:17.171307,Delivered,62188.45,online
3298,2.0,Online Customer 851,online_381@gmail.com,9876529283,"Mumbai Suburban Area, India",2026-07-21T21:16:06.171307,Delivered,16592.92,online
3299,,Online Customer 822,online_213@gmail.com,9876528719,"Mumbai Suburban Area, India",2026-07-21T11:06:24.171307,Delivered,29237.2,online
3300,2.0,Online Customer 460,online_959@gmail.com,9876538051,"Mumbai Suburban Area, India",2026-07-21T11:58:36.171307,Delivered,27057.02,online
3301,,Online Customer 526,online_681@gmail.com,9876518778,"Mumbai Suburban Area, India",2026-07-21T16:21:56.171307,Delivered,24605.54,online
3302,,Online Customer 304,online_4@gmail.com,9876584760,"Mumbai Suburban Area, India",2026-07-22T10:32:33.171307,Delivered,1074.16,online
3303,,Online Customer 706,online_431@gmail.com,9876523911,"Mumbai Suburban Area, India",2026-07-23T15:32:10.171307,Delivered,23644.63,online
3304,,Online Customer 996,online_251@gmail.com,9876566371,"Mumbai Suburban Area, India",2026-07-23T14:37:43.171307,Delivered,706.08,online
3305,2.0,Online Customer 870,online_822@gmail.com,9876559719,"Mumbai Suburban Area, India",2026-07-24T12:10:24.171307,Delivered,1145.5,online
3306,,Online Customer 736,online_955@gmail.com,9876541517,"Mumbai Suburban Area, India",2026-07-24T12:27:07.171307,Delivered,8109.32,online
3307,,Online Customer 774,online_883@gmail.com,9876543388,"Mumbai Suburban Area, India",2026-07-24T15:20:32.171307,Delivered,31612.53,online
3308,2.0,Online Customer 574,online_543@gmail.com,9876519934,"Mumbai Suburban Area, India",2026-07-24T14:35:17.171307,Delivered,1928.77,online
3309,2.0,Online Customer 370,online_782@gmail.com,9876517757,"Mumbai Suburban Area, India",2026-07-24T10:10:53.171307,Delivered,62772.3,online
3310,,Online Customer 888,online_310@gmail.com,9876596690,"Mumbai Suburban Area, India",2026-07-25T09:01:06.171307,Delivered,134.0,online
3311,,Online Customer 435,online_619@gmail.com,9876544892,"Mumbai Suburban Area, India",2026-07-25T18:07:56.171307,Delivered,1302.0,online
3312,2.0,Online Customer 401,online_829@gmail.com,9876517422,"Mumbai Suburban Area, India",2026-07-25T18:46:29.171307,Delivered,11874.44,online
3313,2.0,Online Customer 764,online_249@gmail.com,9876572175,"Mumbai Suburban Area, India",2026-07-25T12:25:23.171307,Delivered,34538.17,online
3314,,Online Customer 127,online_689@gmail.com,9876510312,"Mumbai Suburban Area, India",2026-07-25T13:23:49.171307,Pending,1094.22,online
3315,2.0,Online Customer 914,online_423@gmail.com,9876519333,"Mumbai Suburban Area, India",2026-07-25T18:55:45.171307,Delivered,34533.44,online
3316,,Online Customer 930,online_787@gmail.com,9876514573,"Mumbai Suburban Area, India",2026-07-25T11:43:50.171307,Delivered,18663.42,online
3317,,Online Customer 317,online_21@gmail.com,9876528008,"Mumbai Suburban Area, India",2026-07-26T14:03:53.171307,Delivered,231.85,online
3318,2.0,Online Customer 266,online_937@gmail.com,9876566690,"Mumbai Suburban Area, India",2026-07-26T19:10:49.171307,Delivered,66235.6,online
