id,transaction_id,product_id,quantity,price_at_sale
1,1,45,1,74.28
2,2,26,1,228.39
3,2,58,1,18763.93
4,3,49,1,427.15
5,3,72,2,387.08
6,3,66,1,330.95
7,3,16,1,370.6
8,4,42,2,22147.82
9,4,41,1,234.31
10,5,21,1,1094.56
11,5,7,2,204.27
12,5,80,2,1674.66
13,6,9,1,571.45
14,7,52,1,202.95
15,7,46,2,353.04
16,7,81,1,486.93
17,8,46,2,353.04
18,8,24,2,64.42
19,8,83,2,7797.42
20,8,36,2,110.15
21,9,64,2,392.54
22,9,69,1,2099.22
23,9,94,1,225.16
24,9,54,1,8352.36
25,10,84,2,389.67
26,10,100,2,846.52
27,10,8,1,271.89
28,10,39,2,39024.34
29,11,6,2,189.31
30,11,14,2,384.62
31,11,20,1,14427.7
32,11,74,1,128.05
33,12,33,2,429.16
34,13,71,2,391.61
35,14,65,2,18900.17
36,15,41,1,243.69
37,15,51,2,1350.08
38,16,70,2,291.77
39,16,58,2,19469.34
40,16,55,1,242.96
41,17,30,1,347.04
42,17,92,2,28139.31
43,17,32,2,211.5
44,17,100,2,827.42
45,18,92,1,28139.31
46,19,16,2,385.42
47,20,20,2,15928.18
48,20,63,2,165.59
49,21,16,1,453.61
50,21,22,1,331.02
51,21,97,1,305.32
52,22,28,2,330.85
53,22,84,1,381.77
54,22,96,2,337.95
55,23,2,2,240.6
56,23,50,2,237.29
57,23,96,1,397.74
58,23,35,2,245.92
59,24,41,1,243.69
60,24,70,2,276.51
61,24,13,2,283.78
62,24,78,2,12794.89
63,25,83,2,8109.32
64,25,94,2,220.08
65,26,12,1,336.7
66,26,79,2,231.85
67,26,59,1,402.13
68,26,78,1,12794.89
69,27,28,1,389.38
70,27,16,2,453.61
71,27,68,2,9905.97
72,27,63,2,165.59
73,28,28,2,369.02
74,29,54,1,8163.96
75,29,94,2,220.08
76,29,19,1,221.74
77,29,90,2,746.72
78,30,21,1,1069.87
79,30,79,1,231.85
80,30,37,2,1002.24
81,30,93,2,346.57
82,31,44,1,1215.99
83,31,56,2,282.24
84,31,7,1,211.95
85,31,28,2,389.38
86,32,97,1,287.62
87,32,65,1,17911.92
88,33,43,2,499.1
89,33,76,1,244.16
90,33,98,1,423.6
91,34,62,1,39686.0
92,34,79,2,246.12
93,34,55,2,242.96
94,35,62,1,39686.0
95,35,94,1,233.62
96,35,54,2,8666.36
97,35,36,2,121.61
98,36,56,1,282.24
99,36,31,1,235.75
100,37,17,1,16203.47
101,37,98,1,399.05
102,38,69,2,2056.67
103,38,94,1,220.08
104,38,54,1,8163.96
105,39,69,2,2170.14
106,39,59,1,426.88
107,40,64,2,407.29
108,40,69,2,2170.14
109,40,82,1,162.74
110,41,97,1,287.62
111,41,70,2,276.51
112,41,69,1,2056.67
113,42,20,2,15928.18
114,42,67,1,322.34
115,42,93,1,367.89
116,42,90,1,792.67
117,43,41,1,258.68
118,43,35,2,245.92
119,44,15,2,186.48
120,45,2,1,240.6
121,45,36,1,121.61
122,45,39,2,40491.42
123,45,37,1,1063.91
124,46,54,1,8163.96
125,46,22,2,311.83
126,47,46,2,389.75
127,48,40,2,1161.56
128,48,5,2,186.26
129,48,89,1,245.27
130,49,7,1,204.27
131,49,64,2,392.54
132,49,33,2,439.06
133,49,57,1,765.03
134,50,42,1,23565.29
135,51,92,1,27057.02
136,51,75,2,422.74
137,52,21,1,1028.72
138,53,2,2,217.94
139,54,5,2,168.71
140,54,57,1,719.01
141,55,51,2,1298.15
142,56,74,1,128.05
143,57,38,2,238.28
144,57,72,2,411.85
145,58,18,1,292.75
146,58,61,2,207.56
147,58,97,2,294.26
148,58,52,1,215.94
149,59,28,2,376.66
150,59,65,1,18282.51
151,60,47,1,554.39
152,60,31,1,213.54
153,60,87,1,33478.23
154,60,92,2,27057.02
155,61,22,1,355.01
156,61,81,1,514.76
157,61,11,2,179.15
158,61,92,1,28788.67
159,62,67,1,291.98
160,63,44,1,1101.44
161,64,40,1,1119.47
162,64,37,1,1025.36
163,64,23,2,15554.19
164,64,31,1,252.83
165,65,19,1,226.86
166,65,10,1,238.22
167,65,85,2,371.54
168,66,37,1,963.69
169,67,97,1,276.56
170,67,19,2,213.21
171,67,81,2,486.93
172,67,3,1,212.56
173,68,6,1,189.31
174,69,91,1,285.12
175,69,61,2,195.07
176,70,56,2,255.65
177,70,44,2,1101.44
178,70,70,1,266.98
179,70,52,2,202.95
180,71,45,2,70.27
181,72,42,1,23565.29
182,72,6,1,200.13
183,72,92,1,28788.67
184,72,54,2,8352.36
185,73,67,1,291.98
186,74,36,2,117.2
187,74,18,2,292.75
188,74,1,2,478.92
189,74,22,1,355.01
190,75,50,1,254.49
191,75,35,2,263.74
192,75,26,1,228.39
193,76,34,2,647.1
194,76,18,1,275.14
195,77,87,2,33478.23
196,77,95,1,20929.19
197,77,4,2,359.14
198,77,89,1,222.16
199,78,74,2,128.05
200,79,66,1,330.95
201,80,48,2,378.62
202,81,95,1,22268.66
203,81,16,1,438.79
204,81,37,2,1025.36
205,81,36,1,117.2
206,82,26,1,228.39
207,82,31,2,252.83
208,82,50,2,254.49
209,83,75,2,439.65
210,83,60,2,191.86
211,83,98,1,399.05
212,83,9,1,623.01
213,84,88,1,34242.29
214,84,3,1,221.07
215,84,13,1,283.78
216,84,40,2,1094.22
217,85,22,1,367.0
218,85,3,1,234.67
219,85,6,2,186.6
220,86,52,1,211.07
221,86,24,2,74.73
222,86,99,1,1218.11
223,87,11,1,175.11
224,87,100,2,827.42
225,88,26,2,223.24
226,88,71,2,391.61
227,88,42,1,23033.74
228,88,72,2,402.56
229,89,62,1,39686.0
230,89,68,1,9905.97
231,89,36,2,121.61
232,89,79,2,246.12
233,90,6,1,175.79
234,91,28,1,369.02
235,91,85,1,363.16
236,92,14,1,400.01
237,93,57,2,747.77
238,93,95,2,21766.35
239,93,3,2,221.07
240,93,88,1,34242.29
241,94,76,2,230.01
242,94,7,2,199.67
243,94,94,1,220.08
244,94,62,2,37385.36
245,95,40,2,1161.56
246,95,10,1,247.17
247,95,68,2,9905.97
248,96,46,2,389.75
249,96,67,1,322.34
250,97,98,2,423.6
251,97,43,2,499.1
252,98,43,1,499.1
253,98,77,2,211.77
254,98,59,2,426.88
255,99,80,1,1636.88
256,99,74,1,133.17
257,99,88,1,34242.29
258,100,8,2,282.11
259,100,20,2,15928.18
260,100,51,1,1433.16
261,101,27,1,18872.32
262,101,80,1,1636.88
263,101,51,2,1350.08
264,102,97,1,287.62
265,102,80,2,1636.88
266,103,8,1,265.76
267,103,71,1,391.61
268,104,41,2,258.68
269,105,76,2,256.55
270,106,85,2,363.16
271,106,52,1,211.07
272,106,53,2,882.53
273,107,28,2,389.38
274,107,69,1,2170.14
275,107,11,1,185.89
276,107,14,1,424.63
277,108,63,1,165.59
278,109,3,2,221.07
279,110,18,1,286.14
280,110,35,2,258.39
281,111,33,2,478.67
282,111,61,2,202.88
283,111,7,1,199.67
284,112,64,1,407.29
285,113,61,1,202.88
286,113,48,2,392.14
287,114,8,1,265.76
288,115,7,2,199.67
289,116,19,2,221.74
290,117,77,2,199.5
291,117,35,2,258.39
292,117,36,2,114.56
293,118,59,2,426.88
294,118,78,2,13582.26
295,118,26,1,236.97
296,118,97,2,305.32
297,119,52,2,211.07
298,120,74,1,141.37
299,120,100,2,878.34
300,120,51,2,1433.16
301,121,5,2,186.26
302,121,59,1,426.88
303,121,21,1,1135.71
304,121,97,1,305.32
305,122,82,1,153.31
306,122,83,1,9045.01
307,123,59,2,402.13
308,123,88,2,34242.29
309,124,98,2,383.7
310,124,49,1,427.15
311,124,33,1,462.17
312,125,37,2,1025.36
313,125,94,1,225.16
314,126,42,1,22147.82
315,127,85,2,349.19
316,127,45,1,62.74
317,128,36,2,117.2
318,128,52,1,215.94
319,128,1,1,478.92
320,129,30,1,333.69
321,130,48,2,378.62
322,131,84,2,368.61
323,131,81,2,486.93
324,131,36,2,110.15
325,131,71,2,376.55
326,132,52,2,215.94
327,132,6,2,179.84
328,132,40,2,1119.47
329,132,8,2,271.89
330,133,74,1,128.05
331,133,46,2,353.04
332,134,56,2,272.01
333,134,59,1,411.41
334,135,64,2,368.92
335,135,73,2,29552.71
336,135,30,2,333.69
337,135,27,2,18221.55
338,136,81,2,514.76
339,136,4,2,382.12
340,136,80,1,1674.66
341,136,83,2,9232.15
342,137,64,2,368.92
343,137,34,2,647.1
344,137,22,2,335.82
345,137,46,2,353.04
346,138,23,1,14618.6
347,138,89,1,222.16
348,139,100,1,795.6
349,140,31,2,239.16
350,140,9,1,601.52
351,141,77,2,227.12
352,141,44,2,1171.93
353,141,31,2,252.83
354,141,43,2,481.02
355,142,30,1,333.69
356,142,66,1,330.95
357,143,14,2,384.62
358,143,54,1,7849.96
359,143,24,1,72.16
360,144,24,1,72.16
361,144,99,1,1171.26
362,144,95,2,23440.69
363,145,8,1,271.89
364,145,97,1,294.26
365,145,73,1,31444.09
366,146,82,1,156.85
367,147,96,1,345.75
368,147,73,1,31444.09
369,147,68,2,9547.06
370,147,1,1,478.92
371,148,92,2,27057.02
372,149,5,1,168.71
373,149,87,2,33478.23
374,149,77,1,214.84
375,150,97,2,276.56
376,151,81,1,486.93
377,151,13,2,273.99
378,152,11,1,168.38
379,152,9,1,601.52
380,152,16,2,370.6
381,152,20,1,16159.02
382,153,40,1,1119.47
383,153,88,2,35032.49
384,153,62,2,38248.1
385,154,30,2,333.69
386,154,68,1,8972.8
387,154,38,2,223.95
388,154,25,1,12510.42
389,155,43,2,481.02
390,155,26,1,228.39
391,156,10,1,223.89
392,157,4,1,425.22
393,158,10,2,247.17
394,158,78,2,13582.26
395,158,11,1,185.89
396,159,50,2,249.33
397,159,26,1,223.24
398,160,81,1,532.15
399,160,77,2,234.79
400,161,77,2,234.79
401,162,43,2,470.17
402,163,47,1,612.04
403,163,17,1,17200.61
404,163,33,2,505.08
405,163,39,1,40491.42
406,164,59,1,402.13
407,164,51,2,1350.08
408,164,88,1,34242.29
409,165,91,1,296.53
410,165,33,2,478.67
411,165,11,1,175.11
412,165,62,1,37385.36
413,166,13,1,299.44
414,167,44,2,1145.5
415,168,31,1,261.37
416,168,19,2,235.39
417,168,64,1,407.29
418,169,100,1,878.34
419,170,65,1,17911.92
420,170,6,1,175.79
421,171,37,2,1063.91
422,172,8,2,265.76
423,172,91,2,296.53
424,172,76,1,256.55
425,173,92,1,28139.31
426,173,12,1,336.7
427,173,50,2,249.33
428,173,14,2,400.01
429,174,3,1,221.07
430,175,2,1,226.66
431,176,58,1,18340.69
432,176,91,2,296.53
433,176,21,2,1069.87
434,177,90,2,746.72
435,177,46,2,367.16
436,177,15,1,175.67
437,177,86,1,35123.61
438,178,90,2,792.67
439,179,97,1,305.32
440,179,28,1,389.38
441,179,98,1,423.6
442,179,47,1,612.04
443,180,21,2,1069.87
444,181,36,1,114.56
445,182,77,1,222.52
446,182,32,1,211.5
447,182,65,1,17911.92
448,182,36,1,114.56
449,183,99,1,1358.66
450,183,17,2,16203.47
451,184,73,1,32626.19
452,184,76,2,270.7
453,184,66,1,365.37
454,184,75,2,466.7
455,185,42,1,24451.2
456,185,97,1,305.32
457,185,40,2,1161.56
458,185,79,2,272.88
459,186,95,2,25617.33
460,187,12,2,336.7
461,187,17,2,16203.47
462,187,28,1,369.02
463,187,85,2,363.16
464,188,89,2,257.71
465,189,59,2,402.13
466,189,71,2,391.61
467,189,67,2,303.65
468,190,72,2,433.52
469,190,45,1,62.74
470,190,51,2,1298.15
471,190,27,2,18221.55
472,191,3,1,226.17
473,191,29,1,1094.52
474,191,98,2,408.26
475,192,54,2,7849.96
476,192,16,2,370.6
477,192,41,1,234.31
478,193,63,2,159.59
479,193,39,2,39024.34
480,193,5,1,179.51
481,193,25,2,13311.09
482,194,24,2,72.16
483,194,49,2,478.41
484,194,57,1,719.01
485,195,96,2,324.95
486,195,72,2,433.52
487,196,33,2,462.17
488,196,47,1,554.39
489,196,90,1,804.16
490,196,39,2,36677.01
491,197,87,1,33478.23
492,197,3,2,212.56
493,197,86,2,33772.7
494,198,21,1,1028.72
495,198,34,2,647.1
496,199,12,2,323.75
497,199,4,2,402.23
498,200,18,2,325.76
499,200,45,2,66.75
500,200,95,1,24780.16
501,201,29,1,1028.69
502,201,87,2,33478.23
503,202,11,2,168.38
504,202,30,2,333.69
505,203,45,1,62.74
506,203,36,2,110.15
507,204,25,1,13311.09
508,205,3,1,212.56
509,205,95,1,23440.69
510,205,25,1,12510.42
511,205,84,1,368.61
512,206,11,2,179.15
513,206,91,1,303.37
514,206,93,2,354.56
515,207,61,2,207.56
516,207,99,2,1386.77
517,207,5,1,179.51
518,207,77,1,227.12
519,208,72,1,433.52
520,208,86,2,33772.7
521,208,94,1,237.01
522,208,11,2,168.38
523,209,78,2,13090.15
524,209,96,1,345.75
525,210,61,2,195.07
526,211,81,2,486.93
527,211,92,1,27057.02
528,211,65,2,17294.27
529,211,83,1,8733.12
530,212,64,1,368.92
531,212,56,1,255.65
532,213,21,2,1028.72
533,213,94,2,237.01
534,213,93,1,333.24
535,214,2,2,231.89
536,214,16,1,394.32
537,215,35,1,249.48
538,215,95,1,23440.69
539,216,49,1,505.75
540,216,66,2,352.13
541,216,39,2,39024.34
542,216,24,1,76.28
543,217,19,2,226.86
544,217,88,1,35032.49
545,218,82,1,156.85
546,219,61,1,207.56
547,219,65,2,18282.51
548,219,96,1,345.75
549,220,98,1,383.7
550,220,84,2,368.61
551,220,66,2,330.95
552,221,21,2,1028.72
553,221,95,2,23440.69
554,222,30,2,355.04
555,222,89,1,263.04
556,222,22,2,355.01
557,222,59,1,411.41
558,223,90,1,850.11
559,224,76,2,256.55
560,224,49,2,495.49
561,224,12,1,336.7
562,224,20,2,16736.13
563,225,89,1,257.71
564,225,91,2,296.53
565,225,95,1,24277.86
566,225,81,1,504.32
567,226,70,2,276.51
568,226,14,2,400.01
569,227,29,2,1069.84
570,227,78,2,12794.89
571,228,95,1,24277.86
572,229,99,1,1433.63
573,229,31,1,261.37
574,230,9,1,623.01
575,230,49,1,495.49
576,230,53,2,882.53
577,230,74,2,148.54
578,231,13,1,283.78
579,231,44,1,1145.5
580,232,25,2,13010.84
581,232,95,1,24277.86
582,232,37,2,1117.88
583,232,89,1,257.71
584,233,79,1,272.88
585,233,59,1,426.88
586,233,48,2,413.77
587,233,39,2,44892.66
588,234,55,1,228.88
589,234,89,2,257.71
590,234,56,2,265.88
591,235,82,1,162.74
592,235,97,1,305.32
593,236,18,1,336.77
594,237,21,2,1069.87
595,237,98,1,399.05
596,237,37,2,1117.88
597,238,26,1,223.24
598,238,73,2,30734.82
599,238,72,2,449.01
600,239,52,1,224.06
601,240,61,1,202.88
602,241,43,2,470.17
603,241,65,1,16058.97
604,242,5,1,175.46
605,243,23,2,15203.34
606,243,14,2,400.01
607,244,50,1,223.53
608,244,94,2,245.47
609,244,53,1,882.53
610,244,24,1,74.73
611,245,21,1,1069.87
612,246,71,1,391.61
613,246,49,1,495.49
614,246,10,2,232.84
615,246,95,1,21766.35
616,247,56,1,265.88
617,247,32,2,211.5
618,247,97,1,287.62
619,247,64,1,383.68
620,248,51,2,1350.08
621,248,58,1,18340.69
622,248,32,1,211.5
623,248,97,1,287.62
624,249,95,1,21766.35
625,249,6,2,175.79
626,249,77,2,222.52
627,250,67,2,303.65
628,250,12,2,336.7
629,250,90,1,832.88
630,251,18,1,336.77
631,252,62,2,39686.0
632,252,53,2,936.84
633,253,39,1,42545.33
634,254,85,2,405.06
635,254,7,1,199.67
636,254,87,2,34673.88
637,255,56,1,265.88
638,256,36,2,114.56
639,257,2,2,226.66
640,258,6,2,186.6
641,258,69,2,1957.38
642,258,41,1,258.68
643,258,30,1,368.39
644,259,37,2,1117.88
645,259,89,1,257.71
646,259,84,1,381.77
647,259,8,1,265.76
648,260,77,2,222.52
649,260,21,1,1069.87
650,261,82,1,162.74
651,261,42,1,24451.2
652,262,46,1,367.16
653,263,30,2,347.04
654,263,26,1,223.24
655,264,21,1,1135.71
656,264,62,1,39686.0
657,265,84,2,402.83
658,265,42,2,24451.2
659,266,54,2,8666.36
660,266,50,2,237.29
661,266,74,2,156.73
662,267,22,2,347.81
663,267,32,1,211.5
664,267,44,2,1145.5
665,267,38,1,232.91
666,268,78,1,12794.89
667,269,41,1,258.68
668,269,44,2,1215.99
669,270,78,1,12302.77
670,270,88,1,32925.28
671,271,7,2,191.99
672,271,31,1,239.16
673,271,65,2,15441.31
674,272,75,1,449.79
675,272,10,1,238.22
676,272,13,1,289.65
677,272,6,2,179.84
678,273,45,1,66.75
679,273,76,2,261.86
680,274,6,1,169.03
681,275,68,2,8972.8
682,275,49,2,478.41
683,276,79,1,249.69
684,276,58,2,17635.27
685,277,69,2,1772.99
686,278,68,2,9547.06
687,279,32,2,203.36
688,279,74,2,143.42
689,279,73,2,29552.71
690,280,76,1,261.86
691,280,67,2,310.66
692,280,92,1,28788.67
693,280,15,1,179.72
694,281,69,1,1772.99
695,281,96,1,324.95
696,281,27,1,18221.55
697,281,32,2,203.36
698,282,95,2,20929.19
699,283,83,2,8733.12
700,283,49,2,478.41
701,284,6,1,169.03
702,284,87,2,33478.23
703,284,29,1,1028.69
704,284,63,2,167.99
705,285,88,1,32925.28
706,285,91,1,285.12
707,286,5,2,168.71
708,286,79,2,249.69
709,286,93,1,333.24
710,286,2,2,217.94
711,287,93,1,354.56
712,287,17,2,16577.4
713,287,40,1,1119.47
714,287,60,1,195.83
715,288,93,2,333.24
716,289,18,1,325.76
717,289,85,1,413.44
718,289,8,1,271.89
719,290,58,1,17635.27
720,290,94,2,237.01
721,290,30,2,333.69
722,290,60,2,185.25
723,291,87,1,35391.27
724,292,4,2,402.23
725,292,79,1,249.69
726,292,18,2,308.15
727,292,35,2,249.48
728,293,64,1,368.92
729,294,80,2,1573.93
730,294,57,1,719.01
731,294,59,1,386.66
732,295,33,1,488.58
733,295,75,2,449.79
734,295,54,2,8352.36
735,296,67,1,322.34
736,296,62,1,39686.0
737,297,80,1,1636.88
738,298,94,2,245.47
739,298,75,1,439.65
740,298,65,2,16058.97
741,298,61,1,202.88
742,299,82,1,153.31
743,299,63,2,173.99
744,300,32,1,224.51
745,300,99,2,1433.63
746,300,82,2,162.74
747,300,96,2,358.74
748,301,39,2,42545.33
749,302,34,1,750.64
750,302,30,2,347.04
751,303,59,2,426.88
752,303,29,2,1135.67
753,303,73,2,32626.19
754,303,20,2,17659.5
755,304,98,1,399.05
756,305,58,2,19469.34
757,305,73,2,32626.19
758,306,5,2,175.46
759,307,52,2,211.07
760,307,20,2,16736.13
761,308,78,1,13582.26
762,308,75,2,466.7
763,308,90,1,878.83
764,309,53,2,882.53
765,309,9,1,623.01
766,309,40,2,1094.22
767,310,30,2,347.04
768,311,53,2,936.84
769,311,9,1,657.38
770,312,95,1,23105.82
771,312,96,1,358.74
772,313,60,2,191.86
773,313,88,1,34242.29
774,313,9,1,623.01
775,313,90,1,832.88
776,314,9,1,623.01
777,315,34,1,750.64
778,316,80,1,1737.61
779,317,93,2,346.57
780,317,7,1,199.67
781,318,75,2,439.65
782,318,72,1,449.01
783,319,67,1,322.34
784,319,2,1,240.6
785,319,6,2,186.6
786,320,29,1,1069.84
787,320,15,1,175.67
788,321,46,1,389.75
789,321,52,2,224.06
790,321,95,2,23105.82
791,321,6,2,206.89
792,322,80,1,1737.61
793,323,42,2,23033.74
794,323,41,1,243.69
795,323,9,1,623.01
796,323,27,1,18872.32
797,324,21,1,1069.87
798,324,59,2,402.13
799,324,27,1,18872.32
800,325,20,1,17659.5
801,326,3,2,221.07
802,327,58,2,18340.69
803,327,54,2,8163.96
804,328,64,2,383.68
805,328,20,1,16736.13
806,328,43,1,470.17
807,328,34,2,750.64
808,329,98,1,399.05
809,329,23,2,15203.34
810,329,58,1,18340.69
811,329,52,2,211.07
812,330,44,1,1145.5
813,330,86,2,35123.61
814,330,19,2,221.74
815,331,73,1,30734.82
816,331,97,1,287.62
817,331,74,2,148.54
818,331,91,2,296.53
819,332,24,1,72.16
820,333,56,2,255.65
821,333,10,2,223.89
822,333,5,2,168.71
823,334,36,2,110.15
824,334,65,2,15441.31
825,335,82,2,156.85
826,335,43,2,481.02
827,336,7,2,204.27
828,337,62,2,35947.46
829,337,67,1,291.98
830,338,17,1,15580.26
831,338,79,2,249.69
832,338,86,1,33772.7
833,339,90,2,804.16
834,339,89,1,248.82
835,339,69,2,1772.99
836,339,64,2,368.92
837,340,19,2,213.21
838,340,38,1,223.95
839,340,80,1,1573.93
840,341,52,1,202.95
841,341,17,2,15580.26
842,342,90,1,850.11
843,342,86,2,35934.15
844,342,25,2,13311.09
845,342,5,1,179.51
846,343,92,1,27057.02
847,343,54,2,7849.96
848,344,30,1,333.69
849,345,23,2,15554.19
850,345,35,1,263.74
851,345,34,2,766.17
852,346,52,1,202.95
853,346,24,2,72.16
854,347,8,2,255.54
855,347,76,1,247.7
856,348,1,1,450.11
857,349,9,2,601.52
858,349,26,1,214.65
859,349,54,1,7849.96
860,350,79,2,263.96
861,350,59,1,411.41
862,350,76,1,261.86
863,351,98,1,408.26
864,351,4,2,425.22
865,352,19,2,226.86
866,353,86,1,33772.7
867,353,32,2,203.36
868,353,7,1,191.99
869,353,25,1,12510.42
870,354,8,1,255.54
871,354,10,2,223.89
872,354,25,2,12510.42
873,355,25,2,13311.09
874,355,93,2,354.56
875,355,52,2,215.94
876,356,43,1,481.02
877,357,68,2,8972.8
878,358,53,1,848.59
879,359,6,1,200.13
880,360,58,2,17635.27
881,361,47,1,554.39
882,362,43,1,452.09
883,362,10,2,223.89
884,362,56,2,255.65
885,363,7,2,191.99
886,363,8,2,255.54
887,363,74,1,143.42
888,363,42,2,22147.82
889,364,54,2,8163.96
890,364,26,1,223.24
891,364,65,2,16058.97
892,365,12,2,357.42
893,366,39,2,44892.66
894,366,99,1,1433.63
895,366,46,1,389.75
896,367,47,2,576.56
897,367,91,1,296.53
898,367,21,2,1069.87
899,367,68,2,9331.71
900,368,88,2,34242.29
901,368,34,2,750.64
902,368,8,2,265.76
903,368,19,1,221.74
904,369,44,1,1145.5
905,370,16,1,409.14
906,371,70,1,247.91
907,371,100,2,827.42
908,372,40,1,1161.56
909,373,32,1,211.5
910,373,73,1,30734.82
911,374,69,2,1957.38
912,375,98,2,399.05
913,375,42,1,23033.74
914,375,15,1,175.67
915,376,59,1,402.13
916,377,86,1,35123.61
917,377,78,2,12794.89
918,377,90,1,832.88
919,377,16,1,385.42
920,378,92,2,28139.31
921,378,67,1,303.65
922,379,55,1,228.88
923,379,75,1,439.65
924,380,73,1,32626.19
925,381,100,2,827.42
926,382,95,2,21766.35
927,382,30,1,387.08
928,383,78,1,12794.89
929,383,64,2,383.68
930,384,3,1,221.07
931,384,40,2,1094.22
932,384,51,2,1350.08
933,385,49,1,495.49
934,385,97,1,287.62
935,385,67,1,303.65
936,385,40,1,1094.22
937,386,78,2,13582.26
938,387,34,2,750.64
939,387,40,2,1094.22
940,388,17,1,16203.47
941,388,19,2,221.74
942,389,100,1,827.42
943,389,63,2,173.99
944,389,15,1,175.67
945,390,2,2,240.6
946,390,95,2,23105.82
947,391,55,2,242.96
948,391,59,1,426.88
949,391,40,2,1161.56
950,391,43,2,499.1
951,392,98,2,399.05
952,392,8,2,265.76
953,393,69,2,1843.91
954,393,12,2,336.7
955,393,58,2,20456.92
956,393,42,2,23033.74
957,394,96,1,358.74
958,394,21,2,1135.71
959,394,11,1,185.89
960,394,91,1,314.78
961,395,5,2,175.46
962,396,26,1,236.97
963,396,43,1,499.1
964,396,85,1,427.41
965,396,52,2,224.06
966,397,59,2,426.88
967,397,17,1,17200.61
968,398,42,2,24451.2
969,398,29,1,1135.67
970,398,58,1,21585.58
971,398,59,1,426.88
972,399,11,2,185.89
973,400,12,2,336.7
974,400,85,2,405.06
975,400,64,1,383.68
976,400,96,1,337.95
977,401,82,1,162.74
978,401,86,1,37285.06
979,401,37,2,1179.55
980,401,65,1,17047.21
981,402,27,2,18872.32
982,403,8,1,265.76
983,403,51,1,1350.08
984,404,38,2,232.91
985,404,30,2,387.08
986,404,90,1,832.88
987,404,93,2,346.57
988,405,52,2,224.06
989,406,47,2,576.56
990,406,54,2,8163.96
991,406,99,2,1358.66
992,406,38,2,232.91
993,407,32,1,224.51
994,407,69,2,1957.38
995,407,27,1,19913.55
996,408,8,1,255.54
997,409,25,1,13311.09
998,409,79,2,263.96
999,410,15,1,179.72
1000,411,57,2,719.01
1001,411,85,1,391.09
1002,411,16,1,370.6
1003,412,30,2,355.04
1004,412,96,2,345.75
1005,412,92,1,28788.67
1006,412,68,1,9547.06
1007,413,58,2,19751.51
1008,413,90,2,804.16
1009,413,42,2,22147.82
1010,413,8,2,255.54
1011,414,53,2,902.9
1012,414,1,1,478.92
1013,415,17,1,15580.26
1014,415,97,1,276.56
1015,416,16,1,370.6
1016,416,92,1,27057.02
1017,416,72,2,387.08
1018,417,78,1,12302.77
1019,417,44,2,1101.44
1020,417,25,2,12510.42
1021,418,67,2,291.98
1022,419,1,2,450.11
1023,419,15,1,168.91
1024,419,9,1,537.08
1025,419,94,1,237.01
1026,420,80,1,1674.66
1027,420,92,2,28788.67
1028,420,69,2,1886.46
1029,420,40,1,1119.47
1030,421,1,2,450.11
1031,421,16,2,370.6
1032,422,99,1,1311.81
1033,423,25,1,12510.42
1034,423,78,1,12302.77
1035,423,75,2,422.74
1036,423,15,1,168.91
1037,424,95,1,20929.19
1038,424,93,1,333.24
1039,424,41,1,234.31
1040,424,62,1,35947.46
1041,425,29,1,1028.69
1042,425,38,1,223.95
1043,426,66,2,352.13
1044,426,1,1,478.92
1045,427,49,1,454.49
1046,427,91,2,303.37
1047,427,12,2,344.47
1048,428,57,2,719.01
1049,428,25,1,12510.42
1050,429,17,2,15580.26
1051,429,25,1,12510.42
1052,430,98,2,383.7
1053,431,40,2,1119.47
1054,431,98,2,408.26
1055,432,8,1,255.54
1056,432,91,1,285.12
1057,432,63,2,149.99
1058,433,29,1,1094.52
1059,434,6,2,189.31
1060,434,1,1,450.11
1061,434,44,1,1101.44
1062,435,25,1,12510.42
1063,435,3,2,212.56
1064,435,80,1,1573.93
1065,436,75,1,422.74
1066,437,86,1,35934.15
1067,437,11,1,179.15
1068,437,16,2,394.32
1069,437,64,1,392.54
1070,438,98,1,408.26
1071,438,88,1,35032.49
1072,439,94,1,250.55
1073,439,45,1,66.75
1074,440,5,1,168.71
1075,440,69,1,1772.99
1076,440,70,1,238.38
1077,440,21,2,1028.72
1078,441,52,1,202.95
1079,441,29,2,1028.69
1080,441,15,1,168.91
1081,442,56,1,255.65
1082,442,41,1,234.31
1083,443,50,2,214.94
1084,443,69,2,1772.99
1085,444,55,1,228.88
1086,444,45,1,65.25
1087,445,57,2,747.77
1088,445,46,2,367.16
1089,446,61,1,215.36
1090,446,3,1,234.67
1091,446,26,2,236.97
1092,447,59,2,402.13
1093,448,95,2,23105.82
1094,448,66,2,365.37
1095,448,38,1,247.24
1096,449,38,1,232.91
1097,449,66,2,344.19
1098,449,37,1,1117.88
1099,449,69,1,1843.91
1100,450,43,2,470.17
1101,451,96,2,337.95
1102,451,69,2,1843.91
1103,452,52,2,211.07
1104,453,71,2,415.71
1105,454,98,1,399.05
1106,454,14,2,400.01
1107,454,23,2,15203.34
1108,455,36,1,114.56
1109,455,21,1,1069.87
1110,455,68,2,9331.71
1111,456,61,1,202.88
1112,456,55,2,228.88
1113,456,2,2,226.66
1114,457,36,2,121.61
1115,458,44,2,1215.99
1116,459,55,1,242.96
1117,459,46,2,389.75
1118,459,66,1,365.37
1119,460,72,2,402.56
1120,460,15,2,175.67
1121,460,93,1,346.57
1122,461,42,1,23033.74
1123,461,57,2,747.77
1124,461,67,2,303.65
1125,461,69,2,1843.91
1126,462,65,2,16058.97
1127,463,14,1,424.63
1128,464,97,1,287.62
1129,464,38,2,232.91
1130,464,32,1,211.5
1131,464,69,2,1843.91
1132,465,61,2,215.36
1133,465,15,2,186.48
1134,465,59,2,426.88
1135,466,50,1,223.53
1136,467,42,1,23033.74
1137,468,75,2,466.7
1138,468,58,2,21585.58
1139,468,21,2,1135.71
1140,469,2,2,240.6
1141,469,92,2,29870.96
1142,469,1,1,496.92
1143,470,2,2,226.66
1144,470,32,2,211.5
1145,470,69,2,1843.91
1146,471,25,2,13010.84
1147,472,29,1,1135.67
1148,472,97,2,305.32
1149,473,78,2,13582.26
1150,473,30,1,368.39
1151,473,61,2,215.36
1152,474,16,1,409.14
1153,474,68,2,9905.97
1154,474,92,1,29870.96
1155,474,51,2,1433.16
1156,475,21,2,1135.71
1157,476,26,2,248.99
1158,476,36,1,114.56
1159,476,56,2,265.88
1160,477,97,1,287.62
1161,478,86,2,35123.61
1162,478,91,1,296.53
1163,478,58,1,20456.92
1164,478,43,2,470.17
1165,479,64,1,407.29
1166,480,10,1,238.22
1167,480,43,2,481.02
1168,480,95,1,22268.66
1169,480,17,2,16577.4
1170,481,97,1,276.56
1171,481,26,2,240.41
1172,481,19,2,213.21
1173,482,51,2,1381.23
1174,482,92,1,28788.67
1175,482,57,2,765.03
1176,482,2,1,231.89
1177,483,75,1,449.79
1178,483,46,2,375.63
1179,483,11,2,179.15
1180,484,8,1,271.89
1181,484,45,1,66.75
1182,484,59,1,411.41
1183,484,58,2,20880.17
1184,485,45,1,66.75
1185,485,14,2,409.24
1186,486,98,2,408.26
1187,486,59,2,411.41
1188,486,8,1,271.89
1189,486,44,2,1171.93
1190,487,64,1,392.54
1191,487,86,2,35934.15
1192,487,92,2,28788.67
1193,488,82,2,147.41
1194,489,17,2,15580.26
1195,489,63,1,149.99
1196,489,49,1,427.15
1197,489,38,2,223.95
1198,490,64,2,368.92
1199,490,43,1,452.09
1200,491,66,1,330.95
1201,491,69,2,1772.99
1202,492,69,2,1772.99
1203,492,64,2,368.92
1204,493,75,2,422.74
1205,493,10,1,223.89
1206,493,82,1,147.41
1207,493,9,2,537.08
1208,494,61,2,195.07
1209,494,86,2,33772.7
1210,495,23,2,14618.6
1211,496,6,1,200.13
1212,496,50,1,228.69
1213,497,95,2,20929.19
1214,497,93,1,333.24
1215,497,70,1,238.38
1216,497,17,2,15580.26
1217,498,98,1,383.7
1218,498,88,2,32925.28
1219,499,47,1,620.91
1220,499,78,2,12302.77
1221,500,21,2,1028.72
1222,501,50,2,228.69
1223,502,88,2,35032.49
1224,502,54,2,8352.36
1225,502,49,2,454.49
1226,502,56,1,272.01
1227,503,67,1,310.66
1228,503,69,1,1886.46
1229,503,30,2,355.04
1230,504,2,2,217.94
1231,504,50,1,214.94
1232,504,3,2,212.56
1233,505,30,2,333.69
1234,505,51,2,1298.15
1235,506,37,1,1141.01
1236,507,95,1,20929.19
1237,507,68,2,8972.8
1238,507,2,1,217.94
1239,508,80,1,1674.66
1240,508,26,2,254.15
1241,509,82,2,147.41
1242,509,12,1,323.75
1243,509,5,1,168.71
1244,509,53,1,848.59
1245,510,19,2,213.21
1246,510,65,2,15441.31
1247,510,61,2,195.07
1248,510,36,1,110.15
1249,511,1,1,450.11
1250,512,38,2,238.28
1251,513,6,1,196.07
1252,513,45,2,65.25
1253,513,97,1,287.62
1254,514,67,2,303.65
1255,514,75,1,439.65
1256,514,2,2,226.66
1257,515,45,1,69.26
1258,515,98,1,423.6
1259,515,6,2,206.89
1260,516,54,2,8666.36
1261,516,41,2,258.68
1262,517,43,2,470.17
1263,518,19,1,221.74
1264,518,57,1,747.77
1265,518,2,1,226.66
1266,519,93,2,346.57
1267,519,6,1,196.07
1268,519,21,2,1069.87
1269,519,32,1,211.5
1270,520,63,1,155.99
1271,521,96,2,337.95
1272,522,6,1,206.89
1273,522,30,2,368.39
1274,523,63,2,155.99
1275,524,63,2,155.99
1276,524,43,2,470.17
1277,525,50,2,223.53
1278,525,46,1,367.16
1279,526,95,2,21766.35
1280,526,53,2,882.53
1281,527,67,2,322.34
1282,528,15,1,175.67
1283,528,7,2,199.67
1284,528,21,2,1069.87
1285,528,65,1,16058.97
1286,529,78,1,13582.26
1287,530,36,1,114.56
1288,530,54,2,8163.96
1289,530,95,2,21766.35
1290,530,96,1,337.95
1291,531,78,1,12794.89
1292,531,73,2,30734.82
1293,531,3,1,221.07
1294,531,14,2,400.01
1295,532,2,1,226.66
1296,532,63,1,155.99
1297,532,70,2,247.91
1298,533,26,2,248.99
1299,534,98,2,399.05
1300,534,92,1,28139.31
1301,534,82,1,153.31
1302,534,47,2,643.09
1303,535,8,1,265.76
1304,535,45,1,65.25
1305,536,50,2,223.53
1306,537,2,1,240.6
1307,538,69,1,1843.91
1308,539,47,1,643.09
1309,539,8,2,265.76
1310,540,54,2,8163.96
1311,541,51,1,1350.08
1312,541,100,1,827.42
1313,541,15,2,175.67
1314,542,71,2,391.61
1315,543,43,2,499.1
1316,543,44,2,1215.99
1317,543,91,1,314.78
1318,543,86,2,37285.06
1319,544,43,1,499.1
1320,544,7,1,211.95
1321,544,2,1,240.6
1322,545,25,1,13010.84
1323,545,100,1,827.42
1324,546,70,2,247.91
1325,546,62,1,37385.36
1326,546,40,1,1220.48
1327,546,80,1,1636.88
1328,547,82,2,162.74
1329,548,93,1,346.57
1330,548,68,2,9331.71
1331,548,12,1,336.7
1332,548,97,1,287.62
1333,549,45,2,69.26
1334,550,64,1,383.68
1335,550,52,1,211.07
1336,550,29,1,1069.84
1337,550,78,1,12794.89
1338,551,42,1,23033.74
1339,551,98,1,399.05
1340,551,97,2,287.62
1341,551,66,1,344.19
1342,552,86,1,37285.06
1343,552,47,1,678.57
1344,552,3,2,234.67
1345,553,72,1,402.56
1346,553,91,2,296.53
1347,554,38,1,232.91
1348,554,98,2,399.05
1349,554,63,2,155.99
1350,554,2,1,226.66
1351,555,78,2,13090.15
1352,555,54,1,8352.36
1353,555,11,1,179.15
1354,556,42,1,22147.82
1355,556,21,1,1028.72
1356,557,61,1,195.07
1357,558,25,2,12510.42
1358,558,32,1,203.36
1359,558,8,1,255.54
1360,559,50,1,214.94
1361,559,78,1,12302.77
1362,560,25,1,14812.34
1363,561,64,2,368.92
1364,562,65,1,15441.31
1365,563,7,2,191.99
1366,563,51,1,1298.15
1367,563,44,2,1101.44
1368,564,47,1,620.91
1369,564,1,1,450.11
1370,564,67,2,291.98
1371,565,16,2,394.32
1372,565,15,1,179.72
1373,566,50,2,240.73
1374,567,54,1,7849.96
1375,567,41,1,234.31
1376,567,26,1,240.41
1377,567,61,2,195.07
1378,568,91,1,285.12
1379,568,29,1,1028.69
1380,569,45,1,62.74
1381,570,2,2,217.94
1382,570,49,2,427.15
1383,571,23,2,15554.19
1384,571,1,1,478.92
1385,571,40,1,1119.47
1386,571,38,1,238.28
1387,572,71,2,376.55
1388,572,82,1,147.41
1389,572,49,1,427.15
1390,573,63,2,159.59
1391,573,44,2,1171.93
1392,574,41,2,234.31
1393,574,46,1,353.04
1394,574,44,2,1101.44
1395,574,3,2,212.56
1396,575,93,2,333.24
1397,575,50,2,240.73
1398,576,43,1,481.02
1399,576,30,1,355.04
1400,576,9,1,571.45
1401,576,91,1,303.37
1402,577,40,1,1052.14
1403,577,66,1,330.95
1404,577,64,2,368.92
1405,577,19,2,213.21
1406,578,59,2,411.41
1407,579,3,1,226.17
1408,579,14,2,409.24
1409,580,25,1,12510.42
1410,580,18,1,275.14
1411,580,44,2,1101.44
1412,580,58,1,17635.27
1413,581,44,2,1101.44
1414,581,80,2,1573.93
1415,581,66,1,330.95
1416,581,1,2,450.11
1417,582,72,1,387.08
1418,582,88,1,32925.28
1419,582,16,2,370.6
1420,583,75,1,449.79
1421,584,65,2,16429.56
1422,584,29,2,1094.52
1423,585,98,1,408.26
1424,585,63,2,159.59
1425,585,21,2,1094.56
1426,586,68,2,8972.8
1427,586,86,1,33772.7
1428,587,55,2,220.07
1429,587,43,2,452.09
1430,587,14,1,430.78
1431,588,26,1,228.39
1432,589,55,2,220.07
1433,589,11,1,168.38
1434,590,9,2,537.08
1435,590,23,1,14618.6
1436,590,43,2,452.09
1437,590,49,2,427.15
1438,591,47,1,620.91
1439,591,26,1,214.65
1440,592,45,2,66.75
1441,592,75,1,449.79
1442,593,100,1,846.52
1443,593,26,1,228.39
1444,593,59,2,411.41
1445,593,14,2,455.4
1446,594,40,1,1119.47
1447,594,61,2,207.56
1448,594,63,2,159.59
1449,594,36,1,117.2
1450,595,2,1,217.94
1451,596,61,1,195.07
1452,597,66,2,330.95
1453,598,10,2,238.22
1454,598,49,2,454.49
1455,598,14,1,455.4
1456,599,9,2,537.08
1457,599,40,2,1052.14
1458,600,21,2,1135.71
1459,600,15,1,186.48
1460,601,50,1,249.33
1461,601,53,2,882.53
1462,601,72,2,402.56
1463,602,9,2,558.56
1464,602,66,2,344.19
1465,602,69,1,1843.91
1466,602,43,2,470.17
1467,603,42,2,24451.2
1468,603,14,1,470.78
1469,604,68,2,9905.97
1470,605,59,2,426.88
1471,605,38,2,247.24
1472,605,83,1,8608.36
1473,606,54,1,8163.96
1474,606,59,1,402.13
1475,606,93,2,346.57
1476,606,86,1,35123.61
1477,607,40,1,1094.22
1478,608,63,1,165.59
1479,608,66,1,365.37
1480,609,49,1,471.57
1481,609,92,1,29870.96
1482,609,83,1,8608.36
1483,610,71,1,391.61
1484,611,78,2,13582.26
1485,611,19,1,235.39
1486,611,64,2,407.29
1487,612,52,1,211.07
1488,612,1,2,468.12
1489,612,16,2,385.42
1490,612,71,1,391.61
1491,613,61,1,202.88
1492,613,71,1,391.61
1493,613,68,1,9331.71
1494,614,25,2,13010.84
1495,614,42,1,23033.74
1496,614,67,2,303.65
1497,614,91,1,296.53
1498,615,10,2,232.84
1499,616,70,2,247.91
1500,616,67,2,303.65
1501,616,52,2,211.07
1502,617,19,2,221.74
1503,618,67,1,303.65
1504,618,2,2,226.66
1505,619,21,1,1135.71
1506,619,59,2,426.88
1507,619,56,2,282.24
1508,620,49,2,471.57
1509,620,5,1,186.26
1510,621,8,1,265.76
1511,621,5,1,175.46
1512,621,63,2,155.99
1513,622,16,2,409.14
1514,622,14,1,470.78
1515,622,44,1,1215.99
1516,622,56,2,282.24
1517,623,75,2,439.65
1518,624,67,2,303.65
1519,624,65,2,16058.97
1520,624,17,2,16203.47
1521,624,63,2,155.99
1522,625,40,2,1094.22
1523,626,14,2,446.16
1524,626,30,1,347.04
1525,627,66,1,344.19
1526,627,98,2,399.05
1527,627,19,1,221.74
1528,627,71,2,391.61
1529,628,32,2,211.5
1530,628,70,2,276.51
1531,628,63,2,155.99
1532,629,92,2,29870.96
1533,629,25,2,13811.51
1534,629,93,1,367.89
1535,630,50,1,249.33
1536,630,5,2,175.46
1537,630,93,2,346.57
1538,630,62,1,37385.36
1539,631,61,1,215.36
1540,631,2,1,240.6
1541,631,71,1,415.71
1542,631,1,1,496.92
1543,632,44,2,1145.5
1544,632,5,2,175.46
1545,632,32,1,211.5
1546,633,38,2,223.95
1547,633,7,2,191.99
1548,633,56,2,255.65
1549,633,41,1,234.31
1550,634,72,2,411.85
1551,634,14,1,455.4
1552,635,73,2,31444.09
1553,635,41,2,249.31
1554,635,11,1,199.36
1555,635,9,2,571.45
1556,636,5,1,168.71
1557,636,71,2,376.55
1558,637,32,2,203.36
1559,637,69,2,1772.99
1560,637,46,1,353.04
1561,638,82,2,165.1
1562,639,80,2,1573.93
1563,640,16,1,370.6
1564,640,29,2,1028.69
1565,640,98,2,383.7
1566,640,12,2,323.75
1567,641,45,1,62.74
1568,641,75,2,422.74
1569,641,66,2,330.95
1570,642,93,2,333.24
1571,642,95,1,23440.69
1572,643,12,1,323.75
1573,643,51,2,1298.15
1574,643,92,2,30303.87
1575,644,5,2,168.71
1576,644,19,1,213.21
1577,645,97,2,276.56
1578,645,29,2,1028.69
1579,645,80,2,1573.93
1580,646,1,1,450.11
1581,647,54,2,7849.96
1582,647,45,1,62.74
1583,647,55,2,220.07
1584,648,11,1,188.58
1585,649,9,1,571.45
1586,649,71,1,400.65
1587,649,21,2,1094.56
1588,650,25,1,12510.42
1589,651,32,2,203.36
1590,651,98,2,383.7
1591,651,68,2,8972.8
1592,651,40,2,1052.14
1593,652,75,2,422.74
1594,653,91,1,285.12
1595,653,56,1,255.65
1596,653,55,1,220.07
1597,654,69,1,1772.99
1598,654,57,1,719.01
1599,654,97,2,276.56
1600,655,51,1,1381.23
1601,656,59,2,386.66
1602,656,92,1,30303.87
1603,656,25,1,12510.42
1604,657,21,1,1094.56
1605,657,41,1,249.31
1606,658,58,1,17635.27
1607,659,38,1,223.95
1608,659,75,2,422.74
1609,659,19,2,213.21
1610,660,25,2,12510.42
1611,660,45,1,62.74
1612,660,10,2,223.89
1613,660,73,1,29552.71
1614,661,8,2,255.54
1615,661,26,1,214.65
1616,662,86,1,33772.7
1617,662,10,1,223.89
1618,662,1,1,450.11
1619,662,42,1,22147.82
1620,663,63,1,159.59
1621,663,16,1,394.32
1622,664,72,1,387.08
1623,664,55,1,220.07
1624,664,91,1,285.12
1625,664,53,2,848.59
1626,665,17,1,15580.26
1627,666,72,1,411.85
1628,666,8,2,271.89
1629,666,61,2,207.56
1630,667,55,1,220.07
1631,668,53,1,902.9
1632,668,5,2,179.51
1633,668,54,1,8352.36
1634,669,19,2,213.21
1635,669,15,2,168.91
1636,670,8,2,255.54
1637,670,14,1,430.78
1638,670,30,2,333.69
1639,670,80,2,1573.93
1640,671,95,1,24780.16
1641,672,50,2,254.49
1642,672,96,2,345.75
1643,673,50,1,249.33
1644,673,86,1,35123.61
1645,674,29,2,1193.28
1646,674,64,1,383.68
1647,674,5,2,175.46
1648,674,67,1,303.65
1649,675,66,1,365.37
1650,675,17,1,17200.61
1651,675,29,1,1259.11
1652,675,43,1,499.1
1653,676,96,2,337.95
1654,676,11,1,195.31
1655,676,25,2,13010.84
1656,676,26,1,223.24
1657,677,65,1,16058.97
1658,677,69,1,1843.91
1659,678,64,1,383.68
1660,678,51,1,1350.08
1661,679,72,1,402.56
1662,679,26,1,223.24
1663,679,10,2,232.84
1664,680,88,1,34242.29
1665,680,2,2,226.66
1666,680,64,1,383.68
1667,680,92,2,31386.15
1668,681,66,1,365.37
1669,681,21,2,1135.71
1670,681,41,1,258.68
1671,681,86,2,37285.06
1672,682,8,2,282.11
1673,682,30,2,368.39
1674,682,98,2,423.6
1675,683,19,2,221.74
1676,683,44,2,1145.5
1677,683,15,1,175.67
1678,683,51,1,1350.08
1679,684,71,2,391.61
1680,685,30,1,347.04
1681,686,43,1,470.17
1682,686,42,1,23033.74
1683,686,2,2,226.66
1684,687,45,1,65.25
1685,687,57,1,747.77
1686,687,5,2,175.46
1687,687,10,2,232.84
1688,688,41,2,243.69
1689,688,71,1,391.61
1690,688,82,1,171.0
1691,688,65,1,16058.97
1692,689,41,1,258.68
1693,689,29,2,1259.11
1694,690,3,1,234.67
1695,690,9,1,592.93
1696,690,71,1,415.71
1697,691,9,1,558.56
1698,691,8,1,265.76
1699,691,88,1,34242.29
1700,691,40,1,1094.22
1701,692,61,1,215.36
1702,692,68,1,9905.97
1703,693,36,2,121.61
1704,693,30,1,368.39
1705,694,21,2,1069.87
1706,695,25,2,13010.84
1707,695,69,2,1843.91
1708,695,36,1,114.56
1709,695,44,1,1145.5
1710,696,41,1,243.69
1711,696,53,1,882.53
1712,696,97,1,287.62
1713,696,72,2,402.56
1714,697,44,1,1145.5
1715,697,45,2,65.25
1716,697,95,1,24277.86
1717,697,97,2,287.62
1718,698,25,2,13010.84
1719,698,5,2,175.46
1720,698,2,2,226.66
1721,699,64,1,451.56
1722,700,71,2,415.71
1723,700,45,2,69.26
1724,700,52,2,224.06
1725,700,50,2,263.08
1726,701,52,1,211.07
1727,702,68,1,9331.71
1728,703,10,2,232.84
1729,703,56,2,265.88
1730,703,9,2,558.56
1731,704,59,2,402.13
1732,705,9,1,592.93
1733,706,40,1,1094.22
1734,706,2,1,226.66
1735,706,69,2,1843.91
1736,707,32,1,211.5
1737,708,86,1,37285.06
1738,708,98,1,423.6
1739,708,32,2,224.51
1740,708,9,1,592.93
1741,709,59,2,448.53
1742,709,26,1,223.24
1743,709,69,1,2056.67
1744,710,92,1,31386.15
1745,711,57,1,747.77
1746,711,88,1,34242.29
1747,712,52,2,211.07
1748,712,65,2,17911.92
1749,712,91,2,296.53
1750,712,67,1,303.65
1751,713,50,1,263.08
1752,714,42,1,23033.74
1753,714,15,2,175.67
1754,715,72,1,402.56
1755,715,41,2,243.69
1756,716,100,2,827.42
1757,716,56,1,265.88
1758,716,25,1,13010.84
1759,716,40,2,1094.22
1760,717,50,1,249.33
1761,717,98,2,399.05
1762,717,67,1,303.65
1763,718,91,1,314.78
1764,718,75,1,466.7
1765,719,66,2,352.13
1766,719,11,1,199.36
1767,719,43,2,481.02
1768,720,29,1,1217.97
1769,720,70,2,282.24
1770,721,68,2,9547.06
1771,721,54,2,8352.36
1772,721,63,1,159.59
1773,721,1,2,478.92
1774,722,46,1,353.04
1775,722,5,2,168.71
1776,723,68,2,9547.06
1777,724,51,1,1381.23
1778,724,71,2,400.65
1779,724,9,1,571.45
1780,724,91,1,303.37
1781,725,29,2,1152.13
1782,726,30,2,333.69
1783,726,40,1,1052.14
1784,726,83,2,7797.42
1785,726,80,2,1573.93
1786,727,55,2,220.07
1787,727,8,1,255.54
1788,727,25,2,12510.42
1789,728,70,2,282.24
1790,729,9,1,537.08
1791,730,25,2,13311.09
1792,730,12,2,344.47
1793,730,45,1,66.75
1794,730,14,1,455.4
1795,731,8,1,255.54
1796,731,26,2,214.65
1797,731,16,2,370.6
1798,732,44,2,1101.44
1799,732,45,1,70.27
1800,732,100,1,795.6
1801,733,43,2,452.09
1802,733,21,1,1028.72
1803,733,72,2,387.08
1804,733,67,2,291.98
1805,734,59,1,433.06
1806,734,53,1,848.59
1807,734,51,2,1298.15
1808,734,63,2,149.99
1809,735,80,2,1573.93
1810,735,97,1,276.56
1811,735,2,2,217.94
1812,735,59,2,433.06
1813,736,57,2,765.03
1814,736,1,1,478.92
1815,737,92,1,30303.87
1816,737,86,2,33772.7
1817,737,100,2,795.6
1818,737,15,2,168.91
1819,738,96,2,324.95
1820,739,98,2,383.7
1821,739,10,2,223.89
1822,739,63,1,149.99
1823,740,100,2,795.6
1824,741,59,2,433.06
1825,741,7,2,191.99
1826,742,49,2,427.15
1827,742,40,1,1052.14
1828,743,52,2,215.94
1829,744,64,2,413.2
1830,744,52,2,202.95
1831,744,70,2,266.98
1832,744,86,2,33772.7
1833,745,43,1,481.02
1834,745,18,2,292.75
1835,745,7,2,204.27
1836,746,65,2,18282.51
1837,746,17,2,16577.4
1838,746,49,1,454.49
1839,747,23,1,15554.19
1840,747,98,2,408.26
1841,748,80,1,1573.93
1842,748,81,1,434.76
1843,748,57,2,719.01
1844,748,67,2,291.98
1845,749,61,2,195.07
1846,750,58,2,18763.93
1847,750,60,2,175.99
1848,751,49,1,454.49
1849,752,69,2,2099.22
1850,752,78,1,13090.15
1851,752,46,1,375.63
1852,752,41,2,249.31
1853,753,63,2,159.59
1854,753,5,1,179.51
1855,754,41,2,234.31
1856,755,26,2,236.97
1857,756,26,1,236.97
1858,756,45,1,76.79
1859,756,69,2,2170.14
1860,757,100,1,878.34
1861,757,15,1,186.48
1862,757,67,2,322.34
1863,757,84,2,363.34
1864,758,38,2,247.24
1865,759,64,1,427.95
1866,759,54,2,8163.96
1867,759,18,1,286.14
1868,759,17,1,16203.47
1869,760,26,2,223.24
1870,760,95,1,24277.86
1871,760,71,2,391.61
1872,760,93,1,346.57
1873,761,66,2,344.19
1874,761,38,2,232.91
1875,761,18,2,286.14
1876,762,67,2,322.34
1877,762,18,1,303.75
1878,762,62,2,39686.0
1879,763,84,1,363.34
1880,764,12,1,336.7
1881,764,73,2,30734.82
1882,764,56,2,265.88
1883,764,83,1,8109.32
1884,765,57,1,747.77
1885,766,9,1,558.56
1886,767,19,1,235.39
1887,768,32,1,211.5
1888,769,65,1,17911.92
1889,770,16,1,385.42
1890,770,61,2,202.88
1891,770,96,2,337.95
1892,771,92,1,31386.15
1893,772,30,2,347.04
1894,772,36,1,114.56
1895,772,84,1,342.28
1896,772,17,2,16203.47
1897,773,26,1,223.24
1898,773,100,2,827.42
1899,774,55,1,242.96
1900,775,63,1,155.99
1901,775,58,2,18340.69
1902,775,12,1,336.7
1903,776,7,1,199.67
1904,777,92,1,31386.15
1905,777,43,1,470.17
1906,777,5,1,175.46
1907,778,61,2,215.36
1908,778,68,2,9905.97
1909,779,46,1,367.16
1910,779,8,2,265.76
1911,779,14,1,446.16
1912,779,41,2,243.69
1913,780,80,1,1737.61
1914,780,23,1,16138.93
1915,781,95,1,24277.86
1916,782,7,2,199.67
1917,782,58,2,18340.69
1918,782,2,1,226.66
1919,783,86,2,35123.61
1920,783,46,2,367.16
1921,783,97,1,287.62
1922,784,36,1,114.56
1923,784,17,2,16203.47
1924,784,44,1,1145.5
1925,785,91,2,314.78
1926,786,45,2,72.78
1927,786,53,1,882.53
1928,786,9,2,558.56
1929,786,21,2,1069.87
1930,787,97,1,287.62
1931,787,60,1,172.02
1932,787,21,1,1069.87
1933,788,9,1,558.56
1934,788,63,2,155.99
1935,788,21,2,1069.87
1936,788,98,2,399.05
1937,789,41,1,243.69
1938,789,49,1,444.24
1939,789,61,1,202.88
1940,790,49,1,471.57
1941,790,36,2,121.61
1942,791,96,2,358.74
1943,791,68,2,9905.97
1944,791,83,1,8608.36
1945,791,41,2,258.68
1946,792,86,1,37285.06
1947,793,93,1,367.89
1948,794,51,2,1433.16
1949,794,3,2,234.67
1950,794,58,1,21585.58
1951,795,56,2,265.88
1952,795,92,1,31386.15
1953,795,58,2,20456.92
1954,795,62,1,37385.36
1955,796,100,2,846.52
1956,796,73,1,31444.09
1957,796,38,1,238.28
1958,797,72,1,387.08
1959,798,42,1,22147.82
1960,798,49,2,427.15
1961,798,93,2,333.24
1962,798,17,2,15580.26
1963,799,45,1,70.27
1964,799,52,2,202.95
1965,799,17,2,15580.26
1966,799,97,2,309.75
1967,800,72,1,387.08
1968,800,40,1,1052.14
1969,800,43,1,452.09
1970,801,31,1,213.54
1971,801,93,2,333.24
1972,801,54,2,7849.96
1973,801,21,1,1028.72
1974,802,58,1,20880.17
1975,802,63,2,159.59
1976,802,72,2,411.85
1977,803,54,1,8352.36
1978,803,23,1,15554.19
1979,804,46,2,375.63
1980,804,73,1,31444.09
1981,805,5,2,168.71
1982,806,44,2,1101.44
1983,806,1,1,450.11
1984,807,64,1,413.2
1985,807,1,1,450.11
1986,808,29,1,1217.97
1987,808,11,1,199.36
1988,808,80,2,1674.66
1989,808,100,1,846.52
1990,809,53,1,848.59
1991,809,68,1,8972.8
1992,809,19,2,213.21
1993,810,98,2,383.7
1994,810,65,1,17294.27
1995,811,36,2,110.15
1996,811,78,2,12302.77
1997,812,15,2,179.72
1998,813,75,1,422.74
1999,813,72,2,387.08
2000,814,32,2,203.36
2001,814,78,1,12302.77
2002,814,40,1,1052.14
2003,814,71,2,376.55
2004,815,73,1,29552.71
2005,816,9,1,635.9
2006,816,2,2,231.89
2007,816,73,2,31444.09
2008,816,49,1,454.49
2009,817,2,2,231.89
2010,817,18,2,292.75
2011,818,46,1,375.63
2012,818,23,2,15554.19
2013,819,91,2,303.37
2014,819,7,1,204.27
2015,819,63,2,159.59
2016,819,44,1,1171.93
2017,820,23,2,14618.6
2018,820,47,1,620.91
2019,820,93,2,333.24
2020,821,5,2,179.51
2021,821,45,2,74.28
2022,821,72,1,458.3
2023,822,84,1,329.11
2024,822,96,2,324.95
2025,822,78,2,12302.77
2026,822,3,2,212.56
2027,823,44,1,1101.44
2028,823,81,1,434.76
2029,823,47,1,620.91
2030,824,86,2,33772.7
2031,825,2,2,231.89
2032,825,36,1,117.2
2033,825,32,1,216.38
2034,825,10,1,238.22
2035,826,75,1,473.47
2036,827,12,1,323.75
2037,827,41,1,234.31
2038,827,40,2,1052.14
2039,828,69,1,2099.22
2040,829,97,1,338.51
2041,829,84,2,363.34
2042,829,18,1,303.75
2043,830,65,2,18900.17
2044,830,83,2,8608.36
2045,831,42,2,23033.74
2046,831,78,1,12794.89
2047,832,9,1,623.01
2048,832,12,2,336.7
2049,832,21,2,1069.87
2050,832,78,2,12794.89
2051,833,84,2,342.28
2052,833,56,2,265.88
2053,833,72,2,449.01
2054,833,7,2,199.67
2055,834,1,1,468.12
2056,834,69,1,2056.67
2057,834,96,1,337.95
2058,834,2,1,226.66
2059,835,12,1,357.42
2060,835,47,1,678.57
2061,835,97,2,338.51
2062,836,80,1,1636.88
2063,836,32,1,211.5
2064,837,75,1,517.43
2065,837,46,1,389.75
2066,838,97,1,320.81
2067,838,98,1,399.05
2068,839,73,1,32626.19
2069,840,41,2,243.69
2070,840,64,2,427.95
2071,840,96,2,376.94
2072,840,91,1,296.53
2073,841,63,2,165.59
2074,841,59,2,473.27
2075,842,51,2,1350.08
2076,842,61,1,202.88
2077,842,96,1,376.94
2078,842,11,1,195.31
2079,843,16,1,385.42
2080,843,84,1,342.28
2081,843,64,1,427.95
2082,843,73,2,34281.15
2083,844,96,2,376.94
2084,844,23,1,15203.34
2085,845,40,2,1161.56
2086,845,8,2,282.11
2087,845,47,2,678.57
2088,846,84,1,342.28
2089,846,15,2,175.67
2090,847,49,1,471.57
2091,847,23,1,16138.93
2092,847,100,1,878.34
2093,847,88,2,36349.5
2094,848,93,2,346.57
2095,849,16,2,385.42
2096,849,31,2,222.08
2097,849,59,1,448.53
2098,849,29,1,1193.28
2099,850,55,1,228.88
2100,851,78,1,13582.26
2101,852,55,1,242.96
2102,852,53,1,936.84
2103,853,10,2,232.84
2104,854,46,2,367.16
2105,854,43,2,470.17
2106,854,82,1,171.0
2107,855,44,1,1145.5
2108,856,55,2,242.96
2109,856,10,2,247.17
2110,856,43,2,499.1
2111,856,46,2,389.75
2112,857,93,2,367.89
2113,858,3,2,221.07
2114,859,19,1,221.74
2115,859,2,1,226.66
2116,859,86,1,35123.61
2117,859,62,2,37385.36
2118,860,63,1,165.59
2119,860,100,2,878.34
2120,860,53,2,936.84
2121,861,72,2,449.01
2122,861,65,1,17911.92
2123,862,10,2,232.84
2124,862,91,2,296.53
2125,863,75,2,517.43
2126,863,23,1,16138.93
2127,864,69,2,2170.14
2128,864,26,1,236.97
2129,864,96,1,397.74
2130,864,98,1,423.6
2131,865,70,2,291.77
2132,866,100,1,827.42
2133,866,43,1,470.17
2134,867,44,2,1215.99
2135,867,10,2,247.17
2136,868,80,2,1737.61
2137,868,67,1,322.34
2138,869,38,1,232.91
2139,869,63,1,155.99
2140,869,16,1,385.42
2141,870,84,1,363.34
2142,870,7,2,211.95
2143,870,86,1,37285.06
2144,871,23,2,16138.93
2145,871,65,2,18900.17
2146,872,69,1,1985.75
2147,872,41,2,234.31
2148,872,19,2,213.21
2149,872,12,1,323.75
2150,873,57,1,719.01
2151,873,97,2,309.75
2152,873,56,2,255.65
2153,874,78,2,12302.77
2154,874,17,1,15580.26
2155,874,66,2,330.95
2156,875,21,2,1028.72
2157,875,40,1,1052.14
2158,876,46,2,375.63
2159,877,98,2,383.7
2160,877,41,2,234.31
2161,877,53,1,848.59
2162,878,21,1,1094.56
2163,878,97,1,327.45
2164,879,97,2,327.45
2165,879,86,2,35934.15
2166,879,30,2,355.04
2167,879,42,1,23565.29
2168,880,65,1,18282.51
2169,880,12,2,344.47
2170,880,1,2,478.92
2171,881,78,2,12302.77
2172,881,52,2,202.95
2173,882,78,2,13090.15
2174,883,66,1,330.95
2175,883,5,1,168.71
2176,884,55,2,220.07
2177,884,42,2,22147.82
2178,885,7,2,204.27
2179,885,30,2,355.04
2180,886,42,1,22147.82
2181,886,40,1,1052.14
2182,887,32,1,216.38
2183,887,86,1,35934.15
2184,887,18,1,325.76
2185,887,67,1,310.66
2186,888,7,2,191.99
2187,888,62,2,35947.46
2188,888,26,1,214.65
2189,889,38,2,223.95
2190,889,55,2,220.07
2191,889,84,1,329.11
2192,890,25,1,12510.42
2193,890,96,2,363.94
2194,890,71,2,376.55
2195,890,100,1,795.6
2196,891,58,1,19751.51
2197,892,78,2,12302.77
2198,892,36,1,110.15
2199,892,54,1,7849.96
2200,893,19,1,226.86
2201,893,88,2,35032.49
2202,894,86,1,33772.7
2203,895,21,2,1028.72
2204,896,65,2,16429.56
2205,896,26,1,228.39
2206,896,9,2,635.9
2207,897,91,2,285.12
2208,897,84,1,329.11
2209,897,12,2,323.75
2210,897,3,1,212.56
2211,898,78,2,12302.77
2212,899,65,1,16429.56
2213,899,73,1,34990.41
2214,899,84,1,350.18
2215,899,68,2,9547.06
2216,900,26,2,254.15
2217,900,38,1,238.28
2218,900,71,1,400.65
2219,900,32,1,216.38
2220,901,100,2,846.52
2221,901,88,1,35032.49
2222,901,17,2,16577.4
2223,901,92,2,28788.67
2224,902,36,2,110.15
2225,902,81,2,434.76
2226,902,29,1,1028.69
2227,903,15,1,168.91
2228,903,43,1,452.09
2229,904,89,2,222.16
2230,905,81,1,479.98
2231,905,1,2,496.92
2232,905,23,1,16138.93
2233,906,38,2,232.91
2234,906,67,1,303.65
2235,906,15,1,175.67
2236,907,71,1,415.71
2237,907,73,1,36172.52
2238,907,58,1,19469.34
2239,908,96,1,376.94
2240,908,36,1,114.56
2241,908,30,2,347.04
2242,909,8,2,265.76
2243,910,86,2,35123.61
2244,910,16,2,385.42
2245,911,63,1,155.99
2246,912,100,2,827.42
2247,912,93,2,346.57
2248,912,15,1,175.67
2249,913,46,1,367.16
2250,914,51,1,1350.08
2251,914,84,1,342.28
2252,914,4,2,373.5
2253,915,40,2,1094.22
2254,916,46,2,367.16
2255,916,75,1,490.38
2256,917,76,2,244.16
2257,917,19,2,235.39
2258,917,44,2,1215.99
2259,917,88,2,36349.5
2260,918,81,2,452.15
2261,919,65,1,17047.21
2262,919,28,1,351.21
2263,919,81,1,479.98
2264,920,7,1,211.95
2265,920,53,1,936.84
2266,920,9,2,657.38
2267,920,95,1,25617.33
2268,921,44,1,1145.5
2269,921,57,2,747.77
2270,921,45,2,65.25
2271,921,28,1,330.85
2272,922,15,2,175.67
2273,922,32,1,211.5
2274,922,21,2,1069.87
2275,923,71,1,391.61
2276,923,21,1,1069.87
2277,923,68,1,9331.71
2278,924,38,2,247.24
2279,924,37,1,1063.91
2280,924,55,2,242.96
2281,925,43,1,499.1
2282,926,65,1,17047.21
2283,926,62,1,39686.0
2284,927,41,2,243.69
2285,927,54,2,8163.96
2286,927,44,1,1145.5
2287,928,51,2,1350.08
2288,928,4,2,373.5
2289,928,38,1,232.91
2290,929,10,2,232.84
2291,930,46,1,389.75
2292,931,17,1,17200.61
2293,932,80,2,1926.48
2294,932,91,2,314.78
2295,932,93,1,367.89
2296,932,42,1,24451.2
2297,933,76,1,230.01
2298,934,92,2,28139.31
2299,934,21,2,1069.87
2300,935,10,2,232.84
2301,935,58,2,18340.69
2302,936,72,1,449.01
2303,936,55,2,228.88
2304,936,37,2,1002.24
2305,936,28,2,330.85
2306,937,15,1,186.48
2307,938,55,1,228.88
2308,938,52,2,211.07
2309,938,45,1,65.25
2310,939,9,2,657.38
2311,939,5,2,186.26
2312,939,15,1,186.48
2313,940,9,2,657.38
2314,940,28,2,351.21
2315,940,37,1,1063.91
2316,941,32,1,211.5
2317,941,83,1,8109.32
2318,941,66,2,344.19
2319,941,75,1,490.38
2320,942,1,1,468.12
2321,943,86,2,35123.61
2322,943,62,2,37385.36
2323,943,63,1,155.99
2324,943,43,2,470.17
2325,944,91,1,296.53
2326,944,29,2,1069.84
2327,944,78,2,12794.89
2328,945,10,1,247.17
2329,946,91,1,303.37
2330,947,16,1,370.6
2331,947,25,2,12510.42
2332,947,76,2,247.7
2333,947,42,1,22147.82
2334,948,54,2,7849.96
2335,948,21,1,1028.72
2336,948,67,1,291.98
2337,949,19,1,226.86
2338,949,72,1,458.3
2339,950,49,1,454.49
2340,951,83,1,7797.42
2341,951,12,1,323.75
2342,951,72,2,433.52
2343,951,32,1,203.36
2344,952,68,2,9547.06
2345,952,9,2,635.9
2346,952,58,2,18763.93
2347,952,78,2,13090.15
2348,953,3,1,212.56
2349,953,15,2,168.91
2350,954,83,2,7797.42
2351,954,2,1,217.94
2352,954,76,2,247.7
2353,955,42,2,22147.82
2354,956,30,1,333.69
2355,957,5,1,168.71
2356,957,76,1,247.7
2357,957,72,2,433.52
2358,957,41,1,234.31
2359,958,76,2,247.7
2360,958,58,1,17635.27
2361,959,19,1,226.86
2362,959,43,1,481.02
2363,960,86,2,35934.15
2364,960,64,1,392.54
2365,960,46,2,375.63
2366,960,40,1,1119.47
2367,961,46,2,353.04
2368,961,12,2,323.75
2369,962,92,2,28788.67
2370,962,63,1,159.59
2371,962,88,2,35032.49
2372,962,81,1,462.59
2373,963,23,2,14618.6
2374,963,3,2,212.56
2375,963,25,2,12510.42
2376,964,41,1,249.31
2377,964,98,1,408.26
2378,964,78,2,13090.15
2379,965,4,2,359.14
2380,965,98,2,383.7
2381,965,10,2,223.89
2382,966,25,2,13311.09
2383,966,49,2,454.49
2384,967,67,1,291.98
2385,967,80,1,1762.8
2386,967,30,1,373.73
2387,968,88,2,32925.28
2388,969,44,1,1101.44
2389,969,92,1,27057.02
2390,969,76,1,247.7
2391,970,45,2,62.74
2392,970,83,1,7797.42
2393,970,50,2,214.94
2394,971,31,1,213.54
2395,971,15,2,168.91
2396,972,54,1,7849.96
2397,972,21,2,1028.72
2398,973,80,1,1762.8
2399,973,50,2,214.94
2400,973,2,1,217.94
2401,974,28,1,318.12
2402,974,25,2,12510.42
2403,974,17,2,15580.26
2404,974,68,1,8972.8
2405,975,19,2,213.21
2406,975,83,1,7797.42
2407,976,32,1,216.38
2408,976,36,2,117.2
2409,977,63,2,149.99
2410,977,78,1,12302.77
2411,978,91,2,285.12
2412,978,51,1,1298.15
2413,978,60,2,165.4
2414,978,61,1,195.07
2415,979,51,1,1381.23
2416,979,12,1,344.47
2417,980,51,1,1381.23
2418,981,81,2,434.76
2419,981,40,1,1052.14
2420,981,2,2,217.94
2421,981,37,2,963.69
2422,982,78,1,12302.77
2423,982,63,2,149.99
2424,983,5,1,186.26
2425,983,2,1,266.76
2426,983,41,1,258.68
2427,983,28,1,351.21
2428,984,89,1,245.27
2429,985,60,2,172.02
2430,985,54,2,8163.96
2431,985,44,2,1145.5
2432,986,81,1,452.15
2433,986,73,2,34281.15
2434,987,55,1,242.96
2435,987,7,2,211.95
2436,988,68,2,9331.71
2437,989,25,1,15312.76
2438,989,16,2,409.14
2439,989,3,2,234.67
2440,990,29,1,1135.67
2441,991,16,2,385.42
2442,991,65,2,16058.97
2443,991,61,1,202.88
2444,991,57,2,747.77
2445,992,1,1,468.12
2446,992,91,1,296.53
2447,992,94,2,220.08
2448,993,76,2,256.55
2449,993,18,1,319.16
2450,993,8,1,265.76
2451,994,93,2,367.89
2452,994,16,2,409.14
2453,994,54,2,8666.36
2454,995,98,1,445.09
2455,995,2,1,252.81
2456,995,37,1,1002.24
2457,996,40,1,1094.22
2458,996,96,1,376.94
2459,996,65,2,16058.97
2460,996,78,2,12794.89
2461,997,89,2,231.05
2462,998,86,1,35123.61
2463,998,66,2,383.9
2464,998,91,2,296.53
2465,999,50,2,223.53
2466,999,86,1,35123.61
2467,999,10,2,259.71
2468,1000,50,1,223.53
2469,1001,91,1,296.53
2470,1001,19,1,221.74
2471,1002,32,1,224.51
2472,1003,9,1,623.01
2473,1004,66,1,405.08
2474,1004,10,1,274.04
2475,1004,73,1,36172.52
2476,1005,30,1,408.43
2477,1005,46,2,389.75
2478,1005,12,2,357.42
2479,1006,21,1,1069.87
2480,1006,37,2,1002.24
2481,1006,54,1,8163.96
2482,1006,96,1,376.94
2483,1007,18,2,336.77
2484,1008,92,1,28139.31
2485,1008,44,1,1145.5
2486,1009,31,2,235.75
2487,1009,43,1,499.1
2488,1009,67,1,322.34
2489,1010,8,2,265.76
2490,1010,64,1,383.68
2491,1010,52,2,211.07
2492,1010,92,1,28139.31
2493,1011,66,2,405.08
2494,1011,19,2,235.39
2495,1012,32,1,224.51
2496,1012,76,1,270.7
2497,1012,3,2,234.67
2498,1012,84,2,363.34
2499,1013,68,1,9331.71
2500,1013,12,1,336.7
2501,1013,2,1,252.81
2502,1014,63,2,155.99
2503,1014,1,1,468.12
2504,1015,100,1,827.42
2505,1016,36,2,114.56
2506,1016,2,2,252.81
2507,1016,63,1,173.99
2508,1017,51,1,1350.08
2509,1017,93,1,346.57
2510,1018,32,1,211.5
2511,1018,45,1,65.25
2512,1018,88,1,34242.29
2513,1018,92,1,28139.31
2514,1019,56,1,265.88
2515,1019,98,2,445.09
2516,1019,49,2,444.24
2517,1020,55,2,242.96
2518,1020,40,1,1161.56
2519,1020,10,2,274.04
2520,1021,98,1,445.09
2521,1021,62,1,37385.36
2522,1022,88,2,34242.29
2523,1022,100,2,827.42
2524,1022,98,1,445.09
2525,1023,45,2,65.25
2526,1023,10,1,259.71
2527,1024,46,1,375.63
2528,1024,66,1,391.84
2529,1025,88,1,35032.49
2530,1026,51,1,1381.23
2531,1026,66,2,391.84
2532,1027,80,1,1863.53
2533,1027,92,2,28788.67
2534,1028,86,2,33772.7
2535,1029,57,2,719.01
2536,1029,10,2,250.75
2537,1029,89,1,222.16
2538,1029,36,1,110.15
2539,1030,36,1,110.15
2540,1030,96,2,363.94
2541,1030,100,2,795.6
2542,1030,62,2,35947.46
2543,1031,98,1,429.74
2544,1031,83,1,7797.42
2545,1031,73,2,33099.04
2546,1031,16,2,370.6
2547,1032,28,2,318.12
2548,1033,76,2,247.7
2549,1033,64,2,413.2
2550,1033,71,2,376.55
2551,1034,42,2,22147.82
2552,1034,75,2,473.47
2553,1035,15,1,179.72
2554,1035,78,2,13090.15
2555,1035,21,2,1094.56
2556,1035,12,2,344.47
2557,1036,21,1,1028.72
2558,1036,91,2,285.12
2559,1037,83,1,7797.42
2560,1037,43,1,452.09
2561,1037,29,1,1028.69
2562,1037,25,2,14011.68
2563,1038,83,2,8296.46
2564,1039,54,2,7849.96
2565,1040,4,2,359.14
2566,1040,12,2,323.75
2567,1040,83,1,7797.42
2568,1040,8,1,255.54
2569,1041,1,2,478.92
2570,1042,55,2,234.16
2571,1042,58,2,18763.93
2572,1042,75,2,500.52
2573,1042,46,1,375.63
2574,1043,55,2,220.07
2575,1044,25,2,14812.34
2576,1044,61,2,207.56
2577,1044,29,1,1094.52
2578,1045,5,1,168.71
2579,1045,15,2,168.91
2580,1046,10,1,265.08
2581,1046,98,1,454.3
2582,1046,71,1,400.65
2583,1046,3,1,226.17
2584,1047,65,2,15441.31
2585,1047,29,2,1028.69
2586,1047,64,2,413.2
2587,1048,17,2,15580.26
2588,1048,67,1,291.98
2589,1048,65,2,15441.31
2590,1049,30,2,373.73
2591,1049,42,1,22147.82
2592,1049,93,2,333.24
2593,1050,36,1,110.15
2594,1050,100,2,795.6
2595,1051,12,2,323.75
2596,1052,26,1,254.15
2597,1053,1,2,450.11
2598,1053,7,2,191.99
2599,1053,88,2,32925.28
2600,1053,71,1,376.55
2601,1054,19,1,226.86
2602,1054,64,1,436.81
2603,1054,8,1,271.89
2604,1054,92,2,28788.67
2605,1055,84,1,389.67
2606,1055,51,1,1381.23
2607,1056,88,1,35032.49
2608,1056,80,2,1863.53
2609,1056,94,2,225.16
2610,1057,15,2,168.91
2611,1057,2,2,244.09
2612,1058,65,1,16429.56
2613,1058,15,2,179.72
2614,1059,56,1,282.24
2615,1059,100,2,878.34
2616,1059,46,1,389.75
2617,1060,42,2,23033.74
2618,1060,4,1,373.5
2619,1060,19,1,221.74
2620,1060,29,1,1069.84
2621,1061,81,2,504.32
2622,1061,21,1,1069.87
2623,1061,73,1,34281.15
2624,1062,31,1,222.08
2625,1062,41,1,243.69
2626,1063,51,2,1433.16
2627,1064,98,2,445.09
2628,1065,96,1,376.94
2629,1065,89,1,231.05
2630,1065,65,1,16058.97
2631,1065,32,2,211.5
2632,1066,23,1,15203.34
2633,1066,92,2,28139.31
2634,1067,58,1,19469.34
2635,1067,43,1,499.1
2636,1068,38,1,247.24
2637,1068,52,1,224.06
2638,1068,2,1,266.76
2639,1068,91,1,314.78
2640,1069,65,2,17911.92
2641,1070,68,2,9905.97
2642,1070,83,1,8608.36
2643,1071,81,2,504.32
2644,1071,12,1,336.7
2645,1071,38,1,232.91
2646,1072,15,1,186.48
2647,1073,26,2,248.99
2648,1073,57,2,747.77
2649,1073,32,2,211.5
2650,1073,50,1,223.53
2651,1074,66,2,383.9
2652,1074,92,1,31386.15
2653,1075,92,1,33117.8
2654,1075,4,2,396.49
2655,1075,52,1,224.06
2656,1075,19,2,235.39
2657,1076,86,2,35123.61
2658,1076,80,2,1825.75
2659,1076,93,2,346.57
2660,1076,68,1,9331.71
2661,1077,63,1,173.99
2662,1077,79,1,231.85
2663,1077,56,2,265.88
2664,1077,28,1,330.85
2665,1078,18,2,319.16
2666,1078,62,1,37385.36
2667,1079,32,2,224.51
2668,1079,79,2,246.12
2669,1079,53,1,936.84
2670,1080,68,2,9331.71
2671,1080,23,1,15203.34
2672,1080,57,1,747.77
2673,1080,6,1,175.79
2674,1081,65,1,17911.92
2675,1081,53,2,882.53
2676,1081,18,1,319.16
2677,1081,81,1,452.15
2678,1082,62,2,37385.36
2679,1082,68,2,9331.71
2680,1083,63,1,173.99
2681,1083,62,1,37385.36
2682,1083,15,2,175.67
2683,1084,6,2,186.6
2684,1084,29,2,1135.67
2685,1085,23,2,15203.34
2686,1085,51,2,1350.08
2687,1085,100,1,827.42
2688,1086,55,2,242.96
2689,1087,73,1,32626.19
2690,1087,31,1,235.75
2691,1087,54,2,8666.36
2692,1087,3,1,234.67
2693,1088,40,1,1220.48
2694,1088,64,1,383.68
2695,1088,71,2,391.61
2696,1088,1,2,468.12
2697,1089,31,1,222.08
2698,1089,86,1,35123.61
2699,1089,12,2,336.7
2700,1090,1,1,496.92
2701,1091,49,2,444.24
2702,1092,21,1,1135.71
2703,1092,81,2,479.98
2704,1092,84,2,402.83
2705,1093,29,1,1069.84
2706,1094,45,2,65.25
2707,1094,43,1,470.17
2708,1095,44,2,1145.5
2709,1095,17,2,16203.47
2710,1095,25,1,14512.09
2711,1095,79,1,231.85
2712,1096,21,1,1135.71
2713,1096,49,2,471.57
2714,1096,65,2,18900.17
2715,1097,3,2,234.67
2716,1097,93,1,367.89
2717,1098,88,1,34242.29
2718,1098,91,1,296.53
2719,1099,63,2,173.99
2720,1099,39,1,38144.09
2721,1100,81,2,479.98
2722,1100,53,1,936.84
2723,1100,21,2,1135.71
2724,1101,30,1,387.08
2725,1101,8,1,265.76
2726,1101,6,2,175.79
2727,1101,38,2,232.91
2728,1102,55,2,255.29
2729,1102,6,2,175.79
2730,1102,69,2,1843.91
2731,1102,62,2,37385.36
2732,1103,51,1,1350.08
2733,1104,56,1,255.65
2734,1105,81,1,434.76
2735,1105,66,2,370.66
2736,1106,81,2,434.76
2737,1106,47,1,554.39
2738,1106,16,1,370.6
2739,1107,58,2,17635.27
2740,1107,91,2,285.12
2741,1108,79,2,222.94
2742,1108,91,1,285.12
2743,1108,92,2,30303.87
2744,1108,83,2,7797.42
2745,1109,36,1,117.2
2746,1109,64,2,392.54
2747,1110,52,2,202.95
2748,1111,60,1,175.99
2749,1111,2,2,258.04
2750,1111,47,1,589.87
2751,1111,23,1,15554.19
2752,1112,64,1,368.92
2753,1112,10,1,223.89
2754,1112,82,2,147.41
2755,1112,38,2,223.95
2756,1113,50,1,214.94
2757,1113,54,2,7849.96
2758,1113,17,1,15580.26
2759,1114,79,2,237.21
2760,1115,26,1,214.65
2761,1115,40,2,1178.39
2762,1115,42,1,22147.82
2763,1115,31,1,213.54
2764,1116,68,1,9547.06
2765,1116,29,2,1094.52
2766,1116,21,2,1094.56
2767,1117,83,1,7797.42
2768,1117,47,2,554.39
2769,1117,46,2,353.04
2770,1118,54,1,7849.96
2771,1118,73,2,29552.71
2772,1118,50,1,240.73
2773,1118,61,1,195.07
2774,1119,71,2,376.55
2775,1120,68,1,8972.8
2776,1120,41,1,234.31
2777,1121,1,2,450.11
2778,1121,4,2,359.14
2779,1121,41,1,234.31
2780,1121,44,1,1101.44
2781,1122,12,2,323.75
2782,1123,60,1,165.4
2783,1124,29,2,1028.69
2784,1124,31,2,213.54
2785,1124,93,1,333.24
2786,1124,46,2,353.04
2787,1125,46,2,353.04
2788,1125,66,1,370.66
2789,1126,84,1,389.67
2790,1126,3,1,226.17
2791,1126,44,2,1171.93
2792,1126,83,2,8296.46
2793,1127,68,1,8972.8
2794,1127,88,1,32925.28
2795,1127,56,1,255.65
2796,1127,26,2,214.65
2797,1128,23,1,15554.19
2798,1128,65,2,18282.51
2799,1129,55,1,260.57
2800,1129,84,1,389.67
2801,1129,10,2,238.22
2802,1129,82,2,156.85
2803,1130,40,1,1245.73
2804,1130,41,2,249.31
2805,1130,54,1,8352.36
2806,1131,82,1,156.85
2807,1131,54,1,8352.36
2808,1131,1,2,478.92
2809,1132,83,2,7797.42
2810,1132,26,2,214.65
2811,1133,64,1,392.54
2812,1133,39,1,39024.34
2813,1133,81,1,462.59
2814,1134,94,1,211.61
2815,1134,25,1,14011.68
2816,1134,69,1,1772.99
2817,1135,28,2,318.12
2818,1135,8,1,255.54
2819,1135,78,2,12302.77
2820,1135,64,2,368.92
2821,1136,37,2,963.69
2822,1136,49,1,427.15
2823,1136,28,2,356.3
2824,1137,25,1,14011.68
2825,1138,5,1,188.96
2826,1138,50,2,240.73
2827,1138,2,1,244.09
2828,1139,32,2,216.38
2829,1139,26,1,228.39
2830,1139,3,1,226.17
2831,1140,65,1,17294.27
2832,1141,55,2,246.48
2833,1141,58,2,17635.27
2834,1142,89,1,222.16
2835,1142,51,1,1298.15
2836,1142,37,1,963.69
2837,1143,88,2,35032.49
2838,1144,67,2,291.98
2839,1144,30,2,373.73
2840,1144,83,1,7797.42
2841,1144,56,2,255.65
2842,1145,84,2,368.61
2843,1146,28,1,376.66
2844,1146,65,2,18282.51
2845,1146,55,2,260.57
2846,1146,10,1,238.22
2847,1147,28,2,356.3
2848,1147,6,2,169.03
2849,1147,57,1,719.01
2850,1147,5,1,188.96
2851,1148,94,1,225.16
2852,1149,91,2,285.12
2853,1149,49,1,427.15
2854,1149,64,1,368.92
2855,1150,62,2,38248.1
2856,1151,60,2,175.99
2857,1151,79,1,237.21
2858,1151,51,1,1381.23
2859,1151,3,2,226.17
2860,1152,58,2,18763.93
2861,1153,29,2,1217.97
2862,1153,28,1,376.66
2863,1153,41,1,249.31
2864,1153,30,1,395.09
2865,1154,92,2,32035.52
2866,1154,88,1,35032.49
2867,1154,7,2,204.27
2868,1154,42,2,23565.29
2869,1155,15,1,168.91
2870,1155,82,1,147.41
2871,1156,47,1,554.39
2872,1156,79,2,222.94
2873,1156,6,1,169.03
2874,1157,42,1,22147.82
2875,1158,16,1,394.32
2876,1159,15,2,175.67
2877,1159,100,2,827.42
2878,1160,53,2,882.53
2879,1160,4,2,373.5
2880,1161,73,2,32626.19
2881,1161,16,1,409.14
2882,1162,17,1,16203.47
2883,1163,42,1,23033.74
2884,1163,79,2,231.85
2885,1164,69,1,1843.91
2886,1165,54,1,8163.96
2887,1165,7,1,199.67
2888,1165,64,1,383.68
2889,1165,67,1,303.65
2890,1166,36,2,121.61
2891,1166,94,2,233.62
2892,1166,28,2,389.38
2893,1167,21,2,1069.87
2894,1167,68,2,9331.71
2895,1167,92,1,31386.15
2896,1168,65,1,17911.92
2897,1168,12,2,336.7
2898,1168,37,1,1002.24
2899,1168,89,1,231.05
2900,1169,12,2,336.7
2901,1169,43,2,470.17
2902,1169,30,1,387.08
2903,1170,36,2,121.61
2904,1171,53,2,882.53
2905,1171,56,1,265.88
2906,1172,32,1,211.5
2907,1172,49,1,444.24
2908,1172,1,1,468.12
2909,1172,30,2,387.08
2910,1173,60,1,182.6
2911,1174,68,2,9331.71
2912,1175,4,1,439.58
2913,1175,81,2,479.98
2914,1176,12,1,336.7
2915,1176,98,2,445.09
2916,1176,58,1,18340.69
2917,1177,3,2,221.07
2918,1178,50,1,263.08
2919,1178,44,2,1215.99
2920,1178,32,2,224.51
2921,1179,39,1,38144.09
2922,1179,88,1,34242.29
2923,1180,44,1,1145.5
2924,1180,37,1,1002.24
2925,1180,60,2,172.02
2926,1180,79,2,231.85
2927,1181,50,1,263.08
2928,1181,52,2,224.06
2929,1181,5,2,206.5
2930,1181,16,2,409.14
2931,1182,79,2,231.85
2932,1182,19,2,221.74
2933,1182,67,1,303.65
2934,1182,36,2,114.56
2935,1183,12,1,357.42
2936,1183,61,2,215.36
2937,1183,94,1,233.62
2938,1183,16,2,409.14
2939,1184,42,1,23033.74
2940,1185,41,2,258.68
2941,1185,15,2,186.48
2942,1186,93,2,346.57
2943,1186,43,1,470.17
2944,1187,63,1,183.58
2945,1187,52,2,224.06
2946,1187,16,2,409.14
2947,1188,26,1,236.97
2948,1188,93,2,367.89
2949,1188,89,2,245.27
2950,1189,8,2,282.11
2951,1190,32,1,224.51
2952,1190,57,2,793.79
2953,1190,26,2,236.97
2954,1190,84,1,402.83
2955,1191,67,2,322.34
2956,1191,63,1,183.58
2957,1192,100,2,878.34
2958,1192,88,2,36349.5
2959,1193,62,2,39686.0
2960,1193,21,1,1135.71
2961,1193,84,1,402.83
2962,1193,49,1,471.57
2963,1194,23,1,15203.34
2964,1194,58,2,18340.69
2965,1194,28,2,369.02
2966,1194,21,2,1069.87
2967,1195,51,2,1433.16
2968,1195,45,1,69.26
2969,1195,91,1,314.78
2970,1195,62,2,39686.0
2971,1196,4,1,439.58
2972,1196,15,2,186.48
2973,1196,93,2,367.89
2974,1197,61,2,202.88
2975,1198,12,1,336.7
2976,1199,54,2,7849.96
2977,1199,5,1,188.96
2978,1200,92,2,30303.87
2979,1200,41,2,234.31
2980,1200,50,2,240.73
2981,1201,71,1,445.84
2982,1202,94,1,211.61
2983,1202,28,2,356.3
2984,1203,81,2,486.93
2985,1203,86,1,33772.7
2986,1204,78,2,13090.15
2987,1204,3,1,226.17
2988,1204,39,1,39024.34
2989,1204,59,1,411.41
2990,1205,60,2,175.99
2991,1205,91,2,303.37
2992,1206,53,2,902.9
2993,1206,45,1,66.75
2994,1206,7,2,204.27
2995,1207,43,1,452.09
2996,1207,51,1,1298.15
2997,1208,50,2,240.73
2998,1208,57,2,719.01
2999,1208,64,1,368.92
3000,1208,29,1,1152.13
3001,1209,45,2,62.74
3002,1209,17,1,15580.26
3003,1209,59,2,386.66
3004,1209,55,2,246.48
3005,1210,98,1,429.74
3006,1210,36,1,110.15
3007,1211,39,1,36677.01
3008,1211,36,1,110.15
3009,1211,83,1,7797.42
3010,1211,67,1,291.98
3011,1212,62,1,38248.1
3012,1213,6,1,169.03
3013,1214,10,2,238.22
3014,1214,60,2,175.99
3015,1214,54,2,8352.36
3016,1214,57,1,765.03
3017,1215,79,1,249.69
3018,1216,86,2,33772.7
3019,1216,68,2,8972.8
3020,1216,43,1,452.09
3021,1217,58,1,17635.27
3022,1218,83,1,8296.46
3023,1218,54,2,8352.36
3024,1218,26,1,228.39
3025,1219,60,2,165.4
3026,1219,63,2,167.99
3027,1219,92,1,30303.87
3028,1219,5,2,188.96
3029,1220,4,1,425.22
3030,1220,78,1,13090.15
3031,1221,59,1,386.66
3032,1221,61,2,195.07
3033,1221,39,2,36677.01
3034,1222,4,2,425.22
3035,1222,94,1,225.16
3036,1222,38,2,238.28
3037,1223,94,1,211.61
3038,1223,56,2,255.65
3039,1224,37,2,963.69
3040,1224,6,1,169.03
3041,1225,29,2,1152.13
3042,1226,19,1,213.21
3043,1226,52,2,202.95
3044,1227,55,2,246.48
3045,1227,58,2,17635.27
3046,1227,69,1,1772.99
3047,1228,63,2,177.59
3048,1228,62,1,38248.1
3049,1228,54,2,8352.36
3050,1228,83,2,8296.46
3051,1229,52,2,202.95
3052,1229,7,2,191.99
3053,1230,58,2,17635.27
3054,1230,56,1,255.65
3055,1231,84,2,368.61
3056,1232,49,1,454.49
3057,1233,40,1,1245.73
3058,1233,79,2,263.96
3059,1233,32,1,216.38
3060,1234,52,2,202.95
3061,1234,73,1,29552.71
3062,1235,51,1,1381.23
3063,1235,93,1,354.56
3064,1235,36,2,130.42
3065,1235,10,2,238.22
3066,1236,31,1,213.54
3067,1236,37,1,963.69
3068,1236,41,2,234.31
3069,1237,46,2,353.04
3070,1238,49,1,427.15
3071,1238,56,2,255.65
3072,1239,40,1,1178.39
3073,1239,41,2,234.31
3074,1239,32,2,203.36
3075,1239,44,2,1101.44
3076,1240,83,2,7797.42
3077,1240,17,1,15580.26
3078,1240,46,2,353.04
3079,1241,12,2,344.47
3080,1242,1,2,450.11
3081,1242,68,2,8972.8
3082,1242,71,2,421.74
3083,1243,52,2,211.07
3084,1244,40,2,1220.48
3085,1244,38,1,232.91
3086,1245,58,1,18340.69
3087,1245,45,1,65.25
3088,1246,38,1,232.91
3089,1247,59,1,473.27
3090,1247,15,2,186.48
3091,1247,41,1,258.68
3092,1248,59,2,448.53
3093,1248,78,1,12794.89
3094,1249,23,2,16138.93
3095,1249,52,2,224.06
3096,1249,1,1,496.92
3097,1250,83,1,8109.32
3098,1251,47,2,612.04
3099,1251,42,1,24451.2
3100,1251,56,2,282.24
3101,1252,53,2,882.53
3102,1252,45,1,72.78
3103,1252,44,2,1145.5
3104,1253,42,1,24451.2
3105,1253,91,2,314.78
3106,1254,47,2,612.04
3107,1254,3,2,234.67
3108,1254,94,1,233.62
3109,1255,88,2,34242.29
3110,1255,64,2,383.68
3111,1255,3,1,221.07
3112,1256,8,1,265.76
3113,1256,100,2,827.42
3114,1256,83,1,8109.32
3115,1256,71,2,436.8
3116,1257,64,2,407.29
3117,1257,4,2,439.58
3118,1257,88,2,36349.5
3119,1257,79,1,272.88
3120,1258,32,2,211.5
3121,1258,89,1,231.05
3122,1258,7,2,199.67
3123,1259,91,2,296.53
3124,1260,32,1,224.51
3125,1260,19,2,235.39
3126,1261,16,1,409.14
3127,1261,60,1,182.6
3128,1261,81,1,532.15
3129,1262,78,2,12794.89
3130,1262,62,2,37385.36
3131,1262,49,1,444.24
3132,1262,44,1,1145.5
3133,1263,47,1,612.04
3134,1263,43,1,499.1
3135,1263,3,2,234.67
3136,1263,21,2,1135.71
3137,1264,89,1,257.71
3138,1264,60,2,172.02
3139,1265,59,1,448.53
3140,1265,83,1,8109.32
3141,1265,88,1,34242.29
3142,1266,26,2,223.24
3143,1266,38,1,232.91
3144,1266,60,1,172.02
3145,1266,79,2,258.61
3146,1267,54,1,8666.36
3147,1268,16,2,385.42
3148,1268,51,2,1350.08
3149,1269,78,2,12794.89
3150,1270,56,2,282.24
3151,1271,53,1,882.53
3152,1271,57,1,747.77
3153,1272,59,1,473.27
3154,1272,86,1,37285.06
3155,1272,38,1,247.24
3156,1272,56,2,282.24
3157,1273,15,2,186.48
3158,1274,56,2,265.88
3159,1274,21,1,1069.87
3160,1275,53,2,936.84
3161,1276,59,1,448.53
3162,1277,57,1,747.77
3163,1277,30,2,347.04
3164,1278,30,2,368.39
3165,1279,60,1,172.02
3166,1279,52,1,235.42
3167,1280,68,2,9905.97
3168,1281,60,2,202.45
3169,1281,53,1,936.84
3170,1281,62,1,39686.0
3171,1282,64,1,383.68
3172,1282,57,2,747.77
3173,1282,37,1,1002.24
3174,1283,42,2,23033.74
3175,1283,29,1,1069.84
3176,1283,44,1,1145.5
3177,1284,93,1,367.89
3178,1284,59,1,473.27
3179,1284,41,1,258.68
3180,1285,68,1,9905.97
3181,1285,12,1,357.42
3182,1286,46,1,367.16
3183,1286,48,2,351.57
3184,1287,88,1,34242.29
3185,1287,42,1,23033.74
3186,1287,69,1,1843.91
3187,1287,46,1,367.16
3188,1288,52,2,235.42
3189,1289,49,2,444.24
3190,1289,91,2,296.53
3191,1290,56,2,282.24
3192,1290,44,1,1215.99
3193,1291,51,2,1350.08
3194,1291,16,2,385.42
3195,1292,73,2,32626.19
3196,1293,69,2,1957.38
3197,1293,48,1,373.21
3198,1294,17,2,15580.26
3199,1294,40,2,1178.39
3200,1294,21,1,1028.72
3201,1294,43,2,452.09
3202,1295,36,2,130.42
3203,1295,57,1,765.03
3204,1295,37,2,1025.36
3205,1295,2,1,231.89
3206,1296,37,2,963.69
3207,1297,79,1,249.69
3208,1297,5,1,188.96
3209,1298,39,1,39024.34
3210,1298,82,2,156.85
3211,1299,41,2,234.31
3212,1299,83,1,7797.42
3213,1300,98,1,429.74
3214,1300,46,1,353.04
3215,1300,81,2,486.93
3216,1301,42,2,23565.29
3217,1301,69,2,1886.46
3218,1301,59,1,457.81
3219,1302,92,2,32035.52
3220,1302,83,2,8296.46
3221,1303,31,2,227.2
3222,1304,26,2,228.39
3223,1304,8,1,271.89
3224,1304,19,2,226.86
3225,1304,91,1,303.37
3226,1305,54,2,8352.36
3227,1305,46,2,375.63
3228,1305,59,1,457.81
3229,1306,3,1,212.56
3230,1306,51,2,1298.15
3231,1307,23,2,15554.19
3232,1307,62,1,38248.1
3233,1307,57,2,765.03
3234,1308,23,2,15554.19
3235,1308,52,1,240.29
3236,1308,44,2,1171.93
3237,1308,46,2,375.63
3238,1309,32,1,203.36
3239,1309,91,1,285.12
3240,1310,21,1,1094.56
3241,1310,56,2,272.01
3242,1311,7,1,204.27
3243,1311,4,2,425.22
3244,1312,3,1,212.56
3245,1312,43,2,452.09
3246,1313,81,1,514.76
3247,1313,52,2,240.29
3248,1314,71,1,445.84
3249,1315,1,1,450.11
3250,1316,48,2,338.05
3251,1316,5,2,188.96
3252,1317,46,1,353.04
3253,1317,53,2,848.59
3254,1317,81,1,486.93
3255,1317,100,2,795.6
3256,1318,10,1,223.89
3257,1318,73,1,29552.71
3258,1318,3,1,212.56
3259,1318,68,2,8972.8
3260,1319,56,1,255.65
3261,1319,21,1,1028.72
3262,1320,16,1,370.6
3263,1320,7,2,191.99
3264,1321,5,1,199.76
3265,1322,36,2,123.37
3266,1322,78,2,12302.77
3267,1322,31,2,213.54
3268,1322,21,1,1028.72
3269,1323,53,2,848.59
3270,1323,17,1,15580.26
3271,1323,8,1,255.54
3272,1324,15,2,168.91
3273,1324,4,2,402.23
3274,1324,62,2,35947.46
3275,1324,59,1,433.06
3276,1325,88,1,35032.49
3277,1326,86,2,35934.15
3278,1326,83,2,8296.46
3279,1326,73,2,31444.09
3280,1327,64,2,368.92
3281,1327,69,1,1772.99
3282,1327,12,2,323.75
3283,1327,62,2,35947.46
3284,1328,44,2,1101.44
3285,1328,51,1,1298.15
3286,1328,79,1,249.69
3287,1328,23,2,14618.6
3288,1329,67,1,310.66
3289,1329,83,2,8296.46
3290,1330,23,1,14618.6
3291,1330,46,2,353.04
3292,1330,36,2,123.37
3293,1330,26,2,214.65
3294,1331,10,2,223.89
3295,1332,16,1,394.32
3296,1332,93,2,354.56
3297,1332,32,2,216.38
3298,1332,43,1,481.02
3299,1333,43,2,481.02
3300,1333,51,2,1537.01
3301,1333,39,1,39024.34
3302,1333,52,2,240.29
3303,1334,94,1,211.61
3304,1334,81,2,486.93
3305,1335,23,1,14618.6
3306,1335,28,1,318.12
3307,1335,37,1,963.69
3308,1335,82,2,147.41
3309,1336,41,1,243.69
3310,1336,89,1,231.05
3311,1337,83,2,8109.32
3312,1337,30,1,347.04
3313,1338,68,1,9905.97
3314,1338,43,2,499.1
3315,1338,100,1,878.34
3316,1338,48,2,373.21
3317,1339,100,2,878.34
3318,1339,57,2,793.79
3319,1340,43,2,499.1
3320,1341,42,1,23033.74
3321,1341,38,1,232.91
3322,1342,54,2,8666.36
3323,1342,39,1,40491.42
3324,1342,3,2,234.67
3325,1342,79,1,272.88
3326,1343,51,1,1505.85
3327,1343,73,2,30734.82
3328,1343,17,2,16203.47
3329,1343,26,2,223.24
3330,1344,69,2,1843.91
3331,1344,26,1,223.24
3332,1344,91,1,296.53
3333,1344,29,2,1069.84
3334,1345,30,2,368.39
3335,1345,52,2,248.41
3336,1345,69,2,1957.38
3337,1345,73,1,32626.19
3338,1346,56,1,282.24
3339,1346,82,1,162.74
3340,1347,45,1,72.78
3341,1347,44,2,1145.5
3342,1348,26,1,223.24
3343,1349,83,2,8608.36
3344,1350,42,2,23033.74
3345,1350,31,2,222.08
3346,1351,61,1,202.88
3347,1351,58,2,18340.69
3348,1351,64,1,383.68
3349,1352,42,1,23033.74
3350,1352,67,2,303.65
3351,1352,91,2,296.53
3352,1353,52,2,235.42
3353,1353,43,1,470.17
3354,1354,32,2,211.5
3355,1355,2,1,226.66
3356,1355,4,2,416.6
3357,1355,30,2,347.04
3358,1356,51,1,1505.85
3359,1356,17,1,16203.47
3360,1356,46,2,367.16
3361,1356,21,2,1069.87
3362,1357,91,2,296.53
3363,1357,89,2,231.05
3364,1358,32,2,211.5
3365,1358,93,1,346.57
3366,1358,10,1,232.84
3367,1359,88,2,36349.5
3368,1359,43,2,499.1
3369,1360,67,2,303.65
3370,1361,57,2,747.77
3371,1361,38,2,232.91
3372,1361,37,1,1002.24
3373,1362,1,2,468.12
3374,1362,57,1,747.77
3375,1362,56,1,265.88
3376,1362,49,2,444.24
3377,1363,3,2,234.67
3378,1363,44,1,1215.99
3379,1363,68,2,9905.97
3380,1364,12,1,357.42
3381,1364,54,2,8666.36
3382,1365,6,2,186.6
3383,1365,15,1,186.48
3384,1365,32,2,224.51
3385,1366,10,1,247.17
3386,1366,17,1,17200.61
3387,1367,78,2,13582.26
3388,1367,86,2,37285.06
3389,1367,23,2,16138.93
3390,1368,61,1,215.36
3391,1368,62,1,39686.0
3392,1368,1,1,496.92
3393,1369,54,1,8163.96
3394,1369,3,2,221.07
3395,1370,15,2,175.67
3396,1370,31,1,222.08
3397,1371,93,1,367.89
3398,1371,68,2,9905.97
3399,1371,37,2,1063.91
3400,1372,49,2,444.24
3401,1373,30,1,347.04
3402,1374,59,2,473.27
3403,1374,58,2,19469.34
3404,1375,47,2,612.04
3405,1375,7,2,211.95
3406,1376,23,1,16138.93
3407,1376,86,2,37285.06
3408,1377,45,2,76.79
3409,1378,12,2,336.7
3410,1378,47,2,576.56
3411,1378,48,1,351.57
3412,1379,61,2,202.88
3413,1380,19,2,235.39
3414,1380,61,2,215.36
3415,1380,49,1,471.57
3416,1380,59,1,473.27
3417,1381,86,1,35123.61
3418,1381,61,2,202.88
3419,1381,47,2,576.56
3420,1382,26,2,236.97
3421,1382,31,2,235.75
3422,1383,86,2,37285.06
3423,1383,54,1,8666.36
3424,1383,56,1,282.24
3425,1384,78,2,13090.15
3426,1384,4,1,425.22
3427,1385,69,1,1772.99
3428,1385,15,2,168.91
3429,1385,23,2,14618.6
3430,1386,31,1,213.54
3431,1386,12,1,323.75
3432,1386,54,1,7849.96
3433,1386,15,2,168.91
3434,1387,73,2,31444.09
3435,1387,53,1,902.9
3436,1388,67,1,291.98
3437,1388,42,1,22147.82
3438,1389,1,1,450.11
3439,1389,47,2,554.39
3440,1389,43,1,452.09
3441,1389,61,1,195.07
3442,1390,7,1,204.27
3443,1391,44,1,1171.93
3444,1391,28,1,338.49
3445,1391,69,2,2099.22
3446,1391,29,2,1094.52
3447,1392,73,2,29552.71
3448,1392,61,2,195.07
3449,1392,16,2,370.6
3450,1393,19,2,226.86
3451,1393,23,1,15554.19
3452,1393,17,2,16577.4
3453,1393,69,2,2099.22
3454,1394,52,1,240.29
3455,1394,81,1,514.76
3456,1394,23,1,15554.19
3457,1395,3,2,226.17
3458,1396,67,2,291.98
3459,1396,31,2,213.54
3460,1396,7,2,191.99
3461,1396,73,1,29552.71
3462,1397,7,1,204.27
3463,1397,61,1,207.56
3464,1397,53,2,902.9
3465,1398,82,1,147.41
3466,1398,49,2,427.15
3467,1398,81,1,486.93
3468,1399,23,1,15554.19
3469,1399,49,1,454.49
3470,1399,37,2,1025.36
3471,1400,100,1,795.6
3472,1400,15,2,168.91
3473,1400,1,2,450.11
3474,1401,10,2,223.89
3475,1401,51,1,1453.93
3476,1401,32,2,203.36
3477,1401,78,1,12302.77
3478,1402,46,1,353.04
3479,1402,17,1,15580.26
3480,1403,60,2,185.25
3481,1404,31,2,213.54
3482,1404,86,2,33772.7
3483,1404,49,1,427.15
3484,1405,31,2,227.2
3485,1405,47,1,656.39
3486,1405,28,2,338.49
3487,1406,17,1,15580.26
3488,1407,17,1,15580.26
3489,1408,53,2,902.9
3490,1408,93,1,354.56
3491,1409,69,2,2099.22
3492,1410,78,2,12302.77
3493,1410,82,2,147.41
3494,1411,16,1,394.32
3495,1411,30,1,395.09
3496,1411,45,2,74.28
3497,1412,44,1,1101.44
3498,1412,54,1,7849.96
3499,1413,51,1,1453.93
3500,1413,62,1,35947.46
3501,1413,3,1,212.56
3502,1413,61,1,195.07
3503,1414,60,1,195.83
3504,1414,28,1,338.49
3505,1414,29,2,1217.97
3506,1415,19,1,213.21
3507,1415,53,1,848.59
3508,1415,39,1,36677.01
3509,1416,61,1,195.07
3510,1416,12,2,323.75
3511,1416,73,2,29552.71
3512,1416,17,1,15580.26
3513,1417,8,1,255.54
3514,1417,88,2,32925.28
3515,1418,37,2,963.69
3516,1419,81,2,514.76
3517,1420,62,2,35947.46
3518,1420,8,1,255.54
3519,1420,41,2,234.31
3520,1421,78,1,13090.15
3521,1421,89,2,236.38
3522,1421,53,1,902.9
3523,1422,16,2,370.6
3524,1423,83,2,7797.42
3525,1423,17,2,15580.26
3526,1423,29,1,1152.13
3527,1424,16,1,394.32
3528,1424,17,1,16577.4
3529,1424,30,1,395.09
3530,1424,23,1,15554.19
3531,1425,47,1,656.39
3532,1426,6,1,189.31
3533,1426,57,1,719.01
3534,1427,10,1,250.75
3535,1427,39,1,36677.01
3536,1427,29,2,1152.13
3537,1428,53,1,848.59
3538,1428,26,2,240.41
3539,1428,48,1,338.05
3540,1428,30,1,373.73
3541,1429,47,1,656.39
3542,1430,53,1,902.9
3543,1431,8,1,255.54
3544,1431,28,1,318.12
3545,1431,100,1,795.6
3546,1432,54,1,7849.96
3547,1432,45,2,70.27
3548,1432,73,2,29552.71
3549,1432,53,1,848.59
3550,1433,37,1,963.69
3551,1434,26,1,240.41
3552,1434,47,1,620.91
3553,1434,38,1,223.95
3554,1434,30,2,373.73
3555,1435,43,2,452.09
3556,1436,78,1,12302.77
3557,1436,79,1,249.69
3558,1436,28,2,318.12
3559,1437,43,1,452.09
3560,1438,83,2,8296.46
3561,1438,2,1,231.89
3562,1438,45,1,74.28
3563,1439,57,1,805.29
3564,1440,82,2,153.31
3565,1440,93,2,346.57
3566,1440,30,1,387.08
3567,1440,48,1,392.14
3568,1441,26,2,248.99
3569,1441,94,2,220.08
3570,1441,78,2,12794.89
3571,1442,82,2,162.74
3572,1442,16,2,409.14
3573,1442,51,1,1588.94
3574,1443,37,2,1063.91
3575,1443,10,1,274.04
3576,1444,56,1,282.24
3577,1444,67,2,322.34
3578,1445,10,1,274.04
3579,1445,68,1,9905.97
3580,1445,32,2,224.51
3581,1446,94,1,233.62
3582,1447,83,2,8109.32
3583,1447,12,2,336.7
3584,1447,46,2,367.16
3585,1448,45,1,72.78
3586,1448,21,2,1069.87
3587,1448,8,1,265.76
3588,1449,43,1,499.1
3589,1449,28,1,351.21
3590,1449,32,2,224.51
3591,1450,46,1,389.75
3592,1450,64,1,407.29
3593,1451,62,1,37385.36
3594,1451,37,1,1002.24
3595,1451,56,2,265.88
3596,1452,51,1,1588.94
3597,1453,64,2,383.68
3598,1454,28,2,351.21
3599,1455,12,2,357.42
3600,1456,100,2,827.42
3601,1456,94,2,220.08
3602,1456,17,1,16203.47
3603,1456,16,1,385.42
3604,1457,60,2,191.86
3605,1457,39,1,38144.09
3606,1457,62,2,37385.36
3607,1458,8,1,265.76
3608,1458,23,2,15203.34
3609,1458,39,2,38144.09
3610,1458,73,2,30734.82
3611,1459,64,1,407.29
3612,1460,7,1,199.67
3613,1461,1,2,468.12
3614,1461,10,2,259.71
3615,1461,19,2,221.74
3616,1461,51,1,1505.85
3617,1462,47,2,678.57
3618,1462,54,1,8666.36
3619,1462,86,2,37285.06
3620,1463,17,1,17200.61
3621,1463,41,2,258.68
3622,1464,31,1,222.08
3623,1465,82,1,153.31
3624,1465,62,2,37385.36
3625,1466,58,2,21585.58
3626,1467,30,2,387.08
3627,1467,67,2,303.65
3628,1467,91,2,296.53
3629,1468,38,1,232.91
3630,1468,10,1,259.71
3631,1468,43,2,470.17
3632,1469,17,1,16203.47
3633,1469,38,2,232.91
3634,1469,43,2,470.17
3635,1469,1,1,468.12
3636,1470,21,2,1069.87
3637,1470,37,1,1002.24
3638,1470,68,2,9331.71
3639,1470,100,2,827.42
3640,1471,21,1,1069.87
3641,1471,39,1,38144.09
3642,1471,48,2,392.14
3643,1471,32,1,211.5
3644,1472,49,1,495.49
3645,1472,15,1,175.67
3646,1472,46,1,367.16
3647,1472,56,2,265.88
3648,1473,48,1,413.77
3649,1474,48,2,392.14
3650,1474,69,1,2056.67
3651,1474,46,2,367.16
3652,1474,1,1,468.12
3653,1475,41,2,243.69
3654,1476,58,1,20456.92
3655,1476,68,1,9331.71
3656,1477,39,2,40491.42
3657,1478,62,2,39686.0
3658,1478,8,1,282.11
3659,1479,58,2,20456.92
3660,1479,100,1,827.42
3661,1479,3,2,221.07
3662,1479,44,1,1145.5
3663,1480,37,2,1063.91
3664,1481,94,2,233.62
3665,1481,48,1,413.77
3666,1481,57,2,880.07
3667,1482,28,2,330.85
3668,1482,53,2,882.53
3669,1482,69,2,2056.67
3670,1482,16,1,385.42
3671,1483,42,1,24451.2
3672,1483,7,1,211.95
3673,1484,41,1,243.69
3674,1484,17,2,16203.47
3675,1484,56,2,265.88
3676,1484,91,2,296.53
3677,1485,21,2,1028.72
3678,1486,7,2,204.27
3679,1486,42,1,23565.29
3680,1486,100,2,846.52
3681,1487,100,1,846.52
3682,1487,69,2,1886.46
3683,1488,31,1,227.2
3684,1488,3,2,226.17
3685,1489,16,1,370.6
3686,1489,47,1,620.91
3687,1489,46,1,353.04
3688,1490,1,2,450.11
3689,1490,7,1,191.99
3690,1491,73,2,33099.04
3691,1491,19,2,213.21
3692,1491,69,2,1772.99
3693,1492,18,2,292.75
3694,1492,94,2,225.16
3695,1492,53,2,902.9
3696,1493,58,2,20880.17
3697,1493,100,2,846.52
3698,1493,1,2,478.92
3699,1494,18,2,292.75
3700,1494,7,2,204.27
3701,1494,29,2,1217.97
3702,1494,42,1,23565.29
3703,1495,2,1,231.89
3704,1495,43,2,481.02
3705,1495,33,2,439.06
3706,1495,72,2,411.85
3707,1496,26,2,240.41
3708,1496,29,1,1152.13
3709,1497,30,2,395.09
3710,1497,69,2,1886.46
3711,1498,10,1,265.08
3712,1498,73,1,34990.41
3713,1499,53,2,848.59
3714,1499,26,1,240.41
3715,1499,69,1,1772.99
3716,1500,38,2,223.95
3717,1501,69,1,1772.99
3718,1501,17,2,15580.26
3719,1502,17,1,15580.26
3720,1502,33,1,412.65
3721,1502,46,2,353.04
3722,1503,16,1,370.6
3723,1503,69,1,1985.75
3724,1504,38,2,223.95
3725,1505,3,1,226.17
3726,1505,47,2,656.39
3727,1506,88,1,32925.28
3728,1506,64,2,368.92
3729,1506,15,2,168.91
3730,1507,83,1,7797.42
3731,1507,16,1,370.6
3732,1508,54,1,7849.96
3733,1508,88,2,32925.28
3734,1508,62,1,35947.46
3735,1509,51,1,1453.93
3736,1510,60,1,185.25
3737,1511,57,1,805.29
3738,1512,51,1,1453.93
3739,1512,48,1,378.62
3740,1512,88,1,32925.28
3741,1513,7,2,191.99
3742,1513,15,1,168.91
3743,1513,53,2,848.59
3744,1513,88,1,32925.28
3745,1514,7,1,191.99
3746,1515,60,1,195.83
3747,1516,93,1,333.24
3748,1516,43,2,452.09
3749,1516,33,1,462.17
3750,1517,3,2,212.56
3751,1517,68,2,8972.8
3752,1518,83,2,8296.46
3753,1518,69,2,2099.22
3754,1518,33,1,488.58
3755,1518,16,1,394.32
3756,1519,12,1,323.75
3757,1519,31,2,213.54
3758,1519,73,2,33099.04
3759,1519,15,2,168.91
3760,1520,38,2,238.28
3761,1520,6,2,200.13
3762,1521,30,1,395.09
3763,1522,8,1,255.54
3764,1522,82,2,147.41
3765,1522,10,1,250.75
3766,1522,55,1,220.07
3767,1523,78,1,13090.15
3768,1523,68,2,9547.06
3769,1523,21,1,1094.56
3770,1523,72,1,411.85
3771,1524,2,2,217.94
3772,1524,19,1,213.21
3773,1524,44,2,1101.44
3774,1525,56,1,272.01
3775,1525,55,2,234.16
3776,1526,42,1,22147.82
3777,1526,17,2,15580.26
3778,1526,15,2,168.91
3779,1527,62,2,35947.46
3780,1527,55,1,220.07
3781,1527,72,2,387.08
3782,1527,43,2,452.09
3783,1528,33,2,462.17
3784,1528,2,1,217.94
3785,1528,32,2,203.36
3786,1528,42,2,22147.82
3787,1529,39,1,36677.01
3788,1529,53,2,848.59
3789,1529,42,2,22147.82
3790,1529,61,1,195.07
3791,1530,67,1,291.98
3792,1530,47,2,620.91
3793,1530,43,2,452.09
3794,1531,60,1,185.25
3795,1531,67,1,291.98
3796,1532,31,2,213.54
3797,1532,72,2,387.08
3798,1532,83,2,7797.42
3799,1532,6,1,189.31
3800,1533,82,1,174.54
3801,1533,29,1,1217.97
3802,1533,37,2,1025.36
3803,1534,3,1,221.07
3804,1534,39,1,38144.09
3805,1534,91,2,296.53
3806,1534,57,2,834.05
3807,1535,18,1,286.14
3808,1535,31,1,222.08
3809,1535,46,1,367.16
3810,1535,93,1,346.57
3811,1536,44,1,1145.5
3812,1536,31,1,222.08
3813,1536,89,2,231.05
3814,1537,56,2,282.24
3815,1538,17,1,17200.61
3816,1539,28,1,351.21
3817,1539,3,1,234.67
3818,1539,86,1,37285.06
3819,1539,23,2,16138.93
3820,1540,10,1,259.71
3821,1541,23,1,15203.34
3822,1541,46,1,367.16
3823,1541,42,1,23033.74
3824,1541,29,2,1193.28
3825,1542,7,1,199.67
3826,1542,21,1,1069.87
3827,1542,69,1,2056.67
3828,1543,68,2,9331.71
3829,1543,73,1,34281.15
3830,1543,88,2,34242.29
3831,1543,16,2,385.42
3832,1544,91,1,296.53
3833,1544,42,2,23033.74
3834,1545,42,2,23033.74
3835,1545,41,2,243.69
3836,1545,31,2,222.08
3837,1546,47,2,678.57
3838,1546,68,1,9905.97
3839,1547,44,2,1215.99
3840,1548,42,1,23033.74
3841,1549,31,1,235.75
3842,1549,78,1,13582.26
3843,1549,17,1,17200.61
3844,1549,8,1,312.78
3845,1550,56,1,312.92
3846,1550,55,1,242.96
3847,1550,88,1,36349.5
3848,1550,37,2,1179.55
3849,1551,23,2,15203.34
3850,1551,48,1,392.14
3851,1552,58,1,20456.92
3852,1552,32,1,211.5
3853,1552,1,1,468.12
3854,1552,57,2,834.05
3855,1553,21,1,1135.71
3856,1554,2,2,226.66
3857,1555,21,2,1135.71
3858,1555,12,1,396.27
3859,1555,88,1,36349.5
3860,1555,16,1,409.14
3861,1556,6,1,206.89
3862,1556,73,1,36172.52
3863,1557,67,1,303.65
3864,1557,38,1,232.91
3865,1557,93,2,346.57
3866,1557,39,2,38144.09
3867,1558,28,2,330.85
3868,1558,83,1,9045.01
3869,1558,16,2,385.42
3870,1558,67,1,303.65
3871,1559,17,1,16203.47
3872,1559,43,2,470.17
3873,1560,19,2,221.74
3874,1560,53,2,882.53
3875,1560,10,1,259.71
3876,1560,46,1,367.16
3877,1561,21,1,1069.87
3878,1561,37,2,1117.88
3879,1562,57,2,880.07
3880,1562,2,1,240.6
3881,1562,100,2,878.34
3882,1562,78,1,13582.26
3883,1563,41,2,243.69
3884,1563,54,1,8163.96
3885,1564,38,1,232.91
3886,1565,62,1,37385.36
3887,1566,53,1,882.53
3888,1566,72,2,402.56
3889,1566,90,1,746.72
3890,1566,64,2,383.68
3891,1567,15,2,186.48
3892,1568,78,2,13582.26
3893,1568,19,2,235.39
3894,1568,23,2,16138.93
3895,1569,6,1,196.07
3896,1570,43,1,524.42
3897,1571,28,2,389.38
3898,1571,94,1,233.62
3899,1571,6,2,206.89
3900,1572,2,1,240.6
3901,1572,67,2,322.34
3902,1573,53,2,936.84
3903,1574,17,2,17200.61
3904,1574,49,2,522.83
3905,1575,54,1,8666.36
3906,1575,15,2,186.48
3907,1575,18,1,303.75
3908,1575,23,1,16138.93
3909,1576,46,2,389.75
3910,1576,1,2,496.92
3911,1576,7,2,211.95
3912,1576,44,1,1215.99
3913,1577,37,2,1117.88
3914,1578,93,1,367.89
3915,1579,48,1,392.14
3916,1580,39,2,40491.42
3917,1580,8,2,312.78
3918,1580,90,2,792.67
3919,1580,89,2,245.27
3920,1581,58,1,21585.58
3921,1582,21,2,1069.87
3922,1582,67,1,303.65
3923,1583,67,1,303.65
3924,1584,23,2,15203.34
3925,1584,73,2,34281.15
3926,1584,82,2,171.0
3927,1584,67,2,303.65
3928,1585,73,1,34281.15
3929,1586,93,1,367.89
3930,1586,18,2,303.75
3931,1586,6,1,206.89
3932,1586,54,1,8666.36
3933,1587,67,1,322.34
3934,1587,57,1,880.07
3935,1587,19,1,235.39
3936,1588,16,2,385.42
3937,1588,73,1,34281.15
3938,1589,62,2,35947.46
3939,1590,69,1,2099.22
3940,1590,61,2,207.56
3941,1590,2,1,231.89
3942,1590,44,2,1171.93
3943,1591,16,2,394.32
3944,1591,42,1,23565.29
3945,1591,2,2,231.89
3946,1591,68,2,9547.06
3947,1592,12,1,362.6
3948,1592,94,2,211.61
3949,1592,93,2,333.24
3950,1593,91,2,285.12
3951,1593,55,1,220.07
3952,1593,31,2,213.54
3953,1593,37,2,1079.33
3954,1594,42,1,22147.82
3955,1595,19,1,213.21
3956,1595,23,1,14618.6
3957,1596,48,2,400.25
3958,1597,72,1,387.08
3959,1597,56,2,286.33
3960,1597,42,2,22147.82
3961,1598,100,2,795.6
3962,1598,41,2,234.31
3963,1598,33,1,462.17
3964,1599,55,1,234.16
3965,1599,61,2,207.56
3966,1600,32,2,216.38
3967,1601,42,1,22147.82
3968,1602,10,2,265.08
3969,1602,54,2,8352.36
3970,1602,28,1,376.66
3971,1602,62,1,38248.1
3972,1603,18,1,292.75
3973,1603,53,1,902.9
3974,1603,42,1,23565.29
3975,1603,68,1,9547.06
3976,1604,19,1,213.21
3977,1604,93,1,333.24
3978,1604,69,2,1985.75
3979,1605,32,1,203.36
3980,1605,43,2,506.34
3981,1605,46,2,353.04
3982,1606,54,2,7849.96
3983,1606,21,1,1028.72
3984,1606,89,1,222.16
3985,1607,7,2,204.27
3986,1607,28,1,376.66
3987,1607,10,2,265.08
3988,1608,82,2,165.1
3989,1608,86,2,33772.7
3990,1609,90,1,718.0
3991,1609,83,2,8733.12
3992,1609,32,1,203.36
3993,1610,72,1,411.85
3994,1611,56,2,286.33
3995,1611,15,1,168.91
3996,1611,32,1,203.36
3997,1612,42,2,22147.82
3998,1612,83,2,8733.12
3999,1612,21,1,1028.72
4000,1612,86,2,33772.7
4001,1613,28,2,356.3
4002,1613,1,2,450.11
4003,1613,78,1,12302.77
4004,1613,54,2,7849.96
4005,1614,3,2,212.56
4006,1614,86,2,33772.7
4007,1614,8,2,286.2
4008,1614,44,2,1101.44
4009,1615,12,2,383.32
4010,1615,53,1,902.9
4011,1615,68,2,9547.06
4012,1615,17,2,16577.4
4013,1616,38,2,223.95
4014,1617,28,2,376.66
4015,1618,12,2,362.6
4016,1618,72,2,387.08
4017,1618,7,2,191.99
4018,1619,64,1,392.54
4019,1619,18,2,292.75
4020,1620,90,1,718.0
4021,1620,33,2,462.17
4022,1620,8,1,286.2
4023,1621,55,1,220.07
4024,1622,91,2,303.37
4025,1622,100,2,846.52
4026,1622,8,1,302.56
4027,1623,55,1,234.16
4028,1624,18,1,275.14
4029,1624,46,2,395.4
4030,1624,32,1,203.36
4031,1625,91,1,285.12
4032,1626,12,1,362.6
4033,1626,21,2,1028.72
4034,1626,67,1,291.98
4035,1627,93,2,333.24
4036,1627,32,2,203.36
4037,1627,28,1,356.3
4038,1628,2,1,217.94
4039,1628,67,2,291.98
4040,1628,55,1,220.07
4041,1629,90,2,718.0
4042,1630,82,2,174.54
4043,1630,23,2,15554.19
4044,1631,53,1,902.9
4045,1631,43,2,535.27
4046,1631,19,2,226.86
4047,1631,64,2,392.54
4048,1632,68,1,8972.8
4049,1632,21,1,1028.72
4050,1632,8,2,286.2
4051,1632,19,2,213.21
4052,1633,100,2,891.07
4053,1633,64,1,368.92
4054,1633,44,1,1101.44
4055,1634,72,1,387.08
4056,1634,23,2,14618.6
4057,1634,16,1,370.6
4058,1635,100,2,922.9
4059,1635,19,2,221.74
4060,1635,37,2,1117.88
4061,1636,91,2,296.53
4062,1637,55,2,242.96
4063,1638,54,2,8666.36
4064,1638,55,2,242.96
4065,1638,23,2,16138.93
4066,1639,89,1,231.05
4067,1639,7,2,199.67
4068,1640,39,1,40491.42
4069,1641,62,2,37385.36
4070,1641,32,1,211.5
4071,1642,49,1,522.83
4072,1642,54,1,8666.36
4073,1642,94,1,233.62
4074,1643,39,1,40491.42
4075,1644,39,2,40491.42
4076,1645,86,2,37285.06
4077,1645,55,1,242.96
4078,1646,78,2,13582.26
4079,1646,32,1,224.51
4080,1646,39,2,40491.42
4081,1647,8,1,312.78
4082,1648,89,2,245.27
4083,1649,1,2,468.12
4084,1650,89,2,245.27
4085,1650,68,2,9905.97
4086,1650,82,2,180.43
4087,1650,3,1,234.67
4088,1651,94,1,220.08
4089,1651,62,2,37385.36
4090,1651,23,1,15203.34
4091,1651,56,1,296.55
4092,1652,89,1,231.05
4093,1652,64,2,383.68
4094,1653,62,2,37385.36
4095,1653,44,1,1145.5
4096,1654,86,2,35123.61
4097,1655,46,1,432.12
4098,1655,100,2,973.81
4099,1655,18,2,303.75
4100,1655,31,1,235.75
4101,1656,94,1,220.08
4102,1656,41,2,243.69
4103,1656,54,2,8163.96
4104,1657,56,2,312.92
4105,1657,7,2,211.95
4106,1657,55,1,242.96
4107,1657,64,1,407.29
4108,1658,41,2,243.69
4109,1659,53,2,882.53
4110,1659,56,2,296.55
4111,1660,82,2,171.0
4112,1660,12,1,375.55
4113,1661,16,2,385.42
4114,1662,1,2,468.12
4115,1663,94,1,233.62
4116,1663,12,2,396.27
4117,1663,3,2,234.67
4118,1663,23,1,16138.93
4119,1664,64,2,383.68
4120,1664,43,1,524.42
4121,1664,55,1,228.88
4122,1664,91,2,296.53
4123,1665,46,2,409.52
4124,1665,41,2,243.69
4125,1665,90,1,832.88
4126,1666,72,1,427.33
4127,1667,56,1,296.55
4128,1667,8,1,296.42
4129,1667,44,1,1145.5
4130,1667,23,2,15203.34
4131,1668,33,2,478.67
4132,1668,23,2,15203.34
4133,1668,67,2,303.65
4134,1669,61,1,202.88
4135,1670,2,1,252.81
4136,1671,21,1,1135.71
4137,1672,49,2,522.83
4138,1673,31,1,222.08
4139,1673,42,2,23033.74
4140,1673,2,1,252.81
4141,1673,90,1,832.88
4142,1674,56,1,312.92
4143,1674,54,1,8666.36
4144,1675,17,1,17200.61
4145,1675,18,1,303.75
4146,1676,16,2,453.61
4147,1676,8,1,312.78
4148,1676,61,2,215.36
4149,1676,42,2,24451.2
4150,1677,69,1,2056.67
4151,1677,33,1,478.67
4152,1677,39,2,38144.09
4153,1677,53,1,882.53
4154,1678,68,2,9905.97
4155,1679,1,1,468.12
4156,1680,78,2,12794.89
4157,1680,62,2,37385.36
4158,1681,19,1,221.74
4159,1681,17,1,16203.47
4160,1681,31,1,222.08
4161,1681,2,1,252.81
4162,1682,2,2,252.81
4163,1682,78,2,12794.89
4164,1682,12,1,375.55
4165,1683,88,1,34242.29
4166,1683,38,2,232.91
4167,1683,83,2,9045.01
4168,1684,38,2,247.24
4169,1685,39,1,40491.42
4170,1685,1,2,496.92
4171,1685,21,2,1135.71
4172,1686,61,2,202.88
4173,1686,39,2,38144.09
4174,1686,83,1,9045.01
4175,1687,69,2,2056.67
4176,1687,39,1,38144.09
4177,1688,88,2,36349.5
4178,1688,21,2,1135.71
4179,1688,1,1,496.92
4180,1688,38,1,247.24
4181,1689,16,2,415.07
4182,1689,72,1,387.08
4183,1689,54,1,7849.96
4184,1689,23,1,14618.6
4185,1690,93,2,333.24
4186,1691,43,1,535.27
4187,1691,89,2,236.38
4188,1691,93,2,354.56
4189,1692,93,1,333.24
4190,1692,62,2,35947.46
4191,1692,90,2,804.16
4192,1693,42,2,23565.29
4193,1693,21,2,1094.56
4194,1694,54,2,7849.96
4195,1694,19,1,213.21
4196,1694,64,1,368.92
4197,1695,16,2,415.07
4198,1696,89,2,236.38
4199,1696,18,2,292.75
4200,1696,38,1,238.28
4201,1696,64,1,392.54
4202,1697,1,1,450.11
4203,1698,44,1,1101.44
4204,1699,89,1,222.16
4205,1700,23,1,14618.6
4206,1700,82,2,165.1
4207,1700,46,1,395.4
4208,1701,3,1,226.17
4209,1701,27,2,17310.47
4210,1702,2,2,258.04
4211,1703,28,1,318.12
4212,1703,89,2,222.16
4213,1703,37,1,963.69
4214,1704,29,2,1028.69
4215,1704,27,1,16269.24
4216,1704,52,1,202.95
4217,1704,32,1,203.36
4218,1705,86,2,35934.15
4219,1705,28,1,338.49
4220,1705,1,1,478.92
4221,1706,76,2,235.32
4222,1706,54,1,8352.36
4223,1706,33,2,488.58
4224,1706,53,2,1004.73
4225,1707,15,1,179.72
4226,1708,94,2,225.16
4227,1708,93,2,354.56
4228,1708,68,2,9547.06
4229,1708,67,1,310.66
4230,1709,23,2,14618.6
4231,1710,68,1,8972.8
4232,1710,76,1,221.16
4233,1711,64,1,368.92
4234,1712,23,1,16372.83
4235,1712,29,2,1028.69
4236,1712,49,2,478.41
4237,1712,16,2,415.07
4238,1713,25,2,12510.42
4239,1714,68,2,9547.06
4240,1715,83,1,8733.12
4241,1715,27,2,16269.24
4242,1716,67,2,310.66
4243,1717,27,2,16269.24
4244,1717,11,2,168.38
4245,1718,83,2,8733.12
4246,1718,86,1,33772.7
4247,1719,46,1,418.0
4248,1719,28,1,338.49
4249,1719,39,1,39024.34
4250,1720,66,1,330.95
4251,1720,18,2,275.14
4252,1721,53,1,950.42
4253,1721,72,2,387.08
4254,1721,39,1,36677.01
4255,1721,89,1,222.16
4256,1722,88,1,32925.28
4257,1722,43,2,506.34
4258,1723,7,2,191.99
4259,1723,24,2,64.42
4260,1724,42,2,22147.82
4261,1724,27,2,16269.24
4262,1724,55,1,220.07
4263,1725,85,1,349.19
4264,1726,95,2,20929.19
4265,1726,19,2,213.21
4266,1726,21,1,1028.72
4267,1726,3,1,212.56
4268,1727,11,2,179.15
4269,1727,91,1,303.37
4270,1727,22,1,319.03
4271,1728,52,2,215.94
4272,1728,2,1,258.04
4273,1728,55,2,234.16
4274,1729,94,2,225.16
4275,1729,24,1,68.55
4276,1729,37,2,1025.36
4277,1730,66,1,330.95
4278,1730,25,2,12510.42
4279,1730,86,1,33772.7
4280,1730,3,1,212.56
4281,1731,24,1,64.42
4282,1732,15,2,179.72
4283,1732,23,2,17308.42
4284,1732,85,1,371.54
4285,1733,31,1,239.16
4286,1733,22,2,299.84
4287,1733,37,1,963.69
4288,1733,19,1,213.21
4289,1734,37,2,963.69
4290,1735,12,1,344.47
4291,1735,88,2,35032.49
4292,1736,89,1,222.16
4293,1736,61,1,195.07
4294,1736,22,1,299.84
4295,1737,93,2,333.24
4296,1738,76,1,230.01
4297,1738,23,2,16957.58
4298,1738,2,1,252.81
4299,1738,94,2,245.47
4300,1739,62,1,43999.69
4301,1739,19,2,235.39
4302,1740,95,1,21766.35
4303,1740,90,2,832.88
4304,1740,66,1,344.19
4305,1740,3,1,221.07
4306,1741,32,2,224.51
4307,1741,16,2,453.61
4308,1741,31,1,261.37
4309,1742,21,2,1135.71
4310,1742,29,2,1135.67
4311,1743,32,1,211.5
4312,1743,17,1,16203.47
4313,1744,16,1,429.9
4314,1744,91,2,296.53
4315,1744,7,1,199.67
4316,1745,12,1,357.42
4317,1745,55,2,269.37
4318,1745,22,2,331.02
4319,1746,2,2,252.81
4320,1746,18,1,286.14
4321,1746,15,2,175.67
4322,1747,22,2,311.83
4323,1747,17,2,18073.1
4324,1748,25,1,13010.84
4325,1748,39,2,38144.09
4326,1748,38,1,232.91
4327,1749,61,1,202.88
4328,1749,42,2,23033.74
4329,1749,18,2,286.14
4330,1750,62,1,43999.69
4331,1750,27,2,17961.24
4332,1750,95,2,23105.82
4333,1750,88,1,36349.5
4334,1751,31,1,261.37
4335,1751,11,1,185.89
4336,1752,27,2,16920.01
4337,1752,37,2,1002.24
4338,1752,18,2,286.14
4339,1753,32,2,211.5
4340,1753,1,2,468.12
4341,1753,25,1,13010.84
4342,1753,67,2,303.65
4343,1754,100,1,922.9
4344,1755,21,1,1069.87
4345,1755,53,1,984.36
4346,1755,55,1,255.29
4347,1756,91,1,314.78
4348,1756,24,2,71.13
4349,1756,17,1,19070.24
4350,1757,17,2,18073.1
4351,1757,23,2,16957.58
4352,1757,2,2,252.81
4353,1757,85,2,363.16
4354,1758,27,1,17961.24
4355,1758,64,2,407.29
4356,1758,88,2,36349.5
4357,1759,46,2,432.12
4358,1759,100,1,973.81
4359,1760,94,1,245.47
4360,1760,54,1,8163.96
4361,1760,86,2,35123.61
4362,1760,38,2,232.91
4363,1761,91,2,314.78
4364,1761,38,2,247.24
4365,1761,83,1,9544.05
4366,1761,17,1,19070.24
4367,1762,89,2,245.27
4368,1763,93,2,346.57
4369,1764,37,1,1063.91
4370,1765,22,2,331.02
4371,1765,37,1,1063.91
4372,1765,29,1,1135.67
4373,1766,37,2,1002.24
4374,1766,24,1,67.0
4375,1767,91,2,314.78
4376,1767,3,1,234.67
4377,1767,31,2,261.37
4378,1767,55,1,269.37
4379,1768,17,1,19070.24
4380,1768,66,2,365.37
4381,1769,72,1,449.01
4382,1769,41,2,243.69
4383,1769,15,2,175.67
4384,1769,7,2,199.67
4385,1770,61,2,202.88
4386,1770,46,1,409.52
4387,1771,42,2,24451.2
4388,1772,64,1,383.68
4389,1773,41,2,258.68
4390,1773,52,1,224.06
4391,1773,6,1,186.6
4392,1774,19,2,235.39
4393,1774,24,2,78.86
4394,1774,38,1,247.24
4395,1775,32,2,224.51
4396,1776,78,2,12794.89
4397,1777,28,2,330.85
4398,1778,19,2,235.39
4399,1779,61,2,202.88
4400,1780,44,1,1145.5
4401,1780,72,1,449.01
4402,1781,27,1,16920.01
4403,1781,86,2,35123.61
4404,1781,31,2,247.7
4405,1782,28,1,330.85
4406,1783,39,1,40491.42
4407,1783,16,1,453.61
4408,1783,68,2,9905.97
4409,1783,11,2,185.89
4410,1784,31,1,247.7
4411,1784,15,2,175.67
4412,1784,24,2,74.73
4413,1784,68,2,9331.71
4414,1785,86,1,33772.7
4415,1786,86,1,33772.7
4416,1786,78,2,12302.77
4417,1786,17,2,17449.89
4418,1787,24,1,76.28
4419,1787,1,1,478.92
4420,1788,28,1,338.49
4421,1788,1,1,478.92
4422,1788,25,1,13311.09
4423,1789,61,2,195.07
4424,1789,64,1,368.92
4425,1789,32,2,203.36
4426,1789,12,1,323.75
4427,1790,7,1,204.27
4428,1790,37,1,1025.36
4429,1790,61,2,207.56
4430,1791,39,2,36677.01
4431,1791,24,2,72.16
4432,1791,42,1,22147.82
4433,1791,31,2,239.16
4434,1792,17,1,18447.03
4435,1793,78,2,12302.77
4436,1793,42,1,22147.82
4437,1794,66,2,330.95
4438,1795,24,2,72.16
4439,1795,89,2,222.16
4440,1795,29,2,1028.69
4441,1795,39,2,36677.01
4442,1796,100,2,941.99
4443,1796,19,1,226.86
4444,1797,27,1,16269.24
4445,1797,86,1,33772.7
4446,1797,29,1,1028.69
4447,1798,6,1,169.03
4448,1799,52,2,215.94
4449,1799,11,2,199.36
4450,1799,64,2,392.54
4451,1800,41,2,234.31
4452,1800,54,1,7849.96
4453,1800,23,1,16372.83
4454,1800,66,2,330.95
4455,1801,7,2,204.27
4456,1801,23,1,17308.42
4457,1802,11,1,188.58
4458,1803,86,2,33772.7
4459,1803,93,2,333.24
4460,1803,31,1,239.16
4461,1804,67,2,291.98
4462,1805,52,1,202.95
4463,1806,39,1,36677.01
4464,1807,21,1,1094.56
4465,1807,42,1,23565.29
4466,1808,55,1,260.57
4467,1808,62,1,42561.8
4468,1808,76,2,235.32
4469,1808,53,2,1004.73
4470,1809,25,1,12510.42
4471,1809,24,1,72.16
4472,1809,21,2,1028.72
4473,1809,88,1,32925.28
4474,1810,54,1,7849.96
4475,1810,91,1,285.12
4476,1810,32,2,203.36
4477,1810,53,1,950.42
4478,1811,93,1,354.56
4479,1811,12,2,344.47
4480,1812,86,1,33772.7
4481,1812,41,1,234.31
4482,1813,44,1,1101.44
4483,1813,42,1,22147.82
4484,1813,78,2,12302.77
4485,1813,64,1,368.92
4486,1814,41,2,234.31
4487,1814,68,2,8972.8
4488,1815,19,2,226.86
4489,1815,25,2,13311.09
4490,1816,15,2,179.72
4491,1817,53,1,950.42
4492,1817,38,2,223.95
4493,1818,53,2,950.42
4494,1819,68,2,8972.8
4495,1819,41,1,234.31
4496,1819,1,2,450.11
4497,1820,37,2,963.69
4498,1820,18,2,275.14
4499,1820,42,2,22147.82
4500,1820,85,1,349.19
4501,1821,88,2,32925.28
4502,1821,29,2,1028.69
4503,1822,12,1,344.47
4504,1822,55,1,260.57
4505,1822,18,1,292.75
4506,1823,25,2,13311.09
4507,1823,39,2,39024.34
4508,1823,7,2,204.27
4509,1823,86,1,35934.15
4510,1824,90,2,850.11
4511,1824,32,1,216.38
4512,1824,19,1,226.86
4513,1824,29,2,1217.97
4514,1825,78,2,13090.15
4515,1826,31,2,239.16
4516,1827,1,1,450.11
4517,1827,85,1,349.19
4518,1827,91,2,285.12
4519,1827,61,1,195.07
4520,1828,64,2,368.92
4521,1828,23,1,16372.83
4522,1828,76,1,221.16
4523,1829,94,2,237.01
4524,1829,12,2,323.75
4525,1829,86,2,33772.7
4526,1829,3,2,212.56
4527,1830,44,2,1101.44
4528,1831,19,1,213.21
4529,1832,28,2,338.49
4530,1832,86,1,35934.15
4531,1832,15,2,179.72
4532,1832,91,1,303.37
4533,1833,89,2,222.16
4534,1833,32,1,203.36
4535,1834,37,2,1025.36
4536,1834,55,1,260.57
4537,1835,90,2,804.16
4538,1835,12,2,323.75
4539,1836,67,1,291.98
4540,1836,42,2,22147.82
4541,1836,90,1,804.16
4542,1836,95,1,20929.19
4543,1837,53,1,950.42
4544,1837,64,1,368.92
4545,1837,19,2,213.21
4546,1837,95,1,20929.19
4547,1838,15,2,175.67
4548,1838,67,1,303.65
4549,1838,78,1,12794.89
4550,1839,28,1,330.85
4551,1840,52,1,211.07
4552,1841,67,1,322.34
4553,1841,93,1,407.88
4554,1841,68,1,9905.97
4555,1841,29,1,1259.11
4556,1842,38,2,232.91
4557,1842,1,1,468.12
4558,1843,93,2,407.88
4559,1844,38,1,247.24
4560,1844,100,1,973.81
4561,1844,72,2,473.78
4562,1844,17,2,19070.24
4563,1845,11,2,206.09
4564,1845,66,1,405.08
4565,1846,53,1,1038.67
4566,1846,7,2,211.95
4567,1847,76,1,244.16
4568,1847,68,1,9905.97
4569,1847,15,2,186.48
4570,1848,95,1,23105.82
4571,1848,55,2,269.37
4572,1848,68,1,9905.97
4573,1848,3,1,234.67
4574,1849,19,1,221.74
4575,1850,85,2,385.5
4576,1850,21,1,1135.71
4577,1850,89,2,245.27
4578,1851,3,2,221.07
4579,1851,86,2,35123.61
4580,1852,18,1,336.77
4581,1852,44,1,1215.99
4582,1853,94,1,245.47
4583,1853,6,2,175.79
4584,1853,19,2,221.74
4585,1853,91,2,296.53
4586,1854,76,2,230.01
4587,1854,85,1,363.16
4588,1854,23,1,16957.58
4589,1855,67,1,322.34
4590,1855,85,1,385.5
4591,1856,18,2,319.16
4592,1856,24,2,74.73
4593,1856,21,1,1069.87
4594,1856,95,1,21766.35
4595,1857,52,2,211.07
4596,1857,25,2,13010.84
4597,1858,85,1,363.16
4598,1858,93,2,386.56
4599,1859,7,1,199.67
4600,1859,15,2,175.67
4601,1859,55,1,255.29
4602,1860,41,1,243.69
4603,1861,37,2,1002.24
4604,1861,27,2,16920.01
4605,1861,25,2,13010.84
4606,1862,22,1,331.02
4607,1862,24,2,78.86
4608,1862,94,2,259.01
4609,1862,78,1,13582.26
4610,1863,29,2,1193.28
4611,1863,21,1,1069.87
4612,1863,93,2,386.56
4613,1863,22,1,311.83
4614,1864,68,1,9331.71
4615,1864,88,2,34242.29
4616,1864,54,2,8163.96
4617,1864,3,1,221.07
4618,1865,22,2,311.83
4619,1865,68,1,9331.71
4620,1865,6,1,175.79
4621,1866,29,1,1193.28
4622,1866,55,1,255.29
4623,1866,67,1,303.65
4624,1866,41,2,243.69
4625,1867,42,2,23033.74
4626,1867,37,1,1002.24
4627,1867,18,2,319.16
4628,1868,11,2,206.09
4629,1868,78,2,13582.26
4630,1868,12,1,357.42
4631,1868,89,1,245.27
4632,1869,29,2,1193.28
4633,1870,39,2,40491.42
4634,1871,95,2,21766.35
4635,1871,19,2,221.74
4636,1871,1,1,468.12
4637,1871,41,1,243.69
4638,1872,27,1,16920.01
4639,1872,94,1,245.47
4640,1872,38,2,232.91
4641,1873,28,1,351.21
4642,1873,44,2,1215.99
4643,1873,62,2,43999.69
4644,1874,54,2,8163.96
4645,1875,38,2,232.91
4646,1876,95,2,21766.35
4647,1876,54,2,8163.96
4648,1877,44,1,1145.5
4649,1877,7,1,199.67
4650,1877,39,2,42545.33
4651,1877,95,2,21766.35
4652,1878,41,1,258.68
4653,1878,3,1,234.67
4654,1879,32,1,203.36
4655,1879,19,2,213.21
4656,1879,54,2,7849.96
4657,1880,41,1,234.31
4658,1880,27,1,16269.24
4659,1880,54,1,7849.96
4660,1881,19,1,213.21
4661,1881,95,1,20929.19
4662,1881,21,1,1028.72
4663,1882,94,1,250.55
4664,1883,94,1,237.01
4665,1883,54,1,7849.96
4666,1883,27,1,16269.24
4667,1883,21,2,1028.72
4668,1884,1,2,478.92
4669,1885,52,2,215.94
4670,1885,94,1,250.55
4671,1885,7,2,204.27
4672,1886,19,1,226.86
4673,1887,78,2,12302.77
4674,1887,67,2,291.98
4675,1887,39,1,41078.25
4676,1887,89,2,222.16
4677,1888,39,2,41078.25
4678,1888,76,1,221.16
4679,1888,6,2,169.03
4680,1888,67,2,291.98
4681,1889,85,1,349.19
4682,1890,18,1,325.76
4683,1890,55,2,260.57
4684,1891,86,1,33772.7
4685,1892,52,2,202.95
4686,1893,6,2,179.84
4687,1894,3,2,226.17
4688,1894,15,1,179.72
4689,1895,86,1,35934.15
4690,1895,94,1,250.55
4691,1895,19,2,226.86
4692,1895,66,2,391.84
4693,1896,41,1,234.31
4694,1896,1,1,450.11
4695,1896,93,2,373.23
4696,1897,6,1,169.03
4697,1897,12,2,323.75
4698,1897,38,1,223.95
4699,1897,37,1,963.69
4700,1898,64,1,413.2
4701,1899,38,1,223.95
4702,1899,11,1,188.58
4703,1899,18,2,308.15
4704,1900,42,1,22147.82
4705,1900,91,1,285.12
4706,1901,1,2,478.92
4707,1902,66,1,391.84
4708,1902,37,2,1025.36
4709,1903,38,1,223.95
4710,1903,39,2,41078.25
4711,1903,22,1,299.84
4712,1903,12,1,323.75
4713,1904,21,2,1094.56
4714,1905,22,1,319.03
4715,1906,86,1,35934.15
4716,1907,67,2,310.66
4717,1908,6,1,169.03
4718,1909,54,2,7849.96
4719,1909,18,2,308.15
4720,1910,78,2,12302.77
4721,1910,27,2,16269.24
4722,1911,1,2,450.11
4723,1911,19,2,213.21
4724,1911,25,1,12510.42
4725,1911,18,2,308.15
4726,1912,83,1,7797.42
4727,1913,86,1,33772.7
4728,1913,12,1,323.75
4729,1913,56,1,255.65
4730,1914,2,1,217.94
4731,1914,68,2,8972.8
4732,1914,84,2,329.11
4733,1914,86,1,33772.7
4734,1915,50,1,214.94
4735,1915,84,1,329.11
4736,1915,93,1,373.23
4737,1915,15,1,168.91
4738,1916,50,1,214.94
4739,1917,62,2,40261.16
4740,1917,68,2,8972.8
4741,1917,32,2,203.36
4742,1917,3,1,212.56
4743,1918,85,1,371.54
4744,1918,92,2,28788.67
4745,1918,95,1,22268.66
4746,1919,27,1,18872.32
4747,1919,2,2,226.66
4748,1920,7,1,199.67
4749,1920,86,2,35123.61
4750,1920,22,2,311.83
4751,1921,91,2,314.78
4752,1921,61,1,215.36
4753,1921,41,2,258.68
4754,1922,71,1,391.61
4755,1922,68,2,9331.71
4756,1922,78,2,12794.89
4757,1922,28,2,330.85
4758,1923,54,1,8666.36
4759,1923,88,2,36349.5
4760,1923,62,1,43999.69
4761,1924,83,1,8608.36
4762,1924,68,1,9905.97
4763,1925,68,2,9331.71
4764,1925,3,1,221.07
4765,1925,52,1,211.07
4766,1926,6,2,186.6
4767,1926,42,2,24451.2
4768,1927,1,1,468.12
4769,1927,63,1,155.99
4770,1927,64,1,427.95
4771,1928,12,2,336.7
4772,1928,2,2,226.66
4773,1929,55,1,228.88
4774,1929,19,2,221.74
4775,1929,72,1,449.01
4776,1929,61,2,202.88
4777,1930,52,1,211.07
4778,1930,56,1,265.88
4779,1931,83,1,8109.32
4780,1931,88,1,34242.29
4781,1932,94,1,233.62
4782,1932,76,2,244.16
4783,1932,87,1,32999.97
4784,1932,62,1,43999.69
4785,1933,54,2,8163.96
4786,1933,56,2,265.88
4787,1933,78,2,14271.22
4788,1933,32,1,235.9
4789,1934,54,1,8666.36
4790,1934,84,2,363.34
4791,1934,94,2,233.62
4792,1934,92,2,29870.96
4793,1935,44,1,1145.5
4794,1935,92,2,28139.31
4795,1935,87,1,31086.93
4796,1936,83,2,8608.36
4797,1936,66,1,365.37
4798,1936,94,1,233.62
4799,1937,52,2,224.06
4800,1937,30,1,368.39
4801,1938,78,2,15058.6
4802,1939,88,1,34242.29
4803,1939,91,2,296.53
4804,1940,72,1,473.78
4805,1940,30,1,368.39
4806,1940,76,2,244.16
4807,1941,7,1,211.95
4808,1941,83,1,9544.05
4809,1942,66,2,344.19
4810,1943,85,2,385.5
4811,1944,27,1,19913.55
4812,1944,94,2,233.62
4813,1944,92,1,29870.96
4814,1945,41,1,243.69
4815,1946,85,2,385.5
4816,1946,66,1,365.37
4817,1947,21,2,1135.71
4818,1947,62,1,43999.69
4819,1948,50,1,223.53
4820,1949,11,2,206.09
4821,1950,56,1,265.88
4822,1951,30,2,347.04
4823,1951,89,1,231.05
4824,1952,29,2,1193.28
4825,1952,42,2,23033.74
4826,1952,30,2,347.04
4827,1952,92,2,31386.15
4828,1953,29,1,1259.11
4829,1953,88,2,36349.5
4830,1953,76,2,244.16
4831,1954,84,2,342.28
4832,1955,95,2,21766.35
4833,1955,30,2,347.04
4834,1955,54,2,8163.96
4835,1956,91,2,285.12
4836,1957,21,1,1094.56
4837,1957,1,1,478.92
4838,1957,94,2,225.16
4839,1957,11,2,199.36
4840,1958,3,2,212.56
4841,1958,32,2,227.77
4842,1958,68,2,8972.8
4843,1958,56,2,255.65
4844,1959,49,1,454.49
4845,1959,71,1,400.65
4846,1959,3,2,226.17
4847,1959,95,1,22268.66
4848,1960,63,1,159.59
4849,1960,88,1,35032.49
4850,1960,21,2,1094.56
4851,1961,2,1,231.89
4852,1962,76,1,235.32
4853,1962,86,1,35934.15
4854,1963,27,1,19262.78
4855,1963,85,2,371.54
4856,1963,71,1,400.65
4857,1964,87,2,29891.28
4858,1965,22,1,335.82
4859,1966,38,1,223.95
4860,1966,3,1,212.56
4861,1966,89,2,222.16
4862,1966,50,2,214.94
4863,1967,84,2,368.61
4864,1967,68,1,8972.8
4865,1967,92,2,30303.87
4866,1968,64,1,413.2
4867,1968,12,2,323.75
4868,1969,32,1,227.77
4869,1969,63,2,149.99
4870,1969,25,1,12510.42
4871,1970,41,2,234.31
4872,1970,19,1,213.21
4873,1970,22,2,335.82
4874,1970,63,1,149.99
4875,1971,86,2,33772.7
4876,1971,2,2,217.94
4877,1971,84,2,368.61
4878,1971,37,1,963.69
4879,1972,68,2,9547.06
4880,1972,89,1,236.38
4881,1973,54,1,7849.96
4882,1973,95,1,20929.19
4883,1973,6,2,169.03
4884,1974,32,2,227.77
4885,1975,83,2,9232.15
4886,1975,49,1,454.49
4887,1975,1,2,478.92
4888,1976,92,2,30303.87
4889,1976,41,2,234.31
4890,1977,68,1,8972.8
4891,1977,55,1,220.07
4892,1977,56,2,255.65
4893,1978,95,2,22268.66
4894,1978,86,2,35934.15
4895,1978,21,2,1094.56
4896,1979,21,2,1028.72
4897,1980,94,1,211.61
4898,1981,3,2,212.56
4899,1981,94,1,211.61
4900,1982,32,1,240.78
4901,1982,44,1,1171.93
4902,1982,78,1,14566.49
4903,1983,78,1,14566.49
4904,1983,83,2,9232.15
4905,1983,8,2,271.89
4906,1984,84,1,368.61
4907,1984,63,2,149.99
4908,1985,1,2,450.11
4909,1985,64,1,413.2
4910,1985,42,1,22147.82
4911,1985,37,2,1079.33
4912,1986,19,2,226.86
4913,1987,78,1,13779.11
4914,1987,2,2,217.94
4915,1987,68,2,8972.8
4916,1987,87,2,29891.28
4917,1988,66,2,330.95
4918,1988,42,1,22147.82
4919,1989,66,1,330.95
4920,1989,61,1,195.07
4921,1989,12,1,323.75
4922,1990,54,2,7849.96
4923,1991,49,2,444.24
4924,1991,91,2,296.53
4925,1991,94,1,220.08
4926,1992,67,2,303.65
4927,1992,87,2,31086.93
4928,1993,94,2,220.08
4929,1993,12,1,336.7
4930,1994,78,1,15058.6
4931,1994,61,2,215.36
4932,1995,66,2,344.19
4933,1996,7,1,199.67
4934,1996,25,1,13010.84
4935,1997,12,2,375.55
4936,1997,1,2,468.12
4937,1997,55,2,228.88
4938,1998,50,2,223.53
4939,1999,28,1,369.02
4940,1999,56,2,265.88
4941,1999,92,1,31386.15
4942,1999,21,2,1069.87
4943,2000,19,2,235.39
4944,2000,39,2,44892.66
4945,2000,94,2,233.62
4946,2000,95,2,23105.82
4947,2001,27,1,19913.55
4948,2001,56,1,282.24
4949,2002,21,1,1135.71
4950,2002,56,2,282.24
4951,2003,50,1,223.53
4952,2003,88,2,34242.29
4953,2004,56,2,265.88
4954,2004,95,1,24277.86
4955,2004,71,1,391.61
4956,2005,28,1,369.02
4957,2005,3,2,221.07
4958,2006,86,1,35123.61
4959,2007,88,1,36349.5
4960,2007,7,1,211.95
4961,2007,83,2,9544.05
4962,2007,66,2,365.37
4963,2008,68,2,9905.97
4964,2008,27,2,19913.55
4965,2009,94,2,233.62
4966,2009,38,2,247.24
4967,2009,78,1,15058.6
4968,2010,2,2,226.66
4969,2010,89,2,231.05
4970,2010,22,2,347.81
4971,2011,41,2,243.69
4972,2011,83,1,9045.01
4973,2011,49,1,444.24
4974,2012,19,2,247.33
4975,2012,64,2,427.95
4976,2013,7,1,199.67
4977,2014,63,2,165.59
4978,2014,52,1,224.06
4979,2014,76,1,244.16
4980,2014,50,1,237.29
4981,2015,64,2,451.56
4982,2016,89,2,231.05
4983,2016,88,1,34242.29
4984,2016,83,1,9045.01
4985,2017,30,1,387.08
4986,2017,2,1,226.66
4987,2017,3,1,221.07
4988,2017,68,1,9331.71
4989,2018,95,1,25617.33
4990,2019,12,2,375.55
4991,2019,64,1,427.95
4992,2019,44,1,1145.5
4993,2020,1,1,468.12
4994,2020,30,1,387.08
4995,2021,76,2,244.16
4996,2022,91,2,314.78
4997,2022,56,1,282.24
4998,2022,15,1,186.48
4999,2023,68,2,9905.97
5000,2023,61,2,215.36
5001,2023,55,2,242.96
5002,2023,30,2,408.43
5003,2024,49,2,444.24
5004,2025,44,1,1145.5
5005,2025,41,1,243.69
5006,2026,27,2,19913.55
5007,2026,64,1,451.56
5008,2026,95,1,25617.33
5009,2027,55,1,228.88
5010,2027,2,2,226.66
5011,2027,86,1,35123.61
5012,2028,76,2,244.16
5013,2028,30,1,408.43
5014,2028,61,1,215.36
5015,2028,38,1,247.24
5016,2029,84,1,402.83
5017,2029,25,2,13811.51
5018,2029,41,1,258.68
5019,2029,50,2,237.29
5020,2030,55,2,228.88
5021,2030,22,1,347.81
5022,2031,37,1,1179.55
5023,2031,61,1,215.36
5024,2032,66,1,365.37
5025,2032,28,1,389.38
5026,2033,88,1,32925.28
5027,2034,8,1,255.54
5028,2034,92,1,30303.87
5029,2034,89,1,222.16
5030,2034,91,1,285.12
5031,2035,41,1,234.31
5032,2035,42,1,22147.82
5033,2036,21,1,1028.72
5034,2036,71,2,376.55
5035,2037,30,1,395.09
5036,2038,71,2,376.55
5037,2038,83,2,8733.12
5038,2039,2,2,231.89
5039,2040,94,2,225.16
5040,2041,21,1,1028.72
5041,2042,71,1,421.74
5042,2043,85,2,371.54
5043,2044,87,2,29891.28
5044,2044,37,2,1079.33
5045,2044,84,2,368.61
5046,2045,92,1,32035.52
5047,2046,6,1,169.03
5048,2046,83,2,8733.12
5049,2047,94,2,225.16
5050,2047,86,2,35934.15
5051,2047,76,2,261.86
5052,2047,66,1,352.13
5053,2048,68,2,10049.54
5054,2048,8,2,255.54
5055,2048,61,1,195.07
5056,2048,92,2,30303.87
5057,2049,63,1,149.99
5058,2049,71,2,421.74
5059,2049,88,2,32925.28
5060,2050,85,2,371.54
5061,2050,54,1,8352.36
5062,2051,55,2,234.16
5063,2051,88,1,35032.49
5064,2052,71,2,445.84
5065,2053,19,1,238.8
5066,2054,6,2,169.03
5067,2054,56,1,255.65
5068,2055,21,1,1028.72
5069,2056,38,2,250.82
5070,2057,15,2,199.99
5071,2058,87,2,29891.28
5072,2058,7,2,191.99
5073,2059,6,2,179.84
5074,2059,52,1,215.94
5075,2060,12,2,383.32
5076,2061,19,2,252.44
5077,2061,15,2,199.99
5078,2061,1,2,478.92
5079,2062,55,1,234.16
5080,2062,91,1,303.37
5081,2063,67,1,310.66
5082,2063,38,2,265.16
5083,2064,37,1,1141.01
5084,2064,86,2,35934.15
5085,2064,85,1,371.54
5086,2065,56,1,255.65
5087,2065,38,2,250.82
5088,2065,25,1,12510.42
5089,2066,30,2,395.09
5090,2067,86,2,35934.15
5091,2067,66,1,352.13
5092,2067,92,1,32035.52
5093,2068,22,1,355.01
5094,2068,38,2,265.16
5095,2068,78,2,14566.49
5096,2068,3,2,226.17
5097,2069,1,1,450.11
5098,2070,84,2,368.61
5099,2071,2,2,217.94
5100,2071,42,1,22147.82
5101,2072,27,1,19262.78
5102,2072,89,2,236.38
5103,2072,67,2,310.66
5104,2072,55,1,234.16
5105,2073,67,2,310.66
5106,2073,68,1,10623.8
5107,2073,71,1,445.84
5108,2074,12,2,383.32
5109,2075,38,2,250.82
5110,2076,25,1,13811.51
5111,2076,13,1,270.08
5112,2076,21,1,1135.71
5113,2077,32,2,211.5
5114,2077,19,1,247.33
5115,2078,49,2,444.24
5116,2078,34,1,672.98
5117,2078,41,2,243.69
5118,2079,28,2,351.21
5119,2080,83,1,8608.36
5120,2080,86,2,37285.06
5121,2080,71,1,460.9
5122,2081,27,1,19913.55
5123,2081,83,2,8608.36
5124,2082,16,2,385.42
5125,2082,32,1,211.5
5126,2082,63,1,155.99
5127,2082,8,1,265.76
5128,2083,86,2,35123.61
5129,2084,23,1,15203.34
5130,2084,42,2,23033.74
5131,2084,86,2,35123.61
5132,2084,55,2,228.88
5133,2085,20,2,15928.18
5134,2085,25,1,15312.76
5135,2085,78,2,13582.26
5136,2085,37,2,1063.91
5137,2086,7,1,211.95
5138,2086,73,2,32626.19
5139,2087,86,2,37285.06
5140,2087,30,1,408.43
5141,2087,67,2,322.34
5142,2088,30,1,408.43
5143,2089,7,1,199.67
5144,2090,13,2,254.42
5145,2090,87,2,31086.93
5146,2091,54,1,8666.36
5147,2091,86,1,37285.06
5148,2091,83,1,8608.36
5149,2091,28,2,351.21
5150,2092,13,1,254.42
5151,2092,7,1,199.67
5152,2092,67,1,303.65
5153,2093,84,1,381.77
5154,2094,78,2,13582.26
5155,2094,89,2,245.27
5156,2095,95,2,24277.86
5157,2096,88,2,36349.5
5158,2096,16,2,409.14
5159,2097,25,2,15312.76
5160,2097,54,1,9608.35
5161,2097,52,1,224.06
5162,2098,74,2,133.17
5163,2098,52,2,211.07
5164,2098,86,2,35123.61
5165,2099,28,2,330.85
5166,2100,41,2,258.68
5167,2100,25,1,15312.76
5168,2101,87,1,31086.93
5169,2101,54,2,9105.96
5170,2102,52,2,211.07
5171,2102,95,1,24277.86
5172,2102,61,2,202.88
5173,2103,32,1,224.51
5174,2103,16,2,409.14
5175,2103,78,2,13582.26
5176,2103,74,1,141.37
5177,2104,71,1,436.8
5178,2104,32,2,211.5
5179,2105,41,2,258.68
5180,2106,34,1,647.1
5181,2106,13,1,244.64
5182,2107,23,2,14618.6
5183,2107,67,1,291.98
5184,2108,67,2,310.66
5185,2108,41,2,249.31
5186,2109,83,1,8296.46
5187,2109,49,1,454.49
5188,2109,21,1,1094.56
5189,2109,55,1,234.16
5190,2110,13,2,244.64
5191,2110,2,1,217.94
5192,2110,55,2,220.07
5193,2111,86,2,33772.7
5194,2111,85,2,349.19
5195,2111,13,1,244.64
5196,2112,95,2,23440.69
5197,2113,78,1,12302.77
5198,2113,66,2,330.95
5199,2113,25,1,14011.68
5200,2113,88,2,32925.28
5201,2114,76,1,247.7
5202,2114,6,1,169.03
5203,2114,13,1,244.64
5204,2114,59,1,386.66
5205,2115,63,1,159.59
5206,2115,89,1,236.38
5207,2116,88,2,35032.49
5208,2117,88,2,32925.28
5209,2117,59,2,386.66
5210,2118,21,1,1028.72
5211,2118,74,1,128.05
5212,2118,49,2,427.15
5213,2119,91,1,285.12
5214,2119,25,1,14011.68
5215,2120,52,1,215.94
5216,2121,34,1,688.51
5217,2121,66,2,352.13
5218,2121,42,1,23565.29
5219,2122,37,2,963.69
5220,2123,87,2,31804.32
5221,2123,63,1,159.59
5222,2124,23,2,15554.19
5223,2124,3,2,226.17
5224,2124,21,2,1094.56
5225,2124,49,1,505.75
5226,2125,37,1,1025.36
5227,2126,32,2,216.38
5228,2127,71,1,445.84
5229,2128,44,1,1171.93
5230,2129,6,2,169.03
5231,2129,41,1,234.31
5232,2130,73,2,29552.71
5233,2130,28,2,318.12
5234,2130,23,2,14618.6
5235,2130,44,2,1101.44
5236,2131,44,2,1101.44
5237,2132,71,1,421.74
5238,2132,42,1,22147.82
5239,2133,63,2,167.99
5240,2133,89,1,222.16
5241,2133,25,2,14011.68
5242,2133,41,2,234.31
5243,2134,91,1,303.37
5244,2134,71,2,445.84
5245,2134,78,2,13090.15
5246,2135,94,1,225.16
5247,2135,25,2,14812.34
5248,2135,13,2,260.29
5249,2135,87,1,31804.32
5250,2136,78,2,13090.15
5251,2136,25,1,14812.34
5252,2136,3,2,226.17
5253,2137,16,1,394.32
5254,2138,67,1,310.66
5255,2138,91,1,303.37
5256,2138,44,2,1171.93
5257,2138,83,2,8296.46
5258,2139,67,1,310.66
5259,2139,28,2,338.49
5260,2139,50,2,228.69
5261,2140,42,1,22147.82
5262,2140,13,1,244.64
5263,2140,87,1,29891.28
5264,2141,93,2,354.56
5265,2141,87,2,31804.32
5266,2142,12,2,383.32
5267,2142,89,2,236.38
5268,2143,76,2,247.7
5269,2143,2,1,217.94
5270,2143,88,1,32925.28
5271,2143,78,1,13779.11
5272,2144,86,1,35934.15
5273,2144,50,1,228.69
5274,2145,25,1,14011.68
5275,2145,2,1,217.94
5276,2145,78,2,13779.11
5277,2145,89,1,222.16
5278,2146,78,2,13779.11
5279,2147,68,2,10049.54
5280,2147,15,2,168.91
5281,2147,50,2,214.94
5282,2147,41,2,234.31
5283,2148,20,2,14427.7
5284,2149,86,1,37285.06
5285,2149,8,2,282.11
5286,2149,49,2,522.83
5287,2150,86,2,35123.61
5288,2150,6,1,175.79
5289,2151,74,2,141.37
5290,2151,6,2,206.89
5291,2152,89,2,231.05
5292,2153,20,1,15004.81
5293,2154,63,2,173.99
5294,2154,85,1,363.16
5295,2154,50,1,249.33
5296,2154,23,2,15203.34
5297,2155,74,1,141.37
5298,2155,25,1,15312.76
5299,2156,87,1,31086.93
5300,2156,20,2,15004.81
5301,2156,49,1,495.49
5302,2156,83,2,8109.32
5303,2157,8,2,282.11
5304,2157,56,1,282.24
5305,2158,28,1,389.38
5306,2158,3,2,234.67
5307,2158,13,1,270.08
5308,2159,20,1,15928.18
5309,2160,1,2,550.94
5310,2160,88,2,36349.5
5311,2160,3,1,234.67
5312,2160,76,2,270.7
5313,2161,91,2,296.53
5314,2161,93,2,346.57
5315,2161,89,1,231.05
5316,2162,49,2,495.49
5317,2163,49,1,495.49
5318,2163,89,1,231.05
5319,2164,83,1,8109.32
5320,2164,16,2,385.42
5321,2164,28,2,369.02
5322,2164,52,1,211.07
5323,2165,86,2,35123.61
5324,2165,74,1,133.17
5325,2166,68,1,10408.45
5326,2167,95,2,25617.33
5327,2167,56,1,282.24
5328,2167,20,2,15928.18
5329,2167,59,2,426.88
5330,2168,12,1,375.55
5331,2168,67,1,303.65
5332,2168,42,2,23033.74
5333,2168,74,2,133.17
5334,2169,55,2,242.96
5335,2170,16,2,385.42
5336,2170,95,1,24277.86
5337,2170,54,2,9105.96
5338,2170,52,1,211.07
5339,2171,67,1,303.65
5340,2171,78,1,14271.22
5341,2171,74,1,133.17
5342,2172,16,2,409.14
5343,2172,55,2,242.96
5344,2172,8,1,282.11
5345,2172,21,1,1135.71
5346,2173,28,1,369.02
5347,2173,32,1,211.5
5348,2173,3,1,221.07
5349,2173,16,2,385.42
5350,2174,61,1,215.36
5351,2174,22,2,331.02
5352,2175,34,2,672.98
5353,2176,44,1,1145.5
5354,2176,93,1,346.57
5355,2177,3,2,221.07
5356,2177,7,1,199.67
5357,2177,74,1,133.17
5358,2177,78,2,14271.22
5359,2178,73,2,32626.19
5360,2179,54,1,9105.96
5361,2179,89,1,231.05
5362,2179,86,1,35123.61
5363,2179,3,1,221.07
5364,2180,50,1,249.33
5365,2180,22,2,311.83
5366,2181,2,1,240.6
5367,2182,6,2,196.07
5368,2182,21,1,1069.87
5369,2182,8,1,265.76
5370,2183,52,2,224.06
5371,2184,34,2,672.98
5372,2184,22,2,311.83
5373,2184,32,1,235.9
5374,2184,42,2,23033.74
5375,2185,74,1,141.37
5376,2186,91,2,303.37
5377,2187,37,2,963.69
5378,2188,21,1,1094.56
5379,2188,94,1,225.16
5380,2188,55,1,234.16
5381,2188,23,2,15554.19
5382,2189,73,1,29552.71
5383,2189,87,2,33478.23
5384,2189,20,2,14427.7
5385,2189,23,1,14618.6
5386,2190,73,2,29552.71
5387,2190,1,2,504.13
5388,2190,61,1,195.07
5389,2190,37,1,963.69
5390,2191,13,2,244.64
5391,2191,85,2,349.19
5392,2191,59,2,433.06
5393,2191,78,2,13779.11
5394,2192,6,1,189.31
5395,2192,49,2,478.41
5396,2192,85,1,349.19
5397,2192,8,2,255.54
5398,2193,28,1,376.66
5399,2193,83,2,8296.46
5400,2193,42,2,23565.29
5401,2193,22,2,319.03
5402,2194,7,1,191.99
5403,2195,63,1,167.99
5404,2195,1,2,504.13
5405,2196,87,2,33478.23
5406,2196,68,1,10049.54
5407,2196,49,2,478.41
5408,2196,44,1,1101.44
5409,2197,67,1,291.98
5410,2197,52,1,202.95
5411,2198,59,1,457.81
5412,2198,61,2,207.56
5413,2199,2,1,217.94
5414,2199,67,2,291.98
5415,2199,74,1,128.05
5416,2199,41,1,234.31
5417,2200,55,1,234.16
5418,2201,32,1,227.77
5419,2201,34,1,647.1
5420,2201,15,1,168.91
5421,2202,66,2,352.13
5422,2203,16,2,370.6
5423,2204,28,1,356.3
5424,2204,89,1,222.16
5425,2204,88,1,32925.28
5426,2205,22,2,299.84
5427,2205,78,1,13779.11
5428,2205,50,1,240.73
5429,2206,86,2,33772.7
5430,2206,67,1,291.98
5431,2206,52,2,202.95
5432,2207,2,2,217.94
5433,2207,56,1,286.33
5434,2207,54,2,8791.96
5435,2208,54,1,9294.36
5436,2208,87,1,35391.27
5437,2208,91,1,303.37
5438,2209,34,1,647.1
5439,2210,61,2,207.56
5440,2210,74,1,151.61
5441,2210,78,2,14566.49
5442,2210,68,1,10623.8
5443,2211,63,1,177.59
5444,2212,13,2,260.29
5445,2212,63,1,177.59
5446,2212,55,2,260.57
5447,2212,7,1,204.27
5448,2213,44,1,1101.44
5449,2214,61,1,218.48
5450,2215,87,2,35391.27
5451,2215,20,2,15351.07
5452,2216,52,1,202.95
5453,2216,88,2,32925.28
5454,2216,34,1,724.75
5455,2216,37,2,963.69
5456,2217,52,2,202.95
5457,2217,61,2,218.48
5458,2217,13,2,273.99
5459,2217,55,1,246.48
5460,2218,15,2,175.67
5461,2218,44,2,1145.5
5462,2218,61,2,226.29
5463,2219,6,1,196.07
5464,2219,63,1,173.99
5465,2219,61,2,226.29
5466,2220,13,2,299.44
5467,2220,28,1,389.38
5468,2220,52,1,224.06
5469,2221,78,1,15058.6
5470,2222,94,1,233.62
5471,2222,67,2,322.34
5472,2223,54,1,9608.35
5473,2223,42,2,24451.2
5474,2223,1,1,550.94
5475,2224,28,2,389.38
5476,2224,1,2,550.94
5477,2225,73,1,32626.19
5478,2226,28,1,369.02
5479,2226,1,1,522.13
5480,2226,88,2,34242.29
5481,2226,7,1,199.67
5482,2227,68,1,10982.71
5483,2227,94,1,259.01
5484,2227,87,2,36586.92
5485,2228,44,2,1145.5
5486,2228,15,2,175.67
5487,2228,88,1,34242.29
5488,2229,93,2,346.57
5489,2229,74,2,148.54
5490,2230,61,1,238.77
5491,2231,74,2,148.54
5492,2232,83,2,8109.32
5493,2232,91,1,296.53
5494,2233,55,2,255.29
5495,2233,34,2,750.64
5496,2233,85,2,363.16
5497,2234,93,1,346.57
5498,2234,13,1,283.78
5499,2234,56,2,296.55
5500,2235,7,1,211.95
5501,2235,21,2,1135.71
5502,2235,88,1,36349.5
5503,2235,52,2,224.06
5504,2236,41,2,243.69
5505,2236,22,1,311.83
5506,2236,50,1,249.33
5507,2237,59,2,473.27
5508,2237,89,1,245.27
5509,2237,88,1,36349.5
5510,2237,67,2,322.34
5511,2238,85,1,385.5
5512,2238,44,2,1215.99
5513,2238,55,1,269.37
5514,2238,22,1,331.02
5515,2239,63,1,173.99
5516,2239,56,2,296.55
5517,2239,74,2,148.54
5518,2240,44,2,1145.5
5519,2241,68,2,10408.45
5520,2241,88,1,34242.29
5521,2242,16,2,385.42
5522,2242,20,1,16736.13
5523,2242,93,2,346.57
5524,2242,15,1,175.67
5525,2243,20,2,16736.13
5526,2244,20,1,16736.13
5527,2245,85,2,363.16
5528,2245,59,1,448.53
5529,2245,61,1,226.29
5530,2246,52,2,224.06
5531,2246,20,2,17659.5
5532,2246,16,1,453.61
5533,2246,3,2,234.67
5534,2247,66,1,344.19
5535,2247,94,1,245.47
5536,2247,34,2,672.98
5537,2248,23,1,16138.93
5538,2248,61,1,238.77
5539,2248,52,1,224.06
5540,2248,45,1,69.26
5541,2249,48,2,351.57
5542,2249,37,1,1117.88
5543,2249,59,1,448.53
5544,2249,21,2,1069.87
5545,2250,22,2,331.02
5546,2250,7,2,211.95
5547,2250,6,2,206.89
5548,2250,21,1,1135.71
5549,2251,45,1,69.26
5550,2251,21,1,1135.71
5551,2252,7,1,199.67
5552,2252,34,2,672.98
5553,2252,15,2,175.67
5554,2253,13,2,289.65
5555,2253,16,1,438.79
5556,2254,32,2,216.38
5557,2254,48,2,359.69
5558,2254,42,2,23565.29
5559,2254,15,1,199.99
5560,2255,86,1,33772.7
5561,2255,85,2,349.19
5562,2255,6,2,189.31
5563,2255,74,2,143.42
5564,2256,73,2,31444.09
5565,2256,93,2,354.56
5566,2256,74,2,151.61
5567,2257,88,2,32925.28
5568,2257,48,2,338.05
5569,2258,73,1,31444.09
5570,2258,23,2,15554.19
5571,2259,16,2,438.79
5572,2259,13,1,289.65
5573,2259,73,2,31444.09
5574,2260,85,2,371.54
5575,2261,89,1,222.16
5576,2261,93,2,333.24
5577,2261,15,2,189.18
5578,2261,23,2,14618.6
5579,2262,1,1,504.13
5580,2262,57,1,719.01
5581,2262,3,1,212.56
5582,2262,20,1,16159.02
5583,2263,42,2,22147.82
5584,2263,7,2,191.99
5585,2263,32,2,203.36
5586,2263,22,2,299.84
5587,2264,2,2,231.89
5588,2264,52,2,215.94
5589,2264,61,1,230.97
5590,2264,3,1,226.17
5591,2265,16,1,415.07
5592,2265,86,2,33772.7
5593,2265,34,1,647.1
5594,2266,21,2,1094.56
5595,2266,15,2,199.99
5596,2267,22,2,299.84
5597,2268,61,1,218.48
5598,2268,55,2,246.48
5599,2269,85,1,349.19
5600,2269,56,1,286.33
5601,2269,45,2,62.74
5602,2269,7,2,191.99
5603,2270,85,2,371.54
5604,2270,44,2,1171.93
5605,2271,91,2,285.12
5606,2271,3,2,238.07
5607,2271,52,1,202.95
5608,2271,16,1,415.07
5609,2272,86,2,33772.7
5610,2272,91,2,285.12
5611,2273,55,1,246.48
5612,2273,52,2,202.95
5613,2273,8,2,255.54
5614,2273,44,1,1101.44
5615,2274,93,1,354.56
5616,2274,67,2,310.66
5617,2274,57,1,765.03
5618,2275,86,2,35934.15
5619,2275,93,1,354.56
5620,2275,73,2,31444.09
5621,2275,83,2,8296.46
5622,2276,88,1,32925.28
5623,2276,20,1,16159.02
5624,2276,23,1,14618.6
5625,2277,89,2,236.38
5626,2277,67,2,310.66
5627,2278,21,1,1028.72
5628,2278,74,1,143.42
5629,2279,88,1,32925.28
5630,2280,52,1,202.95
5631,2280,20,1,16159.02
5632,2281,50,1,240.73
5633,2282,66,2,330.95
5634,2282,93,1,373.23
5635,2282,21,2,1028.72
5636,2283,94,2,250.55
5637,2283,93,1,394.55
5638,2283,83,1,8296.46
5639,2284,34,2,688.51
5640,2284,41,2,249.31
5641,2284,28,1,338.49
5642,2285,86,1,35934.15
5643,2285,56,1,302.69
5644,2285,20,1,17082.4
5645,2285,85,2,371.54
5646,2286,44,2,1101.44
5647,2286,85,1,349.19
5648,2286,23,2,14618.6
5649,2287,89,2,271.93
5650,2287,91,2,314.78
5651,2288,67,2,303.65
5652,2289,1,1,550.94
5653,2289,93,1,407.88
5654,2289,91,1,314.78
5655,2289,41,1,258.68
5656,2290,50,1,263.08
5657,2290,59,2,473.27
5658,2290,73,2,32626.19
5659,2290,42,1,24451.2
5660,2291,37,2,1179.55
5661,2291,94,2,259.01
5662,2292,66,1,365.37
5663,2292,94,2,259.01
5664,2292,80,1,1737.61
5665,2293,34,2,672.98
5666,2294,94,2,245.47
5667,2294,86,2,35123.61
5668,2295,66,1,344.19
5669,2296,3,1,246.57
5670,2296,32,2,211.5
5671,2296,7,2,199.67
5672,2296,85,2,363.16
5673,2297,59,1,448.53
5674,2297,45,1,65.25
5675,2297,48,2,351.57
5676,2297,41,2,243.69
5677,2298,85,1,363.16
5678,2299,2,1,266.76
5679,2299,28,2,351.21
5680,2299,45,2,69.26
5681,2300,66,2,344.19
5682,2300,28,1,330.85
5683,2300,91,1,296.53
5684,2301,66,1,344.19
5685,2301,73,1,30734.82
5686,2301,2,1,252.81
5687,2301,48,1,351.57
5688,2302,93,2,386.56
5689,2302,28,1,330.85
5690,2302,86,1,35123.61
5691,2303,22,1,347.81
5692,2303,28,2,330.85
5693,2303,45,2,65.25
5694,2304,8,2,265.76
5695,2305,91,2,296.53
5696,2305,21,2,1069.87
5697,2305,32,1,211.5
5698,2306,83,1,8608.36
5699,2307,89,2,271.93
5700,2308,37,2,1117.88
5701,2308,45,2,65.25
5702,2308,8,1,265.76
5703,2309,89,1,257.71
5704,2309,80,1,1636.88
5705,2309,73,1,34281.15
5706,2310,86,1,37285.06
5707,2310,45,2,69.26
5708,2311,34,2,672.98
5709,2311,42,2,23033.74
5710,2311,86,1,35123.61
5711,2312,48,2,351.57
5712,2313,48,1,351.57
5713,2314,15,2,195.94
5714,2314,67,1,303.65
5715,2315,15,1,206.75
5716,2315,45,2,69.26
5717,2316,91,2,296.53
5718,2317,57,2,793.79
5719,2317,73,2,36172.52
5720,2317,2,1,266.76
5721,2318,73,1,34281.15
5722,2319,3,1,246.57
5723,2320,56,1,296.55
5724,2321,3,2,246.57
5725,2321,23,1,15203.34
5726,2322,45,2,69.26
5727,2322,34,1,714.4
5728,2323,42,2,24451.2
5729,2323,22,2,367.0
5730,2324,3,2,260.18
5731,2324,88,2,36349.5
5732,2324,89,2,271.93
5733,2325,28,2,330.85
5734,2325,8,2,265.76
5735,2326,73,2,34281.15
5736,2326,91,1,296.53
5737,2327,7,2,211.95
5738,2327,2,1,266.76
5739,2328,48,2,351.57
5740,2328,37,2,1117.88
5741,2329,41,2,243.69
5742,2330,83,1,7797.42
5743,2330,21,1,1028.72
5744,2330,88,2,32925.28
5745,2331,34,2,724.75
5746,2331,22,2,335.82
5747,2332,2,2,244.09
5748,2333,42,2,22147.82
5749,2333,28,1,318.12
5750,2333,34,2,724.75
5751,2334,2,1,244.09
5752,2335,94,2,237.01
5753,2335,85,2,349.19
5754,2335,57,2,719.01
5755,2335,21,1,1028.72
5756,2336,22,1,355.01
5757,2336,83,2,8296.46
5758,2336,52,1,215.94
5759,2336,86,1,35934.15
5760,2337,3,2,238.07
5761,2337,15,1,189.18
5762,2337,45,2,62.74
5763,2337,94,1,237.01
5764,2338,3,1,251.67
5765,2338,37,2,1141.01
5766,2338,42,1,23565.29
5767,2339,66,2,330.95
5768,2339,16,1,415.07
5769,2339,67,1,291.98
5770,2339,23,1,14618.6
5771,2340,44,1,1171.93
5772,2340,57,1,765.03
5773,2340,55,1,260.57
5774,2340,94,1,250.55
5775,2341,16,2,415.07
5776,2341,83,2,7797.42
5777,2341,55,2,246.48
5778,2342,8,2,255.54
5779,2343,8,2,271.89
5780,2343,32,1,216.38
5781,2344,2,2,244.09
5782,2345,23,2,14618.6
5783,2346,52,1,202.95
5784,2346,21,1,1028.72
5785,2347,37,1,1141.01
5786,2347,22,2,355.01
5787,2347,86,1,35934.15
5788,2347,85,2,371.54
5789,2348,32,2,216.38
5790,2349,52,1,202.95
5791,2350,88,2,32925.28
5792,2351,83,2,7797.42
5793,2351,28,2,318.12
5794,2352,28,2,318.12
5795,2352,67,2,291.98
5796,2352,93,1,373.23
5797,2352,48,2,338.05
5798,2353,48,1,378.62
5799,2353,80,1,1573.93
5800,2353,37,1,1079.33
5801,2354,85,2,391.09
5802,2354,73,2,33099.04
5803,2354,44,1,1101.44
5804,2354,67,2,291.98
5805,2355,45,2,66.75
5806,2355,41,2,249.31
5807,2356,66,2,330.95
5808,2356,83,2,7797.42
5809,2357,80,2,1674.66
5810,2357,85,2,413.44
5811,2357,37,1,1141.01
5812,2357,34,2,766.17
5813,2358,73,1,33099.04
5814,2359,89,1,263.04
5815,2360,7,1,204.27
5816,2361,21,2,1028.72
5817,2361,86,1,33772.7
5818,2361,57,1,719.01
5819,2362,3,1,251.67
5820,2363,8,1,271.89
5821,2364,67,1,303.65
5822,2364,34,2,750.64
5823,2364,41,1,243.69
5824,2364,42,2,23033.74
5825,2365,85,1,405.06
5826,2366,28,2,330.85
5827,2366,86,1,35123.61
5828,2366,67,2,303.65
5829,2366,22,2,347.81
5830,2367,48,1,413.77
5831,2367,91,1,314.78
5832,2368,28,2,330.85
5833,2368,67,1,303.65
5834,2368,66,2,344.19
5835,2368,23,2,15203.34
5836,2369,80,1,1737.61
5837,2369,89,1,271.93
5838,2369,23,2,16138.93
5839,2370,83,1,9045.01
5840,2370,85,1,405.06
5841,2371,28,1,351.21
5842,2371,42,2,24451.2
5843,2371,73,1,36172.52
5844,2371,23,2,16138.93
5845,2372,22,2,347.81
5846,2372,42,2,23033.74
5847,2373,44,1,1215.99
5848,2373,34,2,792.05
5849,2374,85,1,427.41
5850,2374,23,1,16138.93
5851,2374,34,2,792.05
5852,2375,8,2,282.11
5853,2375,66,1,365.37
5854,2376,93,2,386.56
5855,2376,86,2,35123.61
5856,2377,23,2,15203.34
5857,2378,83,2,9045.01
5858,2378,42,2,23033.74
5859,2378,85,1,405.06
5860,2378,91,2,296.53
5861,2379,44,1,1145.5
5862,2379,85,2,405.06
5863,2380,7,1,199.67
5864,2381,45,1,65.25
5865,2381,52,2,211.07
5866,2381,8,1,265.76
5867,2382,83,1,9045.01
5868,2382,28,2,330.85
5869,2383,91,2,314.78
5870,2383,21,1,1135.71
5871,2383,41,1,258.68
5872,2384,86,1,37285.06
5873,2385,41,2,243.69
5874,2385,80,2,1636.88
5875,2386,48,1,392.14
5876,2387,21,2,1135.71
5877,2387,91,1,314.78
5878,2387,89,1,271.93
5879,2387,88,2,36349.5
5880,2388,8,1,265.76
5881,2388,88,2,34242.29
5882,2388,85,1,405.06
5883,2389,86,1,35123.61
5884,2389,85,2,405.06
5885,2389,93,2,386.56
5886,2390,32,1,248.92
5887,2391,41,1,258.68
5888,2392,32,2,248.92
5889,2392,8,2,282.11
5890,2393,32,1,248.92
5891,2394,42,2,23033.74
5892,2394,41,1,243.69
5893,2395,8,1,265.76
5894,2396,89,1,257.71
5895,2396,7,1,199.67
5896,2396,67,2,303.65
5897,2396,41,1,243.69
5898,2397,34,1,750.64
5899,2398,88,2,34242.29
5900,2399,48,1,392.14
5901,2399,88,2,34242.29
5902,2400,8,1,265.76
5903,2400,57,2,747.77
5904,2401,8,1,265.76
5905,2402,8,1,282.11
5906,2402,91,1,314.78
5907,2403,68,1,8972.8
5908,2404,66,2,352.13
5909,2405,41,2,234.31
5910,2406,21,1,1094.56
5911,2407,86,1,33772.7
5912,2407,12,1,323.75
5913,2407,37,2,963.69
5914,2407,27,1,16269.24
5915,2408,42,2,23565.29
5916,2409,52,1,202.95
5917,2409,41,1,234.31
5918,2410,32,1,227.77
5919,2411,43,2,452.09
5920,2411,42,1,22147.82
5921,2411,93,2,373.23
5922,2411,99,2,1171.26
5923,2412,97,1,294.26
5924,2413,45,1,66.75
5925,2413,42,2,23565.29
5926,2413,57,1,851.31
5927,2413,91,1,303.37
5928,2414,83,1,9232.15
5929,2414,37,2,1025.36
5930,2415,27,2,16269.24
5931,2415,54,2,7849.96
5932,2416,99,1,1171.26
5933,2417,24,2,64.42
5934,2417,38,2,223.95
5935,2417,88,2,32925.28
5936,2418,54,2,7849.96
5937,2418,53,1,848.59
5938,2418,18,2,275.14
5939,2419,23,1,14618.6
5940,2419,44,2,1101.44
5941,2419,43,2,452.09
5942,2420,78,2,12302.77
5943,2420,24,1,64.42
5944,2420,48,2,338.05
5945,2421,42,1,23565.29
5946,2422,44,1,1171.93
5947,2423,23,2,15554.19
5948,2423,61,2,207.56
5949,2424,61,1,195.07
5950,2424,68,1,8972.8
5951,2424,38,1,223.95
5952,2425,80,2,1674.66
5953,2426,18,1,292.75
5954,2427,52,1,227.3
5955,2427,53,1,848.59
5956,2427,99,2,1171.26
5957,2428,7,1,191.99
5958,2428,86,2,33772.7
5959,2428,83,2,8733.12
5960,2429,91,1,303.37
5961,2429,48,1,359.69
5962,2429,53,2,902.9
5963,2430,67,1,291.98
5964,2430,57,1,805.29
5965,2430,32,1,227.77
5966,2431,66,2,352.13
5967,2431,53,2,902.9
5968,2431,45,2,66.75
5969,2431,54,1,8352.36
5970,2432,78,1,12302.77
5971,2432,23,2,14618.6
5972,2432,56,2,255.65
5973,2432,48,2,338.05
5974,2433,12,2,323.75
5975,2434,79,2,222.94
5976,2434,44,2,1101.44
5977,2435,24,1,68.55
5978,2436,80,1,1674.66
5979,2436,37,1,1025.36
5980,2436,28,1,338.49
5981,2437,91,2,285.12
5982,2438,54,1,8352.36
5983,2438,95,2,22268.66
5984,2439,79,1,246.12
5985,2440,5,2,175.46
5986,2440,8,2,265.76
5987,2440,61,1,202.88
5988,2441,21,2,1069.87
5989,2441,48,2,351.57
5990,2441,12,2,336.7
5991,2442,40,2,1161.56
5992,2442,68,2,9905.97
5993,2443,52,2,248.41
5994,2444,24,1,67.0
5995,2444,5,1,175.46
5996,2444,31,1,222.08
5997,2445,43,1,470.17
5998,2445,28,1,330.85
5999,2445,42,1,23033.74
6000,2446,78,1,12794.89
6001,2446,40,2,1094.22
6002,2446,99,2,1218.11
6003,2446,86,2,35123.61
6004,2447,79,1,231.85
6005,2447,98,1,399.05
6006,2447,88,2,34242.29
6007,2448,88,1,34242.29
6008,2448,28,1,330.85
6009,2448,68,2,9331.71
6010,2449,83,1,9045.01
6011,2450,80,2,1737.61
6012,2450,67,1,322.34
6013,2450,24,2,71.13
6014,2451,91,2,296.53
6015,2451,68,2,9331.71
6016,2451,24,2,67.0
6017,2451,31,1,222.08
6018,2452,88,2,36349.5
6019,2453,97,2,287.62
6020,2454,32,2,235.9
6021,2454,27,1,16920.01
6022,2454,61,2,202.88
6023,2455,80,2,1636.88
6024,2456,8,1,265.76
6025,2456,79,1,231.85
6026,2456,97,2,287.62
6027,2456,54,2,8163.96
6028,2457,95,1,21766.35
6029,2458,23,2,15203.34
6030,2459,44,2,1145.5
6031,2459,12,2,336.7
6032,2459,42,2,23033.74
6033,2459,86,1,35123.61
6034,2460,53,1,882.53
6035,2460,18,2,286.14
6036,2460,83,2,9045.01
6037,2460,42,2,23033.74
6038,2461,28,1,351.21
6039,2462,7,2,199.67
6040,2463,18,1,286.14
6041,2464,18,2,286.14
6042,2464,48,1,351.57
6043,2465,42,1,23033.74
6044,2466,5,1,175.46
6045,2466,80,1,1636.88
6046,2467,54,2,8163.96
6047,2467,80,1,1636.88
6048,2468,24,2,67.0
6049,2468,23,2,15203.34
6050,2468,53,1,882.53
6051,2468,78,1,12794.89
6052,2469,18,1,286.14
6053,2469,24,2,74.73
6054,2470,48,1,373.21
6055,2470,21,1,1135.71
6056,2470,38,1,247.24
6057,2471,98,2,399.05
6058,2472,56,2,265.88
6059,2472,42,1,23033.74
6060,2472,5,1,175.46
6061,2473,67,2,303.65
6062,2473,86,2,35123.61
6063,2473,32,1,235.9
6064,2473,56,1,296.55
6065,2474,7,2,199.67
6066,2475,95,2,23105.82
6067,2476,79,1,231.85
6068,2477,91,2,296.53
6069,2477,18,2,286.14
6070,2478,27,1,19913.55
6071,2478,44,1,1215.99
6072,2478,80,1,1737.61
6073,2479,79,2,231.85
6074,2479,44,2,1145.5
6075,2479,41,1,243.69
6076,2480,86,1,33772.7
6077,2481,12,1,344.47
6078,2481,86,2,35934.15
6079,2481,99,2,1246.22
6080,2482,37,1,1025.36
6081,2483,66,2,330.95
6082,2483,57,2,805.29
6083,2483,45,1,62.74
6084,2484,18,1,292.75
6085,2485,5,2,168.71
6086,2485,24,1,72.16
6087,2486,24,2,76.28
6088,2486,68,1,9547.06
6089,2486,97,1,294.26
6090,2487,21,1,1028.72
6091,2487,97,1,276.56
6092,2487,8,2,255.54
6093,2487,18,1,275.14
6094,2488,83,1,8733.12
6095,2488,8,2,255.54
6096,2488,54,1,7849.96
6097,2489,37,2,963.69
6098,2489,5,1,168.71
6099,2490,8,1,255.54
6100,2491,88,1,35032.49
6101,2491,31,1,227.2
6102,2491,27,1,19262.78
6103,2492,5,1,168.71
6104,2493,54,1,7849.96
6105,2493,24,1,72.16
6106,2493,80,1,1573.93
6107,2493,95,1,20929.19
6108,2494,23,1,14618.6
6109,2495,95,2,22268.66
6110,2495,80,1,1674.66
6111,2496,43,1,481.02
6112,2496,28,1,338.49
6113,2496,8,1,271.89
6114,2497,28,1,338.49
6115,2497,61,1,207.56
6116,2497,57,1,851.31
6117,2497,48,2,359.69
6118,2498,27,1,18221.55
6119,2498,86,2,33772.7
6120,2498,91,2,285.12
6121,2499,5,1,179.51
6122,2499,41,1,249.31
6123,2499,37,1,1025.36
6124,2499,98,2,408.26
6125,2500,98,2,383.7
6126,2500,54,2,7849.96
6127,2500,37,2,963.69
6128,2500,42,1,22147.82
6129,2501,88,2,35032.49
6130,2501,78,1,13090.15
6131,2502,99,2,1171.26
6132,2503,23,1,14618.6
6133,2504,52,2,227.3
6134,2504,98,1,383.7
6135,2505,88,2,32925.28
6136,2505,56,2,286.33
6137,2505,5,2,168.71
6138,2505,67,1,291.98
6139,2506,12,1,323.75
6140,2506,28,1,318.12
6141,2507,98,1,383.7
6142,2508,31,1,227.2
6143,2508,28,2,338.49
6144,2508,42,1,23565.29
6145,2509,68,1,9547.06
6146,2509,38,2,238.28
6147,2509,99,1,1246.22
6148,2509,98,1,408.26
6149,2510,32,1,240.78
6150,2511,23,2,14618.6
6151,2512,99,1,1246.22
6152,2513,68,2,9547.06
6153,2514,66,1,370.66
6154,2514,97,2,276.56
6155,2514,98,1,383.7
6156,2514,38,2,223.95
6157,2515,40,1,1119.47
6158,2515,45,2,66.75
6159,2515,54,2,8352.36
6160,2515,31,2,227.2
6161,2516,79,1,237.21
6162,2516,44,1,1171.93
6163,2516,57,2,851.31
6164,2517,48,2,359.69
6165,2518,37,2,963.69
6166,2519,28,2,351.21
6167,2519,68,2,9905.97
6168,2519,97,2,305.32
6169,2519,27,2,19913.55
6170,2520,91,1,296.53
6171,2520,38,2,232.91
6172,2520,68,1,9331.71
6173,2520,27,1,18872.32
6174,2521,88,1,36349.5
6175,2521,18,2,303.75
6176,2521,5,1,186.26
6177,2521,79,2,246.12
6178,2522,80,1,1636.88
6179,2522,21,1,1069.87
6180,2522,67,2,303.65
6181,2523,52,2,248.41
6182,2523,86,1,37285.06
6183,2524,57,1,880.07
6184,2524,44,1,1215.99
6185,2524,67,1,322.34
6186,2524,42,1,24451.2
6187,2525,86,1,39176.33
6188,2525,79,1,231.85
6189,2525,52,1,235.42
6190,2526,28,1,389.38
6191,2526,24,2,78.86
6192,2527,48,2,351.57
6193,2527,95,2,21766.35
6194,2528,32,2,235.9
6195,2529,88,1,34242.29
6196,2530,56,1,312.92
6197,2530,88,2,36349.5
6198,2530,32,1,248.92
6199,2531,57,2,834.05
6200,2531,98,1,399.05
6201,2531,32,1,235.9
6202,2532,44,1,1215.99
6203,2533,12,2,336.7
6204,2534,27,2,18872.32
6205,2534,37,2,1117.88
6206,2535,86,1,39176.33
6207,2536,37,1,1179.55
6208,2536,52,1,248.41
6209,2536,31,1,235.75
6210,2536,68,1,9905.97
6211,2537,66,1,405.08
6212,2538,66,2,405.08
6213,2538,8,1,282.11
6214,2539,23,1,15203.34
6215,2540,53,1,936.84
6216,2540,34,1,714.4
6217,2540,37,1,1179.55
6218,2541,44,2,1145.5
6219,2541,45,1,65.25
6220,2541,50,2,223.53
6221,2542,91,2,314.78
6222,2542,23,1,16138.93
6223,2543,39,2,38144.09
6224,2543,23,1,15203.34
6225,2544,44,2,1145.5
6226,2544,27,2,18872.32
6227,2545,44,1,1215.99
6228,2545,91,1,314.78
6229,2545,38,2,247.24
6230,2545,28,1,389.38
6231,2546,91,2,296.53
6232,2546,8,2,265.76
6233,2547,27,1,18872.32
6234,2548,21,2,1069.87
6235,2548,38,1,232.91
6236,2549,81,1,452.15
6237,2550,88,2,34242.29
6238,2550,27,2,18872.32
6239,2550,66,1,383.9
6240,2550,38,1,232.91
6241,2551,24,1,71.13
6242,2551,9,1,592.93
6243,2552,12,2,357.42
6244,2552,81,2,479.98
6245,2552,54,2,8666.36
6246,2552,9,1,592.93
6247,2553,54,1,8666.36
6248,2553,80,1,1737.61
6249,2553,28,1,389.38
6250,2553,43,1,499.1
6251,2554,7,2,211.95
6252,2554,44,2,1215.99
6253,2554,18,2,303.75
6254,2554,24,2,71.13
6255,2555,40,1,1119.47
6256,2555,43,1,481.02
6257,2555,28,2,376.66
6258,2555,9,1,571.45
6259,2556,79,1,222.94
6260,2557,78,2,12302.77
6261,2558,5,1,168.71
6262,2558,97,1,276.56
6263,2558,40,1,1052.14
6264,2559,68,1,8972.8
6265,2559,56,1,286.33
6266,2560,1,2,450.11
6267,2561,45,1,62.74
6268,2561,48,1,338.05
6269,2561,37,1,1079.33
6270,2561,79,1,222.94
6271,2562,43,1,481.02
6272,2563,40,2,1119.47
6273,2564,78,1,13090.15
6274,2564,61,1,207.56
6275,2564,4,2,382.12
6276,2565,43,2,481.02
6277,2565,45,2,66.75
6278,2565,68,2,9547.06
6279,2566,41,2,234.31
6280,2566,39,2,36677.01
6281,2567,54,1,8791.96
6282,2567,24,1,64.42
6283,2568,41,1,249.31
6284,2568,42,2,23565.29
6285,2568,45,2,74.28
6286,2568,68,2,9547.06
6287,2569,67,2,291.98
6288,2569,80,1,1573.93
6289,2569,50,2,214.94
6290,2569,57,2,719.01
6291,2570,8,1,271.89
6292,2571,39,1,36677.01
6293,2571,38,1,223.95
6294,2571,91,2,285.12
6295,2572,1,1,478.92
6296,2572,97,2,294.26
6297,2572,48,2,359.69
6298,2572,52,2,215.94
6299,2573,41,1,249.31
6300,2573,50,1,228.69
6301,2573,24,1,68.55
6302,2574,37,1,1079.33
6303,2574,61,1,195.07
6304,2574,53,2,848.59
6305,2575,24,1,72.16
6306,2575,48,2,338.05
6307,2575,78,1,12302.77
6308,2575,98,2,383.7
6309,2576,98,1,383.7
6310,2577,5,2,179.51
6311,2577,97,2,294.26
6312,2577,45,1,74.28
6313,2577,53,1,902.9
6314,2578,91,1,303.37
6315,2578,80,1,1674.66
6316,2579,28,2,356.3
6317,2579,21,2,1028.72
6318,2579,44,1,1101.44
6319,2579,88,2,32925.28
6320,2580,18,2,275.14
6321,2580,97,2,276.56
6322,2580,40,2,1052.14
6323,2581,53,1,902.9
6324,2582,24,1,72.16
6325,2583,50,1,214.94
6326,2583,61,2,195.07
6327,2584,8,1,255.54
6328,2584,1,1,450.11
6329,2584,78,2,12302.77
6330,2584,4,1,359.14
6331,2585,5,1,168.71
6332,2585,86,1,33772.7
6333,2586,24,1,72.16
6334,2586,39,1,36677.01
6335,2586,23,2,14618.6
6336,2586,91,1,285.12
6337,2587,78,1,13090.15
6338,2587,91,2,303.37
6339,2588,54,1,9294.36
6340,2588,86,2,35934.15
6341,2588,50,2,228.69
6342,2589,44,1,1101.44
6343,2589,34,2,647.1
6344,2589,38,1,223.95
6345,2590,28,1,356.3
6346,2590,98,1,383.7
6347,2590,56,1,286.33
6348,2590,38,1,223.95
6349,2591,8,1,271.89
6350,2591,66,1,391.84
6351,2591,21,1,1094.56
6352,2592,67,1,310.66
6353,2593,97,1,309.75
6354,2593,91,2,285.12
6355,2593,28,1,356.3
6356,2593,88,1,32925.28
6357,2594,41,1,234.31
6358,2594,8,2,255.54
6359,2594,86,1,33772.7
6360,2595,43,1,499.1
6361,2596,50,2,223.53
6362,2596,95,2,21766.35
6363,2596,31,2,222.08
6364,2597,81,1,479.98
6365,2597,68,2,9905.97
6366,2597,34,1,714.4
6367,2598,61,2,202.88
6368,2599,91,2,314.78
6369,2600,45,1,72.78
6370,2600,7,1,199.67
6371,2600,48,2,351.57
6372,2601,99,2,1218.11
6373,2601,54,2,9105.96
6374,2602,66,2,405.08
6375,2602,43,1,499.1
6376,2602,54,2,9608.35
6377,2602,88,2,36349.5
6378,2603,48,2,351.57
6379,2603,23,2,15203.34
6380,2603,54,2,9105.96
6381,2604,80,1,1737.61
6382,2605,95,1,23105.82
6383,2606,56,2,296.55
6384,2606,67,2,303.65
6385,2606,99,2,1218.11
6386,2607,86,2,35123.61
6387,2607,9,1,558.56
6388,2607,68,2,9331.71
6389,2608,86,2,35123.61
6390,2609,5,1,175.46
6391,2609,86,1,35123.61
6392,2610,5,2,175.46
6393,2610,38,1,232.91
6394,2610,54,1,9105.96
6395,2610,42,2,23033.74
6396,2611,48,1,373.21
6397,2612,61,2,202.88
6398,2612,18,1,286.14
6399,2613,66,1,405.08
6400,2613,97,2,338.51
6401,2613,7,2,211.95
6402,2613,81,2,479.98
6403,2614,98,1,423.6
6404,2615,28,2,389.38
6405,2615,67,2,322.34
6406,2616,81,1,452.15
6407,2616,61,2,202.88
6408,2617,28,2,369.02
6409,2617,24,1,74.73
6410,2617,1,2,468.12
6411,2618,61,2,202.88
6412,2619,56,2,296.55
6413,2620,67,2,322.34
6414,2621,42,2,24451.2
6415,2621,12,2,357.42
6416,2621,28,1,389.38
6417,2621,45,2,76.79
6418,2622,95,1,23105.82
6419,2623,9,1,558.56
6420,2623,7,1,199.67
6421,2623,8,1,296.42
6422,2624,42,2,24451.2
6423,2624,53,2,936.84
6424,2624,34,2,714.4
6425,2625,9,2,592.93
6426,2626,91,1,296.53
6427,2626,12,2,336.7
6428,2626,48,1,351.57
6429,2626,39,2,38144.09
6430,2627,57,1,793.79
6431,2627,39,1,40491.42
6432,2627,81,2,479.98
6433,2627,50,1,263.08
6434,2628,24,1,74.73
6435,2628,44,1,1145.5
6436,2628,42,1,23033.74
6437,2628,66,1,383.9
6438,2629,56,1,296.55
6439,2629,39,2,42545.33
6440,2629,52,1,211.07
6441,2630,91,1,285.12
6442,2631,45,1,74.28
6443,2631,91,2,303.37
6444,2632,66,1,370.66
6445,2633,42,2,22147.82
6446,2633,31,2,213.54
6447,2633,67,1,291.98
6448,2633,80,1,1762.8
6449,2634,43,2,481.02
6450,2635,7,1,204.27
6451,2636,68,2,9547.06
6452,2636,99,2,1386.77
6453,2636,41,2,249.31
6454,2637,7,1,204.27
6455,2637,23,2,15554.19
6456,2637,86,2,35934.15
6457,2637,39,1,43425.58
6458,2638,31,1,213.54
6459,2638,98,2,383.7
6460,2639,21,1,1028.72
6461,2639,18,1,275.14
6462,2639,5,2,168.71
6463,2640,39,1,43425.58
6464,2640,1,2,478.92
6465,2640,68,1,9547.06
6466,2640,40,1,1119.47
6467,2641,67,2,291.98
6468,2641,4,2,359.14
6469,2641,98,2,429.74
6470,2642,67,1,291.98
6471,2643,41,2,234.31
6472,2643,45,1,70.27
6473,2643,95,2,20929.19
6474,2644,44,2,1171.93
6475,2644,95,2,24780.16
6476,2644,39,2,43425.58
6477,2644,48,2,359.69
6478,2645,78,1,14566.49
6479,2646,45,1,74.28
6480,2646,21,1,1094.56
6481,2646,23,1,15554.19
6482,2646,97,2,327.45
6483,2647,45,2,70.27
6484,2647,61,2,195.07
6485,2647,34,1,647.1
6486,2647,57,2,719.01
6487,2648,1,1,450.11
6488,2649,95,1,23440.69
6489,2650,54,1,9294.36
6490,2650,88,1,35032.49
6491,2650,21,2,1094.56
6492,2651,1,2,450.11
6493,2652,57,1,719.01
6494,2653,95,2,24780.16
6495,2654,40,1,1119.47
6496,2655,38,2,223.95
6497,2656,81,2,434.76
6498,2656,44,2,1101.44
6499,2656,45,1,70.27
6500,2657,97,2,327.45
6501,2657,38,2,238.28
6502,2657,18,2,292.75
6503,2657,44,2,1171.93
6504,2658,81,1,462.59
6505,2658,34,1,688.51
6506,2658,41,2,249.31
6507,2658,50,1,254.49
6508,2659,91,1,303.37
6509,2659,97,2,327.45
6510,2659,40,2,1119.47
6511,2659,67,1,310.66
6512,2660,91,1,303.37
6513,2660,39,2,43425.58
6514,2660,24,1,76.28
6515,2661,67,1,291.98
6516,2661,81,1,434.76
6517,2661,98,1,429.74
6518,2661,88,2,32925.28
6519,2662,42,1,22147.82
6520,2662,80,2,1762.8
6521,2663,41,2,234.31
6522,2663,50,2,240.73
6523,2664,98,1,429.74
6524,2665,86,2,39176.33
6525,2665,95,2,24277.86
6526,2665,31,1,247.7
6527,2665,53,2,882.53
6528,2666,38,1,247.24
6529,2667,52,2,211.07
6530,2667,81,2,452.15
6531,2668,86,2,41337.78
6532,2668,41,1,258.68
6533,2668,80,1,1926.48
6534,2669,12,2,336.7
6535,2670,41,1,243.69
6536,2671,31,2,261.37
6537,2671,95,2,25617.33
6538,2671,57,1,793.79
6539,2671,52,2,224.06
6540,2672,9,2,558.56
6541,2673,24,1,74.73
6542,2674,40,2,1094.22
6543,2674,53,1,882.53
6544,2674,67,2,303.65
6545,2675,86,2,41337.78
6546,2675,50,2,263.08
6547,2675,43,1,499.1
6548,2676,86,2,41337.78
6549,2676,53,1,936.84
6550,2677,61,2,215.36
6551,2677,42,2,24451.2
6552,2677,5,1,186.26
6553,2678,99,2,1433.63
6554,2678,67,1,322.34
6555,2679,7,2,211.95
6556,2679,57,1,793.79
6557,2679,5,2,186.26
6558,2680,1,1,468.12
6559,2681,97,1,320.81
6560,2682,78,2,14271.22
6561,2682,91,1,296.53
6562,2682,98,1,445.09
6563,2683,48,1,351.57
6564,2683,67,2,303.65
6565,2683,98,2,445.09
6566,2684,61,2,215.36
6567,2684,81,1,479.98
6568,2685,44,2,1145.5
6569,2685,79,2,231.85
6570,2685,9,2,558.56
6571,2685,24,1,74.73
6572,2686,48,1,351.57
6573,2687,88,1,36349.5
6574,2687,1,2,496.92
6575,2688,23,1,15203.34
6576,2688,57,2,747.77
6577,2688,42,1,23033.74
6578,2689,7,2,211.95
6579,2689,39,2,44892.66
6580,2689,8,2,312.78
6581,2689,9,2,592.93
6582,2690,98,1,469.65
6583,2690,79,1,272.88
6584,2690,21,2,1135.71
6585,2690,86,1,41337.78
6586,2691,88,2,34242.29
6587,2692,91,1,296.53
6588,2692,31,1,247.7
6589,2692,24,2,74.73
6590,2693,95,2,24277.86
6591,2693,53,1,882.53
6592,2693,21,2,1069.87
6593,2693,91,2,296.53
6594,2694,97,2,320.81
6595,2694,67,2,303.65
6596,2694,48,2,351.57
6597,2695,80,1,1926.48
6598,2696,18,2,286.14
6599,2696,23,2,15203.34
6600,2697,18,2,286.14
6601,2697,81,1,452.15
6602,2697,9,1,558.56
6603,2697,99,2,1358.66
6604,2698,86,2,39176.33
6605,2699,97,1,320.81
6606,2699,40,2,1094.22
6607,2700,5,1,175.46
6608,2700,78,1,14271.22
6609,2700,1,1,468.12
6610,2700,23,1,15203.34
6611,2701,42,1,23033.74
6612,2702,5,2,175.46
6613,2702,57,1,747.77
6614,2702,98,2,445.09
6615,2703,91,1,314.78
6616,2704,1,2,468.12
6617,2704,68,1,9331.71
6618,2705,81,2,479.98
6619,2706,91,1,296.53
6620,2706,57,2,747.77
6621,2707,80,2,1926.48
6622,2708,78,2,14566.49
6623,2708,49,2,454.49
6624,2709,45,1,62.74
6625,2709,12,2,323.75
6626,2709,3,2,212.56
6627,2710,5,2,179.51
6628,2710,81,1,462.59
6629,2710,38,2,238.28
6630,2710,96,1,345.75
6631,2711,64,2,368.92
6632,2712,42,1,23565.29
6633,2712,5,2,199.76
6634,2712,67,1,310.66
6635,2712,49,2,454.49
6636,2713,39,1,43425.58
6637,2713,4,1,382.12
6638,2714,80,2,1674.66
6639,2715,12,2,344.47
6640,2715,43,1,481.02
6641,2715,5,1,199.76
6642,2716,41,1,234.31
6643,2716,9,1,537.08
6644,2717,7,1,191.99
6645,2718,96,2,324.95
6646,2718,45,1,62.74
6647,2718,18,1,275.14
6648,2718,61,1,195.07
6649,2719,64,1,368.92
6650,2720,34,1,647.1
6651,2720,96,1,324.95
6652,2720,42,1,22147.82
6653,2721,78,1,14566.49
6654,2721,24,1,76.28
6655,2721,5,2,199.76
6656,2721,81,1,462.59
6657,2722,44,2,1101.44
6658,2722,39,2,41078.25
6659,2722,64,2,368.92
6660,2722,40,1,1052.14
6661,2723,5,1,199.76
6662,2723,29,2,1094.52
6663,2724,23,2,15554.19
6664,2724,43,1,481.02
6665,2725,29,1,1028.69
6666,2726,46,2,375.63
6667,2726,61,1,207.56
6668,2727,46,2,353.04
6669,2728,38,2,265.16
6670,2728,4,2,382.12
6671,2728,81,2,462.59
6672,2728,34,2,688.51
6673,2729,50,2,240.73
6674,2730,52,1,202.95
6675,2730,95,1,23440.69
6676,2730,53,2,848.59
6677,2731,64,1,392.54
6678,2731,31,1,227.2
6679,2731,46,1,375.63
6680,2732,39,1,43425.58
6681,2733,12,2,323.75
6682,2733,8,1,255.54
6683,2734,7,1,191.99
6684,2734,34,1,647.1
6685,2734,60,2,165.4
6686,2734,52,2,202.95
6687,2735,12,2,344.47
6688,2735,1,1,478.92
6689,2736,86,1,33772.7
6690,2736,46,1,353.04
6691,2736,41,1,234.31
6692,2736,12,2,362.6
6693,2737,86,2,33772.7
6694,2737,48,2,338.05
6695,2737,60,2,165.4
6696,2738,1,1,450.11
6697,2738,77,2,191.83
6698,2738,3,2,212.56
6699,2738,53,2,848.59
6700,2739,50,2,240.73
6701,2739,40,1,1052.14
6702,2739,5,2,188.96
6703,2740,9,2,537.08
6704,2740,38,2,250.82
6705,2740,18,1,275.14
6706,2741,7,1,204.27
6707,2741,49,1,454.49
6708,2741,77,1,204.1
6709,2742,23,1,16372.83
6710,2742,45,1,62.74
6711,2743,48,2,378.62
6712,2743,41,2,234.31
6713,2743,60,2,165.4
6714,2744,31,1,213.54
6715,2744,12,2,362.6
6716,2744,48,2,378.62
6717,2745,4,2,382.12
6718,2745,78,2,14566.49
6719,2745,40,1,1245.73
6720,2746,98,1,408.26
6721,2747,46,1,353.04
6722,2747,5,2,188.96
6723,2748,81,1,434.76
6724,2748,41,2,234.31
6725,2748,77,1,191.83
6726,2748,18,2,275.14
6727,2749,60,1,182.6
6728,2749,40,1,1287.82
6729,2749,29,2,1135.67
6730,2749,79,1,272.88
6731,2750,23,1,16957.58
6732,2750,1,2,468.12
6733,2750,98,1,399.05
6734,2750,57,2,747.77
6735,2751,34,2,672.98
6736,2751,18,1,286.14
6737,2751,21,1,1069.87
6738,2752,52,2,248.41
6739,2752,8,1,282.11
6740,2753,54,2,8163.96
6741,2753,80,1,1636.88
6742,2754,53,1,882.53
6743,2755,41,2,243.69
6744,2755,18,1,286.14
6745,2756,43,2,499.1
6746,2756,23,1,17893.17
6747,2756,52,2,248.41
6748,2756,57,1,880.07
6749,2757,8,2,282.11
6750,2757,42,1,24451.2
6751,2757,54,2,8666.36
6752,2757,31,2,235.75
6753,2758,98,1,399.05
6754,2759,77,1,199.5
6755,2760,24,1,74.73
6756,2760,1,1,468.12
6757,2761,34,1,672.98
6758,2761,68,2,9331.71
6759,2762,92,2,28139.31
6760,2763,46,1,367.16
6761,2764,52,1,235.42
6762,2764,77,2,199.5
6763,2764,12,2,375.55
6764,2765,46,2,389.75
6765,2765,21,1,1135.71
6766,2765,12,2,396.27
6767,2766,52,1,248.41
6768,2766,1,1,496.92
6769,2767,64,1,383.68
6770,2767,60,2,172.02
6771,2768,68,1,9331.71
6772,2768,9,1,558.56
6773,2768,92,2,28139.31
6774,2769,34,2,714.4
6775,2769,42,2,24451.2
6776,2770,48,1,392.14
6777,2770,64,1,383.68
6778,2771,8,1,282.11
6779,2771,9,1,592.93
6780,2771,48,1,413.77
6781,2771,88,1,36349.5
6782,2772,67,1,303.65
6783,2772,34,2,672.98
6784,2772,3,1,221.07
6785,2773,48,1,392.14
6786,2773,29,2,1069.84
6787,2774,40,2,1220.48
6788,2774,29,1,1069.84
6789,2775,77,2,199.5
6790,2776,78,1,15058.6
6791,2776,7,2,211.95
6792,2777,29,1,1069.84
6793,2777,79,2,258.61
6794,2777,60,2,172.02
6795,2777,98,2,399.05
6796,2778,99,1,1433.63
6797,2778,68,2,9905.97
6798,2779,68,2,9905.97
6799,2780,64,1,383.68
6800,2780,1,2,468.12
6801,2780,67,1,303.65
6802,2781,61,1,202.88
6803,2781,29,2,1069.84
6804,2782,21,2,1069.87
6805,2782,7,2,199.67
6806,2783,54,1,8666.36
6807,2784,38,2,259.78
6808,2784,48,1,392.14
6809,2784,5,2,195.71
6810,2785,77,1,211.77
6811,2785,52,2,248.41
6812,2786,18,2,303.75
6813,2786,49,1,471.57
6814,2786,99,1,1433.63
6815,2787,77,2,211.77
6816,2787,42,1,24451.2
6817,2788,31,2,222.08
6818,2788,92,2,28139.31
6819,2788,99,1,1358.66
6820,2789,80,1,1674.66
6821,2789,1,2,478.92
6822,2790,7,1,204.27
6823,2790,61,2,207.56
6824,2790,57,1,851.31
6825,2790,45,2,66.75
6826,2791,7,1,204.27
6827,2791,48,2,400.25
6828,2791,40,1,1245.73
6829,2791,52,1,240.29
6830,2792,44,1,1233.61
6831,2792,99,2,1311.81
6832,2792,41,2,234.31
6833,2793,41,2,234.31
6834,2793,46,2,353.04
6835,2793,98,1,383.7
6836,2794,31,1,213.54
6837,2794,41,2,234.31
6838,2794,86,2,33772.7
6839,2795,41,1,262.43
6840,2795,57,1,805.29
6841,2795,49,2,427.15
6842,2795,52,1,227.3
6843,2796,64,2,392.54
6844,2797,4,1,382.12
6845,2797,86,1,35934.15
6846,2798,46,2,353.04
6847,2798,31,2,213.54
6848,2798,64,2,368.92
6849,2799,67,2,291.98
6850,2799,52,1,227.3
6851,2799,53,2,950.42
6852,2799,12,1,362.6
6853,2800,48,2,378.62
6854,2800,23,1,16372.83
6855,2800,99,1,1311.81
6856,2801,68,2,8972.8
6857,2802,44,1,1233.61
6858,2802,52,2,227.3
6859,2803,61,1,195.07
6860,2804,52,1,240.29
6861,2804,86,1,35934.15
6862,2805,38,1,265.16
6863,2805,86,2,35934.15
6864,2806,40,2,1178.39
6865,2806,49,1,427.15
6866,2806,38,2,250.82
6867,2807,99,1,1386.77
6868,2807,18,2,325.76
6869,2807,42,1,23565.29
6870,2808,96,2,324.95
6871,2809,54,2,8791.96
6872,2809,88,1,32925.28
6873,2809,80,2,1762.8
6874,2809,91,2,285.12
6875,2810,43,2,535.27
6876,2811,67,1,291.98
6877,2811,86,2,33772.7
6878,2811,38,1,250.82
6879,2811,1,1,450.11
6880,2812,18,1,308.15
6881,2812,1,2,450.11
6882,2812,31,1,213.54
6883,2813,80,2,1762.8
6884,2813,38,1,250.82
6885,2813,41,1,262.43
6886,2813,79,2,249.69
6887,2814,54,2,8791.96
6888,2814,8,1,255.54
6889,2814,60,2,165.4
6890,2814,68,2,8972.8
6891,2815,9,2,601.52
6892,2815,61,1,195.07
6893,2815,43,1,506.34
6894,2816,81,2,434.76
6895,2817,96,1,324.95
6896,2818,86,2,33772.7
6897,2818,77,2,191.83
6898,2819,98,1,423.6
6899,2819,41,2,286.8
6900,2819,7,2,211.95
6901,2820,4,2,373.5
6902,2821,9,1,623.01
6903,2821,44,1,1277.67
6904,2821,54,2,9105.96
6905,2821,49,1,444.24
6906,2822,96,1,376.94
6907,2822,92,1,28139.31
6908,2822,21,2,1069.87
6909,2822,79,1,258.61
6910,2823,23,2,17893.17
6911,2823,21,2,1135.71
6912,2824,61,1,215.36
6913,2824,34,2,714.4
6914,2824,18,1,336.77
6915,2824,48,2,413.77
6916,2825,77,2,199.5
6917,2826,1,1,468.12
6918,2826,46,2,367.16
6919,2826,79,2,258.61
6920,2827,86,1,35123.61
6921,2827,41,1,271.8
6922,2827,91,2,296.53
6923,2828,49,1,444.24
6924,2828,7,2,199.67
6925,2829,53,2,1038.67
6926,2830,31,2,222.08
6927,2830,18,2,319.16
6928,2830,49,1,444.24
6929,2831,46,2,367.16
6930,2832,43,2,553.36
6931,2832,44,2,1348.16
6932,2832,60,1,182.6
6933,2832,21,2,1135.71
6934,2833,67,2,303.65
6935,2833,41,2,271.8
6936,2833,60,1,172.02
6937,2834,64,2,407.29
6938,2834,92,1,29870.96
6939,2834,43,1,553.36
6940,2834,49,2,471.57
6941,2835,49,1,471.57
6942,2836,86,1,39176.33
6943,2837,34,2,714.4
6944,2837,7,1,211.95
6945,2837,64,2,407.29
6946,2837,53,1,1038.67
6947,2838,23,2,16957.58
6948,2838,43,2,524.42
6949,2838,79,2,258.61
6950,2839,1,2,468.12
6951,2839,43,1,524.42
6952,2840,53,2,984.36
6953,2840,46,1,367.16
6954,2840,81,1,452.15
6955,2840,1,1,468.12
6956,2841,43,2,524.42
6957,2842,91,2,296.53
6958,2842,43,1,524.42
6959,2842,8,1,265.76
6960,2842,29,1,1069.84
6961,2843,61,1,215.36
6962,2843,21,2,1135.71
6963,2843,96,2,397.74
6964,2843,54,1,9608.35
6965,2844,54,2,9608.35
6966,2845,45,2,69.26
6967,2845,42,1,24451.2
6968,2845,21,1,1135.71
6969,2846,8,2,282.11
6970,2847,45,1,65.25
6971,2848,53,1,984.36
6972,2848,98,1,399.05
6973,2848,34,2,672.98
6974,2848,46,2,367.16
6975,2849,67,1,338.69
6976,2849,77,1,199.5
6977,2849,53,1,984.36
6978,2849,57,2,834.05
6979,2850,21,1,1069.87
6980,2850,44,2,1277.67
6981,2850,4,2,373.5
6982,2851,57,1,834.05
6983,2852,67,2,338.69
6984,2853,21,1,1069.87
6985,2853,57,2,834.05
6986,2854,53,2,1038.67
6987,2855,53,1,984.36
6988,2855,64,1,383.68
6989,2855,98,1,399.05
6990,2855,61,2,202.88
6991,2856,91,2,296.53
6992,2856,42,1,23033.74
6993,2856,68,1,9331.71
6994,2856,64,2,383.68
6995,2857,4,2,396.49
6996,2857,34,2,714.4
6997,2857,41,1,286.8
6998,2858,88,2,34242.29
6999,2859,57,1,805.29
7000,2859,34,2,724.75
7001,2859,98,2,383.7
7002,2859,31,2,213.54
7003,2860,54,1,9294.36
7004,2860,68,1,9547.06
7005,2860,34,2,766.17
7006,2860,1,2,478.92
7007,2861,80,1,1863.53
7008,2861,86,2,39986.88
7009,2862,54,1,9294.36
7010,2862,7,2,204.27
7011,2862,80,1,1863.53
7012,2862,46,1,375.63
7013,2863,60,2,165.4
7014,2864,21,2,1028.72
7015,2864,91,1,285.12
7016,2864,88,1,32925.28
7017,2865,96,1,363.94
7018,2865,77,2,191.83
7019,2865,61,2,195.07
7020,2866,4,2,359.14
7021,2866,3,1,212.56
7022,2867,57,1,851.31
7023,2867,64,2,392.54
7024,2868,4,1,382.12
7025,2868,21,2,1094.56
7026,2868,8,1,271.89
7027,2868,64,2,392.54
7028,2869,80,1,1762.8
7029,2869,45,1,62.74
7030,2870,46,1,353.04
7031,2870,45,2,62.74
7032,2870,8,2,255.54
7033,2871,21,1,1094.56
7034,2871,64,1,436.81
7035,2872,45,2,62.74
7036,2872,68,1,8972.8
7037,2872,91,2,285.12
7038,2873,42,2,23565.29
7039,2873,21,1,1094.56
7040,2873,8,2,271.89
7041,2873,96,1,384.74
7042,2874,92,2,28788.67
7043,2875,8,1,255.54
7044,2875,31,1,239.16
7045,2875,81,2,434.76
7046,2875,34,1,724.75
7047,2876,45,1,62.74
7048,2876,96,1,363.94
7049,2877,4,1,359.14
7050,2877,96,2,363.94
7051,2878,92,1,27057.02
7052,2878,45,2,62.74
7053,2878,81,2,434.76
7054,2878,49,1,427.15
7055,2879,98,1,408.26
7056,2879,91,2,303.37
7057,2879,97,1,294.26
7058,2880,4,2,359.14
7059,2880,92,1,27057.02
7060,2880,66,1,330.95
7061,2880,81,2,434.76
7062,2881,80,1,1762.8
7063,2881,7,1,191.99
7064,2881,9,1,601.52
7065,2882,10,1,223.89
7066,2882,96,2,363.94
7067,2882,5,2,168.71
7068,2882,24,1,64.42
7069,2883,67,2,327.01
7070,2884,21,1,1028.72
7071,2885,81,2,434.76
7072,2885,23,1,16372.83
7073,2886,91,2,303.37
7074,2886,19,2,226.86
7075,2887,71,1,400.65
7076,2888,97,2,276.56
7077,2888,18,2,275.14
7078,2888,46,1,353.04
7079,2889,100,2,795.6
7080,2890,4,2,359.14
7081,2891,46,1,353.04
7082,2891,7,2,191.99
7083,2891,77,2,191.83
7084,2891,45,2,62.74
7085,2892,46,1,375.63
7086,2892,28,1,338.49
7087,2892,86,1,39986.88
7088,2892,49,2,454.49
7089,2893,19,1,213.21
7090,2893,7,1,191.99
7091,2893,80,1,1762.8
7092,2894,60,1,175.99
7093,2894,18,1,292.75
7094,2895,19,1,213.21
7095,2895,41,1,262.43
7096,2895,9,2,601.52
7097,2896,23,1,16372.83
7098,2896,60,1,165.4
7099,2897,91,1,303.37
7100,2897,4,1,382.12
7101,2897,71,2,400.65
7102,2897,61,2,230.97
7103,2898,20,1,14427.7
7104,2899,77,1,199.5
7105,2899,3,2,221.07
7106,2900,8,2,265.76
7107,2901,29,1,1135.67
7108,2902,28,1,351.21
7109,2902,64,1,451.56
7110,2902,80,2,1926.48
7111,2902,24,1,71.13
7112,2903,19,1,221.74
7113,2903,66,2,344.19
7114,2903,97,1,287.62
7115,2904,4,2,396.49
7116,2904,5,1,186.26
7117,2905,24,1,71.13
7118,2905,71,1,415.71
7119,2905,7,1,211.95
7120,2906,61,2,226.29
7121,2906,92,2,28139.31
7122,2907,61,2,226.29
7123,2907,7,1,199.67
7124,2907,66,2,344.19
7125,2908,3,2,234.67
7126,2908,60,2,182.6
7127,2908,66,2,365.37
7128,2908,81,1,479.98
7129,2909,1,2,468.12
7130,2909,66,1,383.9
7131,2909,61,2,226.29
7132,2910,19,2,221.74
7133,2911,31,1,247.7
7134,2911,34,1,750.64
7135,2911,86,2,39176.33
7136,2911,1,1,468.12
7137,2912,81,2,479.98
7138,2912,49,1,471.57
7139,2913,91,1,296.53
7140,2913,92,1,28139.31
7141,2913,42,2,23033.74
7142,2913,88,2,34242.29
7143,2914,3,2,234.67
7144,2914,7,2,211.95
7145,2915,67,2,338.69
7146,2915,86,1,39176.33
7147,2916,77,2,211.77
7148,2916,19,1,235.39
7149,2916,67,1,357.38
7150,2917,46,2,367.16
7151,2917,24,1,67.0
7152,2917,34,1,750.64
7153,2918,34,1,792.05
7154,2918,31,2,261.37
7155,2919,34,1,750.64
7156,2919,92,2,28139.31
7157,2919,9,1,623.01
7158,2919,20,1,15004.81
7159,2920,71,2,436.8
7160,2921,19,2,221.74
7161,2921,66,1,383.9
7162,2922,66,1,405.08
7163,2922,1,2,496.92
7164,2922,100,2,973.81
7165,2922,91,2,314.78
7166,2923,86,1,41337.78
7167,2923,34,1,792.05
7168,2923,21,2,1135.71
7169,2924,46,2,367.16
7170,2924,4,1,373.5
7171,2924,96,2,376.94
7172,2924,5,2,175.46
7173,2925,5,2,175.46
7174,2925,60,2,172.02
7175,2925,1,1,468.12
7176,2926,28,1,351.21
7177,2926,97,2,305.32
7178,2927,71,1,436.8
7179,2928,19,1,247.33
7180,2929,60,1,191.86
7181,2929,21,2,1069.87
7182,2929,18,2,286.14
7183,2929,77,2,222.52
7184,2930,18,2,303.75
7185,2930,20,1,15928.18
7186,2931,7,2,204.27
7187,2931,20,1,17082.4
7188,2931,68,1,9547.06
7189,2932,68,1,9547.06
7190,2932,97,2,294.26
7191,2932,61,1,230.97
7192,2933,5,2,168.71
7193,2933,71,1,421.74
7194,2933,31,1,239.16
7195,2933,81,1,434.76
7196,2934,100,2,891.07
7197,2935,3,1,212.56
7198,2935,86,2,37825.42
7199,2935,64,2,413.2
7200,2936,18,2,275.14
7201,2936,20,2,16159.02
7202,2937,8,1,255.54
7203,2938,91,1,285.12
7204,2938,88,2,32925.28
7205,2938,61,2,218.48
7206,2939,10,1,238.22
7207,2940,9,1,601.52
7208,2941,86,1,39986.88
7209,2941,28,1,338.49
7210,2942,97,1,294.26
7211,2942,77,1,227.12
7212,2942,1,2,478.92
7213,2943,31,2,239.16
7214,2943,4,1,359.14
7215,2944,3,1,212.56
7216,2944,61,1,218.48
7217,2944,97,1,276.56
7218,2944,4,1,402.23
7219,2945,66,1,370.66
7220,2946,49,1,454.49
7221,2946,45,2,66.75
7222,2946,92,2,28788.67
7223,2947,64,2,413.2
7224,2947,7,2,191.99
7225,2947,97,1,276.56
7226,2947,86,1,37825.42
7227,2948,46,2,395.4
7228,2949,68,1,8972.8
7229,2950,66,2,391.84
7230,2950,3,2,226.17
7231,2950,81,1,462.59
7232,2951,3,1,212.56
7233,2952,7,2,191.99
7234,2953,19,1,252.44
7235,2953,49,2,454.49
7236,2953,88,1,35032.49
7237,2953,20,1,17082.4
7238,2954,60,2,195.83
7239,2954,71,1,445.84
7240,2954,91,1,303.37
7241,2955,71,2,421.74
7242,2955,88,1,32925.28
7243,2955,45,2,62.74
7244,2955,20,1,16159.02
7245,2956,45,2,62.74
7246,2956,60,2,185.25
7247,2957,20,2,17082.4
7248,2957,60,2,195.83
7249,2957,5,2,179.51
7250,2958,21,1,1094.56
7251,2958,46,2,418.0
7252,2958,71,1,445.84
7253,2959,66,2,370.66
7254,2959,91,1,285.12
7255,2959,20,2,16159.02
7256,2959,9,2,601.52
7257,2960,1,1,478.92
7258,2961,21,1,1028.72
7259,2961,49,2,427.15
7260,2962,67,1,345.7
7261,2962,4,1,425.22
7262,2963,67,2,327.01
7263,2963,100,1,891.07
7264,2964,66,2,391.84
7265,2965,7,2,191.99
7266,2965,9,1,601.52
7267,2965,98,2,383.7
7268,2966,88,1,35032.49
7269,2966,97,1,294.26
7270,2966,67,1,345.7
7271,2966,46,1,418.0
7272,2967,4,2,402.23
7273,2968,98,2,408.26
7274,2968,91,1,303.37
7275,2969,60,2,195.83
7276,2969,4,2,425.22
7277,2969,5,1,179.51
7278,2969,8,2,271.89
7279,2970,42,1,22147.82
7280,2970,49,2,478.41
7281,2971,20,1,17659.5
7282,2971,24,2,71.13
7283,2971,81,1,479.98
7284,2972,19,2,247.33
7285,2972,1,1,468.12
7286,2972,28,2,330.85
7287,2972,24,2,67.0
7288,2973,31,2,247.7
7289,2973,45,2,65.25
7290,2973,77,1,222.52
7291,2974,1,1,468.12
7292,2974,4,1,416.6
7293,2974,42,2,23033.74
7294,2974,100,2,922.9
7295,2975,98,2,399.05
7296,2975,29,1,1069.84
7297,2976,66,2,405.08
7298,2976,9,1,657.38
7299,2976,10,2,247.17
7300,2977,81,1,452.15
7301,2977,91,2,296.53
7302,2977,20,2,16736.13
7303,2977,71,1,436.8
7304,2978,5,2,175.46
7305,2979,4,2,416.6
7306,2979,19,1,247.33
7307,2979,97,2,287.62
7308,2979,100,2,922.9
7309,2980,7,2,199.67
7310,2981,24,2,67.0
7311,2981,8,1,296.42
7312,2981,60,1,191.86
7313,2981,20,1,16736.13
7314,2982,97,1,305.32
7315,2982,24,2,71.13
7316,2983,9,1,623.01
7317,2983,21,2,1069.87
7318,2983,100,2,922.9
7319,2983,1,1,468.12
7320,2984,64,2,427.95
7321,2984,45,2,72.78
7322,2984,100,1,922.9
7323,2984,5,1,175.46
7324,2985,28,1,330.85
7325,2985,29,2,1069.84
7326,2985,8,2,296.42
7327,2985,81,2,452.15
7328,2986,24,2,71.13
7329,2986,92,1,29870.96
7330,2987,8,2,296.42
7331,2987,42,1,23033.74
7332,2988,24,2,71.13
7333,2988,4,1,439.58
7334,2988,1,2,496.92
7335,2989,92,1,29870.96
7336,2989,45,2,76.79
7337,2990,88,1,36349.5
7338,2990,98,1,469.65
7339,2991,49,2,522.83
7340,2991,29,2,1135.67
7341,2992,77,2,234.79
7342,2992,46,1,432.12
7343,2992,28,2,351.21
7344,2992,24,2,71.13
7345,2993,97,2,287.62
7346,2993,42,1,23033.74
7347,2993,49,1,495.49
7348,2994,100,2,922.9
7349,2995,29,1,1069.84
7350,2996,29,2,1069.84
7351,2996,42,1,23033.74
7352,2996,3,1,221.07
7353,2996,19,1,247.33
7354,2997,29,2,1069.84
7355,2997,21,2,1069.87
7356,2998,97,1,305.32
7357,2998,4,2,439.58
7358,2998,19,1,260.97
7359,2998,18,1,336.77
7360,2999,7,2,204.27
7361,2999,92,1,28788.67
7362,2999,24,2,68.55
7363,3000,7,1,204.27
7364,3001,64,1,413.2
7365,3001,45,2,70.27
7366,3001,10,2,223.89
7367,3002,29,1,1094.52
7368,3002,1,2,478.92
7369,3003,10,1,223.89
7370,3003,49,2,478.41
7371,3004,91,1,303.37
7372,3004,81,1,462.59
7373,3004,88,2,35032.49
7374,3004,1,1,478.92
7375,3005,29,2,1028.69
7376,3005,7,2,215.03
7377,3005,46,1,395.4
7378,3005,8,2,286.2
7379,3006,45,2,74.28
7380,3006,18,2,325.76
7381,3007,68,2,8972.8
7382,3007,77,2,214.84
7383,3007,46,2,395.4
7384,3008,29,1,1094.52
7385,3008,8,2,302.56
7386,3008,46,1,418.0
7387,3008,18,1,325.76
7388,3009,45,2,74.28
7389,3009,19,1,252.44
7390,3009,49,1,505.75
7391,3009,5,1,199.76
7392,3010,3,2,212.56
7393,3010,1,1,450.11
7394,3011,19,1,238.8
7395,3011,3,1,212.56
7396,3011,28,1,318.12
7397,3012,1,2,450.11
7398,3012,77,2,214.84
7399,3012,68,1,10049.54
7400,3012,19,1,238.8
7401,3013,24,2,64.42
7402,3013,92,1,30303.87
7403,3013,5,2,188.96
7404,3013,21,1,1028.72
7405,3014,45,1,70.27
7406,3014,10,1,223.89
7407,3014,91,1,285.12
7408,3014,68,1,10049.54
7409,3015,92,1,32035.52
7410,3016,1,2,504.13
7411,3016,46,1,395.4
7412,3016,3,2,212.56
7413,3017,10,1,238.22
7414,3018,45,1,74.28
7415,3018,97,2,327.45
7416,3018,5,2,199.76
7417,3018,1,2,532.93
7418,3019,29,1,1028.69
7419,3019,24,2,64.42
7420,3020,97,2,327.45
7421,3020,42,1,23565.29
7422,3020,91,1,303.37
7423,3020,1,1,532.93
7424,3021,21,2,1028.72
7425,3022,46,2,418.0
7426,3023,31,1,227.2
7427,3023,91,1,303.37
7428,3024,73,2,31444.09
7429,3024,96,2,345.75
7430,3024,20,2,15351.07
7431,3025,40,2,1052.14
7432,3025,24,1,64.42
7433,3025,19,1,238.8
7434,3025,96,1,324.95
7435,3026,34,1,647.1
7436,3027,55,2,234.16
7437,3027,29,1,1094.52
7438,3027,43,1,481.02
7439,3028,9,1,537.08
7440,3028,97,2,276.56
7441,3028,34,1,647.1
7442,3029,97,1,276.56
7443,3030,28,1,330.85
7444,3030,89,1,231.05
7445,3031,4,1,373.5
7446,3031,73,1,30734.82
7447,3031,40,2,1220.48
7448,3031,78,1,12794.89
7449,3032,21,1,1069.87
7450,3032,49,2,495.49
7451,3032,76,2,230.01
7452,3032,96,1,337.95
7453,3033,42,2,23033.74
7454,3033,100,1,827.42
7455,3034,73,1,30734.82
7456,3034,49,1,495.49
7457,3034,64,2,383.68
7458,3034,18,1,319.16
7459,3035,55,1,228.88
7460,3036,95,1,21766.35
7461,3036,10,2,232.84
7462,3036,89,2,231.05
7463,3036,4,1,373.5
7464,3037,81,1,479.98
7465,3037,31,1,235.75
7466,3038,81,1,452.15
7467,3038,43,2,470.17
7468,3038,96,1,337.95
7469,3038,37,2,1002.24
7470,3039,88,1,34242.29
7471,3040,92,1,31386.15
7472,3040,1,2,522.13
7473,3041,34,1,672.98
7474,3042,22,1,331.02
7475,3042,88,1,36349.5
7476,3043,81,1,479.98
7477,3043,92,2,33117.8
7478,3043,29,2,1135.67
7479,3043,100,2,878.34
7480,3044,19,1,247.33
7481,3044,89,2,231.05
7482,3044,43,1,470.17
7483,3044,53,1,882.53
7484,3045,89,1,245.27
7485,3045,73,2,32626.19
7486,3046,100,2,827.42
7487,3046,29,1,1193.28
7488,3047,95,2,21766.35
7489,3047,55,2,228.88
7490,3048,81,2,479.98
7491,3048,9,1,592.93
7492,3048,21,2,1135.71
7493,3048,40,2,1287.82
7494,3049,55,1,242.96
7495,3050,96,2,337.95
7496,3050,20,1,15004.81
7497,3051,68,2,10408.45
7498,3051,91,2,296.53
7499,3051,42,1,23033.74
7500,3051,66,1,344.19
7501,3052,81,1,452.15
7502,3052,95,1,21766.35
7503,3052,24,2,74.73
7504,3052,92,2,31386.15
7505,3053,68,1,10408.45
7506,3053,97,2,287.62
7507,3053,21,2,1069.87
7508,3054,85,1,385.5
7509,3054,73,1,32626.19
7510,3054,7,1,211.95
7511,3055,34,1,714.4
7512,3055,81,2,479.98
7513,3055,43,2,499.1
7514,3056,76,1,244.16
7515,3056,85,2,385.5
7516,3057,100,1,827.42
7517,3058,78,1,12794.89
7518,3058,1,2,522.13
7519,3058,73,1,30734.82
7520,3058,89,1,231.05
7521,3059,78,1,14271.22
7522,3059,7,1,199.67
7523,3059,85,2,363.16
7524,3059,91,1,296.53
7525,3060,95,1,21766.35
7526,3060,24,1,74.73
7527,3060,29,1,1193.28
7528,3061,98,2,445.09
7529,3061,73,2,30734.82
7530,3061,7,1,199.67
7531,3061,76,1,230.01
7532,3062,10,2,232.84
7533,3062,21,1,1193.32
7534,3062,28,1,330.85
7535,3063,88,1,34242.29
7536,3064,1,1,522.13
7537,3064,95,1,21766.35
7538,3064,3,2,221.07
7539,3064,20,2,15004.81
7540,3065,81,2,452.15
7541,3065,18,2,319.16
7542,3066,68,1,10408.45
7543,3067,3,2,221.07
7544,3068,1,2,504.13
7545,3068,97,2,276.56
7546,3068,100,2,795.6
7547,3068,95,2,23440.69
7548,3069,4,1,359.14
7549,3069,78,2,13779.11
7550,3069,92,1,30303.87
7551,3069,21,2,1152.17
7552,3070,10,1,223.89
7553,3070,1,1,504.13
7554,3070,29,1,1152.13
7555,3071,1,1,532.93
7556,3071,4,1,382.12
7557,3072,64,1,392.54
7558,3072,98,2,454.3
7559,3072,40,2,1245.73
7560,3073,68,2,10623.8
7561,3073,78,2,14566.49
7562,3073,18,1,325.76
7563,3073,89,2,236.38
7564,3074,73,1,31444.09
7565,3075,92,1,32035.52
7566,3075,73,1,31444.09
7567,3075,20,2,15351.07
7568,3076,95,2,23440.69
7569,3076,4,1,359.14
7570,3076,3,2,212.56
7571,3077,7,2,204.27
7572,3077,66,1,352.13
7573,3077,42,1,23565.29
7574,3077,95,2,24780.16
7575,3078,92,2,30303.87
7576,3078,5,2,188.96
7577,3078,97,1,276.56
7578,3078,53,2,950.42
7579,3079,3,1,212.56
7580,3080,78,1,14566.49
7581,3080,21,2,1218.01
7582,3080,3,2,226.17
7583,3080,97,1,294.26
7584,3081,43,2,452.09
7585,3081,7,2,191.99
7586,3081,24,1,72.16
7587,3082,88,1,32925.28
7588,3082,24,2,72.16
7589,3082,9,1,537.08
7590,3083,96,2,345.75
7591,3083,73,2,31444.09
7592,3083,42,1,23565.29
7593,3084,21,1,1152.17
7594,3085,28,1,338.49
7595,3085,22,1,355.01
7596,3085,53,2,1004.73
7597,3086,55,1,246.48
7598,3086,42,1,22147.82
7599,3087,20,2,15351.07
7600,3087,98,1,454.3
7601,3088,76,2,221.16
7602,3089,66,1,352.13
7603,3090,97,1,294.26
7604,3091,76,2,235.32
7605,3092,7,1,204.27
7606,3092,5,1,199.76
7607,3093,66,2,352.13
7608,3093,29,2,1217.97
7609,3093,28,2,338.49
7610,3094,40,2,1178.39
7611,3094,68,1,10049.54
7612,3094,22,2,335.82
7613,3094,34,2,647.1
7614,3095,91,2,285.12
7615,3095,43,2,452.09
7616,3096,88,1,35032.49
7617,3097,98,2,429.74
7618,3097,76,2,221.16
7619,3098,24,1,76.28
7620,3099,7,2,191.99
7621,3100,76,1,221.16
7622,3100,64,1,368.92
7623,3100,97,1,276.56
7624,3101,89,1,222.16
7625,3101,3,1,238.07
7626,3101,42,1,22147.82
7627,3102,76,2,221.16
7628,3102,100,2,795.6
7629,3102,66,1,330.95
7630,3102,10,1,223.89
7631,3103,73,2,31444.09
7632,3103,31,2,227.2
7633,3103,92,2,32035.52
7634,3103,78,2,14566.49
7635,3104,9,1,571.45
7636,3104,98,1,454.3
7637,3104,3,1,251.67
7638,3105,96,1,345.75
7639,3105,7,2,204.27
7640,3106,81,2,479.98
7641,3106,78,1,15058.6
7642,3106,29,1,1259.11
7643,3107,78,1,14271.22
7644,3107,76,2,230.01
7645,3108,31,1,222.08
7646,3109,10,1,232.84
7647,3110,24,1,78.86
7648,3111,37,2,1063.91
7649,3111,85,2,385.5
7650,3111,29,2,1259.11
7651,3112,40,1,1287.82
7652,3112,55,1,269.37
7653,3112,5,1,206.5
7654,3113,92,1,31386.15
7655,3113,9,2,558.56
7656,3114,9,2,592.93
7657,3115,40,1,1287.82
7658,3116,9,2,558.56
7659,3117,88,2,34242.29
7660,3117,91,2,296.53
7661,3118,7,1,199.67
7662,3118,81,2,452.15
7663,3119,9,1,592.93
7664,3119,40,2,1287.82
7665,3119,89,2,245.27
7666,3119,10,2,247.17
7667,3120,20,2,15928.18
7668,3120,64,1,407.29
7669,3121,89,2,231.05
7670,3122,37,2,1002.24
7671,3122,97,2,287.62
7672,3122,22,2,347.81
7673,3122,9,2,558.56
7674,3123,73,2,30734.82
7675,3123,88,1,34242.29
7676,3123,96,1,337.95
7677,3124,10,1,274.04
7678,3124,64,1,407.29
7679,3124,85,1,385.5
7680,3125,22,2,347.81
7681,3126,100,1,878.34
7682,3126,22,2,367.0
7683,3126,31,1,235.75
7684,3127,89,1,231.05
7685,3127,88,1,34242.29
7686,3127,98,2,445.09
7687,3128,37,2,1117.88
7688,3129,9,1,558.56
7689,3130,37,2,1179.55
7690,3130,31,2,235.75
7691,3130,21,2,1259.16
7692,3130,66,1,365.37
7693,3131,76,1,230.01
7694,3131,55,2,255.29
7695,3131,42,1,23033.74
7696,3131,73,1,30734.82
7697,3132,66,1,365.37
7698,3132,95,2,25617.33
7699,3132,24,1,78.86
7700,3133,31,1,235.75
7701,3133,43,2,499.1
7702,3133,24,2,78.86
7703,3133,37,1,1179.55
7704,3134,53,2,984.36
7705,3135,89,2,231.05
7706,3136,95,1,25617.33
7707,3136,20,1,15928.18
7708,3137,89,1,231.05
7709,3137,81,2,452.15
7710,3138,22,2,367.0
7711,3138,88,2,36349.5
7712,3138,3,1,260.18
7713,3139,42,2,23033.74
7714,3139,91,2,296.53
7715,3140,89,2,231.05
7716,3140,37,1,1117.88
7717,3140,21,2,1193.32
7718,3141,98,1,469.65
7719,3142,73,2,32626.19
7720,3142,95,1,25617.33
7721,3142,7,1,211.95
7722,3143,78,2,15058.6
7723,3144,100,1,878.34
7724,3144,64,1,407.29
7725,3145,100,2,878.34
7726,3145,78,1,15058.6
7727,3146,64,2,383.68
7728,3146,7,2,199.67
7729,3146,91,1,296.53
7730,3147,85,1,385.5
7731,3147,22,2,367.0
7732,3147,37,1,1179.55
7733,3147,64,2,407.29
7734,3148,34,1,750.64
7735,3149,34,1,750.64
7736,3149,7,1,199.67
7737,3149,20,2,15004.81
7738,3150,89,2,257.71
7739,3150,88,1,34242.29
7740,3150,42,2,23033.74
7741,3151,21,2,1193.32
7742,3151,7,1,199.67
7743,3151,28,1,369.02
7744,3152,85,2,349.19
7745,3153,34,1,724.75
7746,3153,97,2,276.56
7747,3153,43,1,452.09
7748,3154,43,1,452.09
7749,3154,85,2,349.19
7750,3154,91,1,285.12
7751,3155,34,1,724.75
7752,3155,64,2,368.92
7753,3155,43,1,452.09
7754,3156,53,1,950.42
7755,3157,55,2,246.48
7756,3158,9,1,571.45
7757,3158,20,1,15351.07
7758,3158,76,1,235.32
7759,3159,97,2,294.26
7760,3159,89,2,263.04
7761,3160,88,2,35032.49
7762,3160,37,1,1141.01
7763,3161,55,2,260.57
7764,3161,97,2,294.26
7765,3161,7,2,204.27
7766,3162,100,2,846.52
7767,3162,91,1,303.37
7768,3162,76,1,235.32
7769,3162,55,2,260.57
7770,3163,64,2,436.81
7771,3163,43,2,481.02
7772,3163,97,1,294.26
7773,3163,34,2,766.17
7774,3164,20,2,14427.7
7775,3165,100,1,795.6
7776,3165,85,2,349.19
7777,3165,96,2,324.95
7778,3166,85,2,349.19
7779,3166,34,2,724.75
7780,3167,76,2,221.16
7781,3167,42,2,22147.82
7782,3168,3,1,251.67
7783,3168,9,1,571.45
7784,3169,9,2,537.08
7785,3169,20,2,14427.7
7786,3170,37,1,1079.33
7787,3170,7,2,215.03
7788,3171,37,1,1141.01
7789,3171,81,2,462.59
7790,3172,10,1,250.75
7791,3172,42,2,22147.82
7792,3173,43,2,481.02
7793,3173,55,2,260.57
7794,3173,73,2,31444.09
7795,3173,64,2,436.81
7796,3174,31,2,227.2
7797,3175,7,2,215.03
7798,3175,10,2,250.75
7799,3175,37,1,1079.33
7800,3175,31,1,239.16
7801,3176,55,1,260.57
7802,3177,10,1,250.75
7803,3178,42,1,24805.56
7804,3178,66,1,330.95
7805,3178,81,2,434.76
7806,3179,97,2,294.26
7807,3180,9,1,571.45
7808,3180,96,1,345.75
7809,3180,43,2,481.02
7810,3181,66,2,330.95
7811,3181,85,1,349.19
7812,3182,7,2,227.31
7813,3182,73,2,31444.09
7814,3182,55,1,260.57
7815,3182,42,2,26223.02
7816,3183,27,1,16920.01
7817,3183,85,2,363.16
7818,3183,100,2,827.42
7819,3183,64,2,427.95
7820,3184,96,1,358.74
7821,3184,85,1,385.5
7822,3185,60,2,182.6
7823,3186,47,1,612.04
7824,3187,10,1,259.71
7825,3187,1,2,468.12
7826,3187,88,2,34242.29
7827,3188,20,2,15004.81
7828,3188,4,1,373.5
7829,3188,2,2,226.66
7830,3188,91,2,296.53
7831,3189,60,1,172.02
7832,3189,88,1,34242.29
7833,3189,27,2,16920.01
7834,3190,48,1,373.21
7835,3190,1,2,496.92
7836,3190,9,2,592.93
7837,3190,3,1,260.18
7838,3191,33,2,429.16
7839,3191,47,2,576.56
7840,3191,97,2,287.62
7841,3192,48,2,351.57
7842,3192,100,1,827.42
7843,3192,66,2,344.19
7844,3193,81,1,479.98
7845,3193,44,1,1215.99
7846,3193,60,2,182.6
7847,3194,100,2,827.42
7848,3194,97,1,287.62
7849,3195,32,2,211.5
7850,3195,31,2,247.7
7851,3196,73,2,32626.19
7852,3196,81,1,479.98
7853,3196,7,1,211.95
7854,3197,28,1,369.02
7855,3197,76,1,230.01
7856,3197,8,1,265.76
7857,3197,2,1,226.66
7858,3198,4,2,373.5
7859,3199,88,2,36349.5
7860,3199,44,1,1215.99
7861,3199,96,1,358.74
7862,3199,27,1,17961.24
7863,3200,91,2,314.78
7864,3200,33,2,455.57
7865,3201,88,1,36349.5
7866,3201,53,1,936.84
7867,3201,30,2,368.39
7868,3202,85,2,385.5
7869,3202,2,2,266.76
7870,3202,8,1,282.11
7871,3203,27,1,16920.01
7872,3203,44,1,1277.67
7873,3204,2,2,252.81
7874,3205,43,1,499.1
7875,3205,48,1,373.21
7876,3206,32,1,211.5
7877,3206,61,2,202.88
7878,3206,47,2,576.56
7879,3207,33,1,455.57
7880,3207,89,2,245.27
7881,3207,34,1,792.05
7882,3208,91,1,314.78
7883,3209,8,1,282.11
7884,3209,70,1,263.17
7885,3209,97,2,305.32
7886,3210,2,2,266.76
7887,3211,48,1,351.57
7888,3211,97,2,287.62
7889,3211,34,1,750.64
7890,3211,27,1,16920.01
7891,3212,81,2,452.15
7892,3212,31,1,247.7
7893,3212,27,2,16920.01
7894,3212,20,1,15004.81
7895,3213,61,2,215.36
7896,3214,70,1,263.17
7897,3214,4,1,396.49
7898,3215,81,1,532.15
7899,3216,4,2,373.5
7900,3216,27,2,16920.01
7901,3216,32,2,211.5
7902,3216,8,2,265.76
7903,3217,33,2,429.16
7904,3217,37,2,1002.24
7905,3217,81,1,504.32
7906,3217,48,1,351.57
7907,3218,61,2,202.88
7908,3218,33,2,429.16
7909,3218,53,2,882.53
7910,3218,20,2,15004.81
7911,3219,1,2,468.12
7912,3220,4,2,373.5
7913,3220,76,2,230.01
7914,3221,20,2,16736.13
7915,3221,42,1,25691.48
7916,3222,4,2,359.14
7917,3223,97,1,276.56
7918,3223,70,2,238.38
7919,3223,30,2,333.69
7920,3223,28,2,356.3
7921,3224,27,1,16269.24
7922,3224,60,1,165.4
7923,3224,97,1,276.56
7924,3224,81,1,486.93
7925,3225,53,2,848.59
7926,3225,7,1,191.99
7927,3225,81,2,486.93
7928,3225,34,1,724.75
7929,3226,73,2,29552.71
7930,3226,61,1,195.07
7931,3226,64,1,413.2
7932,3227,100,2,891.07
7933,3227,37,2,963.69
7934,3228,27,1,17310.47
7935,3228,1,1,478.92
7936,3228,97,1,294.26
7937,3228,73,1,31444.09
7938,3229,32,1,203.36
7939,3229,53,2,848.59
7940,3230,2,2,244.09
7941,3230,42,1,24805.56
7942,3230,37,2,963.69
7943,3231,66,1,352.13
7944,3232,7,2,204.27
7945,3232,97,1,294.26
7946,3233,73,2,29552.71
7947,3234,97,1,276.56
7948,3234,53,2,848.59
7949,3235,27,1,18221.55
7950,3235,9,2,537.08
7951,3235,44,1,1233.61
7952,3236,7,1,191.99
7953,3236,42,1,24805.56
7954,3237,88,1,32925.28
7955,3237,9,2,537.08
7956,3237,89,2,222.16
7957,3238,96,2,324.95
7958,3238,37,2,963.69
7959,3239,64,2,436.81
7960,3239,96,1,345.75
7961,3239,60,2,175.99
7962,3240,37,2,963.69
7963,3240,2,1,244.09
7964,3241,27,1,18221.55
7965,3241,81,1,486.93
7966,3241,20,1,16159.02
7967,3242,85,1,371.54
7968,3242,43,1,481.02
7969,3242,70,2,253.63
7970,3243,9,1,537.08
7971,3244,48,1,338.05
7972,3244,10,1,250.75
7973,3244,70,1,238.38
7974,3245,42,2,24805.56
7975,3245,43,1,452.09
7976,3246,20,2,16159.02
7977,3247,100,2,941.99
7978,3247,43,1,481.02
7979,3248,44,2,1233.61
7980,3248,91,1,285.12
7981,3248,30,2,333.69
7982,3249,76,1,221.16
7983,3249,60,2,165.4
7984,3249,8,1,286.2
7985,3250,3,2,238.07
7986,3250,30,1,333.69
7987,3251,27,2,18221.55
7988,3251,9,1,537.08
7989,3252,10,1,250.75
7990,3253,89,2,222.16
7991,3253,96,1,324.95
7992,3253,9,2,537.08
7993,3253,64,2,413.2
7994,3254,88,2,32925.28
7995,3254,28,1,356.3
7996,3254,96,1,324.95
7997,3255,27,2,18221.55
7998,3255,4,2,359.14
7999,3255,89,2,222.16
8000,3256,3,1,238.07
8001,3256,42,1,24805.56
8002,3256,60,2,165.4
8003,3257,53,2,848.59
8004,3257,66,2,330.95
8005,3258,66,2,330.95
8006,3258,2,1,244.09
8007,3259,61,2,195.07
8008,3260,81,1,514.76
8009,3260,53,1,1004.73
8010,3261,1,2,478.92
8011,3262,20,2,16159.02
8012,3263,44,2,1233.61
8013,3263,91,2,285.12
8014,3264,44,2,1348.16
8015,3264,76,2,270.7
8016,3264,10,2,274.04
8017,3265,64,1,427.95
8018,3265,61,1,202.88
8019,3265,96,1,337.95
8020,3266,4,2,373.5
8021,3267,31,1,261.37
8022,3267,70,2,263.17
8023,3267,60,1,182.6
8024,3268,8,1,312.78
8025,3268,96,1,358.74
8026,3269,4,2,396.49
8027,3269,20,1,17659.5
8028,3269,91,1,314.78
8029,3269,88,1,36349.5
8030,3270,43,1,470.17
8031,3270,42,1,25691.48
8032,3271,81,2,504.32
8033,3271,53,2,984.36
8034,3272,70,2,263.17
8035,3272,44,2,1348.16
8036,3272,64,1,451.56
8037,3273,91,2,296.53
8038,3274,61,2,215.36
8039,3274,100,2,973.81
8040,3275,4,2,396.49
8041,3275,66,1,365.37
8042,3275,76,1,270.7
8043,3276,61,1,202.88
8044,3276,88,1,34242.29
8045,3276,2,1,252.81
8046,3277,42,2,27108.94
8047,3277,66,1,365.37
8048,3277,89,2,245.27
8049,3277,47,2,612.04
8050,3278,53,2,1038.67
8051,3278,61,1,215.36
8052,3278,42,1,27108.94
8053,3278,76,2,270.7
8054,3279,1,2,468.12
8055,3279,31,1,247.7
8056,3279,60,1,172.02
8057,3280,32,2,224.51
8058,3280,9,2,592.93
8059,3281,61,2,215.36
8060,3282,31,1,247.7
8061,3282,37,2,1002.24
8062,3283,66,2,344.19
8063,3283,2,1,252.81
8064,3284,7,1,199.67
8065,3284,3,1,246.57
8066,3284,1,1,468.12
8067,3284,33,1,429.16
8068,3285,48,1,351.57
8069,3285,30,2,347.04
8070,3285,61,2,202.88
8071,3285,32,1,211.5
8072,3286,100,1,922.9
8073,3286,53,1,984.36
8074,3286,1,1,468.12
8075,3286,28,1,369.02
8076,3287,30,2,368.39
8077,3287,73,2,36172.52
8078,3287,66,2,365.37
8079,3288,32,1,211.5
8080,3289,61,1,202.88
8081,3289,66,1,344.19
8082,3289,91,1,296.53
8083,3290,100,2,922.9
8084,3291,33,2,429.16
8085,3291,60,2,172.02
8086,3291,2,1,252.81
8087,3291,73,1,34281.15
8088,3292,30,2,368.39
8089,3292,61,1,215.36
8090,3292,96,2,358.74
8091,3292,53,1,1038.67
8092,3293,100,2,922.9
8093,3293,43,1,524.42
8094,3293,33,1,429.16
8095,3294,30,1,368.39
8096,3294,43,1,553.36
8097,3294,91,1,314.78
8098,3294,61,1,215.36
8099,3295,27,2,19913.55
8100,3295,30,1,368.39
8101,3296,28,2,389.38
8102,3296,88,1,36349.5
8103,3296,48,1,413.77
8104,3297,85,2,385.5
8105,3297,4,1,396.49
8106,3297,1,2,496.92
8107,3297,30,2,408.43
8108,3298,89,2,245.27
8109,3299,53,2,984.36
8110,3300,20,1,17082.4
8111,3300,43,2,535.27
8112,3300,7,2,204.27
8113,3300,9,1,635.9
8114,3301,81,2,486.93
8115,3302,91,1,285.12
8116,3302,47,2,554.39
8117,3302,60,2,165.4
8118,3302,70,1,266.98
8119,3303,44,1,1233.61
8120,3303,88,1,32925.28
8121,3303,20,1,16159.02
8122,3303,70,1,266.98
8123,3304,1,2,532.93
8124,3304,44,1,1304.1
8125,3304,97,2,294.26
8126,3304,28,1,376.66
8127,3305,76,1,247.7
8128,3305,48,2,378.62
8129,3305,30,2,373.73
8130,3305,91,2,285.12
8131,3306,4,2,382.12
8132,3306,73,1,34990.41
8133,3306,91,2,303.37
8134,3307,48,1,378.62
8135,3307,7,1,191.99
8136,3308,70,1,282.24
8137,3308,43,2,535.27
8138,3308,32,2,216.38
8139,3309,61,2,218.48
8140,3309,88,1,32925.28
8141,3309,66,2,330.95
8142,3310,27,1,19262.78
8143,3310,7,2,204.27
8144,3311,2,1,258.04
8145,3311,97,2,294.26
8146,3312,7,2,204.27
8147,3312,60,2,175.99
8148,3313,85,1,371.54
8149,3313,97,2,327.45
8150,3313,60,1,175.99
8151,3314,60,1,175.99
8152,3314,89,2,236.38
8153,3314,8,2,302.56
8154,3314,66,1,391.84
8155,3315,70,2,282.24
8156,3315,8,2,302.56
8157,3316,81,1,486.93
8158,3316,66,2,370.66
8159,3316,20,1,16159.02
8160,3316,88,2,32925.28
8161,3317,66,2,391.84
8162,3317,96,1,345.75
8163,3317,4,1,425.22
8164,3317,47,2,589.87
8165,3318,7,1,191.99
8166,3318,85,1,349.19
8167,3318,76,2,247.7
8168,3318,4,1,402.23
8169,3319,48,2,400.25
8170,3319,97,1,327.45
8171,3319,4,2,425.22
8172,3319,53,2,1004.73
8173,3320,89,2,236.38
8174,3320,4,2,425.22
8175,3321,66,1,391.84
8176,3321,37,1,1025.36
8177,3322,32,2,227.77
8178,3322,7,1,191.99
8179,3322,76,2,247.7
8180,3323,89,2,236.38
8181,3324,89,2,222.16
8182,3324,85,1,349.19
8183,3325,88,1,32925.28
8184,3325,91,2,285.12
8185,3326,96,1,363.94
8186,3326,4,2,402.23
8187,3326,97,1,309.75
8188,3326,66,1,370.66
8189,3327,33,2,462.17
8190,3327,7,2,191.99
8191,3327,88,1,32925.28
8192,3327,53,2,950.42
8193,3328,66,2,370.66
8194,3329,32,1,227.77
8195,3329,85,2,349.19
8196,3329,37,1,963.69
8197,3330,53,1,1004.73
8198,3330,37,1,1025.36
8199,3331,89,1,231.05
8200,3331,85,1,363.16
8201,3331,88,2,34242.29
8202,3332,96,2,397.74
8203,3332,48,1,413.77
8204,3332,37,2,1063.91
8205,3332,32,1,248.92
8206,3333,4,2,416.6
8207,3333,96,2,376.94
8208,3334,33,1,478.67
8209,3334,85,2,363.16
8210,3334,73,2,34281.15
8211,3334,43,1,524.42
8212,3335,33,1,505.08
8213,3336,96,2,397.74
8214,3336,9,1,657.38
8215,3336,8,2,312.78
8216,3337,8,2,296.42
8217,3337,43,1,524.42
8218,3337,66,1,383.9
8219,3338,1,1,522.13
8220,3338,37,1,1117.88
8221,3338,91,1,296.53
8222,3339,60,1,172.02
8223,3339,70,1,276.51
8224,3339,48,1,392.14
8225,3339,7,2,222.71
8226,3340,33,2,505.08
8227,3340,37,2,1179.55
8228,3341,85,1,363.16
8229,3341,96,1,376.94
8230,3341,89,2,231.05
8231,3342,61,1,238.77
8232,3342,1,2,550.94
8233,3342,60,1,182.6
8234,3343,97,2,320.81
8235,3343,33,2,478.67
8236,3343,37,1,1117.88
8237,3344,97,2,320.81
8238,3344,37,1,1117.88
8239,3345,61,2,238.77
8240,3345,60,1,182.6
8241,3345,1,1,550.94
8242,3345,32,1,248.92
8243,3346,43,1,524.42
8244,3347,1,2,550.94
8245,3347,33,2,505.08
8246,3348,15,2,175.67
8247,3348,1,2,522.13
8248,3348,47,2,576.56
8249,3348,34,1,672.98
8250,3349,1,2,550.94
8251,3350,33,2,478.67
8252,3350,83,2,8109.32
8253,3351,60,2,172.02
8254,3351,27,1,18872.32
8255,3352,73,1,32626.19
8256,3352,89,2,245.27
8257,3352,85,2,385.5
8258,3352,43,1,553.36
8259,3353,68,2,9331.71
8260,3353,72,2,402.56
8261,3353,48,1,392.14
8262,3353,90,1,746.72
8263,3354,24,1,71.13
8264,3354,73,2,32626.19
8265,3354,97,1,338.51
8266,3354,37,1,1179.55
8267,3355,72,2,402.56
8268,3356,78,2,13582.26
8269,3356,3,1,234.67
8270,3356,60,1,182.6
8271,3356,88,1,36349.5
8272,3357,78,1,12794.89
8273,3357,81,2,452.15
8274,3358,73,2,30734.82
8275,3358,96,2,337.95
8276,3358,43,2,524.42
8277,3359,8,2,296.42
8278,3359,90,2,746.72
8279,3359,43,1,524.42
8280,3359,92,1,28139.31
8281,3360,85,2,363.16
8282,3361,70,2,276.51
8283,3361,68,2,9331.71
8284,3362,91,2,296.53
8285,3362,32,1,235.9
8286,3362,24,1,67.0
8287,3362,85,1,363.16
8288,3363,49,1,444.24
8289,3364,89,2,231.05
8290,3364,8,1,296.42
8291,3364,9,2,623.01
8292,3365,72,1,427.33
8293,3366,7,2,234.99
8294,3367,34,1,714.4
8295,3367,48,1,413.77
8296,3368,83,2,8608.36
8297,3368,7,1,234.99
8298,3368,49,1,471.57
8299,3369,89,2,231.05
8300,3369,72,2,402.56
8301,3370,37,2,1141.01
8302,3370,76,1,261.86
8303,3370,70,2,282.24
8304,3370,30,1,355.04
8305,3371,20,2,15351.07
8306,3371,91,1,303.37
8307,3372,72,2,387.08
8308,3372,85,2,349.19
8309,3373,85,1,349.19
8310,3373,81,2,434.76
8311,3374,3,1,226.17
8312,3374,49,1,454.49
8313,3374,4,2,425.22
8314,3374,89,1,236.38
8315,3375,30,2,333.69
8316,3375,20,1,14427.7
8317,3375,89,2,222.16
8318,3376,20,2,14427.7
8319,3377,34,1,688.51
8320,3377,70,1,282.24
8321,3378,20,1,15351.07
8322,3378,3,1,226.17
8323,3378,15,1,179.72
8324,3379,78,1,12302.77
8325,3380,32,2,227.77
8326,3381,20,1,14427.7
8327,3381,61,2,218.48
8328,3381,91,1,285.12
8329,3382,34,1,647.1
8330,3382,49,2,427.15
8331,3383,37,2,1141.01
8332,3383,88,2,35032.49
8333,3384,88,2,35032.49
8334,3385,72,1,387.08
8335,3385,34,2,647.1
8336,3385,15,2,168.91
8337,3386,9,1,635.9
8338,3386,15,2,179.72
8339,3386,48,1,400.25
8340,3387,91,1,285.12
8341,3387,49,1,427.15
8342,3387,85,1,349.19
8343,3388,32,2,227.77
8344,3388,49,2,427.15
8345,3388,96,1,324.95
8346,3389,3,1,226.17
8347,3389,34,2,688.51
8348,3389,48,1,400.25
8349,3390,63,1,149.99
8350,3391,47,2,554.39
8351,3391,19,1,213.21
8352,3392,30,2,333.69
8353,3393,89,1,236.38
8354,3393,85,2,371.54
8355,3393,37,2,1141.01
8356,3394,9,2,601.52
8357,3394,96,2,324.95
8358,3394,30,2,333.69
8359,3394,68,1,8972.8
8360,3395,20,1,14427.7
8361,3395,68,2,8972.8
8362,3395,61,1,218.48
8363,3395,70,1,266.98
8364,3396,7,2,215.03
8365,3396,92,1,27057.02
8366,3397,78,1,13090.15
8367,3397,49,1,454.49
8368,3397,24,2,68.55
8369,3397,66,1,391.84
8370,3398,96,1,345.75
8371,3398,91,2,303.37
8372,3398,7,1,227.31
8373,3398,34,2,688.51
8374,3399,24,1,68.55
8375,3400,91,2,285.12
8376,3400,96,2,324.95
8377,3400,24,2,64.42
8378,3401,9,1,601.52
8379,3401,37,1,1079.33
8380,3401,66,2,370.66
8381,3402,88,1,32925.28
8382,3403,66,1,405.08
8383,3404,90,2,792.67
8384,3405,34,2,714.4
8385,3405,30,1,368.39
8386,3405,49,1,471.57
8387,3406,96,1,337.95
8388,3407,3,2,221.07
8389,3407,85,2,363.16
8390,3407,61,2,226.29
8391,3408,83,1,8608.36
8392,3408,73,2,32626.19
8393,3408,19,2,235.39
8394,3409,72,2,402.56
8395,3409,83,2,8109.32
8396,3410,85,2,385.5
8397,3410,72,1,427.33
8398,3411,63,1,155.99
8399,3411,85,2,363.16
8400,3411,88,1,34242.29
8401,3412,85,1,363.16
8402,3412,37,1,1117.88
8403,3412,89,2,231.05
8404,3412,96,1,376.94
8405,3413,20,1,15928.18
8406,3413,90,1,792.67
8407,3413,49,2,471.57
8408,3414,91,1,296.53
8409,3415,7,1,222.71
8410,3415,60,2,172.02
8411,3415,83,2,8109.32
8412,3416,88,1,36349.5
8413,3417,68,1,9331.71
8414,3417,72,2,402.56
8415,3417,61,1,226.29
8416,3418,3,2,221.07
8417,3419,90,2,746.72
8418,3419,96,2,376.94
8419,3419,30,1,347.04
8420,3420,68,1,9331.71
8421,3420,63,2,155.99
8422,3420,83,1,8109.32
8423,3420,60,2,172.02
8424,3421,20,1,15928.18
8425,3421,89,1,271.93
8426,3421,73,1,36172.52
8427,3421,3,2,234.67
8428,3422,68,2,9331.71
8429,3422,49,1,495.49
8430,3422,90,1,746.72
8431,3423,78,2,12794.89
8432,3424,63,1,155.99
8433,3425,15,2,206.75
8434,3426,24,2,71.13
8435,3426,3,1,234.67
8436,3426,19,2,235.39
8437,3427,30,1,347.04
8438,3428,19,1,221.74
8439,3428,89,1,257.71
8440,3428,81,1,504.32
8441,3428,96,2,376.94
8442,3429,88,1,34242.29
8443,3430,81,2,532.15
8444,3431,72,1,402.56
8445,3431,85,1,363.16
8446,3431,88,1,34242.29
8447,3431,68,2,9331.71
8448,3432,20,1,15004.81
8449,3432,90,2,746.72
8450,3432,49,2,495.49
8451,3432,15,2,195.94
8452,3433,15,1,195.94
8453,3434,19,2,221.74
8454,3434,78,1,12794.89
8455,3434,24,2,67.0
8456,3434,30,1,347.04
8457,3435,9,1,623.01
8458,3435,49,1,495.49
8459,3436,72,2,402.56
8460,3436,88,1,38193.32
8461,3436,9,2,623.01
8462,3437,89,1,257.71
8463,3437,49,2,495.49
8464,3437,96,1,376.94
8465,3438,3,1,221.07
8466,3439,49,2,505.75
8467,3439,47,2,589.87
8468,3439,73,2,34990.41
8469,3440,72,1,387.08
8470,3440,61,1,218.48
8471,3440,63,1,149.99
8472,3441,61,1,218.48
8473,3441,9,1,601.52
8474,3442,90,1,718.0
8475,3442,34,1,647.1
8476,3442,72,1,387.08
8477,3443,92,1,28788.67
8478,3443,20,2,15351.07
8479,3444,92,1,27057.02
8480,3444,30,2,333.69
8481,3445,78,1,13779.11
8482,3446,68,1,8972.8
8483,3446,89,1,248.82
8484,3446,81,1,486.93
8485,3446,60,1,165.4
8486,3447,30,1,333.69
8487,3447,34,2,647.1
8488,3448,49,2,478.41
8489,3448,60,1,185.25
8490,3449,20,2,14427.7
8491,3449,73,2,33099.04
8492,3449,78,1,13779.11
8493,3449,19,1,213.21
8494,3450,88,1,36876.31
8495,3450,85,2,391.09
8496,3450,91,2,285.12
8497,3451,30,1,333.69
8498,3452,72,1,387.08
8499,3452,60,2,185.25
8500,3452,49,1,478.41
8501,3453,60,1,185.25
8502,3453,90,2,718.0
8503,3453,63,2,149.99
8504,3454,47,2,620.91
8505,3454,15,2,189.18
8506,3454,72,1,387.08
8507,3455,20,1,15351.07
8508,3455,19,1,226.86
8509,3455,34,1,688.51
8510,3455,81,2,514.76
8511,3456,68,1,9547.06
8512,3456,63,1,159.59
8513,3456,90,1,763.95
8514,3456,19,2,226.86
8515,3457,68,1,9547.06
8516,3457,72,2,411.85
8517,3457,15,1,199.99
8518,3458,72,2,387.08
8519,3459,19,2,226.86
8520,3460,91,1,319.34
8521,3461,92,1,27057.02
8522,3462,20,1,15351.07
8523,3462,81,2,514.76
8524,3462,72,2,411.85
8525,3462,83,1,8296.46
8526,3463,92,1,27057.02
8527,3463,19,2,213.21
8528,3463,83,1,7797.42
8529,3463,72,2,387.08
8530,3464,90,1,763.95
8531,3464,63,1,159.59
8532,3464,20,1,15351.07
8533,3464,34,1,688.51
8534,3465,85,1,413.44
8535,3465,96,2,384.74
8536,3465,88,1,38983.53
8537,3465,78,1,14566.49
8538,3466,72,1,387.08
8539,3466,34,2,724.75
8540,3467,88,1,36876.31
8541,3467,83,2,7797.42
8542,3468,30,1,333.69
8543,3469,90,1,718.0
8544,3469,34,1,724.75
8545,3470,78,2,14566.49
8546,3470,63,2,159.59
8547,3470,90,1,763.95
8548,3471,20,2,15351.07
8549,3471,96,2,384.74
8550,3471,81,1,514.76
8551,3471,91,2,337.59
8552,3472,96,1,363.94
8553,3473,83,1,7797.42
8554,3473,24,1,64.42
8555,3473,47,1,620.91
8556,3474,81,1,514.76
8557,3475,47,1,620.91
8558,3475,24,2,64.42
8559,3475,72,1,387.08
8560,3475,30,1,333.69
8561,3476,47,1,656.39
8562,3476,78,2,14566.49
8563,3477,91,1,337.59
8564,3478,63,2,149.99
8565,3479,83,2,8296.46
8566,3479,60,1,195.83
8567,3479,91,1,337.59
8568,3479,72,1,458.3
8569,3480,60,1,185.25
8570,3481,73,2,34281.15
8571,3481,20,2,15004.81
8572,3482,68,1,9331.71
8573,3482,60,1,191.86
8574,3482,47,2,643.09
8575,3483,60,1,191.86
8576,3483,63,1,173.99
8577,3483,90,2,746.72
8578,3483,3,1,221.07
8579,3484,85,1,405.06
8580,3484,83,2,8109.32
8581,3484,24,1,67.0
8582,3484,63,1,173.99
8583,3485,89,1,257.71
8584,3485,47,1,643.09
8585,3485,60,2,191.86
8586,3485,72,1,449.01
8587,3486,83,2,8109.32
8588,3486,89,1,257.71
8589,3487,78,1,14271.22
8590,3488,90,2,746.72
8591,3489,47,2,643.09
8592,3489,3,2,221.07
8593,3490,60,1,202.45
8594,3491,91,2,348.99
8595,3491,73,1,36172.52
8596,3492,88,2,38193.32
8597,3492,3,1,221.07
8598,3492,63,1,173.99
8599,3492,24,2,67.0
8600,3493,30,2,347.04
8601,3493,68,2,9331.71
8602,3493,63,2,173.99
8603,3494,73,2,34281.15
8604,3494,88,1,38193.32
8605,3495,72,1,449.01
8606,3495,19,1,221.74
8607,3495,85,1,405.06
8608,3495,91,1,330.75
8609,3496,88,2,38193.32
8610,3497,3,2,221.07
8611,3497,85,2,405.06
8612,3497,30,2,347.04
8613,3498,88,1,38193.32
8614,3498,47,1,643.09
8615,3498,83,1,9045.01
8616,3499,30,1,347.04
8617,3499,68,1,9331.71
8618,3500,20,2,16736.13
8619,3501,68,2,9331.71
8620,3502,20,1,16736.13
8621,3502,19,2,221.74
8622,3502,63,2,173.99
8623,3503,19,2,260.97
8624,3503,85,1,427.41
8625,3503,34,2,792.05
8626,3504,88,1,38193.32
8627,3504,20,1,16736.13
8628,3504,15,2,195.94
8629,3504,68,2,10408.45
8630,3505,83,2,9544.05
8631,3506,30,2,387.08
8632,3506,34,2,750.64
8633,3506,19,2,247.33
8634,3507,24,2,71.13
8635,3507,72,1,473.78
8636,3508,24,1,71.13
8637,3508,91,1,348.99
8638,3509,24,2,67.0
8639,3509,34,1,750.64
8640,3509,72,1,449.01
8641,3510,19,2,247.33
8642,3511,30,2,408.43
8643,3511,19,2,260.97
8644,3511,88,1,40300.54
8645,3512,78,2,14271.22
8646,3512,34,2,750.64
8647,3513,78,1,14271.22
8648,3513,83,1,9045.01
8649,3514,15,1,195.94
8650,3514,63,2,173.99
8651,3514,30,1,387.08
8652,3515,68,2,10408.45
8653,3515,90,2,746.72
8654,3515,91,1,330.75
8655,3516,90,1,832.88
8656,3516,72,2,449.01
8657,3516,15,2,195.94
8658,3516,85,1,405.06
8659,3517,19,2,260.97
8660,3517,91,2,348.99
8661,3517,72,2,473.78
8662,3518,19,1,247.33
8663,3518,83,1,9045.01
8664,3519,63,2,183.58
8665,3519,3,2,234.67
8666,3520,19,1,260.97
8667,3520,68,2,10982.71
8668,3520,83,1,9544.05
8669,3520,30,2,408.43
8670,3521,92,2,28139.31
8671,3521,68,2,10408.45
8672,3522,24,2,78.86
8673,3522,90,2,878.83
8674,3522,20,2,17659.5
8675,3523,19,1,247.33
8676,3523,72,2,449.01
8677,3524,68,2,10408.45
8678,3525,20,2,16736.13
8679,3526,24,1,74.73
8680,3527,3,2,238.07
8681,3527,38,2,223.95
8682,3527,89,1,222.16
8683,3528,17,1,15580.26
8684,3529,64,2,392.54
8685,3529,21,2,1094.56
8686,3529,22,2,319.03
8687,3530,80,2,1573.93
8688,3531,24,2,76.28
8689,3531,87,1,31804.32
8690,3532,89,2,222.16
8691,3532,55,2,220.07
8692,3532,81,1,434.76
8693,3533,99,2,1171.26
8694,3534,13,1,260.29
8695,3534,92,2,28788.67
8696,3535,7,1,191.99
8697,3535,72,1,433.52
8698,3535,100,2,795.6
8699,3535,21,2,1028.72
8700,3536,2,2,231.89
8701,3537,19,1,252.44
8702,3538,90,2,850.11
8703,3538,21,2,1094.56
8704,3539,64,2,368.92
8705,3540,2,2,217.94
8706,3540,17,1,15580.26
8707,3540,21,1,1028.72
8708,3540,71,1,376.55
8709,3541,81,2,462.59
8710,3541,90,1,850.11
8711,3542,38,2,223.95
8712,3542,3,1,238.07
8713,3542,53,2,848.59
8714,3542,20,2,14427.7
8715,3543,7,2,204.27
8716,3544,25,2,12510.42
8717,3544,21,2,1152.17
8718,3544,38,2,223.95
8719,3545,16,2,394.32
8720,3545,21,1,1218.01
8721,3546,92,1,27057.02
8722,3546,53,1,848.59
8723,3546,72,2,433.52
8724,3547,17,2,16577.4
8725,3547,89,1,236.38
8726,3547,83,2,9232.15
8727,3547,87,2,31804.32
8728,3548,20,2,15351.07
8729,3548,7,2,204.27
8730,3548,16,2,394.32
8731,3549,53,2,902.9
8732,3549,36,2,117.2
8733,3549,16,2,394.32
8734,3550,7,2,204.27
8735,3550,89,1,263.04
8736,3551,81,1,434.76
8737,3551,90,1,804.16
8738,3551,2,2,217.94
8739,3552,92,2,30303.87
8740,3552,17,2,15580.26
8741,3552,99,1,1171.26
8742,3552,25,1,12510.42
8743,3553,66,1,330.95
8744,3553,50,1,214.94
8745,3553,89,2,248.82
8746,3553,38,1,223.95
8747,3554,92,1,30303.87
8748,3554,21,1,1152.17
8749,3555,80,1,1573.93
8750,3555,71,1,376.55
8751,3555,100,2,795.6
8752,3556,55,1,234.16
8753,3557,36,1,110.15
8754,3558,3,2,238.07
8755,3558,90,2,804.16
8756,3558,2,1,217.94
8757,3559,38,2,232.91
8758,3559,2,1,226.66
8759,3560,71,1,391.61
8760,3560,64,1,383.68
8761,3561,3,2,260.18
8762,3561,81,1,479.98
8763,3561,22,2,331.02
8764,3561,38,2,274.11
8765,3562,53,1,882.53
8766,3563,24,1,74.73
8767,3563,36,1,114.56
8768,3563,17,1,16203.47
8769,3564,25,1,13811.51
8770,3564,89,2,271.93
8771,3565,22,2,331.02
8772,3565,100,2,878.34
8773,3566,3,1,246.57
8774,3567,89,2,257.71
8775,3568,2,2,240.6
8776,3569,55,2,228.88
8777,3570,30,1,387.08
8778,3570,87,2,31086.93
8779,3570,55,1,255.29
8780,3571,3,1,260.18
8781,3571,2,2,240.6
8782,3571,89,1,271.93
8783,3571,13,1,270.08
8784,3572,71,1,391.61
8785,3572,83,2,9045.01
8786,3572,30,1,387.08
8787,3573,24,2,78.86
8788,3573,13,1,270.08
8789,3574,25,1,13811.51
8790,3574,13,1,270.08
8791,3575,38,2,274.11
8792,3576,64,2,407.29
8793,3576,100,1,878.34
8794,3577,38,2,259.78
8795,3578,21,1,1259.16
8796,3578,55,1,269.37
8797,3578,38,1,274.11
8798,3579,38,1,274.11
8799,3579,90,1,878.83
8800,3579,99,2,1293.07
8801,3580,66,2,365.37
8802,3581,87,1,31086.93
8803,3581,64,2,427.95
8804,3581,38,2,259.78
8805,3581,24,2,74.73
8806,3582,100,1,827.42
8807,3583,22,1,311.83
8808,3583,24,2,74.73
8809,3584,64,1,427.95
8810,3584,100,2,827.42
8811,3584,30,2,387.08
8812,3585,63,1,165.59
8813,3586,99,1,1293.07
8814,3587,7,1,199.67
8815,3587,99,1,1218.11
8816,3587,17,2,16203.47
8817,3587,89,1,257.71
8818,3588,80,2,1636.88
8819,3588,71,2,391.61
8820,3588,87,2,31086.93
8821,3588,92,1,31386.15
8822,3589,22,2,331.02
8823,3589,20,1,15928.18
8824,3589,55,2,269.37
8825,3589,89,1,271.93
8826,3590,92,1,31386.15
8827,3591,92,1,31386.15
8828,3591,63,2,155.99
8829,3591,99,2,1218.11
8830,3591,81,1,452.15
8831,3592,36,1,114.56
8832,3592,99,1,1218.11
8833,3592,71,1,391.61
8834,3592,90,2,832.88
8835,3593,63,2,155.99
8836,3593,13,1,254.42
8837,3593,80,1,1636.88
8838,3593,81,1,452.15
8839,3594,21,1,1193.32
8840,3594,87,1,31086.93
8841,3594,25,1,13010.84
8842,3595,25,1,13010.84
8843,3596,20,1,15928.18
8844,3596,36,2,121.61
8845,3597,53,1,882.53
8846,3598,13,2,270.08
8847,3599,53,2,882.53
8848,3600,100,2,827.42
8849,3600,80,2,1636.88
8850,3600,2,2,226.66
8851,3601,81,2,479.98
8852,3601,50,1,237.29
8853,3601,71,1,460.9
8854,3602,17,1,16203.47
8855,3603,66,2,365.37
8856,3603,17,1,17200.61
8857,3603,20,1,15928.18
8858,3604,2,1,240.6
8859,3604,63,1,165.59
8860,3604,71,2,460.9
8861,3604,38,1,274.11
8862,3605,25,1,13811.51
8863,3605,38,2,274.11
8864,3605,71,2,460.9
8865,3606,89,1,257.71
8866,3606,92,1,31386.15
8867,3606,71,2,436.8
8868,3607,7,1,204.27
8869,3607,13,2,260.29
8870,3607,87,2,31804.32
8871,3607,92,1,32035.52
8872,3608,50,1,214.94
8873,3609,89,1,263.04
8874,3609,53,1,902.9
8875,3610,100,2,795.6
8876,3610,55,2,246.48
8877,3610,63,2,149.99
8878,3611,36,2,110.15
8879,3611,17,1,15580.26
8880,3611,87,2,29891.28
8881,3611,63,1,149.99
8882,3612,66,2,330.95
8883,3612,50,2,240.73
8884,3612,21,1,1152.17
8885,3612,13,2,244.64
8886,3613,71,1,445.84
8887,3614,66,2,330.95
8888,3614,22,2,299.84
8889,3614,17,2,15580.26
8890,3614,99,2,1311.81
8891,3615,80,1,1573.93
8892,3615,53,2,848.59
8893,3616,25,2,12510.42
8894,3616,66,2,330.95
8895,3616,53,2,848.59
8896,3616,71,1,421.74
8897,3617,66,1,352.13
8898,3617,17,2,16577.4
8899,3617,71,1,445.84
8900,3618,66,2,330.95
8901,3618,87,1,29891.28
8902,3618,50,1,240.73
8903,3618,100,1,891.07
8904,3619,92,2,32035.52
8905,3619,55,1,260.57
8906,3620,66,2,352.13
8907,3620,7,1,204.27
8908,3620,64,2,436.81
8909,3621,13,1,260.29
8910,3621,36,1,117.2
8911,3621,21,2,1218.01
8912,3621,50,2,254.49
8913,3622,99,2,1386.77
8914,3622,63,2,159.59
8915,3622,20,1,17082.4
8916,3623,20,1,16159.02
8917,3623,92,2,30303.87
8918,3623,21,1,1152.17
8919,3624,99,1,1311.81
8920,3624,22,2,299.84
8921,3625,99,1,1311.81
8922,3625,16,2,370.6
8923,3625,64,1,413.2
8924,3626,16,1,370.6
8925,3626,7,1,191.99
8926,3626,66,1,330.95
8927,3626,64,2,413.2
8928,3627,55,2,246.48
8929,3628,13,2,260.29
8930,3628,64,2,436.81
8931,3628,63,2,177.59
8932,3628,71,2,445.84
8933,3629,55,1,246.48
8934,3630,87,2,29891.28
8935,3630,20,2,16159.02
8936,3631,80,1,1674.66
8937,3631,13,1,260.29
8938,3631,63,1,177.59
8939,3632,50,1,249.33
8940,3632,64,1,427.95
8941,3632,36,2,114.56
8942,3632,7,2,222.71
8943,3633,71,1,436.8
8944,3633,66,2,344.19
8945,3633,25,2,13010.84
8946,3633,50,1,249.33
8947,3634,55,2,269.37
8948,3634,2,2,266.76
8949,3634,22,2,331.02
8950,3634,20,1,17659.5
8951,3635,2,2,266.76
8952,3635,16,2,409.14
8953,3636,63,1,183.58
8954,3637,80,1,1636.88
8955,3637,66,1,383.9
8956,3638,25,2,13010.84
8957,3638,2,1,252.81
8958,3639,17,2,17200.61
8959,3640,55,1,255.29
8960,3641,81,2,452.15
8961,3642,81,2,452.15
8962,3642,50,2,249.33
8963,3642,2,1,252.81
8964,3642,16,1,385.42
8965,3643,7,2,222.71
8966,3643,81,1,504.32
8967,3643,63,2,173.99
8968,3643,16,2,385.42
8969,3644,66,1,405.08
8970,3644,63,1,183.58
8971,3644,22,1,331.02
8972,3644,20,2,17659.5
8973,3645,64,1,427.95
8974,3645,2,1,252.81
8975,3645,7,1,222.71
8976,3645,20,1,16736.13
8977,3646,81,2,532.15
8978,3647,100,1,922.9
8979,3648,50,1,249.33
8980,3648,13,2,254.42
8981,3648,7,2,222.71
8982,3649,16,1,385.42
8983,3649,63,1,173.99
8984,3650,21,1,1193.32
8985,3650,16,2,385.42
8986,3651,7,2,222.71
8987,3651,50,1,249.33
8988,3651,22,1,311.83
8989,3652,2,2,266.76
8990,3652,100,2,973.81
8991,3653,100,2,973.81
8992,3653,16,1,409.14
8993,3653,7,1,234.99
8994,3653,53,2,1038.67
8995,3654,20,2,16736.13
8996,3655,7,1,222.71
8997,3655,80,1,1636.88
8998,3655,17,2,18073.1
8999,3655,63,2,173.99
9000,3656,13,2,299.44
9001,3657,87,2,32999.97
9002,3657,13,1,299.44
9003,3658,36,1,114.56
9004,3659,100,2,973.81
9005,3659,16,1,409.14
9006,3659,22,2,331.02
9007,3660,22,1,311.83
9008,3660,100,1,922.9
9009,3660,17,1,18073.1
9010,3661,63,1,167.99
9011,3662,22,1,299.84
9012,3662,13,2,273.99
9013,3663,100,1,891.07
9014,3663,36,2,110.15
9015,3664,63,1,177.59
9016,3664,87,2,31804.32
9017,3664,89,1,263.04
9018,3665,36,1,110.15
9019,3665,66,1,370.66
9020,3665,13,1,273.99
9021,3666,99,2,1311.81
9022,3667,81,2,514.76
9023,3668,25,2,12510.42
9024,3669,99,1,1311.81
9025,3670,13,1,289.65
9026,3671,53,2,950.42
9027,3671,25,1,12510.42
9028,3671,80,1,1573.93
9029,3672,53,1,950.42
9030,3672,81,2,486.93
9031,3673,17,2,17449.89
9032,3673,53,2,950.42
9033,3674,63,2,149.99
9034,3675,87,1,31804.32
9035,3675,50,2,228.69
9036,3675,91,2,303.37
9037,3676,96,1,324.95
9038,3676,22,1,335.82
9039,3676,50,1,214.94
9040,3676,95,1,20929.19
9041,3677,16,2,394.32
9042,3678,91,2,285.12
9043,3678,22,1,335.82
9044,3678,69,1,1772.99
9045,3678,81,1,486.93
9046,3679,87,1,29891.28
9047,3679,53,1,950.42
9048,3679,57,2,719.01
9049,3679,92,1,27057.02
9050,3680,50,1,228.69
9051,3680,5,2,179.51
9052,3681,79,2,222.94
9053,3681,27,1,16269.24
9054,3681,74,1,128.05
9055,3682,16,2,370.6
9056,3683,57,2,851.31
9057,3684,50,2,214.94
9058,3684,17,1,15580.26
9059,3685,13,2,273.99
9060,3686,87,2,31804.32
9061,3686,95,1,22268.66
9062,3686,17,2,16577.4
9063,3686,53,2,1004.73
9064,3687,66,1,370.66
9065,3687,17,1,15580.26
9066,3687,36,2,110.15
9067,3688,100,2,795.6
9068,3689,22,1,335.82
9069,3689,36,1,110.15
9070,3689,18,1,275.14
9071,3689,17,2,15580.26
9072,3690,66,2,391.84
9073,3690,91,1,303.37
9074,3690,78,2,13090.15
9075,3690,13,2,289.65
9076,3691,1,1,450.11
9077,3692,91,2,303.37
9078,3693,18,2,292.75
9079,3694,81,2,514.76
9080,3694,57,2,851.31
9081,3694,50,1,228.69
9082,3694,78,2,13090.15
9083,3695,78,1,12302.77
9084,3695,81,2,486.93
9085,3695,95,2,20929.19
9086,3696,87,2,31804.32
9087,3696,13,2,289.65
9088,3696,27,2,17310.47
9089,3696,88,1,35032.49
9090,3697,17,2,16577.4
9091,3697,63,1,159.59
9092,3697,100,1,846.52
9093,3698,88,1,32925.28
9094,3698,100,1,795.6
9095,3698,53,1,950.42
9096,3698,27,2,16269.24
9097,3699,91,1,303.37
9098,3699,1,1,478.92
9099,3700,1,2,478.92
9100,3700,74,1,136.25
9101,3700,79,2,237.21
9102,3701,79,2,222.94
9103,3701,63,1,149.99
9104,3701,95,1,20929.19
9105,3702,22,2,347.81
9106,3703,17,1,17200.61
9107,3703,66,1,405.08
9108,3703,79,2,246.12
9109,3703,78,2,13582.26
9110,3704,25,1,13811.51
9111,3704,79,1,246.12
9112,3705,17,1,16203.47
9113,3705,27,1,16920.01
9114,3705,18,2,286.14
9115,3706,22,1,367.0
9116,3707,17,1,16203.47
9117,3708,96,2,337.95
9118,3708,22,2,347.81
9119,3708,13,1,283.78
9120,3709,17,1,17200.61
9121,3709,25,2,13811.51
9122,3709,50,2,237.29
9123,3709,80,1,1737.61
9124,3710,91,1,296.53
9125,3710,5,1,175.46
9126,3710,2,2,252.81
9127,3710,92,1,28139.31
9128,3711,100,2,878.34
9129,3712,17,2,16203.47
9130,3713,92,2,28139.31
9131,3714,17,2,16203.47
9132,3714,87,2,31086.93
9133,3715,1,1,468.12
9134,3715,22,2,347.81
9135,3716,44,2,1145.5
9136,3717,96,1,337.95
9137,3717,57,2,834.05
9138,3718,22,1,367.0
9139,3718,79,2,246.12
9140,3718,25,2,13811.51
9141,3718,36,1,121.61
9142,3719,88,1,36349.5
9143,3719,2,1,266.76
9144,3719,27,2,17961.24
9145,3720,18,2,286.14
9146,3720,91,1,296.53
9147,3720,36,1,114.56
9148,3720,27,2,16920.01
9149,3721,95,1,21766.35
9150,3721,27,1,16920.01
9151,3721,44,2,1145.5
9152,3721,92,2,28139.31
9153,3722,44,1,1145.5
9154,3723,88,2,38193.32
9155,3723,79,2,231.85
9156,3723,78,1,12794.89
9157,3724,57,1,834.05
9158,3724,100,2,827.42
9159,3724,36,2,114.56
9160,3725,57,1,880.07
9161,3726,57,2,834.05
9162,3727,5,1,186.26
9163,3728,16,1,385.42
9164,3728,22,2,347.81
9165,3728,96,1,337.95
9166,3728,87,1,31086.93
9167,3729,27,2,16920.01
9168,3729,100,1,827.42
9169,3730,96,2,337.95
9170,3730,17,1,16203.47
9171,3730,2,2,252.81
9172,3730,87,2,34673.88
9173,3731,95,2,21766.35
9174,3731,92,2,28139.31
9175,3731,44,2,1145.5
9176,3732,69,2,1957.38
9177,3733,27,2,16920.01
9178,3733,2,2,252.81
9179,3733,79,1,231.85
9180,3734,87,2,34673.88
9181,3734,1,1,468.12
9182,3734,36,1,114.56
9183,3735,5,1,175.46
9184,3736,36,1,121.61
9185,3736,92,1,29870.96
9186,3736,1,1,496.92
9187,3736,78,1,13582.26
9188,3737,1,1,496.92
9189,3737,63,1,165.59
9190,3738,57,2,834.05
9191,3738,63,2,155.99
9192,3738,92,1,28139.31
9193,3738,78,1,12794.89
9194,3739,2,1,244.09
9195,3739,74,1,128.05
9196,3740,80,2,1573.93
9197,3740,2,1,244.09
9198,3740,57,2,805.29
9199,3741,44,2,1171.93
9200,3741,25,1,13311.09
9201,3741,78,1,13090.15
9202,3742,96,1,324.95
9203,3743,2,1,244.09
9204,3743,5,1,168.71
9205,3743,78,2,12302.77
9206,3743,17,2,15580.26
9207,3744,25,1,12510.42
9208,3744,17,2,15580.26
9209,3744,2,2,244.09
9210,3744,100,2,795.6
9211,3745,18,1,292.75
9212,3745,36,1,117.2
9213,3745,79,1,263.96
9214,3746,91,2,303.37
9215,3746,100,1,846.52
9216,3747,74,1,143.42
9217,3747,44,1,1101.44
9218,3747,36,1,110.15
9219,3748,96,1,345.75
9220,3749,50,2,214.94
9221,3749,5,1,168.71
9222,3749,36,1,110.15
9223,3750,88,2,38983.53
9224,3751,74,1,151.61
9225,3751,17,2,18447.03
9226,3751,69,1,1886.46
9227,3751,27,2,19262.78
9228,3752,88,2,36876.31
9229,3752,18,2,275.14
9230,3752,27,2,18221.55
9231,3753,44,2,1101.44
9232,3754,18,1,292.75
9233,3755,27,2,19262.78
9234,3756,80,1,1573.93
9235,3756,63,1,149.99
9236,3757,44,2,1171.93
9237,3757,80,1,1674.66
9238,3757,87,2,35391.27
9239,3758,78,2,12302.77
9240,3758,69,2,1772.99
9241,3759,27,1,19262.78
9242,3759,80,1,1674.66
9243,3759,79,2,263.96
9244,3759,88,2,38983.53
9245,3760,5,2,179.51
9246,3760,44,1,1171.93
9247,3760,92,2,28788.67
9248,3760,96,1,345.75
9249,3761,80,1,1674.66
9250,3761,79,2,263.96
9251,3761,69,2,1886.46
9252,3762,63,1,149.99
9253,3762,17,1,17449.89
9254,3763,91,1,285.12
9255,3763,96,2,324.95
9256,3764,5,1,168.71
9257,3765,87,2,33478.23
9258,3766,5,1,179.51
9259,3766,88,2,38983.53
9260,3767,25,1,12510.42
9261,3767,5,2,168.71
9262,3768,91,2,285.12
9263,3768,88,2,36876.31
9264,3768,95,1,20929.19
9265,3769,69,1,1772.99
9266,3769,44,1,1101.44
9267,3769,5,1,168.71
9268,3770,69,1,1772.99
9269,3770,50,2,214.94
9270,3770,1,1,450.11
9271,3770,18,1,275.14
9272,3771,87,1,35391.27
9273,3772,100,2,891.07
9274,3772,87,1,33478.23
9275,3772,18,2,275.14
9276,3773,96,1,345.75
9277,3773,80,1,1674.66
9278,3773,44,2,1171.93
9279,3774,27,1,18221.55
9280,3774,74,1,143.42
9281,3774,63,1,149.99
9282,3774,92,2,27057.02
9283,3775,92,1,28788.67
9284,3775,1,2,478.92
9285,3775,100,2,941.99
9286,3776,16,2,409.14
9287,3776,69,1,1957.38
9288,3777,87,2,36586.92
9289,3777,100,2,973.81
9290,3778,91,1,296.53
9291,3778,25,1,13010.84
9292,3779,79,2,258.61
9293,3780,96,1,337.95
9294,3780,91,2,296.53
9295,3780,27,2,18872.32
9296,3780,87,1,34673.88
9297,3781,27,2,19913.55
9298,3781,16,1,409.14
9299,3781,100,1,973.81
9300,3782,92,2,31386.15
9301,3782,16,1,385.42
9302,3783,96,1,358.74
9303,3783,1,2,496.92
9304,3784,95,1,21766.35
9305,3784,74,2,148.54
9306,3784,5,1,175.46
9307,3785,91,1,296.53
9308,3785,78,2,12794.89
9309,3785,74,2,148.54
9310,3785,50,1,223.53
9311,3786,36,2,127.77
9312,3786,50,2,223.53
9313,3786,80,1,1636.88
9314,3787,1,1,468.12
9315,3787,18,2,286.14
9316,3787,36,2,127.77
9317,3787,95,1,21766.35
9318,3788,92,1,31386.15
9319,3789,36,1,127.77
9320,3789,50,1,223.53
9321,3789,5,1,175.46
9322,3789,78,2,12794.89
9323,3790,16,1,429.9
9324,3790,100,1,922.9
9325,3791,36,2,127.77
9326,3792,1,2,468.12
9327,3792,74,2,148.54
9328,3793,18,1,286.14
9329,3793,78,1,12794.89
9330,3793,1,2,468.12
9331,3794,5,2,175.46
9332,3794,36,1,127.77
9333,3795,74,1,148.54
9334,3795,5,1,175.46
9335,3796,50,1,223.53
9336,3796,18,2,286.14
9337,3797,36,1,134.82
9338,3797,80,1,1737.61
9339,3797,69,1,1957.38
9340,3798,16,1,429.9
9341,3798,18,2,286.14
9342,3799,18,1,286.14
9343,3799,95,1,24277.86
9344,3799,96,2,376.94
9345,3800,1,2,468.12
9346,3800,25,2,13010.84
9347,3801,69,2,1843.91
9348,3801,18,1,286.14
9349,3801,1,2,468.12
9350,3802,92,1,31386.15
9351,3802,25,1,13010.84
9352,3802,95,2,24277.86
9353,3803,69,1,1843.91
9354,3804,96,1,376.94
9355,3805,100,2,922.9
9356,3805,95,1,24277.86
9357,3805,91,2,296.53
9358,3806,25,1,13010.84
9359,3806,79,1,258.61
9360,3806,80,1,1636.88
9361,3806,16,1,429.9
9362,3807,69,2,2170.14
9363,3808,91,1,296.53
9364,3808,18,2,286.14
9365,3808,92,2,31386.15
9366,3809,78,1,12794.89
9367,3809,74,1,148.54
9368,3810,80,1,1636.88
9369,3810,92,2,31386.15
9370,3811,80,1,1573.93
9371,3812,50,1,254.49
9372,3812,25,1,13311.09
9373,3812,79,2,263.96
9374,3813,1,1,450.11
9375,3813,18,2,275.14
9376,3814,18,2,292.75
9377,3814,17,1,18447.03
9378,3814,78,2,14566.49
9379,3814,69,2,2099.22
9380,3815,36,1,130.42
9381,3815,25,2,13311.09
9382,3815,96,1,384.74
9383,3815,74,1,151.61
9384,3816,44,2,1233.61
9385,3816,36,2,123.37
9386,3817,96,2,384.74
9387,3817,74,1,151.61
9388,3817,17,2,18447.03
9389,3817,5,1,179.51
9390,3818,50,1,254.49
9391,3818,5,2,179.51
9392,3819,96,1,363.94
9393,3820,5,2,168.71
9394,3821,5,2,179.51
9395,3821,91,1,303.37
9396,3821,74,1,151.61
9397,3822,96,1,384.74
9398,3822,63,2,177.59
9399,3822,18,1,292.75
9400,3822,95,2,24780.16
9401,3823,16,2,438.79
9402,3823,78,2,14566.49
9403,3824,63,2,177.59
9404,3824,95,2,24780.16
9405,3824,91,2,303.37
9406,3824,50,1,254.49
9407,3825,1,2,478.92
9408,3825,78,2,14566.49
9409,3825,16,1,438.79
9410,3826,91,2,285.12
9411,3826,80,2,1573.93
9412,3826,5,1,188.96
9413,3826,16,2,415.07
9414,3827,69,2,1985.75
9415,3827,50,1,240.73
9416,3827,44,1,1233.61
9417,3828,95,1,23440.69
9418,3828,80,2,1762.8
9419,3828,5,1,188.96
9420,3829,25,2,13311.09
9421,3829,69,1,2099.22
9422,3829,5,2,199.76
9423,3830,91,1,319.34
9424,3830,5,2,188.96
9425,3830,17,2,17449.89
9426,3831,95,1,24780.16
9427,3832,78,2,12302.77
9428,3832,95,1,23440.69
9429,3833,6,2,179.84
9430,3833,96,1,345.75
9431,3833,95,1,24780.16
9432,3834,63,1,167.99
9433,3834,27,2,16269.24
9434,3834,6,1,169.03
9435,3835,63,2,167.99
9436,3835,25,1,12510.42
9437,3835,16,2,370.6
9438,3836,26,1,214.65
9439,3837,11,2,168.38
9440,3837,26,2,214.65
9441,3837,65,1,15441.31
9442,3838,26,2,214.65
9443,3838,78,1,12302.77
9444,3839,84,1,329.11
9445,3840,27,2,16269.24
9446,3841,14,2,384.62
9447,3841,62,2,35947.46
9448,3841,42,2,22147.82
9449,3841,25,2,12510.42
9450,3842,5,1,188.96
9451,3842,42,1,22147.82
9452,3842,78,2,12302.77
9453,3842,69,2,1985.75
9454,3843,47,1,554.39
9455,3843,1,2,450.11
9456,3843,80,1,1762.8
9457,3843,96,2,324.95
9458,3844,78,2,12302.77
9459,3844,6,2,169.03
9460,3845,18,2,292.75
9461,3845,30,1,355.04
9462,3846,29,1,1028.69
9463,3847,11,2,179.15
9464,3847,42,2,23565.29
9465,3847,50,1,254.49
9466,3848,52,1,224.06
9467,3848,14,2,424.63
9468,3848,16,1,409.14
9469,3849,26,2,236.97
9470,3849,5,1,206.5
9471,3849,50,2,263.08
9472,3850,25,1,13811.51
9473,3850,96,1,358.74
9474,3851,18,2,336.77
9475,3851,84,2,363.34
9476,3851,11,2,185.89
9477,3851,14,1,424.63
9478,3852,69,1,2170.14
9479,3852,44,2,1348.16
9480,3852,36,2,121.61
9481,3852,80,1,1926.48
9482,3853,36,1,121.61
9483,3853,78,1,13582.26
9484,3854,30,2,347.04
9485,3855,47,1,576.56
9486,3855,62,2,41699.06
9487,3855,50,1,249.33
9488,3856,80,1,1926.48
9489,3856,17,1,19070.24
9490,3856,92,2,33117.8
9491,3856,5,1,206.5
9492,3857,96,2,337.95
9493,3857,42,2,23033.74
9494,3858,27,1,16920.01
9495,3858,96,1,337.95
9496,3858,69,2,2056.67
9497,3858,86,1,35123.61
9498,3859,86,1,37285.06
9499,3860,91,1,348.99
9500,3861,36,2,114.56
9501,3861,18,2,319.16
9502,3861,91,2,330.75
9503,3861,1,2,468.12
9504,3862,78,1,12794.89
9505,3862,18,1,319.16
9506,3862,91,1,330.75
9507,3862,42,1,23033.74
9508,3863,26,1,223.24
9509,3863,94,2,220.08
9510,3863,29,2,1069.84
9511,3864,63,1,173.99
9512,3864,27,2,16920.01
9513,3864,94,2,220.08
9514,3864,65,2,16058.97
9515,3865,6,2,175.79
9516,3865,87,1,31086.93
9517,3865,62,2,41699.06
9518,3866,14,2,424.63
9519,3866,63,2,183.58
9520,3867,1,1,468.12
9521,3867,18,2,319.16
9522,3868,52,1,224.06
9523,3868,16,2,409.14
9524,3869,52,1,224.06
9525,3869,87,1,32999.97
9526,3869,47,1,612.04
9527,3869,80,2,1926.48
9528,3870,80,2,1825.75
9529,3870,86,1,35123.61
9530,3871,1,2,468.12
9531,3871,86,1,35123.61
9532,3872,26,2,223.24
9533,3873,87,2,32999.97
9534,3873,62,1,43999.69
9535,3874,11,1,175.11
9536,3874,25,1,13010.84
9537,3875,94,1,259.01
9538,3875,6,2,186.6
9539,3875,16,2,409.14
9540,3876,36,2,114.56
9541,3876,87,1,31086.93
9542,3877,86,1,35123.61
9543,3877,29,1,1069.84
9544,3877,62,2,41699.06
9545,3878,18,2,336.77
9546,3879,14,1,400.01
9547,3880,16,2,385.42
9548,3880,1,2,468.12
9549,3880,86,1,35123.61
9550,3880,6,2,175.79
9551,3881,42,1,23033.74
9552,3881,86,2,35123.61
9553,3881,26,1,223.24
9554,3881,30,2,347.04
9555,3882,29,2,1069.84
9556,3882,30,2,347.04
9557,3883,29,1,1094.52
9558,3884,91,1,319.34
9559,3884,94,2,237.01
9560,3884,86,1,33772.7
9561,3885,42,1,26223.02
9562,3886,96,2,324.95
9563,3886,87,2,29891.28
9564,3887,18,2,308.15
9565,3887,86,1,33772.7
9566,3888,94,1,250.55
9567,3888,26,1,228.39
9568,3888,27,2,17310.47
9569,3888,87,1,31804.32
9570,3889,29,2,1094.52
9571,3889,18,2,325.76
9572,3890,16,1,370.6
9573,3890,26,2,214.65
9574,3890,27,2,16269.24
9575,3891,86,2,35934.15
9576,3891,52,1,215.94
9577,3891,94,2,250.55
9578,3892,29,2,1217.97
9579,3892,6,2,179.84
9580,3893,6,2,169.03
9581,3893,78,1,12302.77
9582,3893,30,2,333.69
9583,3893,27,1,16269.24
9584,3894,42,2,26223.02
9585,3894,36,2,117.2
9586,3894,27,1,17310.47
9587,3894,16,2,394.32
9588,3895,36,2,110.15
9589,3895,94,2,237.01
9590,3896,16,2,370.6
9591,3896,11,2,168.38
9592,3897,94,1,250.55
9593,3897,65,1,16429.56
9594,3897,42,1,26223.02
9595,3897,6,2,179.84
9596,3898,16,1,370.6
9597,3898,27,1,16269.24
9598,3898,47,1,554.39
9599,3898,29,2,1152.13
9600,3899,62,2,40261.16
9601,3900,87,2,31804.32
9602,3901,65,2,16429.56
9603,3902,65,2,15441.31
9604,3902,78,2,12302.77
9605,3902,96,1,324.95
9606,3903,1,1,478.92
9607,3903,14,1,409.24
9608,3903,47,2,589.87
9609,3903,36,1,117.2
9610,3904,47,1,554.39
9611,3904,96,1,324.95
9612,3904,26,2,214.65
9613,3904,36,2,110.15
9614,3905,14,1,409.24
9615,3905,27,2,17310.47
9616,3906,96,1,324.95
9617,3906,78,2,12302.77
9618,3906,16,1,370.6
9619,3906,47,2,554.39
9620,3907,30,2,333.69
9621,3907,84,1,329.11
9622,3907,96,1,324.95
9623,3907,78,2,12302.77
9624,3908,16,1,394.32
9625,3908,78,1,13090.15
9626,3909,86,1,33772.7
9627,3909,16,1,370.6
9628,3910,78,2,13090.15
9629,3910,36,2,117.2
9630,3910,29,2,1217.97
9631,3911,25,1,12510.42
9632,3912,26,1,236.97
9633,3913,25,2,13811.51
9634,3913,87,2,32999.97
9635,3914,65,1,16058.97
9636,3915,30,1,368.39
9637,3915,86,1,37285.06
9638,3915,87,1,32999.97
9639,3916,87,2,32999.97
9640,3916,36,2,121.61
9641,3916,14,1,424.63
9642,3917,36,2,114.56
9643,3917,29,1,1193.28
9644,3917,94,2,245.47
9645,3918,27,1,16920.01
9646,3918,29,1,1193.28
9647,3918,87,2,31086.93
9648,3918,62,1,41699.06
9649,3919,16,1,385.42
9650,3919,30,1,347.04
9651,3919,11,1,175.11
9652,3920,87,2,31086.93
9653,3920,84,1,342.28
9654,3920,25,1,13010.84
9655,3921,26,2,236.97
9656,3921,52,1,224.06
9657,3921,27,1,17961.24
9658,3922,30,1,347.04
9659,3922,84,1,342.28
9660,3922,29,2,1193.28
9661,3922,65,1,16058.97
9662,3923,26,1,223.24
9663,3923,6,2,196.07
9664,3923,96,2,337.95
9665,3924,42,2,25691.48
9666,3925,87,2,31086.93
9667,3925,36,2,114.56
9668,3925,14,2,400.01
9669,3926,94,1,245.47
9670,3926,26,2,223.24
9671,3927,47,2,612.04
9672,3928,47,1,576.56
9673,3928,16,2,385.42
9674,3928,11,1,175.11
9675,3928,87,2,31086.93
9676,3929,65,1,17047.21
9677,3929,36,1,121.61
9678,3929,11,2,185.89
9679,3929,26,1,262.73
9680,3930,29,1,1193.28
9681,3930,25,1,13010.84
9682,3930,16,2,385.42
9683,3931,36,1,114.56
9684,3932,26,2,248.99
9685,3932,27,2,16920.01
9686,3932,87,1,31086.93
9687,3933,26,1,248.99
9688,3934,16,2,453.61
9689,3934,14,1,424.63
9690,3934,96,2,358.74
9691,3935,47,1,576.56
9692,3935,30,1,347.04
9693,3935,36,1,114.56
9694,3935,14,1,400.01
9695,3936,84,1,342.28
9696,3936,16,1,429.9
9697,3937,30,2,347.04
9698,3937,1,1,468.12
9699,3937,84,2,342.28
9700,3937,16,2,429.9
9701,3938,84,1,363.34
9702,3939,26,1,248.99
9703,3939,16,2,429.9
9704,3940,47,2,576.56
9705,3940,27,2,16920.01
9706,3941,84,1,342.28
9707,3941,16,1,429.9
9708,3942,36,2,134.82
9709,3942,62,1,43999.69
9710,3942,84,1,363.34
9711,3943,65,1,16058.97
9712,3943,27,2,16920.01
9713,3943,16,2,429.9
9714,3944,1,2,468.12
9715,3944,86,1,39176.33
9716,3944,47,1,576.56
9717,3945,84,2,342.28
9718,3946,25,2,13010.84
9719,3946,65,2,16058.97
9720,3946,78,2,12794.89
9721,3947,42,2,26223.02
9722,3947,14,2,409.24
9723,3948,87,1,33478.23
9724,3949,52,2,202.95
9725,3950,6,1,200.13
9726,3950,47,1,589.87
9727,3951,11,1,179.15
9728,3952,27,2,18221.55
9729,3953,42,2,24805.56
9730,3953,26,2,240.41
9731,3953,6,2,189.31
9732,3953,16,1,415.07
9733,3954,26,2,240.41
9734,3954,47,2,554.39
9735,3955,14,1,430.78
9736,3955,26,1,240.41
9737,3956,27,2,18221.55
9738,3956,29,1,1152.13
9739,3957,26,1,240.41
9740,3957,27,1,18221.55
9741,3958,86,1,37825.42
9742,3958,30,1,333.69
9743,3959,52,2,202.95
9744,3959,84,1,329.11
9745,3959,1,1,450.11
9746,3959,36,1,123.37
9747,3960,47,1,554.39
9748,3960,84,1,329.11
9749,3960,65,2,15441.31
9750,3961,47,1,589.87
9751,3961,11,1,179.15
9752,3961,1,2,478.92
9753,3962,52,2,215.94
9754,3962,1,1,478.92
9755,3963,96,1,363.94
9756,3964,47,1,656.39
9757,3965,1,1,450.11
9758,3966,1,2,450.11
9759,3966,96,2,363.94
9760,3966,30,1,333.69
9761,3966,87,1,33478.23
9762,3967,86,2,39986.88
9763,3967,11,2,179.15
9764,3967,30,1,355.04
9765,3967,36,2,130.42
9766,3968,78,2,12302.77
9767,3969,30,2,355.04
9768,3969,86,1,39986.88
9769,3969,87,2,35391.27
9770,3970,25,1,13311.09
9771,3970,47,1,656.39
9772,3971,6,2,200.13
9773,3971,87,1,35391.27
9774,3971,11,1,179.15
9775,3971,1,1,478.92
9776,3972,47,1,656.39
9777,3972,1,2,478.92
9778,3972,84,2,389.67
9779,3973,86,2,37825.42
9780,3973,30,2,333.69
9781,3973,84,2,368.61
9782,3974,11,1,179.15
9783,3975,36,2,130.42
9784,3975,1,2,478.92
9785,3975,65,1,16429.56
9786,3976,65,2,15441.31
9787,3977,84,2,368.61
9788,3978,78,1,13779.11
9789,3978,84,1,368.61
9790,3978,6,2,189.31
9791,3978,30,1,333.69
9792,3979,1,2,478.92
9793,3979,14,2,455.4
9794,3980,86,2,37825.42
9795,3980,11,2,168.38
9796,3980,27,1,18221.55
9797,3981,65,1,15441.31
9798,3981,27,1,18221.55
9799,3982,87,2,33478.23
9800,3982,96,2,363.94
9801,3982,65,1,15441.31
9802,3982,1,2,450.11
9803,3983,1,2,450.11
9804,3983,61,1,195.07
9805,3983,78,2,13779.11
9806,3984,14,1,384.62
9807,3984,65,2,15441.31
9808,3984,96,2,363.94
9809,3984,86,1,33772.7
9810,3985,25,2,12510.42
9811,3985,41,1,234.31
9812,3986,30,2,333.69
9813,3987,14,1,409.24
9814,3988,54,1,7849.96
9815,3988,72,2,387.08
9816,3989,6,2,189.31
9817,3989,65,2,15441.31
9818,3990,86,1,35934.15
9819,3991,85,1,349.19
9820,3991,54,1,7849.96
9821,3991,14,1,384.62
9822,3992,41,2,249.31
9823,3992,96,1,384.74
9824,3993,84,1,368.61
9825,3993,65,2,15441.31
9826,3994,86,1,35123.61
9827,3994,30,2,347.04
9828,3994,47,1,643.09
9829,3994,14,2,400.01
9830,3995,1,2,468.12
9831,3995,36,1,127.77
9832,3995,87,1,34673.88
9833,3995,54,2,8163.96
9834,3996,72,1,402.56
9835,3996,30,2,387.08
9836,3997,72,1,427.33
9837,3998,41,1,243.69
9838,3998,65,1,16058.97
9839,3999,87,2,34673.88
9840,3999,65,1,16058.97
9841,4000,14,2,424.63
9842,4001,86,2,35123.61
9843,4001,61,1,202.88
9844,4002,84,2,381.77
9845,4003,85,1,363.16
9846,4003,1,1,468.12
9847,4004,25,2,13010.84
9848,4005,96,1,376.94
9849,4005,36,2,127.77
9850,4005,72,1,402.56
9851,4005,25,2,13010.84
9852,4006,61,1,215.36
9853,4006,36,2,134.82
9854,4006,41,2,258.68
9855,4006,65,1,17047.21
9856,4007,61,1,202.88
9857,4007,47,2,643.09
9858,4007,72,1,402.56
9859,4007,1,1,468.12
9860,4008,52,2,211.07
9861,4008,78,2,14271.22
9862,4009,54,1,9105.96
9863,4010,30,2,387.08
9864,4010,78,2,14271.22
9865,4011,14,1,400.01
9866,4012,86,1,37285.06
9867,4012,41,1,258.68
9868,4013,65,2,16058.97
9869,4014,85,2,363.16
9870,4014,52,2,211.07
9871,4015,86,2,35123.61
9872,4016,96,1,376.94
9873,4016,84,2,381.77
9874,4016,78,2,14271.22
9875,4016,65,1,16058.97
9876,4017,86,2,35123.61
9877,4017,30,1,387.08
9878,4017,14,1,400.01
9879,4018,27,1,18872.32
9880,4018,1,1,468.12
9881,4018,30,2,387.08
9882,4018,34,2,672.98
9883,4019,54,2,9608.35
9884,4019,11,2,185.89
9885,4019,27,2,19913.55
9886,4020,11,1,185.89
9887,4021,1,2,468.12
9888,4022,85,1,385.5
9889,4022,25,1,13811.51
9890,4022,61,1,215.36
9891,4023,65,2,16058.97
9892,4023,72,1,402.56
9893,4023,36,1,127.77
9894,4024,11,1,175.11
9895,4024,34,2,672.98
9896,4024,25,2,13010.84
9897,4024,54,1,9105.96
9898,4025,47,2,643.09
9899,4025,54,1,9105.96
9900,4026,47,1,678.57
9901,4026,54,1,9608.35
9902,4027,47,1,643.09
9903,4027,61,2,202.88
9904,4028,30,1,408.43
9905,4028,86,2,37285.06
9906,4028,11,2,206.09
9907,4029,34,1,714.4
9908,4029,86,1,37285.06
9909,4029,30,2,408.43
9910,4030,85,2,363.16
9911,4031,47,1,643.09
9912,4031,34,2,672.98
9913,4031,1,1,468.12
9914,4032,11,1,195.31
9915,4032,30,1,387.08
9916,4032,61,2,202.88
9917,4033,61,1,202.88
9918,4033,1,2,468.12
9919,4034,78,2,15058.6
9920,4034,52,1,224.06
9921,4035,86,2,33772.7
9922,4035,65,1,15441.31
9923,4035,25,1,12510.42
9924,4036,52,1,202.95
9925,4036,14,1,384.62
9926,4036,31,1,213.54
9927,4036,47,2,620.91
9928,4037,52,2,202.95
9929,4037,34,1,647.1
9930,4038,54,1,9294.36
9931,4038,11,1,199.36
9932,4038,30,1,395.09
9933,4039,78,1,13779.11
9934,4039,1,1,450.11
9935,4039,85,2,349.19
9936,4040,86,1,37825.42
9937,4040,61,2,195.07
9938,4040,52,1,202.95
9939,4041,11,2,199.36
9940,4041,65,1,16429.56
9941,4041,34,1,688.51
9942,4041,25,1,13311.09
9943,4042,65,1,15441.31
9944,4043,11,1,188.58
9945,4044,52,2,202.95
9946,4045,72,1,387.08
9947,4045,34,2,724.75
9948,4045,52,1,202.95
9949,4046,65,2,15441.31
9950,4047,72,1,387.08
9951,4047,65,2,15441.31
9952,4048,65,1,15441.31
9953,4049,72,1,387.08
9954,4049,25,2,12510.42
9955,4050,14,1,409.24
9956,4050,72,1,411.85
9957,4050,61,2,207.56
9958,4050,65,1,16429.56
9959,4051,31,2,213.54
9960,4051,41,1,234.31
9961,4052,85,1,349.19
9962,4053,86,2,37825.42
9963,4053,31,1,213.54
9964,4053,11,1,188.58
9965,4054,31,2,227.2
9966,4054,61,2,207.56
9967,4054,41,2,249.31
9968,4055,14,1,384.62
9969,4055,25,1,12510.42
9970,4056,85,2,349.19
9971,4057,34,1,724.75
9972,4058,72,2,411.85
9973,4058,65,1,18282.51
9974,4058,11,1,199.36
9975,4059,61,1,218.48
9976,4059,54,2,8791.96
9977,4059,41,1,234.31
9978,4060,1,2,504.13
9979,4061,65,1,18282.51
9980,4061,14,1,409.24
9981,4061,72,2,458.3
9982,4062,61,2,230.97
9983,4062,31,1,227.2
9984,4062,86,1,39986.88
9985,4063,14,2,384.62
9986,4064,72,2,433.52
9987,4065,25,1,12510.42
9988,4065,85,1,391.09
9989,4066,41,1,249.31
9990,4066,1,1,532.93
9991,4066,86,2,39986.88
9992,4067,41,2,249.31
9993,4068,85,2,391.09
9994,4069,11,1,199.36
9995,4070,65,1,17294.27
9996,4071,14,1,424.63
9997,4071,86,2,41337.78
9998,4072,52,2,235.42
9999,4072,14,2,400.01
10000,4073,25,1,13010.84
10001,4073,14,1,400.01
10002,4073,85,1,405.06
10003,4073,52,1,235.42
10004,4074,86,1,39176.33
10005,4074,14,1,400.01
10006,4074,34,2,750.64
10007,4074,1,2,522.13
10008,4075,25,1,13010.84
10009,4076,52,1,235.42
10010,4076,61,2,226.29
10011,4077,1,2,522.13
10012,4077,34,1,750.64
10013,4077,41,2,271.8
10014,4077,72,1,449.01
10015,4078,85,1,405.06
10016,4079,72,2,449.01
10017,4080,52,1,248.41
10018,4080,25,2,13811.51
10019,4081,61,2,238.77
10020,4081,31,1,235.75
10021,4081,86,1,41337.78
10022,4081,65,2,18900.17
10023,4082,14,2,446.16
10024,4082,52,2,235.42
10025,4083,25,2,13010.84
10026,4083,65,1,17911.92
10027,4083,1,1,522.13
10028,4084,61,1,226.29
10029,4084,14,2,446.16
10030,4085,31,2,235.75
10031,4085,34,1,792.05
10032,4086,52,1,248.41
10033,4086,65,2,18900.17
10034,4086,85,2,427.41
10035,4087,41,1,271.8
10036,4087,34,1,750.64
10037,4087,52,1,235.42
10038,4087,86,1,39176.33
10039,4088,14,1,446.16
10040,4088,85,1,405.06
10041,4088,41,2,271.8
10042,4089,61,2,226.29
10043,4089,41,2,271.8
10044,4090,85,2,427.41
10045,4091,25,2,13811.51
10046,4091,85,1,427.41
10047,4091,52,1,248.41
10048,4092,1,2,522.13
10049,4092,85,2,405.06
10050,4092,31,2,222.08
10051,4093,1,1,522.13
10052,4093,41,2,271.8
10053,4093,25,2,13010.84
10054,4094,85,1,405.06
10055,4094,31,2,222.08
10056,4095,31,1,222.08
10057,4095,41,1,271.8
10058,4095,14,2,446.16
10059,4096,14,1,446.16
10060,4097,31,2,247.7
10061,4097,25,1,13010.84
10062,4097,41,1,271.8
10063,4098,25,2,13010.84
10064,4098,31,2,247.7
10065,4098,14,1,446.16
10066,4099,25,1,14512.09
10067,4099,31,2,247.7
10068,4100,25,1,15312.76
10069,4100,31,2,261.37
10070,4101,31,1,247.7
10071,4102,31,1,247.7
10072,4102,25,2,14512.09
10073,4103,25,2,15312.76
10074,4104,25,2,14512.09
10075,4105,25,1,15312.76
10076,4106,25,2,14512.09
10077,4107,92,2,28139.31
10078,4107,31,1,222.08
10079,4107,18,2,286.14
10080,4107,96,1,337.95
10081,4108,92,1,29870.96
10082,4108,96,2,358.74
10083,4109,47,2,612.04
10084,4109,68,2,9905.97
10085,4109,31,2,235.75
10086,4110,81,1,479.98
10087,4110,77,1,211.77
10088,4110,42,1,24451.2
10089,4110,31,1,235.75
10090,4111,38,2,259.78
10091,4111,31,2,222.08
10092,4112,78,1,12794.89
10093,4112,81,2,452.15
10094,4112,46,1,409.52
10095,4113,55,2,228.88
10096,4113,31,1,222.08
10097,4113,69,1,1843.91
10098,4113,92,1,28139.31
10099,4114,92,1,31386.15
10100,4114,38,1,259.78
10101,4114,31,1,222.08
10102,4114,77,2,199.5
10103,4115,81,2,452.15
10104,4115,18,1,286.14
10105,4115,76,1,230.01
10106,4116,38,2,274.11
10107,4117,69,1,1957.38
10108,4117,9,2,592.93
10109,4117,75,1,466.7
10110,4118,40,2,1094.22
10111,4118,76,1,230.01
10112,4118,9,2,558.56
10113,4118,31,1,222.08
10114,4119,68,1,10982.71
10115,4119,18,2,303.75
10116,4119,76,1,244.16
10117,4120,47,2,612.04
10118,4120,18,2,303.75
10119,4120,92,2,33117.8
10120,4121,81,2,452.15
10121,4121,30,2,347.04
10122,4121,9,2,558.56
10123,4122,55,2,242.96
10124,4123,76,1,244.16
10125,4123,42,2,24451.2
10126,4124,75,2,466.7
10127,4124,9,1,592.93
10128,4125,47,1,576.56
10129,4125,30,1,347.04
10130,4126,46,2,409.52
10131,4126,96,2,337.95
10132,4127,76,2,244.16
10133,4127,75,2,466.7
10134,4127,38,1,274.11
10135,4128,92,1,31386.15
10136,4128,9,1,558.56
10137,4129,31,2,222.08
10138,4130,18,1,275.14
10139,4130,75,1,422.74
10140,4131,69,1,1772.99
10141,4132,81,2,434.76
10142,4132,92,1,30303.87
10143,4132,30,1,333.69
10144,4133,92,1,32035.52
10145,4133,38,1,265.16
10146,4134,91,1,303.37
10147,4135,31,2,227.2
10148,4135,46,1,418.0
10149,4135,42,1,23565.29
10150,4135,91,1,303.37
10151,4136,92,2,30303.87
10152,4136,30,1,333.69
10153,4137,42,1,23565.29
10154,4137,9,2,571.45
10155,4137,46,1,418.0
10156,4138,81,2,434.76
10157,4138,96,1,324.95
10158,4139,40,1,1119.47
10159,4139,76,2,235.32
10160,4140,30,2,333.69
10161,4140,47,1,554.39
10162,4140,31,2,213.54
10163,4141,46,1,395.4
10164,4141,55,2,220.07
10165,4141,40,2,1052.14
10166,4141,68,1,10049.54
10167,4142,75,1,449.79
10168,4142,92,1,32035.52
10169,4142,96,2,345.75
10170,4143,78,1,12302.77
10171,4144,9,2,537.08
10172,4144,78,2,12302.77
10173,4145,75,1,422.74
10174,4146,47,1,589.87
10175,4146,31,2,227.2
10176,4146,18,2,292.75
10177,4147,78,1,12302.77
10178,4148,69,2,1772.99
10179,4148,78,1,12302.77
10180,4149,46,2,418.0
10181,4149,42,2,23565.29
10182,4149,92,1,32035.52
10183,4149,55,1,234.16
10184,4150,77,2,204.1
10185,4150,69,2,1886.46
10186,4151,30,2,333.69
10187,4151,54,1,8791.96
10188,4152,92,1,32035.52
10189,4153,42,2,22147.82
10190,4154,31,2,213.54
10191,4154,69,1,1772.99
10192,4155,75,1,422.74
10193,4155,77,2,191.83
10194,4156,31,2,252.83
10195,4156,78,1,13090.15
10196,4156,55,1,234.16
10197,4157,81,1,462.59
10198,4157,78,2,13090.15
10199,4157,75,2,449.79
10200,4157,31,2,252.83
10201,4158,55,2,220.07
10202,4159,92,1,30303.87
10203,4159,30,1,333.69
10204,4160,96,1,345.75
10205,4160,75,2,449.79
10206,4161,9,2,537.08
10207,4162,78,2,12794.89
10208,4162,30,1,347.04
10209,4162,40,2,1094.22
10210,4163,96,1,337.95
10211,4163,75,1,439.65
10212,4163,81,2,452.15
10213,4163,1,2,468.12
10214,4164,9,2,592.93
10215,4164,75,1,466.7
10216,4164,91,1,314.78
10217,4165,31,1,247.7
10218,4165,9,1,558.56
10219,4165,30,1,347.04
10220,4165,42,2,23033.74
10221,4166,68,1,10408.45
10222,4166,47,1,576.56
10223,4166,78,2,12794.89
10224,4167,31,1,261.37
10225,4167,30,1,368.39
10226,4168,55,1,228.88
10227,4168,1,2,468.12
10228,4168,76,2,230.01
10229,4168,75,1,439.65
10230,4169,96,2,337.95
10231,4169,76,1,230.01
10232,4169,54,1,9105.96
10233,4169,47,2,576.56
10234,4170,68,2,10982.71
10235,4170,31,2,261.37
10236,4171,55,2,242.96
10237,4172,77,2,211.77
10238,4172,68,1,10982.71
10239,4172,30,2,408.43
10240,4173,40,2,1161.56
10241,4173,9,1,592.93
10242,4173,1,1,496.92
10243,4173,18,1,303.75
10244,4174,78,1,13582.26
10245,4175,96,1,358.74
10246,4176,68,1,10982.71
10247,4176,9,2,657.38
10248,4177,91,2,296.53
10249,4178,31,1,247.7
10250,4178,46,2,409.52
10251,4178,76,2,230.01
10252,4178,30,2,387.08
10253,4179,40,2,1161.56
10254,4179,9,1,657.38
10255,4179,55,2,242.96
10256,4180,42,1,24451.2
10257,4180,47,2,612.04
10258,4180,30,1,408.43
10259,4180,18,2,303.75
10260,4181,81,1,452.15
10261,4181,68,2,10408.45
10262,4181,18,2,286.14
10263,4182,46,1,409.52
10264,4182,55,2,228.88
10265,4182,96,1,337.95
10266,4182,1,2,468.12
10267,4183,75,2,466.7
10268,4183,76,1,244.16
10269,4183,40,2,1161.56
10270,4183,1,2,496.92
10271,4184,96,1,337.95
10272,4185,1,2,522.13
10273,4185,55,1,228.88
10274,4185,77,2,199.5
10275,4185,81,2,452.15
10276,4186,42,1,23033.74
10277,4186,54,2,9105.96
10278,4186,31,2,247.7
10279,4186,1,2,522.13
10280,4187,69,1,1957.38
10281,4187,42,1,24451.2
10282,4187,9,1,657.38
10283,4187,18,1,303.75
10284,4188,96,1,337.95
10285,4188,81,2,504.32
10286,4189,91,1,314.78
10287,4190,54,2,9105.96
10288,4190,55,1,228.88
10289,4190,30,2,387.08
10290,4190,75,1,439.65
10291,4191,78,2,13582.26
10292,4191,96,1,358.74
10293,4191,42,2,24451.2
10294,4192,96,1,358.74
10295,4192,40,1,1161.56
10296,4192,91,1,314.78
10297,4192,9,2,657.38
10298,4193,54,1,9608.35
10299,4193,42,2,24451.2
10300,4194,96,2,358.74
10301,4195,40,1,1094.22
10302,4196,55,1,228.88
10303,4197,96,1,345.75
10304,4197,40,2,1119.47
10305,4198,1,1,504.13
10306,4198,18,2,275.14
10307,4198,42,2,22147.82
10308,4199,18,2,275.14
10309,4199,42,2,22147.82
10310,4199,68,2,10049.54
10311,4199,30,1,373.73
10312,4200,55,2,234.16
10313,4200,68,2,10623.8
10314,4200,75,1,449.79
10315,4200,18,2,325.76
10316,4201,77,1,191.83
10317,4201,75,2,422.74
10318,4201,30,1,373.73
10319,4201,9,1,601.52
10320,4202,30,1,395.09
10321,4202,77,1,204.1
10322,4203,1,2,504.13
10323,4203,54,2,8791.96
10324,4204,77,2,191.83
10325,4205,78,1,13090.15
10326,4205,75,1,449.79
10327,4205,42,2,23565.29
10328,4205,47,1,589.87
10329,4206,30,1,395.09
10330,4206,69,1,1886.46
10331,4207,18,1,325.76
10332,4207,69,1,1886.46
10333,4208,78,2,13090.15
10334,4208,76,2,235.32
10335,4208,47,1,589.87
10336,4209,47,2,589.87
10337,4209,91,2,337.59
10338,4209,55,2,234.16
10339,4209,18,1,325.76
10340,4210,81,1,486.93
10341,4210,76,1,221.16
10342,4210,91,1,319.34
10343,4211,81,2,486.93
10344,4211,55,2,220.07
10345,4211,18,2,308.15
10346,4211,1,1,504.13
10347,4212,69,1,1772.99
10348,4212,9,1,601.52
10349,4212,42,2,24805.56
10350,4213,40,1,1052.14
10351,4213,55,2,220.07
10352,4213,81,2,486.93
10353,4214,76,1,221.16
10354,4214,91,2,319.34
10355,4214,75,2,422.74
10356,4215,81,2,486.93
10357,4216,42,2,26223.02
10358,4216,40,1,1245.73
10359,4216,81,1,514.76
10360,4216,78,1,13090.15
10361,4217,69,1,1772.99
10362,4217,47,2,554.39
10363,4217,55,2,220.07
10364,4217,77,2,214.84
10365,4218,76,2,235.32
10366,4218,18,2,325.76
10367,4218,40,2,1245.73
10368,4219,78,1,13090.15
10369,4220,96,2,345.75
10370,4221,47,1,554.39
10371,4221,75,2,422.74
10372,4222,81,1,514.76
10373,4222,42,1,26223.02
10374,4223,40,2,1178.39
10375,4224,40,1,1178.39
10376,4225,1,1,504.13
10377,4225,55,1,246.48
10378,4225,47,1,620.91
10379,4225,42,1,24805.56
10380,4226,47,1,656.39
10381,4226,1,1,532.93
10382,4226,40,1,1245.73
10383,4227,9,1,601.52
10384,4227,47,2,620.91
10385,4227,42,1,24805.56
10386,4227,55,2,246.48
10387,4228,9,2,601.52
10388,4228,18,1,308.15
10389,4229,91,1,319.34
10390,4229,96,1,363.94
10391,4229,78,2,12302.77
10392,4230,55,2,260.57
10393,4230,78,1,14566.49
10394,4231,55,1,260.57
10395,4232,91,1,337.59
10396,4232,9,2,635.9
10397,4232,69,2,1886.46
10398,4232,55,1,260.57
10399,4233,91,2,319.34
10400,4233,77,1,214.84
10401,4233,75,1,422.74
10402,4234,77,2,214.84
10403,4234,91,1,319.34
10404,4234,1,1,504.13
10405,4235,91,1,348.99
10406,4235,77,2,234.79
10407,4236,69,2,1843.91
10408,4236,18,1,319.16
10409,4237,69,1,1843.91
10410,4237,55,1,255.29
10411,4237,18,1,319.16
10412,4237,77,2,222.52
10413,4238,69,1,1957.38
10414,4238,77,2,234.79
10415,4239,55,2,255.29
10416,4239,78,2,14271.22
10417,4239,42,1,25691.48
10418,4240,76,1,244.16
10419,4241,47,2,643.09
10420,4241,76,2,256.55
10421,4242,18,1,319.16
10422,4243,78,1,15058.6
10423,4243,42,2,27108.94
10424,4243,47,1,678.57
10425,4243,96,2,397.74
10426,4244,42,1,25691.48
10427,4244,55,2,255.29
10428,4245,75,2,439.65
10429,4245,76,2,256.55
10430,4245,96,1,376.94
10431,4246,96,2,376.94
10432,4247,75,1,490.38
10433,4247,55,1,255.29
10434,4248,76,2,270.7
10435,4248,47,2,678.57
10436,4248,96,2,397.74
10437,4249,96,1,397.74
10438,4249,78,2,15058.6
10439,4250,78,2,14271.22
10440,4251,76,2,270.7
10441,4252,75,1,517.43
10442,4252,69,1,1957.38
10443,4252,47,1,678.57
10444,4253,40,1,1220.48
10445,4254,76,1,270.7
10446,4255,69,2,1957.38
10447,4255,78,1,15058.6
10448,4255,40,1,1287.82
10449,4255,76,1,270.7
10450,4256,78,2,14271.22
10451,4256,76,2,256.55
10452,4256,69,2,1843.91
10453,4257,75,1,490.38
10454,4257,76,1,256.55
10455,4257,40,1,1220.48
10456,4258,75,2,490.38
10457,4258,69,1,1843.91
10458,4258,76,1,256.55
10459,4258,40,1,1220.48
10460,4259,75,2,490.38
10461,4260,45,1,65.25
10462,4261,65,1,17047.21
10463,4261,34,1,714.4
10464,4261,68,1,9905.97
10465,4261,40,1,1161.56
10466,4262,17,1,16203.47
10467,4263,7,1,199.67
10468,4264,34,1,714.4
10469,4264,45,2,69.26
10470,4264,92,1,29870.96
10471,4265,90,2,746.72
10472,4265,41,1,243.69
10473,4266,65,1,17047.21
10474,4266,47,2,612.04
10475,4266,41,2,258.68
10476,4267,97,1,305.32
10477,4267,69,2,1957.38
10478,4268,96,1,337.95
10479,4269,40,2,1094.22
10480,4269,97,2,287.62
10481,4270,41,1,243.69
10482,4270,47,1,576.56
10483,4270,84,1,342.28
10484,4271,22,2,311.83
10485,4271,92,1,28139.31
10486,4271,69,2,2056.67
10487,4271,47,2,576.56
10488,4272,17,2,17200.61
10489,4272,81,1,479.98
10490,4272,75,1,517.43
10491,4273,40,2,1119.47
10492,4273,17,2,16577.4
10493,4273,54,2,8352.36
10494,4273,65,1,16429.56
10495,4274,54,2,8352.36
10496,4275,92,1,27057.02
10497,4276,84,2,329.11
10498,4276,40,2,1052.14
10499,4276,22,1,299.84
10500,4276,7,1,191.99
10501,4277,96,2,345.75
10502,4277,34,1,688.51
10503,4277,47,2,589.87
10504,4278,69,1,2099.22
10505,4279,41,2,249.31
10506,4279,96,1,384.74
10507,4279,22,2,319.03
10508,4280,90,2,718.0
10509,4280,34,2,647.1
10510,4281,18,1,275.14
10511,4281,22,1,299.84
10512,4281,84,1,329.11
10513,4281,65,1,15441.31
10514,4282,7,1,204.27
10515,4283,96,2,363.94
10516,4283,47,1,554.39
10517,4284,65,2,15441.31
10518,4285,75,1,500.52
10519,4286,40,1,1119.47
10520,4286,18,2,325.76
10521,4286,92,1,28788.67
10522,4287,92,1,28788.67
10523,4287,18,1,325.76
10524,4287,17,2,16577.4
10525,4288,34,1,688.51
10526,4289,34,1,647.1
10527,4289,90,2,718.0
10528,4289,5,2,168.71
10529,4289,41,2,234.31
10530,4290,7,2,191.99
10531,4290,47,2,554.39
10532,4290,5,1,168.71
10533,4291,47,2,554.39
10534,4291,7,1,215.03
10535,4291,90,1,718.0
10536,4291,18,1,308.15
10537,4292,92,2,27057.02
10538,4292,81,2,434.76
10539,4292,47,1,620.91
10540,4292,45,1,62.74
10541,4293,69,2,1985.75
10542,4294,41,1,249.31
10543,4294,97,1,294.26
10544,4294,47,1,656.39
10545,4294,22,1,319.03
10546,4295,41,2,234.31
10547,4296,68,2,8972.8
10548,4296,22,2,299.84
10549,4296,5,1,168.71
10550,4296,96,2,363.94
10551,4297,54,2,7849.96
10552,4297,17,2,15580.26
10553,4298,69,2,1985.75
10554,4299,6,1,169.03
10555,4299,69,2,1985.75
10556,4299,90,2,718.0
10557,4300,90,2,718.0
10558,4301,40,1,1052.14
10559,4302,18,1,308.15
10560,4302,54,2,7849.96
10561,4302,6,1,169.03
10562,4303,17,2,15580.26
10563,4303,6,2,169.03
10564,4303,22,2,299.84
10565,4303,84,1,329.11
10566,4304,84,1,350.18
10567,4304,17,2,18447.03
10568,4305,92,1,28788.67
10569,4305,5,2,179.51
10570,4305,45,1,66.75
10571,4305,65,2,16429.56
10572,4306,5,1,179.51
10573,4306,7,2,227.31
10574,4306,40,2,1119.47
10575,4307,34,2,647.1
10576,4308,6,2,179.84
10577,4309,18,2,308.15
10578,4309,97,2,276.56
10579,4310,90,1,718.0
10580,4310,7,1,215.03
10581,4311,68,1,8972.8
10582,4311,45,1,62.74
10583,4311,65,2,15441.31
10584,4312,45,1,66.75
10585,4312,6,1,179.84
10586,4312,84,1,350.18
10587,4312,17,2,18447.03
10588,4313,22,1,355.01
10589,4313,17,1,18447.03
10590,4313,45,1,66.75
10591,4313,18,2,325.76
10592,4314,65,1,17911.92
10593,4314,40,1,1094.22
10594,4314,75,2,490.38
10595,4315,40,2,1094.22
10596,4315,6,2,175.79
10597,4315,18,2,319.16
10598,4316,17,1,18073.1
10599,4316,40,2,1094.22
10600,4316,90,1,746.72
10601,4317,81,1,479.98
10602,4317,40,1,1161.56
10603,4317,5,2,186.26
10604,4317,90,2,792.67
10605,4318,41,2,286.8
10606,4318,5,2,186.26
10607,4319,22,2,347.81
10608,4319,92,2,28139.31
10609,4319,41,1,271.8
10610,4319,90,2,746.72
10611,4320,22,1,347.81
10612,4320,7,1,222.71
10613,4320,6,2,175.79
10614,4321,97,2,305.32
10615,4321,92,1,29870.96
10616,4321,81,1,479.98
10617,4322,90,1,746.72
10618,4322,40,1,1094.22
10619,4322,97,2,287.62
10620,4323,81,1,532.15
10621,4323,65,1,18900.17
10622,4323,97,1,305.32
10623,4323,69,1,2170.14
10624,4324,40,2,1094.22
10625,4325,7,1,222.71
10626,4325,65,2,17911.92
10627,4326,17,2,18073.1
10628,4327,81,1,504.32
10629,4327,97,1,287.62
10630,4327,84,1,342.28
10631,4327,47,2,643.09
10632,4328,97,2,287.62
10633,4328,40,1,1094.22
10634,4329,45,1,69.26
10635,4329,96,2,397.74
10636,4330,47,2,678.57
10637,4330,40,2,1287.82
10638,4330,17,1,19070.24
10639,4331,41,2,271.8
10640,4331,5,2,175.46
10641,4331,40,1,1220.48
10642,4332,47,1,678.57
10643,4333,54,1,9608.35
10644,4333,7,2,234.99
10645,4333,6,1,186.6
10646,4333,81,2,532.15
10647,4334,68,2,9905.97
10648,4334,65,1,18900.17
10649,4335,68,2,9905.97
10650,4335,17,2,19070.24
10651,4335,45,2,69.26
10652,4336,92,1,29870.96
10653,4337,40,1,1220.48
10654,4337,90,1,746.72
10655,4337,17,2,18073.1
10656,4338,90,1,792.67
10657,4338,18,1,336.77
10658,4338,84,2,363.34
10659,4339,97,2,287.62
10660,4340,41,1,286.8
10661,4340,96,1,397.74
10662,4340,6,2,186.6
10663,4341,6,2,175.79
10664,4341,81,1,504.32
10665,4341,84,2,342.28
10666,4341,65,1,17911.92
10667,4342,84,1,342.28
10668,4343,18,1,319.16
10669,4344,84,1,363.34
10670,4344,54,1,9608.35
10671,4345,7,2,222.71
10672,4345,92,1,28139.31
10673,4345,34,2,672.98
10674,4345,40,2,1220.48
10675,4346,7,1,234.99
10676,4346,84,1,363.34
10677,4346,65,2,18900.17
10678,4346,22,2,367.0
10679,4347,81,2,504.32
10680,4348,34,2,750.64
10681,4348,92,2,28139.31
10682,4348,45,2,65.25
10683,4348,5,2,175.46
10684,4349,22,2,367.0
10685,4350,90,1,746.72
10686,4351,41,2,271.8
10687,4352,22,2,347.81
10688,4352,54,1,9105.96
10689,4353,5,1,175.46
10690,4354,22,2,347.81
10691,4354,34,1,750.64
10692,4354,45,1,65.25
10693,4355,65,2,18900.17
10694,4355,68,1,10982.71
10695,4355,34,1,792.05
10696,4356,90,1,792.67
10697,4357,41,2,262.43
10698,4357,54,2,8791.96
10699,4358,47,1,656.39
10700,4358,45,1,66.75
10701,4358,34,2,766.17
10702,4359,65,2,18282.51
10703,4359,90,1,763.95
10704,4360,40,2,1245.73
10705,4361,5,2,179.51
10706,4361,90,2,763.95
10707,4361,41,2,277.43
10708,4361,97,1,327.45
10709,4362,34,1,766.17
10710,4362,54,1,9294.36
10711,4362,41,1,277.43
10712,4363,34,1,766.17
10713,4364,47,2,656.39
10714,4364,84,2,350.18
10715,4365,97,2,309.75
10716,4365,34,1,724.75
10717,4366,96,2,363.94
10718,4366,5,2,188.96
10719,4367,84,2,329.11
10720,4367,34,2,724.75
10721,4368,6,2,200.13
10722,4369,5,2,188.96
10723,4369,84,1,329.11
10724,4369,40,2,1178.39
10725,4370,81,1,514.76
10726,4371,34,1,724.75
10727,4371,54,1,8791.96
10728,4371,97,2,309.75
10729,4371,5,1,188.96
10730,4372,92,1,27057.02
10731,4372,97,2,309.75
10732,4372,81,1,486.93
10733,4372,84,2,368.61
10734,4373,81,1,514.76
10735,4373,97,1,327.45
10736,4373,5,2,199.76
10737,4373,84,2,389.67
10738,4374,84,2,368.61
10739,4375,54,1,9294.36
10740,4375,90,2,763.95
10741,4376,97,1,309.75
10742,4377,90,2,718.0
10743,4378,90,1,718.0
10744,4379,90,1,763.95
10745,4379,45,1,66.75
10746,4380,84,2,389.67
10747,4380,6,2,200.13
10748,4380,90,2,850.11
10749,4381,97,2,327.45
10750,4381,92,2,28788.67
10751,4381,90,1,850.11
10752,4381,68,1,10623.8
10753,4382,90,2,850.11
10754,4383,68,2,10049.54
10755,4383,92,2,27057.02
10756,4383,6,2,189.31
10757,4384,68,2,10049.54
10758,4384,5,2,188.96
10759,4384,97,2,309.75
10760,4385,84,2,368.61
10761,4385,45,2,62.74
10762,4385,6,2,189.31
10763,4385,68,1,10049.54
10764,4386,5,2,188.96
10765,4387,68,1,10623.8
10766,4387,6,2,200.13
10767,4387,92,2,28788.67
10768,4387,90,2,850.11
10769,4388,92,2,28788.67
10770,4389,45,2,62.74
10771,4389,92,1,27057.02
10772,4390,90,1,804.16
10773,4391,45,2,62.74
10774,4392,92,1,32035.52
10775,4392,90,1,850.11
10776,4392,45,1,66.75
10777,4393,45,2,66.75
10778,4393,92,2,32035.52
10779,4393,90,1,850.11
10780,4394,90,2,804.16
10781,4395,45,1,66.75
10782,4396,45,1,65.25
10783,4396,92,2,31386.15
10784,4397,45,2,65.25
10785,4397,92,2,31386.15
10786,4398,92,1,31386.15
10787,4398,45,2,72.78
10788,4399,45,1,72.78
10789,4399,92,1,31386.15
10790,4400,92,2,31386.15
10791,4400,45,1,72.78
10792,4401,92,1,31386.15
10793,4402,92,1,33117.8
10794,4402,45,1,76.79
10795,4403,45,2,72.78
10796,4404,45,2,76.79
10797,4405,45,1,72.78
10798,4406,45,2,72.78
10799,4407,60,2,165.4
10800,4407,95,1,20929.19
10801,4407,71,1,376.55
10802,4407,31,2,213.54
10803,4408,26,1,228.39
10804,4408,14,1,409.24
10805,4408,10,1,238.22
10806,4408,95,2,22268.66
10807,4409,10,2,238.22
10808,4409,31,1,227.2
10809,4409,79,2,237.21
10810,4410,36,2,117.2
10811,4411,60,2,165.4
10812,4411,31,2,213.54
10813,4411,28,1,318.12
10814,4412,46,2,353.04
10815,4412,78,1,12302.77
10816,4412,38,1,223.95
10817,4412,79,1,222.94
10818,4413,53,2,848.59
10819,4413,95,2,20929.19
10820,4413,36,2,110.15
10821,4413,38,1,223.95
10822,4414,14,2,409.24
10823,4414,7,1,204.27
10824,4414,36,1,117.2
10825,4415,53,1,848.59
10826,4415,30,1,333.69
10827,4415,79,2,222.94
10828,4415,26,2,214.65
10829,4416,31,1,213.54
10830,4417,26,2,214.65
10831,4417,14,2,384.62
10832,4418,10,2,265.08
10833,4418,60,1,195.83
10834,4419,7,2,191.99
10835,4419,14,2,384.62
10836,4420,71,1,376.55
10837,4420,7,2,191.99
10838,4420,46,1,353.04
10839,4420,29,1,1028.69
10840,4421,7,1,191.99
10841,4421,81,2,434.76
10842,4421,57,2,719.01
10843,4421,26,2,214.65
10844,4422,63,1,159.59
10845,4422,38,2,238.28
10846,4422,81,1,462.59
10847,4423,95,2,20929.19
10848,4423,28,1,318.12
10849,4424,14,2,384.62
10850,4425,36,2,110.15
10851,4425,95,1,20929.19
10852,4425,57,2,719.01
10853,4425,71,1,376.55
10854,4426,83,2,7797.42
10855,4427,83,1,7797.42
10856,4427,14,2,384.62
10857,4427,46,2,353.04
10858,4428,10,1,265.08
10859,4428,30,1,355.04
10860,4428,26,2,228.39
10861,4428,81,1,514.76
10862,4429,30,2,408.43
10863,4429,79,2,246.12
10864,4429,36,1,121.61
10865,4429,26,2,236.97
10866,4430,26,1,248.99
10867,4430,81,1,504.32
10868,4431,71,1,415.71
10869,4431,38,2,247.24
10870,4431,46,1,389.75
10871,4432,53,1,882.53
10872,4432,28,2,330.85
10873,4432,81,1,504.32
10874,4433,31,2,222.08
10875,4433,7,1,199.67
10876,4434,81,1,532.15
10877,4434,29,1,1135.67
10878,4434,10,2,274.04
10879,4434,83,1,8608.36
10880,4435,81,1,504.32
10881,4436,63,2,165.59
10882,4436,95,1,23105.82
10883,4436,78,2,13582.26
10884,4436,60,1,202.45
10885,4437,91,2,296.53
10886,4437,56,2,265.88
10887,4438,63,1,155.99
10888,4438,56,2,265.88
10889,4438,10,2,259.71
10890,4439,79,1,231.85
10891,4440,57,2,834.05
10892,4440,71,2,391.61
10893,4440,30,1,387.08
10894,4441,10,1,259.71
10895,4441,38,2,232.91
10896,4442,83,1,8608.36
10897,4442,26,2,262.73
10898,4442,53,1,936.84
10899,4442,91,1,314.78
10900,4443,31,2,222.08
10901,4444,95,1,21766.35
10902,4444,30,1,387.08
10903,4444,81,2,504.32
10904,4445,10,2,274.04
10905,4445,79,1,246.12
10906,4445,7,1,211.95
10907,4446,14,1,424.63
10908,4447,31,1,222.08
10909,4447,29,2,1069.84
10910,4447,79,2,231.85
10911,4447,53,2,882.53
10912,4448,63,2,165.59
10913,4448,10,2,274.04
10914,4449,56,2,282.24
10915,4449,31,2,235.75
10916,4450,81,2,504.32
10917,4450,79,2,231.85
10918,4450,57,1,834.05
10919,4451,57,1,834.05
10920,4451,30,2,387.08
10921,4452,63,1,155.99
10922,4453,10,1,274.04
10923,4453,63,2,165.59
10924,4454,53,1,1038.67
10925,4454,28,1,351.21
10926,4454,46,1,389.75
10927,4455,10,1,274.04
10928,4455,30,1,408.43
10929,4456,53,1,984.36
10930,4456,71,1,391.61
10931,4456,28,1,330.85
10932,4456,57,1,834.05
10933,4457,57,2,880.07
10934,4457,60,1,202.45
10935,4457,26,1,262.73
10936,4457,7,1,211.95
10937,4458,56,1,265.88
10938,4458,30,2,387.08
10939,4458,29,1,1069.84
10940,4459,56,1,282.24
10941,4460,63,1,155.99
10942,4460,14,2,400.01
10943,4460,78,2,12794.89
10944,4461,78,2,12794.89
10945,4462,53,2,1038.67
10946,4463,60,2,191.86
10947,4463,57,1,834.05
10948,4463,26,1,248.99
10949,4464,79,1,246.12
10950,4464,91,2,314.78
10951,4464,95,2,23105.82
10952,4465,60,1,191.86
10953,4465,28,1,330.85
10954,4465,46,1,367.16
10955,4465,79,2,258.61
10956,4466,46,2,367.16
10957,4466,71,1,391.61
10958,4467,78,1,13582.26
10959,4467,71,1,415.71
10960,4467,7,1,211.95
10961,4467,26,2,262.73
10962,4468,57,1,834.05
10963,4468,28,1,330.85
10964,4468,91,2,296.53
10965,4468,30,2,387.08
10966,4469,56,1,265.88
10967,4469,57,2,834.05
10968,4469,38,2,232.91
10969,4469,78,1,12794.89
10970,4470,83,2,8296.46
10971,4470,63,2,159.59
10972,4471,53,2,950.42
10973,4471,29,1,1028.69
10974,4471,83,2,7797.42
10975,4471,95,1,20929.19
10976,4472,29,1,1028.69
10977,4472,79,1,249.69
10978,4472,63,1,149.99
10979,4473,28,1,318.12
10980,4473,30,1,373.73
10981,4474,57,1,805.29
10982,4474,28,1,318.12
10983,4474,79,2,249.69
10984,4474,14,1,384.62
10985,4475,91,2,303.37
10986,4475,53,2,1004.73
10987,4476,31,2,213.54
10988,4476,95,2,20929.19
10989,4477,29,2,1094.52
10990,4477,31,2,227.2
10991,4478,26,2,240.41
10992,4479,91,2,303.37
10993,4479,56,1,272.01
10994,4479,60,1,195.83
10995,4479,78,2,13090.15
10996,4480,71,1,376.55
10997,4480,26,1,240.41
10998,4480,81,2,486.93
10999,4480,31,1,213.54
11000,4481,91,1,303.37
11001,4481,83,2,8296.46
11002,4481,56,2,272.01
11003,4481,7,2,204.27
11004,4482,56,2,272.01
11005,4482,63,2,159.59
11006,4483,53,1,950.42
11007,4484,63,1,167.99
11008,4484,14,2,384.62
11009,4485,26,2,254.15
11010,4486,56,2,255.65
11011,4486,46,2,353.04
11012,4487,91,1,285.12
11013,4487,31,1,213.54
11014,4487,28,1,318.12
11015,4488,7,1,204.27
11016,4488,71,1,400.65
11017,4488,46,1,375.63
11018,4488,29,2,1094.52
11019,4489,36,2,117.2
11020,4489,31,2,227.2
11021,4489,56,1,272.01
11022,4489,14,1,409.24
11023,4490,63,1,167.99
11024,4491,71,1,400.65
11025,4491,78,1,13090.15
11026,4491,26,2,254.15
11027,4491,63,1,177.59
11028,4492,38,1,238.28
11029,4492,29,1,1094.52
11030,4492,14,1,409.24
11031,4492,91,1,303.37
11032,4493,79,1,249.69
11033,4493,38,2,223.95
11034,4493,78,2,12302.77
11035,4493,95,2,20929.19
11036,4494,95,2,20929.19
11037,4495,79,2,263.96
11038,4496,36,2,117.2
11039,4497,95,2,22268.66
11040,4497,28,2,338.49
11041,4497,79,1,263.96
11042,4498,63,2,167.99
11043,4498,31,2,213.54
11044,4498,14,1,384.62
11045,4498,83,1,7797.42
11046,4499,14,1,384.62
11047,4499,29,2,1028.69
11048,4500,38,2,238.28
11049,4500,63,2,177.59
11050,4500,71,2,400.65
11051,4500,95,2,22268.66
11052,4501,63,2,167.99
11053,4502,56,1,265.88
11054,4502,91,2,296.53
11055,4502,38,2,232.91
11056,4502,14,2,446.16
11057,4503,91,1,314.78
11058,4504,36,1,127.77
11059,4504,38,2,232.91
11060,4505,36,1,134.82
11061,4505,7,1,211.95
11062,4506,95,1,21766.35
11063,4507,31,1,222.08
11064,4508,46,2,389.75
11065,4508,95,2,23105.82
11066,4509,53,1,1038.67
11067,4509,63,2,183.58
11068,4509,91,1,314.78
11069,4509,78,2,13582.26
11070,4510,14,1,446.16
11071,4510,28,2,330.85
11072,4510,83,1,8109.32
11073,4510,38,2,232.91
11074,4511,91,2,314.78
11075,4511,29,1,1259.11
11076,4511,7,2,234.99
11077,4512,56,1,265.88
11078,4512,31,2,222.08
11079,4512,95,2,21766.35
11080,4512,7,2,222.71
11081,4513,91,1,314.78
11082,4513,46,2,389.75
11083,4513,71,1,415.71
11084,4514,71,2,391.61
11085,4514,14,2,446.16
11086,4514,46,1,409.52
11087,4514,53,1,984.36
11088,4515,63,1,183.58
11089,4515,56,1,312.92
11090,4516,31,2,235.75
11091,4517,79,1,258.61
11092,4517,71,2,391.61
11093,4517,29,1,1193.28
11094,4518,29,2,1259.11
11095,4518,78,1,13582.26
11096,4518,14,2,470.78
11097,4518,36,1,134.82
11098,4519,56,2,296.55
11099,4520,29,1,1193.28
11100,4520,14,1,446.16
11101,4520,31,1,222.08
11102,4521,56,1,296.55
11103,4521,91,2,296.53
11104,4522,79,2,258.61
11105,4523,95,2,23105.82
11106,4524,78,2,12794.89
11107,4524,38,1,232.91
11108,4525,38,1,232.91
11109,4525,7,1,222.71
11110,4525,56,1,296.55
11111,4526,56,2,296.55
11112,4526,36,1,127.77
11113,4526,14,1,446.16
11114,4526,29,1,1193.28
11115,4527,14,1,446.16
11116,4527,79,2,258.61
11117,4527,78,2,12794.89
11118,4528,29,1,1193.28
11119,4528,95,1,21766.35
11120,4528,36,1,127.77
11121,4529,71,2,391.61
11122,4529,29,1,1193.28
11123,4530,56,2,296.55
11124,4531,28,1,330.85
11125,4531,83,1,8109.32
11126,4531,31,2,247.7
11127,4531,7,2,222.71
11128,4532,7,2,234.99
11129,4532,14,1,470.78
11130,4532,31,1,261.37
11131,4532,56,1,312.92
11132,4533,56,2,296.55
11133,4534,71,2,460.9
11134,4534,7,1,234.99
11135,4534,46,2,432.12
11136,4534,28,1,351.21
11137,4535,31,1,247.7
11138,4535,36,2,127.77
11139,4536,78,1,12794.89
11140,4536,38,2,232.91
11141,4537,95,2,24277.86
11142,4537,91,1,296.53
11143,4537,78,1,12794.89
11144,4538,36,1,130.42
11145,4538,38,1,238.28
11146,4538,71,2,445.84
11147,4538,95,1,24780.16
11148,4539,36,2,130.42
11149,4540,31,1,239.16
11150,4541,56,1,286.33
11151,4542,95,1,24780.16
11152,4542,78,1,13090.15
11153,4542,31,1,252.83
11154,4543,46,2,418.0
11155,4543,71,2,445.84
11156,4543,31,1,252.83
11157,4544,28,2,318.12
11158,4545,28,2,338.49
11159,4545,46,1,418.0
11160,4545,91,2,303.37
11161,4545,83,2,8296.46
11162,4546,7,2,227.31
11163,4547,83,1,7797.42
11164,4547,28,2,318.12
11165,4548,28,2,318.12
11166,4548,83,1,7797.42
11167,4549,38,1,238.28
11168,4549,91,1,303.37
11169,4549,83,2,8296.46
11170,4549,7,1,227.31
11171,4550,71,1,445.84
11172,4550,31,1,252.83
11173,4550,83,1,8296.46
11174,4551,78,1,12302.77
11175,4551,38,1,223.95
11176,4551,46,2,395.4
11177,4551,28,2,356.3
11178,4552,83,1,8296.46
11179,4553,95,1,23440.69
11180,4554,83,2,7797.42
11181,4554,91,1,285.12
11182,4554,78,1,12302.77
11183,4554,28,1,356.3
11184,4555,91,1,319.34
11185,4556,95,2,23440.69
11186,4556,78,1,13779.11
11187,4556,83,1,7797.42
11188,4556,91,2,319.34
11189,4557,17,1,15580.26
11190,4557,31,1,239.16
11191,4557,26,2,214.65
11192,4558,28,2,356.3
11193,4559,72,2,387.08
11194,4559,78,2,13779.11
11195,4560,28,2,356.3
11196,4561,72,1,433.52
11197,4562,95,2,23440.69
11198,4562,46,1,395.4
11199,4562,83,2,7797.42
11200,4562,19,2,213.21
11201,4563,4,2,359.14
11202,4564,17,2,16577.4
11203,4565,72,2,458.3
11204,4565,19,1,226.86
11205,4565,83,2,8296.46
11206,4565,4,2,382.12
11207,4566,83,1,8733.12
11208,4566,31,1,239.16
11209,4566,26,1,214.65
11210,4567,28,1,376.66
11211,4568,76,2,221.16
11212,4568,74,2,128.05
11213,4568,46,1,395.4
11214,4568,95,2,23440.69
11215,4569,76,1,247.7
11216,4569,78,2,13779.11
11217,4569,70,2,238.38
11218,4569,28,1,356.3
11219,4570,17,1,15580.26
11220,4570,38,2,223.95
11221,4571,68,1,8972.8
11222,4571,78,1,13779.11
11223,4572,26,1,214.65
11224,4572,38,1,223.95
11225,4572,28,1,356.3
11226,4573,83,1,9232.15
11227,4574,76,2,247.7
11228,4575,83,2,8733.12
11229,4576,17,2,17200.61
11230,4576,26,2,236.97
11231,4576,78,1,15058.6
11232,4576,74,1,141.37
11233,4577,26,1,223.24
11234,4577,12,2,336.7
11235,4577,78,2,14271.22
11236,4578,68,2,9905.97
11237,4579,91,2,348.99
11238,4579,19,2,235.39
11239,4579,12,1,357.42
11240,4579,72,1,473.78
11241,4580,74,2,133.17
11242,4581,4,2,373.5
11243,4581,76,1,256.55
11244,4581,68,1,10408.45
11245,4581,38,1,259.78
11246,4582,91,1,330.75
11247,4583,12,1,336.7
11248,4584,38,1,259.78
11249,4584,74,2,133.17
11250,4584,76,1,256.55
11251,4585,70,1,247.91
11252,4585,76,2,256.55
11253,4586,70,2,263.17
11254,4586,76,2,270.7
11255,4586,72,1,473.78
11256,4586,19,1,235.39
11257,4587,74,1,148.54
11258,4587,19,2,221.74
11259,4587,17,2,16203.47
11260,4588,17,1,16203.47
11261,4589,76,1,256.55
11262,4590,76,1,256.55
11263,4591,38,2,259.78
11264,4592,72,1,449.01
11265,4592,78,2,14271.22
11266,4592,19,2,221.74
11267,4592,12,1,336.7
11268,4593,91,2,330.75
11269,4594,72,1,449.01
11270,4594,78,1,14271.22
11271,4594,38,2,259.78
11272,4594,76,1,256.55
11273,4595,83,1,9544.05
11274,4596,17,2,17200.61
11275,4596,76,1,270.7
11276,4596,74,1,156.73
11277,4597,70,1,247.91
11278,4598,26,2,223.24
11279,4598,72,1,449.01
11280,4598,74,1,148.54
11281,4598,68,1,10408.45
11282,4599,12,2,336.7
11283,4599,38,2,259.78
11284,4600,19,2,221.74
11285,4601,38,1,259.78
11286,4601,74,2,148.54
11287,4602,38,2,259.78
11288,4602,19,2,221.74
11289,4602,68,2,10408.45
11290,4603,83,2,9544.05
11291,4603,38,1,274.11
11292,4603,4,2,396.49
11293,4603,17,2,17200.61
11294,4604,72,1,473.78
11295,4604,26,1,262.73
11296,4605,74,2,156.73
11297,4605,4,1,396.49
11298,4605,68,1,10982.71
11299,4606,83,2,9045.01
11300,4606,68,2,10408.45
11301,4606,70,1,247.91
11302,4606,19,2,221.74
11303,4607,74,1,156.73
11304,4608,26,1,248.99
11305,4609,26,2,262.73
11306,4609,70,1,263.17
11307,4609,4,1,396.49
11308,4610,4,2,373.5
11309,4611,17,1,16203.47
11310,4612,26,2,248.99
11311,4612,70,2,247.91
11312,4612,19,2,221.74
11313,4612,68,1,10408.45
11314,4613,26,2,262.73
11315,4613,17,1,17200.61
11316,4613,12,1,357.42
11317,4614,26,1,248.99
11318,4614,17,2,16203.47
11319,4615,19,2,247.33
11320,4615,74,1,148.54
11321,4616,12,2,336.7
11322,4616,19,1,247.33
11323,4617,70,1,263.17
11324,4617,19,1,260.97
11325,4618,68,1,10049.54
11326,4618,26,1,240.41
11327,4618,12,1,323.75
11328,4618,4,1,359.14
11329,4619,19,2,252.44
11330,4619,70,2,253.63
11331,4619,74,1,151.61
11332,4620,26,2,240.41
11333,4621,74,1,143.42
11334,4622,70,1,238.38
11335,4622,4,1,359.14
11336,4622,12,1,323.75
11337,4622,17,1,15580.26
11338,4623,17,2,16577.4
11339,4623,70,1,253.63
11340,4623,4,2,382.12
11341,4624,12,1,323.75
11342,4624,70,1,238.38
11343,4624,17,2,15580.26
11344,4624,19,1,238.8
11345,4625,70,1,253.63
11346,4625,17,1,18447.03
11347,4625,4,1,382.12
11348,4625,19,1,252.44
11349,4626,4,1,382.12
11350,4627,17,1,17449.89
11351,4628,4,2,359.14
11352,4628,17,1,17449.89
11353,4629,70,1,253.63
11354,4629,17,1,18447.03
11355,4630,19,1,238.8
11356,4630,12,1,323.75
11357,4630,4,1,402.23
11358,4631,19,1,252.44
11359,4631,17,1,18447.03
11360,4631,12,2,344.47
11361,4631,70,2,253.63
11362,4632,19,1,252.44
11363,4632,12,2,344.47
11364,4633,70,2,238.38
11365,4633,4,2,402.23
11366,4633,12,1,323.75
11367,4634,12,1,344.47
11368,4634,70,2,253.63
11369,4634,4,1,425.22
11370,4634,17,2,18447.03
11371,4635,12,1,344.47
11372,4636,4,2,425.22
11373,4637,12,1,344.47
11374,4637,17,1,18447.03
11375,4638,12,1,344.47
11376,4638,17,2,18447.03
11377,4639,4,2,425.22
11378,4640,70,2,253.63
11379,4641,4,1,425.22
11380,4642,70,1,238.38
11381,4642,4,1,402.23
11382,4642,12,2,323.75
11383,4643,70,1,238.38
11384,4643,12,1,323.75
11385,4644,12,1,362.6
11386,4644,70,1,266.98
11387,4645,12,1,362.6
11388,4645,70,2,266.98
11389,4646,70,2,282.24
11390,4646,12,1,383.32
11391,4647,12,2,362.6
11392,4647,70,1,266.98
11393,4648,12,2,383.32
11394,4649,12,2,383.32
11395,4649,70,1,282.24
11396,4650,70,2,282.24
11397,4650,12,2,383.32
11398,4651,70,1,282.24
11399,4651,12,1,383.32
11400,4652,12,1,383.32
11401,4652,70,2,282.24
11402,4653,70,2,282.24
11403,4654,77,2,191.83
11404,4654,37,2,963.69
11405,4654,53,2,848.59
11406,4654,67,2,291.98
11407,4655,66,1,330.95
11408,4655,73,1,29552.71
11409,4655,55,1,220.07
11410,4655,36,1,110.15
11411,4656,78,1,13090.15
11412,4656,67,2,310.66
11413,4657,53,1,848.59
11414,4658,19,2,213.21
11415,4659,36,2,110.15
11416,4659,59,1,386.66
11417,4659,9,1,537.08
11418,4659,72,2,387.08
11419,4660,66,1,352.13
11420,4660,78,2,13090.15
11421,4661,64,2,368.92
11422,4661,78,1,12302.77
11423,4662,78,1,12794.89
11424,4662,73,2,30734.82
11425,4662,59,1,402.13
11426,4662,21,1,1069.87
11427,4663,72,2,402.56
11428,4663,30,1,347.04
11429,4663,77,2,199.5
11430,4664,33,1,429.16
11431,4664,19,1,247.33
11432,4665,30,1,347.04
11433,4665,78,2,12794.89
11434,4665,19,2,247.33
11435,4665,21,2,1069.87
11436,4666,50,2,237.29
11437,4666,64,1,407.29
11438,4666,62,1,39686.0
11439,4667,66,1,344.19
11440,4668,98,2,399.05
11441,4668,33,1,429.16
11442,4668,59,2,402.13
11443,4668,16,1,385.42
11444,4669,72,1,402.56
11445,4669,9,2,558.56
11446,4669,77,1,199.5
11447,4669,98,2,399.05
11448,4670,53,1,882.53
11449,4671,73,1,32626.19
11450,4671,21,1,1135.71
11451,4671,98,2,469.65
11452,4671,9,1,592.93
11453,4672,19,2,247.33
11454,4672,72,2,402.56
11455,4673,50,2,223.53
11456,4673,19,1,247.33
11457,4674,78,2,12794.89
11458,4674,72,2,402.56
11459,4674,37,1,1002.24
11460,4675,21,1,1069.87
11461,4676,16,1,409.14
11462,4676,37,2,1063.91
11463,4677,16,1,429.9
11464,4677,66,1,344.19
11465,4678,62,1,37385.36
11466,4678,67,1,303.65
11467,4679,46,1,367.16
11468,4679,53,1,882.53
11469,4679,33,1,429.16
11470,4679,98,1,445.09
11471,4680,72,1,402.56
11472,4681,19,2,260.97
11473,4681,77,1,211.77
11474,4682,67,1,322.34
11475,4682,78,2,13582.26
11476,4683,55,2,228.88
11477,4683,9,1,558.56
11478,4683,30,1,347.04
11479,4684,33,2,455.57
11480,4684,73,1,32626.19
11481,4684,30,1,368.39
11482,4684,9,1,592.93
11483,4685,72,2,427.33
11484,4686,46,1,367.16
11485,4687,19,2,247.33
11486,4687,33,2,429.16
11487,4687,36,1,114.56
11488,4688,64,1,383.68
11489,4688,46,2,367.16
11490,4688,59,1,402.13
11491,4688,53,1,882.53
11492,4689,53,2,936.84
11493,4690,78,2,13582.26
11494,4690,67,1,322.34
11495,4690,64,1,407.29
11496,4691,55,1,242.96
11497,4691,9,2,592.93
11498,4691,64,2,407.29
11499,4692,37,1,1002.24
11500,4692,21,2,1069.87
11501,4692,46,2,367.16
11502,4692,36,1,114.56
11503,4693,64,1,368.92
11504,4693,59,2,386.66
11505,4693,98,2,429.74
11506,4694,62,2,38248.1
11507,4694,72,2,411.85
11508,4694,66,1,352.13
11509,4695,77,2,191.83
11510,4695,67,2,291.98
11511,4696,46,2,353.04
11512,4696,53,2,848.59
11513,4696,64,1,368.92
11514,4696,21,1,1028.72
11515,4697,72,2,411.85
11516,4698,78,1,12302.77
11517,4699,66,1,330.95
11518,4699,33,2,412.65
11519,4700,53,2,848.59
11520,4701,37,2,963.69
11521,4702,78,2,13090.15
11522,4702,50,1,228.69
11523,4703,46,1,375.63
11524,4703,53,2,902.9
11525,4703,55,2,234.16
11526,4704,33,2,462.17
11527,4704,66,1,330.95
11528,4705,72,2,411.85
11529,4705,53,2,902.9
11530,4705,36,2,117.2
11531,4705,50,1,228.69
11532,4706,21,1,1028.72
11533,4707,78,1,13779.11
11534,4707,16,1,415.07
11535,4707,64,1,368.92
11536,4707,72,1,387.08
11537,4708,64,1,392.54
11538,4708,30,2,355.04
11539,4709,66,2,352.13
11540,4709,67,1,310.66
11541,4710,66,1,330.95
11542,4710,37,2,963.69
11543,4710,30,1,333.69
11544,4711,62,1,38248.1
11545,4712,78,1,14566.49
11546,4712,16,2,438.79
11547,4713,36,1,110.15
11548,4713,50,2,214.94
11549,4714,77,1,191.83
11550,4715,59,2,386.66
11551,4716,66,2,352.13
11552,4716,53,1,902.9
11553,4716,36,1,117.2
11554,4716,50,1,228.69
11555,4717,67,2,310.66
11556,4718,73,1,34990.41
11557,4718,64,1,392.54
11558,4718,67,2,310.66
11559,4718,21,2,1094.56
11560,4719,53,2,848.59
11561,4719,55,1,220.07
11562,4720,16,1,438.79
11563,4720,78,2,14566.49
11564,4720,66,1,352.13
11565,4720,33,2,488.58
11566,4721,66,1,352.13
11567,4722,33,2,488.58
11568,4722,37,1,1025.36
11569,4723,55,2,234.16
11570,4724,78,2,13779.11
11571,4724,9,1,601.52
11572,4724,21,1,1028.72
11573,4724,30,2,333.69
11574,4725,21,1,1094.56
11575,4725,67,1,310.66
11576,4726,72,2,458.3
11577,4726,77,2,204.1
11578,4727,64,2,368.92
11579,4728,21,1,1028.72
11580,4729,36,2,117.2
11581,4729,66,2,352.13
11582,4729,59,1,411.41
11583,4729,37,1,1025.36
11584,4730,36,2,117.2
11585,4731,36,1,110.15
11586,4731,77,1,191.83
11587,4732,98,1,445.09
11588,4733,37,1,1002.24
11589,4733,9,1,623.01
11590,4733,55,1,228.88
11591,4733,64,1,383.68
11592,4734,67,1,322.34
11593,4735,67,2,322.34
11594,4735,98,1,469.65
11595,4736,59,2,426.88
11596,4737,62,2,37385.36
11597,4737,98,2,445.09
11598,4737,77,2,199.5
11599,4738,72,1,449.01
11600,4738,64,2,383.68
11601,4739,21,2,1069.87
11602,4739,50,2,223.53
11603,4740,67,1,303.65
11604,4740,62,2,37385.36
11605,4740,36,2,114.56
11606,4741,53,2,1038.67
11607,4742,36,1,121.61
11608,4742,53,1,1038.67
11609,4742,73,2,36172.52
11610,4743,55,1,228.88
11611,4744,9,2,623.01
11612,4744,72,1,449.01
11613,4744,78,1,14271.22
11614,4745,9,1,623.01
11615,4746,53,1,984.36
11616,4747,59,2,426.88
11617,4748,37,1,1063.91
11618,4748,21,1,1135.71
11619,4748,67,2,322.34
11620,4748,66,2,365.37
11621,4749,62,2,37385.36
11622,4749,59,1,402.13
11623,4750,64,2,407.29
11624,4750,21,2,1135.71
11625,4750,67,2,322.34
11626,4751,77,1,199.5
11627,4752,67,2,357.38
11628,4752,37,1,1179.55
11629,4752,59,1,426.88
11630,4753,67,2,357.38
11631,4753,98,2,469.65
11632,4753,46,1,389.75
11633,4753,77,1,211.77
11634,4754,98,1,445.09
11635,4754,62,1,37385.36
11636,4754,59,1,402.13
11637,4755,77,1,199.5
11638,4755,33,1,478.67
11639,4755,66,2,344.19
11640,4756,37,1,1117.88
11641,4756,59,1,402.13
11642,4756,62,2,37385.36
11643,4756,77,2,199.5
11644,4757,66,1,383.9
11645,4758,46,2,367.16
11646,4758,55,1,228.88
11647,4758,37,2,1117.88
11648,4758,77,2,199.5
11649,4759,55,2,228.88
11650,4759,62,1,37385.36
11651,4759,77,2,199.5
11652,4760,59,1,402.13
11653,4760,53,2,984.36
11654,4761,55,1,228.88
11655,4761,77,1,199.5
11656,4762,66,1,383.9
11657,4763,53,1,1038.67
11658,4764,73,1,34281.15
11659,4764,55,2,228.88
11660,4764,59,1,402.13
11661,4765,73,2,36172.52
11662,4765,21,1,1135.71
11663,4766,21,2,1069.87
11664,4766,72,1,449.01
11665,4767,16,1,429.9
11666,4767,66,1,383.9
11667,4767,59,2,402.13
11668,4767,46,2,367.16
11669,4768,77,1,211.77
11670,4769,50,1,214.94
11671,4770,53,2,1004.73
11672,4770,50,2,228.69
11673,4771,72,1,458.3
11674,4771,64,1,392.54
11675,4771,16,2,438.79
11676,4772,53,2,950.42
11677,4773,55,1,234.16
11678,4773,16,1,438.79
11679,4774,77,2,204.1
11680,4774,21,1,1094.56
11681,4774,59,2,411.41
11682,4775,59,2,386.66
11683,4775,64,1,368.92
11684,4775,50,1,214.94
11685,4775,33,1,462.17
11686,4776,21,2,1094.56
11687,4776,73,2,34990.41
11688,4777,77,1,191.83
11689,4777,66,2,370.66
11690,4778,30,1,333.69
11691,4778,16,2,415.07
11692,4778,62,1,35947.46
11693,4778,9,2,601.52
11694,4779,36,1,110.15
11695,4779,64,1,368.92
11696,4780,37,1,1079.33
11697,4781,9,2,601.52
11698,4782,46,2,353.04
11699,4782,62,2,35947.46
11700,4782,50,2,214.94
11701,4782,77,2,191.83
11702,4783,77,2,191.83
11703,4783,73,2,33099.04
11704,4783,64,1,368.92
11705,4783,16,1,415.07
11706,4784,37,1,1141.01
11707,4784,50,2,228.69
11708,4784,77,2,227.12
11709,4785,66,2,370.66
11710,4785,62,1,35947.46
11711,4785,50,1,214.94
11712,4785,59,1,386.66
11713,4786,72,1,458.3
11714,4786,50,1,228.69
11715,4787,36,1,110.15
11716,4787,37,2,1079.33
11717,4787,62,2,35947.46
11718,4788,72,2,433.52
11719,4788,59,1,386.66
11720,4789,37,2,1079.33
11721,4789,59,2,386.66
11722,4789,77,2,214.84
11723,4790,72,1,433.52
11724,4790,64,1,368.92
11725,4791,73,1,33099.04
11726,4791,36,2,123.37
11727,4791,55,1,246.48
11728,4791,21,2,1152.17
11729,4792,21,2,1152.17
11730,4792,59,1,433.06
11731,4793,66,1,391.84
11732,4793,30,2,355.04
11733,4794,59,1,433.06
11734,4795,67,1,327.01
11735,4795,33,1,462.17
11736,4795,37,2,1079.33
11737,4795,59,2,433.06
11738,4796,55,1,260.57
11739,4797,64,1,368.92
11740,4797,67,1,327.01
11741,4797,59,2,433.06
11742,4797,21,1,1152.17
11743,4798,59,2,433.06
11744,4798,77,2,214.84
11745,4798,55,1,246.48
11746,4798,30,2,333.69
11747,4799,64,2,436.81
11748,4799,36,2,130.42
11749,4799,59,1,457.81
11750,4799,66,1,391.84
11751,4800,46,1,375.63
11752,4801,66,1,370.66
11753,4801,55,1,246.48
11754,4802,21,2,1152.17
11755,4803,36,1,123.37
11756,4803,66,1,370.66
11757,4803,37,2,1079.33
11758,4803,30,1,333.69
11759,4804,55,2,260.57
11760,4805,78,1,12794.89
11761,4805,15,1,175.67
11762,4806,64,2,407.29
11763,4806,4,1,396.49
11764,4806,38,2,247.24
11765,4806,92,2,29870.96
11766,4807,92,2,28139.31
11767,4807,41,2,243.69
11768,4807,78,2,12794.89
11769,4807,57,1,747.77
11770,4808,32,1,224.51
11771,4808,12,2,357.42
11772,4809,93,1,346.57
11773,4809,12,1,336.7
11774,4810,32,1,224.51
11775,4810,64,1,407.29
11776,4810,4,2,396.49
11777,4811,78,2,13582.26
11778,4811,38,1,247.24
11779,4811,9,1,592.93
11780,4812,55,1,255.29
11781,4812,77,1,199.5
11782,4812,32,2,211.5
11783,4813,36,1,134.82
11784,4814,47,2,612.04
11785,4814,57,1,793.79
11786,4814,75,2,466.7
11787,4814,4,1,396.49
11788,4815,38,1,232.91
11789,4815,78,1,12794.89
11790,4815,74,2,133.17
11791,4816,75,2,517.43
11792,4817,32,2,211.5
11793,4818,60,1,172.02
11794,4818,15,2,175.67
11795,4818,50,1,249.33
11796,4818,29,2,1069.84
11797,4819,62,2,39686.0
11798,4819,55,1,269.37
11799,4819,75,2,517.43
11800,4819,12,2,357.42
11801,4820,78,1,12794.89
11802,4820,60,2,172.02
11803,4820,9,1,558.56
11804,4821,66,1,383.9
11805,4821,75,2,490.38
11806,4821,64,1,383.68
11807,4822,93,2,346.57
11808,4823,32,2,211.5
11809,4823,29,2,1069.84
11810,4823,64,1,383.68
11811,4824,57,1,747.77
11812,4824,15,1,175.67
11813,4825,74,2,141.37
11814,4825,67,1,357.38
11815,4825,9,2,592.93
11816,4825,60,2,182.6
11817,4826,57,1,793.79
11818,4826,9,2,592.93
11819,4826,77,2,211.77
11820,4827,74,1,148.54
11821,4827,47,2,576.56
11822,4828,41,2,258.68
11823,4828,9,1,592.93
11824,4829,29,1,1135.67
11825,4829,77,1,211.77
11826,4829,74,1,156.73
11827,4830,60,2,172.02
11828,4830,64,1,383.68
11829,4830,59,2,402.13
11830,4830,6,2,175.79
11831,4831,32,2,224.51
11832,4831,9,1,592.93
11833,4831,75,2,517.43
11834,4831,29,1,1135.67
11835,4832,77,2,199.5
11836,4832,74,1,148.54
11837,4832,46,2,409.52
11838,4832,30,1,347.04
11839,4833,67,1,338.69
11840,4834,9,2,592.93
11841,4835,64,1,383.68
11842,4836,32,2,224.51
11843,4836,9,2,592.93
11844,4837,57,1,793.79
11845,4837,50,2,263.08
11846,4837,75,1,517.43
11847,4838,50,2,249.33
11848,4838,6,1,175.79
11849,4838,57,1,747.77
11850,4839,50,1,249.33
11851,4839,75,2,490.38
11852,4840,47,2,576.56
11853,4841,92,2,28139.31
11854,4841,47,1,576.56
11855,4841,38,1,232.91
11856,4841,21,1,1069.87
11857,4842,47,2,554.39
11858,4842,59,1,386.66
11859,4842,44,2,1101.44
11860,4842,75,1,473.47
11861,4843,60,1,165.4
11862,4843,77,2,191.83
11863,4843,36,1,123.37
11864,4844,32,2,216.38
11865,4844,77,1,204.1
11866,4844,46,1,418.0
11867,4844,55,1,260.57
11868,4845,38,2,238.28
11869,4845,9,1,571.45
11870,4845,6,2,179.84
11871,4845,4,1,382.12
11872,4846,64,1,368.92
11873,4847,38,1,223.95
11874,4847,6,2,169.03
11875,4847,32,2,203.36
11876,4847,46,1,395.4
11877,4848,41,1,234.31
11878,4848,12,2,323.75
11879,4848,46,2,395.4
11880,4849,93,1,333.24
11881,4850,62,1,35947.46
11882,4851,36,2,123.37
11883,4851,44,1,1101.44
11884,4851,15,2,168.91
11885,4852,50,2,254.49
11886,4852,47,2,589.87
11887,4852,62,1,38248.1
11888,4852,9,1,571.45
11889,4853,38,1,238.28
11890,4854,78,2,13779.11
11891,4854,12,2,323.75
11892,4854,38,1,223.95
11893,4854,60,2,165.4
11894,4855,66,1,391.84
11895,4856,15,1,168.91
11896,4857,30,2,355.04
11897,4857,41,2,249.31
11898,4857,74,1,151.61
11899,4858,64,1,368.92
11900,4858,38,2,223.95
11901,4858,62,1,35947.46
11902,4858,4,1,359.14
11903,4859,78,1,13779.11
11904,4859,46,1,395.4
11905,4860,46,2,395.4
11906,4860,66,1,370.66
11907,4861,15,2,179.72
11908,4861,78,2,14566.49
11909,4861,12,2,344.47
11910,4862,62,1,38248.1
11911,4862,15,1,179.72
11912,4863,44,1,1171.93
11913,4864,4,2,382.12
11914,4864,64,1,392.54
11915,4864,66,2,391.84
11916,4864,12,2,344.47
11917,4865,30,2,333.69
11918,4865,36,2,123.37
11919,4865,32,2,203.36
11920,4866,55,1,246.48
11921,4866,44,1,1101.44
11922,4866,57,1,719.01
11923,4866,6,1,169.03
11924,4867,66,1,370.66
11925,4867,44,2,1101.44
11926,4868,66,2,370.66
11927,4869,77,2,191.83
11928,4869,93,1,333.24
11929,4869,50,2,240.73
11930,4869,4,1,359.14
11931,4870,21,2,1028.72
11932,4871,41,2,249.31
11933,4871,30,2,395.09
11934,4871,74,2,151.61
11935,4872,15,2,175.67
11936,4872,50,1,249.33
11937,4872,57,1,747.77
11938,4872,30,1,387.08
11939,4873,78,1,14271.22
11940,4874,21,2,1135.71
11941,4874,57,2,793.79
11942,4874,78,2,15058.6
11943,4875,55,1,255.29
11944,4875,74,2,148.54
11945,4876,38,2,232.91
11946,4876,41,2,243.69
11947,4876,60,1,172.02
11948,4877,59,2,426.88
11949,4877,30,1,408.43
11950,4877,38,1,247.24
11951,4877,29,2,1135.67
11952,4878,55,1,255.29
11953,4878,74,1,148.54
11954,4878,12,2,336.7
11955,4879,62,2,39686.0
11956,4879,32,2,224.51
11957,4879,46,1,432.12
11958,4879,78,1,15058.6
11959,4880,21,1,1135.71
11960,4880,92,2,29870.96
11961,4880,77,1,211.77
11962,4881,30,2,387.08
11963,4882,30,1,408.43
11964,4882,15,1,186.48
11965,4883,60,1,182.6
11966,4883,4,2,396.49
11967,4883,21,1,1135.71
11968,4883,57,1,793.79
11969,4884,38,2,232.91
11970,4885,4,2,416.6
11971,4885,41,2,271.8
11972,4885,93,2,346.57
11973,4886,12,2,375.55
11974,4886,92,1,28139.31
11975,4887,44,1,1215.99
11976,4887,41,1,286.8
11977,4887,12,1,396.27
11978,4888,38,2,232.91
11979,4888,12,1,375.55
11980,4888,21,1,1069.87
11981,4888,6,1,175.79
11982,4889,12,1,375.55
11983,4889,59,1,402.13
11984,4890,38,2,247.24
11985,4891,74,2,148.54
11986,4891,47,2,576.56
11987,4892,93,2,367.89
11988,4892,12,2,396.27
11989,4892,46,1,432.12
11990,4892,92,1,29870.96
11991,4893,47,1,576.56
11992,4893,55,1,255.29
11993,4893,38,2,259.78
11994,4894,93,2,367.89
11995,4894,41,2,286.8
11996,4894,92,1,29870.96
11997,4895,47,1,612.04
11998,4896,60,1,172.02
11999,4896,4,2,416.6
12000,4896,38,1,259.78
12001,4897,47,1,612.04
12002,4897,77,1,211.77
12003,4897,29,2,1135.67
12004,4898,29,2,1069.84
12005,4898,60,1,172.02
12006,4898,74,1,148.54
12007,4898,77,2,199.5
12008,4899,15,2,186.48
12009,4899,64,1,407.29
12010,4899,21,1,1135.71
12011,4900,44,2,1215.99
12012,4900,32,2,224.51
12013,4900,62,1,39686.0
12014,4900,64,2,407.29
12015,4901,41,1,271.8
12016,4901,77,2,199.5
12017,4902,41,1,271.8
12018,4902,30,2,387.08
12019,4902,93,2,346.57
12020,4902,12,2,375.55
12021,4903,41,2,271.8
12022,4904,21,1,1193.32
12023,4904,62,1,37385.36
12024,4905,64,2,407.29
12025,4906,29,2,1069.84
12026,4906,21,2,1193.32
12027,4906,6,1,175.79
12028,4906,59,1,402.13
12029,4907,93,2,386.56
12030,4907,4,1,416.6
12031,4907,62,1,37385.36
12032,4908,55,1,255.29
12033,4909,57,1,834.05
12034,4909,9,2,558.56
12035,4909,29,2,1069.84
12036,4909,38,2,259.78
12037,4910,41,1,262.43
12038,4910,77,1,191.83
12039,4910,9,1,537.08
12040,4911,92,1,30303.87
12041,4911,30,1,373.73
12042,4911,60,1,165.4
12043,4911,32,1,227.77
12044,4912,38,2,265.16
12045,4912,60,2,175.99
12046,4912,77,1,204.1
12047,4913,59,1,386.66
12048,4913,15,1,168.91
12049,4913,30,2,373.73
12050,4913,38,2,250.82
12051,4914,44,1,1171.93
12052,4914,59,2,411.41
12053,4914,93,2,394.55
12054,4914,47,1,589.87
12055,4915,64,2,392.54
12056,4916,57,2,805.29
12057,4917,59,1,386.66
12058,4918,47,2,554.39
12059,4918,29,2,1028.69
12060,4918,38,1,250.82
12061,4918,15,2,168.91
12062,4919,29,1,1028.69
12063,4919,93,1,373.23
12064,4919,12,1,362.6
12065,4920,32,2,240.78
12066,4920,92,2,32035.52
12067,4920,60,2,175.99
12068,4920,64,1,392.54
12069,4921,64,1,368.92
12070,4921,12,2,362.6
12071,4922,64,2,392.54
12072,4922,6,2,179.84
12073,4922,44,1,1171.93
12074,4923,62,1,38248.1
12075,4924,64,1,368.92
12076,4924,29,2,1152.13
12077,4924,9,2,537.08
12078,4924,57,2,805.29
12079,4925,64,1,368.92
12080,4925,62,2,35947.46
12081,4925,47,2,554.39
12082,4926,64,2,368.92
12083,4927,12,2,362.6
12084,4927,47,2,620.91
12085,4927,4,1,402.23
12086,4928,21,2,1218.01
12087,4928,41,2,277.43
12088,4928,92,2,32035.52
12089,4928,64,2,392.54
12090,4929,47,2,656.39
12091,4929,6,1,200.13
12092,4929,57,2,851.31
12093,4930,57,1,851.31
12094,4930,62,2,42561.8
12095,4930,38,1,265.16
12096,4931,44,1,1171.93
12097,4931,29,2,1217.97
12098,4931,47,2,656.39
12099,4931,6,2,200.13
12100,4932,44,2,1101.44
12101,4933,21,2,1152.17
12102,4933,93,2,373.23
12103,4933,60,1,165.4
12104,4934,57,2,851.31
12105,4934,77,1,204.1
12106,4934,93,1,394.55
12107,4935,62,2,40261.16
12108,4936,57,1,805.29
12109,4936,32,1,227.77
12110,4936,93,1,373.23
12111,4937,92,1,32035.52
12112,4938,44,2,1171.93
12113,4939,4,1,425.22
12114,4939,92,2,32035.52
12115,4939,15,2,179.72
12116,4940,93,1,373.23
12117,4940,92,2,30303.87
12118,4940,15,1,189.18
12119,4940,21,2,1152.17
12120,4941,21,2,1218.01
12121,4941,4,1,425.22
12122,4941,59,1,411.41
12123,4942,64,2,368.92
12124,4942,62,2,40261.16
12125,4943,77,2,191.83
12126,4944,6,1,200.13
12127,4944,77,1,204.1
12128,4944,21,2,1218.01
12129,4944,60,1,175.99
12130,4945,47,2,620.91
12131,4946,6,2,200.13
12132,4946,77,1,227.12
12133,4946,60,1,195.83
12134,4946,32,1,240.78
12135,4947,15,1,199.99
12136,4948,9,1,537.08
12137,4948,62,2,40261.16
12138,4949,93,2,373.23
12139,4949,47,1,620.91
12140,4949,15,2,189.18
12141,4950,32,1,227.77
12142,4950,77,1,214.84
12143,4950,44,1,1101.44
12144,4950,15,2,189.18
12145,4951,44,2,1215.99
12146,4951,47,1,678.57
12147,4951,62,1,43999.69
12148,4952,9,2,558.56
12149,4952,32,2,235.9
12150,4952,47,2,643.09
12151,4953,32,2,248.92
12152,4953,29,1,1259.11
12153,4953,64,2,407.29
12154,4953,77,1,234.79
12155,4954,9,1,558.56
12156,4955,59,2,402.13
12157,4956,15,2,206.75
12158,4956,64,1,451.56
12159,4957,60,2,191.86
12160,4957,62,2,41699.06
12161,4957,9,1,558.56
12162,4958,77,1,222.52
12163,4958,29,1,1193.28
12164,4958,59,2,402.13
12165,4958,47,1,643.09
12166,4959,47,1,678.57
12167,4959,77,2,234.79
12168,4959,15,1,206.75
12169,4960,59,1,402.13
12170,4961,29,1,1193.28
12171,4961,6,2,196.07
12172,4961,59,1,402.13
12173,4962,64,2,427.95
12174,4962,62,1,41699.06
12175,4962,9,1,558.56
12176,4962,60,2,191.86
12177,4963,6,2,196.07
12178,4963,29,1,1193.28
12179,4963,15,2,195.94
12180,4963,59,1,402.13
12181,4964,9,1,558.56
12182,4964,64,2,427.95
12183,4965,15,1,195.94
12184,4965,9,2,558.56
12185,4966,62,2,43999.69
12186,4966,6,2,206.89
12187,4966,9,1,592.93
12188,4967,9,2,558.56
12189,4968,64,2,451.56
12190,4968,15,1,206.75
12191,4968,6,1,206.89
12192,4969,59,1,402.13
12193,4970,59,2,402.13
12194,4970,77,1,222.52
12195,4971,44,2,1277.67
12196,4971,64,2,427.95
12197,4972,64,2,427.95
12198,4972,77,2,222.52
12199,4972,9,2,623.01
12200,4973,9,2,657.38
12201,4973,60,2,202.45
12202,4974,59,2,426.88
12203,4975,59,2,473.27
12204,4975,44,2,1348.16
12205,4975,77,1,234.79
12206,4975,9,2,657.38
12207,4976,29,1,1193.28
12208,4976,77,1,222.52
12209,4976,44,2,1277.67
12210,4976,60,2,191.86
12211,4977,9,1,657.38
12212,4977,29,2,1259.11
12213,4978,77,2,234.79
12214,4978,60,1,202.45
12215,4978,9,2,657.38
12216,4978,59,2,473.27
12217,4979,60,1,191.86
12218,4979,44,1,1277.67
12219,4979,9,2,623.01
12220,4979,59,1,448.53
12221,4980,44,2,1277.67
12222,4980,9,2,623.01
12223,4981,9,1,623.01
12224,4981,44,1,1277.67
12225,4982,44,1,1277.67
12226,4982,59,1,448.53
12227,4983,59,2,473.27
12228,4984,59,1,448.53
12229,4985,85,2,363.16
12230,4985,57,1,747.77
12231,4986,86,2,35123.61
12232,4987,29,2,1069.84
12233,4987,49,1,444.24
12234,4987,38,2,232.91
12235,4988,85,2,363.16
12236,4988,30,1,347.04
12237,4988,29,1,1069.84
12238,4988,55,1,228.88
12239,4989,30,2,347.04
12240,4989,29,2,1069.84
12241,4989,57,2,747.77
12242,4989,85,2,363.16
12243,4990,50,2,223.53
12244,4990,85,2,363.16
12245,4990,5,1,175.46
12246,4990,49,1,444.24
12247,4991,85,1,363.16
12248,4991,49,1,444.24
12249,4991,36,2,114.56
12250,4991,86,2,35123.61
12251,4992,55,2,228.88
12252,4992,98,2,399.05
12253,4992,50,1,223.53
12254,4992,86,1,35123.61
12255,4993,50,2,223.53
12256,4993,38,2,232.91
12257,4994,5,1,186.26
12258,4994,49,2,471.57
12259,4995,5,2,175.46
12260,4996,29,1,1135.67
12261,4996,30,2,368.39
12262,4996,86,1,41337.78
12263,4996,19,1,235.39
12264,4997,5,1,206.5
12265,4997,85,2,385.5
12266,4997,98,2,423.6
12267,4998,38,1,232.91
12268,4998,5,2,195.71
12269,4999,85,2,371.54
12270,5000,36,1,110.15
12271,5000,19,1,213.21
12272,5001,30,2,333.69
12273,5001,49,2,427.15
12274,5001,19,2,213.21
12275,5002,49,2,454.49
12276,5002,55,2,234.16
12277,5002,85,1,413.44
12278,5003,18,1,292.75
12279,5003,85,1,413.44
12280,5003,86,2,39986.88
12281,5004,49,1,427.15
12282,5004,18,2,275.14
12283,5005,55,2,234.16
12284,5005,30,2,355.04
12285,5005,57,1,765.03
12286,5006,100,1,846.52
12287,5006,50,2,254.49
12288,5006,18,1,292.75
12289,5007,18,1,275.14
12290,5007,86,1,37825.42
12291,5007,5,2,188.96
12292,5007,55,2,220.07
12293,5008,5,1,188.96
12294,5008,29,2,1028.69
12295,5009,29,1,1028.69
12296,5009,30,1,333.69
12297,5009,5,2,188.96
12298,5009,38,1,223.95
12299,5010,57,2,719.01
12300,5011,18,1,275.14
12301,5011,55,1,220.07
12302,5011,38,1,223.95
12303,5012,19,1,226.86
12304,5012,98,1,408.26
12305,5012,57,2,765.03
12306,5013,38,1,238.28
12307,5013,98,2,408.26
12308,5013,50,1,254.49
12309,5013,5,1,199.76
12310,5014,86,2,37825.42
12311,5014,55,2,220.07
12312,5014,30,2,333.69
12313,5015,38,1,223.95
12314,5015,100,1,795.6
12315,5015,5,1,188.96
12316,5016,5,2,188.96
12317,5017,57,1,719.01
12318,5017,29,1,1028.69
12319,5017,49,2,427.15
12320,5017,38,1,223.95
12321,5018,86,1,39986.88
12322,5018,5,2,199.76
12323,5019,60,2,165.4
12324,5020,36,1,110.15
12325,5020,29,1,1028.69
12326,5021,38,2,223.95
12327,5022,100,2,846.52
12328,5022,57,1,765.03
12329,5023,49,2,427.15
12330,5023,55,1,220.07
12331,5024,100,2,795.6
12332,5025,30,1,355.04
12333,5025,29,2,1094.52
12334,5026,60,2,175.99
12335,5026,98,1,408.26
12336,5026,86,2,39986.88
12337,5026,100,2,846.52
12338,5027,29,2,1094.52
12339,5027,50,1,254.49
12340,5028,49,2,454.49
12341,5028,19,2,226.86
12342,5028,85,2,413.44
12343,5029,98,2,383.7
12344,5030,49,2,427.15
12345,5031,29,2,1152.13
12346,5031,50,1,240.73
12347,5031,60,2,165.4
12348,5031,100,1,891.07
12349,5032,85,2,391.09
12350,5032,36,2,110.15
12351,5033,18,1,292.75
12352,5033,60,1,175.99
12353,5033,38,1,265.16
12354,5033,49,2,454.49
12355,5034,55,1,220.07
12356,5035,85,1,391.09
12357,5035,19,2,213.21
12358,5035,30,1,333.69
12359,5035,50,1,240.73
12360,5036,57,1,719.01
12361,5036,30,2,333.69
12362,5037,100,1,941.99
12363,5037,29,2,1217.97
12364,5037,85,1,413.44
12365,5038,86,1,39986.88
12366,5038,49,2,454.49
12367,5038,55,1,234.16
12368,5038,36,1,117.2
12369,5039,57,1,851.31
12370,5039,19,2,226.86
12371,5039,86,2,39986.88
12372,5040,19,2,213.21
12373,5040,29,2,1152.13
12374,5040,36,2,110.15
12375,5040,30,1,333.69
12376,5041,19,1,252.44
12377,5041,29,1,1217.97
12378,5041,100,1,941.99
12379,5041,98,2,408.26
12380,5042,60,2,175.99
12381,5042,55,1,234.16
12382,5042,50,2,254.49
12383,5043,38,1,259.78
12384,5044,19,1,247.33
12385,5044,29,1,1193.28
12386,5045,55,1,228.88
12387,5046,18,1,286.14
12388,5046,30,2,347.04
12389,5046,57,1,834.05
12390,5046,55,2,228.88
12391,5047,57,1,880.07
12392,5047,100,1,973.81
12393,5047,36,2,121.61
12394,5047,50,2,263.08
12395,5048,49,2,471.57
12396,5049,30,1,387.08
12397,5049,98,2,399.05
12398,5049,18,2,286.14
12399,5050,100,2,922.9
12400,5050,98,1,445.09
12401,5050,19,2,247.33
12402,5051,30,1,387.08
12403,5051,38,1,259.78
12404,5051,60,2,172.02
12405,5051,49,2,444.24
12406,5052,60,2,182.6
12407,5052,38,1,274.11
12408,5052,36,1,121.61
12409,5053,36,2,121.61
12410,5053,98,1,469.65
12411,5053,60,1,202.45
12412,5053,100,2,973.81
12413,5054,29,1,1193.28
12414,5055,57,1,880.07
12415,5055,36,1,121.61
12416,5055,49,1,471.57
12417,5055,19,2,260.97
12418,5056,36,2,114.56
12419,5056,18,2,286.14
12420,5057,98,2,469.65
12421,5057,30,2,408.43
12422,5058,30,1,387.08
12423,5058,57,1,834.05
12424,5058,55,1,228.88
12425,5058,38,2,259.78
12426,5059,36,1,114.56
12427,5060,57,1,880.07
12428,5060,55,1,242.96
12429,5060,49,2,471.57
12430,5060,60,1,202.45
12431,5061,98,1,469.65
12432,5061,30,2,408.43
12433,5062,18,1,303.75
12434,5062,98,2,469.65
12435,5062,49,2,471.57
12436,5062,57,2,880.07
12437,5063,18,2,303.75
12438,5063,49,2,522.83
12439,5063,98,1,469.65
12440,5063,60,2,202.45
12441,5064,55,2,228.88
12442,5064,19,1,247.33
12443,5064,36,1,114.56
12444,5064,18,1,319.16
12445,5065,18,1,336.77
12446,5066,98,1,445.09
12447,5066,49,2,495.49
12448,5066,38,1,259.78
12449,5066,30,2,387.08
12450,5067,100,2,922.9
12451,5067,18,2,319.16
12452,5067,49,1,495.49
12453,5067,55,2,228.88
12454,5068,49,2,522.83
12455,5068,98,1,469.65
12456,5068,36,2,121.61
12457,5069,19,1,247.33
12458,5069,36,2,114.56
12459,5069,18,1,319.16
12460,5069,60,2,191.86
12461,5070,100,1,922.9
12462,5070,30,2,387.08
12463,5070,36,1,114.56
12464,5070,49,2,495.49
12465,5071,49,2,522.83
12466,5071,55,1,242.96
12467,5071,36,2,134.82
12468,5072,36,1,127.77
12469,5072,19,2,247.33
12470,5072,49,2,495.49
12471,5072,18,2,319.16
12472,5073,30,1,387.08
12473,5073,36,2,127.77
12474,5073,60,2,191.86
12475,5073,19,1,247.33
12476,5074,18,2,319.16
12477,5074,30,1,387.08
12478,5074,55,1,228.88
12479,5074,36,2,127.77
12480,5075,55,1,242.96
12481,5075,18,1,336.77
12482,5075,36,2,134.82
12483,5076,36,1,127.77
12484,5077,36,1,134.82
12485,5077,18,2,336.77
12486,5077,55,1,269.37
12487,5078,55,1,255.29
12488,5078,18,1,319.16
12489,5078,36,2,127.77
12490,5079,55,1,255.29
12491,5079,18,1,319.16
12492,5079,36,1,127.77
12493,5080,55,2,255.29
12494,5081,55,2,269.37
12495,5082,55,1,255.29
12496,5083,55,2,255.29
12497,5084,55,1,255.29
12498,5085,55,1,255.29
12499,5086,80,2,1674.66
12500,5086,25,2,13311.09
12501,5087,14,2,384.62
12502,5087,80,1,1573.93
12503,5087,49,2,427.15
12504,5088,25,1,13311.09
12505,5089,80,2,1573.93
12506,5089,30,1,333.69
12507,5089,67,2,291.98
12508,5090,80,1,1573.93
12509,5090,38,2,223.95
12510,5091,78,1,13090.15
12511,5091,38,2,238.28
12512,5092,33,1,412.65
12513,5092,50,2,214.94
12514,5092,30,2,333.69
12515,5092,78,2,12302.77
12516,5093,85,1,371.54
12517,5094,30,2,355.04
12518,5094,80,1,1674.66
12519,5094,67,1,310.66
12520,5095,25,1,12510.42
12521,5096,80,1,1573.93
12522,5097,50,1,214.94
12523,5097,30,2,333.69
12524,5097,49,1,427.15
12525,5097,33,1,412.65
12526,5098,78,2,13090.15
12527,5098,13,2,260.29
12528,5098,38,1,238.28
12529,5098,40,1,1119.47
12530,5099,50,2,214.94
12531,5100,67,2,291.98
12532,5101,30,1,355.04
12533,5101,78,2,13090.15
12534,5101,80,2,1674.66
12535,5101,13,2,289.65
12536,5102,49,2,454.49
12537,5102,40,1,1119.47
12538,5103,49,1,454.49
12539,5103,14,1,409.24
12540,5103,13,1,289.65
12541,5104,33,2,412.65
12542,5104,38,1,223.95
12543,5104,80,1,1573.93
12544,5104,78,2,12302.77
12545,5105,62,1,35947.46
12546,5105,30,2,333.69
12547,5106,40,2,1119.47
12548,5107,30,2,333.69
12549,5107,14,2,384.62
12550,5108,80,2,1573.93
12551,5109,13,1,289.65
12552,5109,30,1,355.04
12553,5109,67,2,310.66
12554,5109,84,2,350.18
12555,5110,49,1,454.49
12556,5110,38,1,238.28
12557,5110,30,1,355.04
12558,5111,67,1,327.01
12559,5111,13,1,273.99
12560,5112,85,1,349.19
12561,5112,78,1,12302.77
12562,5112,80,1,1573.93
12563,5112,49,2,427.15
12564,5113,84,1,329.11
12565,5113,62,2,35947.46
12566,5114,40,2,1052.14
12567,5114,30,1,333.69
12568,5115,30,2,355.04
12569,5116,78,1,12302.77
12570,5116,50,1,214.94
12571,5116,40,2,1052.14
12572,5116,33,1,462.17
12573,5117,67,1,327.01
12574,5117,38,2,223.95
12575,5118,25,1,13311.09
12576,5118,78,1,13090.15
12577,5118,30,1,355.04
12578,5118,38,2,238.28
12579,5119,40,1,1052.14
12580,5119,67,1,327.01
12581,5119,80,2,1573.93
12582,5120,49,1,454.49
12583,5120,80,2,1674.66
12584,5120,30,2,355.04
12585,5120,40,1,1119.47
12586,5121,13,1,289.65
12587,5121,33,1,488.58
12588,5122,67,1,327.01
12589,5122,40,2,1052.14
12590,5122,14,1,384.62
12591,5122,62,1,35947.46
12592,5123,40,1,1119.47
12593,5123,14,1,409.24
12594,5123,50,1,228.69
12595,5124,62,1,35947.46
12596,5124,14,1,384.62
12597,5125,85,2,349.19
12598,5125,49,1,427.15
12599,5126,85,1,349.19
12600,5126,62,1,35947.46
12601,5126,30,1,333.69
12602,5126,13,1,273.99
12603,5127,67,1,345.7
12604,5128,80,1,1573.93
12605,5128,49,2,427.15
12606,5128,67,2,327.01
12607,5128,13,2,273.99
12608,5129,85,2,371.54
12609,5130,25,1,12510.42
12610,5130,78,2,12302.77
12611,5130,30,1,373.73
12612,5131,62,1,35947.46
12613,5131,25,1,12510.42
12614,5131,38,2,223.95
12615,5131,30,2,373.73
12616,5132,78,2,12302.77
12617,5133,38,2,223.95
12618,5134,85,1,349.19
12619,5135,85,2,349.19
12620,5135,50,1,214.94
12621,5135,62,2,35947.46
12622,5135,78,1,12302.77
12623,5136,40,2,1094.22
12624,5136,38,2,232.91
12625,5137,78,2,13582.26
12626,5137,50,1,237.29
12627,5138,67,2,338.69
12628,5139,13,1,299.44
12629,5140,38,2,232.91
12630,5140,50,1,223.53
12631,5141,30,2,387.08
12632,5141,62,2,37385.36
12633,5141,40,1,1094.22
12634,5142,33,1,505.08
12635,5142,40,2,1161.56
12636,5142,85,1,385.5
12637,5143,38,1,247.24
12638,5143,84,1,363.34
12639,5144,14,1,400.01
12640,5145,30,2,387.08
12641,5145,33,1,478.67
12642,5146,85,1,363.16
12643,5147,50,1,223.53
12644,5147,62,1,37385.36
12645,5148,30,2,387.08
12646,5149,62,1,37385.36
12647,5149,33,2,478.67
12648,5150,38,1,232.91
12649,5150,14,1,400.01
12650,5150,33,2,478.67
12651,5151,62,2,39686.0
12652,5151,25,2,13811.51
12653,5151,80,2,1737.61
12654,5152,33,2,478.67
12655,5153,33,1,505.08
12656,5153,30,2,408.43
12657,5153,85,1,385.5
12658,5153,14,1,424.63
12659,5154,80,1,1636.88
12660,5154,33,1,478.67
12661,5154,62,2,37385.36
12662,5155,67,2,338.69
12663,5156,62,1,43999.69
12664,5156,14,2,424.63
12665,5156,40,1,1161.56
12666,5157,67,2,357.38
12667,5157,13,1,299.44
12668,5158,40,2,1161.56
12669,5158,25,1,13811.51
12670,5159,84,2,342.28
12671,5159,14,2,400.01
12672,5160,85,2,385.5
12673,5161,67,1,338.69
12674,5161,85,2,405.06
12675,5161,30,2,387.08
12676,5162,84,1,342.28
12677,5162,49,2,444.24
12678,5162,25,1,13010.84
12679,5162,50,1,249.33
12680,5163,40,1,1094.22
12681,5163,14,1,400.01
12682,5163,49,1,444.24
12683,5163,38,2,232.91
12684,5164,50,2,263.08
12685,5164,80,1,1737.61
12686,5165,33,2,478.67
12687,5165,25,2,13010.84
12688,5166,62,2,41699.06
12689,5166,25,2,13010.84
12690,5166,14,1,400.01
12691,5166,50,2,249.33
12692,5167,25,2,13010.84
12693,5167,84,1,342.28
12694,5168,80,1,1636.88
12695,5169,85,2,405.06
12696,5169,62,1,41699.06
12697,5170,40,1,1094.22
12698,5170,84,2,342.28
12699,5170,50,1,249.33
12700,5170,80,2,1636.88
12701,5171,40,2,1220.48
12702,5171,14,2,400.01
12703,5172,38,2,247.24
12704,5172,50,2,263.08
12705,5172,25,1,13811.51
12706,5173,80,2,1825.75
12707,5173,49,2,444.24
12708,5174,84,1,342.28
12709,5175,84,2,363.34
12710,5175,49,1,471.57
12711,5175,85,1,427.41
12712,5175,62,2,43999.69
12713,5176,78,1,12794.89
12714,5176,25,2,13010.84
12715,5176,40,1,1220.48
12716,5177,25,2,13811.51
12717,5177,78,2,13582.26
12718,5177,62,1,43999.69
12719,5178,40,1,1287.82
12720,5179,25,1,13010.84
12721,5179,78,2,12794.89
12722,5180,38,1,247.24
12723,5180,80,1,1926.48
12724,5180,50,1,263.08
12725,5181,25,2,14512.09
12726,5181,40,1,1220.48
12727,5181,78,1,12794.89
12728,5182,25,2,14512.09
12729,5183,85,1,405.06
12730,5183,38,2,232.91
12731,5183,49,1,444.24
12732,5184,38,1,259.78
12733,5184,62,1,41699.06
12734,5184,85,1,405.06
12735,5185,25,2,15312.76
12736,5185,78,1,15058.6
12737,5185,84,2,363.34
12738,5185,38,2,274.11
12739,5186,80,2,1926.48
12740,5186,25,1,15312.76
12741,5186,50,1,263.08
12742,5186,84,2,363.34
12743,5187,85,1,413.44
12744,5187,40,1,1245.73
12745,5187,84,1,389.67
12746,5188,49,2,427.15
12747,5189,85,2,391.09
12748,5189,49,1,478.41
12749,5190,62,2,40261.16
12750,5190,80,2,1762.8
12751,5190,25,1,14011.68
12752,5190,84,2,368.61
12753,5191,25,2,14812.34
12754,5191,40,2,1245.73
12755,5191,78,2,14566.49
12756,5192,78,2,14566.49
12757,5192,49,1,505.75
12758,5193,14,2,430.78
12759,5194,38,1,265.16
12760,5194,80,2,1863.53
12761,5194,78,2,14566.49
12762,5195,84,2,368.61
12763,5196,80,2,1762.8
12764,5196,49,1,478.41
12765,5197,50,1,254.49
12766,5197,84,2,389.67
12767,5198,78,1,14566.49
12768,5198,49,1,505.75
12769,5199,84,2,389.67
12770,5200,14,2,430.78
12771,5200,49,1,478.41
12772,5200,25,1,14011.68
12773,5201,49,1,505.75
12774,5201,78,2,14566.49
12775,5202,40,1,1178.39
12776,5202,84,2,368.61
12777,5202,49,2,478.41
12778,5202,38,1,250.82
12779,5203,38,2,250.82
12780,5203,78,2,13779.11
12781,5203,49,2,478.41
12782,5204,14,1,455.4
12783,5205,40,1,1178.39
12784,5206,84,1,389.67
12785,5206,40,1,1245.73
12786,5207,49,1,478.41
12787,5207,84,1,368.61
12788,5207,38,2,250.82
12789,5207,14,2,430.78
12790,5208,38,2,250.82
12791,5209,14,1,455.4
12792,5210,14,1,455.4
12793,5211,74,1,136.25
12794,5212,32,1,203.36
12795,5213,28,1,318.12
12796,5213,21,2,1028.72
12797,5214,12,1,323.75
12798,5214,64,1,368.92
12799,5214,32,2,227.77
12800,5215,26,1,228.39
12801,5216,28,1,318.12
12802,5216,19,1,213.21
12803,5216,12,2,362.6
12804,5216,38,2,223.95
12805,5217,65,2,15441.31
12806,5218,68,1,8972.8
12807,5218,32,2,227.77
12808,5218,73,1,29552.71
12809,5218,28,2,318.12
12810,5219,64,2,368.92
12811,5220,32,1,240.78
12812,5220,74,1,136.25
12813,5220,64,1,436.81
12814,5220,21,2,1218.01
12815,5221,26,1,240.41
12816,5221,73,2,29552.71
12817,5221,68,1,8972.8
12818,5222,32,1,227.77
12819,5222,68,2,8972.8
12820,5223,12,2,362.6
12821,5224,38,2,223.95
12822,5224,74,2,128.05
12823,5224,19,2,213.21
12824,5225,19,1,226.86
12825,5225,65,1,16429.56
12826,5226,77,1,191.83
12827,5226,68,1,8972.8
12828,5227,32,2,227.77
12829,5228,32,1,227.77
12830,5228,68,2,8972.8
12831,5228,64,1,413.2
12832,5228,26,2,240.41
12833,5229,64,1,413.2
12834,5229,74,2,143.42
12835,5229,38,2,223.95
12836,5230,19,2,226.86
12837,5230,21,2,1218.01
12838,5230,38,2,238.28
12839,5231,74,1,151.61
12840,5231,21,1,1218.01
12841,5232,68,2,8972.8
12842,5232,32,2,227.77
12843,5232,73,2,33099.04
12844,5232,77,2,191.83
12845,5233,12,1,362.6
12846,5234,19,2,213.21
12847,5234,28,2,318.12
12848,5234,74,2,143.42
12849,5234,73,2,33099.04
12850,5235,28,2,318.12
12851,5235,74,2,143.42
12852,5236,21,2,1152.17
12853,5237,21,2,1218.01
12854,5237,74,2,151.61
12855,5237,32,1,240.78
12856,5238,21,2,1218.01
12857,5238,65,1,16429.56
12858,5238,24,2,68.55
12859,5239,64,1,413.2
12860,5240,68,2,8972.8
12861,5240,21,1,1152.17
12862,5241,38,2,238.28
12863,5241,64,2,436.81
12864,5242,64,2,413.2
12865,5242,19,1,213.21
12866,5242,28,2,318.12
12867,5243,24,1,71.13
12868,5244,28,1,330.85
12869,5244,77,1,199.5
12870,5245,26,1,248.99
12871,5245,19,1,221.74
12872,5245,12,1,375.55
12873,5245,77,2,199.5
12874,5246,68,1,9331.71
12875,5247,28,1,351.21
12876,5247,24,1,71.13
12877,5247,65,2,17047.21
12878,5247,12,2,396.27
12879,5248,12,1,375.55
12880,5248,68,1,9331.71
12881,5248,26,1,248.99
12882,5248,24,1,67.0
12883,5249,77,1,222.52
12884,5249,19,2,247.33
12885,5250,65,2,16058.97
12886,5250,26,2,248.99
12887,5250,73,1,34281.15
12888,5251,65,1,16058.97
12889,5251,77,1,222.52
12890,5252,64,2,451.56
12891,5253,65,1,16058.97
12892,5254,38,1,274.11
12893,5255,77,1,222.52
12894,5255,38,1,259.78
12895,5256,24,1,67.0
12896,5256,26,2,248.99
12897,5256,19,1,247.33
12898,5256,68,2,10408.45
12899,5257,65,2,17047.21
12900,5257,77,1,234.79
12901,5257,19,1,260.97
12902,5258,77,2,222.52
12903,5258,28,2,330.85
12904,5259,19,2,260.97
12905,5259,73,2,36172.52
12906,5260,19,2,260.97
12907,5260,28,1,351.21
12908,5261,68,2,10408.45
12909,5262,73,1,36172.52
12910,5263,77,1,234.79
12911,5263,38,1,274.11
12912,5263,28,1,351.21
12913,5264,24,1,67.0
12914,5264,65,1,16058.97
12915,5264,28,2,330.85
12916,5264,77,1,222.52
12917,5265,28,2,330.85
12918,5265,65,2,16058.97
12919,5266,38,1,259.78
12920,5266,24,1,67.0
12921,5267,28,1,351.21
12922,5267,77,2,234.79
12923,5268,65,1,17047.21
12924,5268,38,1,274.11
12925,5268,77,2,234.79
12926,5268,24,2,71.13
12927,5269,68,2,10408.45
12928,5269,77,1,222.52
12929,5270,38,1,259.78
12930,5270,77,1,222.52
12931,5270,28,2,330.85
12932,5271,24,1,71.13
12933,5272,68,2,10408.45
12934,5272,24,1,67.0
12935,5272,28,1,369.02
12936,5273,24,1,71.13
12937,5274,24,2,71.13
12938,5275,28,1,389.38
12939,5275,38,1,274.11
12940,5275,24,2,71.13
12941,5275,68,2,10982.71
12942,5276,24,2,71.13
12943,5276,28,2,389.38
12944,5276,38,2,274.11
12945,5276,68,1,10982.71
12946,5277,28,1,369.02
12947,5277,24,2,67.0
12948,5278,65,1,16058.97
12949,5279,24,1,71.13
12950,5279,65,2,17047.21
12951,5280,65,1,16058.97
12952,5281,24,1,78.86
12953,5281,28,2,389.38
12954,5282,24,1,78.86
12955,5282,65,1,17047.21
12956,5282,28,2,389.38
12957,5283,65,1,18900.17
12958,5283,24,1,78.86
12959,5283,28,2,389.38
12960,5284,24,2,74.73
12961,5284,28,1,369.02
12962,5284,65,1,17911.92
12963,5285,24,1,74.73
12964,5285,65,1,17911.92
12965,5286,65,1,18900.17
12966,5286,24,1,78.86
12967,5287,65,1,17911.92
12968,5288,65,2,18900.17
12969,5288,24,2,78.86
12970,5289,65,1,17911.92
12971,5290,65,2,17911.92
12972,5291,24,1,74.73
12973,5291,65,1,17911.92
12974,5292,24,2,74.73
12975,5293,65,1,18900.17
12976,5294,11,2,168.38
12977,5295,69,1,1772.99
12978,5295,12,1,323.75
12979,5295,15,1,168.91
12980,5295,75,2,422.74
12981,5296,48,1,338.05
12982,5296,57,2,719.01
12983,5297,75,2,500.52
12984,5297,100,2,846.52
12985,5297,69,1,1886.46
12986,5298,96,2,324.95
12987,5298,92,2,27057.02
12988,5299,96,2,345.75
12989,5300,75,1,473.47
12990,5300,49,1,427.15
12991,5300,15,1,168.91
12992,5300,81,2,434.76
12993,5301,100,1,846.52
12994,5301,49,1,454.49
12995,5301,15,1,179.72
12996,5302,57,2,765.03
12997,5302,81,1,462.59
12998,5302,99,2,1246.22
12999,5302,48,2,359.69
13000,5303,57,2,765.03
13001,5303,30,1,355.04
13002,5304,49,1,454.49
13003,5305,11,2,168.38
13004,5306,34,2,647.1
13005,5306,12,1,323.75
13006,5306,66,1,330.95
13007,5307,89,1,222.16
13008,5307,48,2,338.05
13009,5307,92,1,27057.02
13010,5307,66,1,330.95
13011,5308,34,2,647.1
13012,5309,76,2,235.32
13013,5309,92,1,28788.67
13014,5309,66,1,352.13
13015,5309,91,2,303.37
13016,5310,100,2,846.52
13017,5310,12,2,344.47
13018,5311,76,1,235.32
13019,5311,11,2,179.15
13020,5311,91,2,337.59
13021,5311,30,2,355.04
13022,5312,81,2,462.59
13023,5312,5,1,179.51
13024,5313,57,1,765.03
13025,5313,96,2,345.75
13026,5313,49,1,454.49
13027,5314,30,2,333.69
13028,5315,66,1,330.95
13029,5315,99,1,1171.26
13030,5316,81,2,434.76
13031,5316,69,1,1772.99
13032,5317,15,1,168.91
13033,5318,75,1,473.47
13034,5318,11,2,168.38
13035,5318,91,2,319.34
13036,5318,99,2,1171.26
13037,5319,12,1,396.27
13038,5319,48,2,373.21
13039,5319,15,1,186.48
13040,5320,89,1,245.27
13041,5320,48,1,373.21
13042,5320,34,2,714.4
13043,5320,96,1,358.74
13044,5321,91,2,330.75
13045,5321,96,2,337.95
13046,5322,91,1,330.75
13047,5322,5,2,175.46
13048,5323,5,2,186.26
13049,5323,49,2,471.57
13050,5323,75,1,517.43
13051,5323,48,2,373.21
13052,5324,34,1,672.98
13053,5324,48,2,351.57
13054,5324,75,1,490.38
13055,5325,66,1,344.19
13056,5325,76,1,230.01
13057,5325,11,1,175.11
13058,5325,99,1,1218.11
13059,5326,66,2,344.19
13060,5327,30,1,347.04
13061,5327,92,2,28139.31
13062,5328,92,1,28139.31
13063,5328,91,1,330.75
13064,5329,15,1,186.48
13065,5329,5,2,186.26
13066,5330,34,1,672.98
13067,5331,34,1,672.98
13068,5331,75,1,490.38
13069,5331,66,2,344.19
13070,5332,5,2,186.26
13071,5332,11,1,185.89
13072,5332,49,1,522.83
13073,5332,81,2,479.98
13074,5333,49,1,495.49
13075,5333,30,2,347.04
13076,5334,81,2,504.32
13077,5334,30,1,347.04
13078,5335,34,2,672.98
13079,5335,99,1,1218.11
13080,5336,66,2,344.19
13081,5337,82,2,171.0
13082,5338,57,2,747.77
13083,5338,11,1,175.11
13084,5338,81,1,504.32
13085,5338,66,2,344.19
13086,5339,12,2,396.27
13087,5340,69,1,1843.91
13088,5341,96,2,337.95
13089,5341,5,2,175.46
13090,5341,76,2,230.01
13091,5342,99,2,1293.07
13092,5342,82,1,180.43
13093,5343,12,2,375.55
13094,5343,92,1,28139.31
13095,5344,15,1,175.67
13096,5344,75,1,490.38
13097,5344,12,1,375.55
13098,5344,81,2,504.32
13099,5345,57,2,747.77
13100,5345,12,2,375.55
13101,5346,76,2,230.01
13102,5347,82,1,180.43
13103,5347,89,2,245.27
13104,5347,92,2,29870.96
13105,5348,30,1,347.04
13106,5348,66,2,344.19
13107,5348,91,1,330.75
13108,5348,92,2,28139.31
13109,5349,69,2,1957.38
13110,5350,81,2,504.32
13111,5350,75,2,490.38
13112,5350,12,1,375.55
13113,5350,76,1,230.01
13114,5351,92,1,29870.96
13115,5351,69,1,1957.38
13116,5351,76,2,244.16
13117,5351,48,1,373.21
13118,5352,57,2,793.79
13119,5352,49,1,522.83
13120,5352,11,2,185.89
13121,5353,49,1,522.83
13122,5354,89,2,231.05
13123,5355,69,2,1843.91
13124,5355,49,1,495.49
13125,5355,12,1,375.55
13126,5356,34,2,792.05
13127,5357,91,1,330.75
13128,5357,89,1,231.05
13129,5358,92,2,29870.96
13130,5358,11,1,185.89
13131,5359,89,1,245.27
13132,5359,48,2,373.21
13133,5359,34,1,792.05
13134,5359,66,2,365.37
13135,5360,76,1,230.01
13136,5360,15,1,175.67
13137,5361,49,1,495.49
13138,5362,96,1,358.74
13139,5362,76,1,244.16
13140,5362,100,1,878.34
13141,5363,48,1,351.57
13142,5364,57,1,747.77
13143,5364,96,1,337.95
13144,5364,92,1,28139.31
13145,5365,11,2,185.89
13146,5365,34,2,792.05
13147,5365,48,1,373.21
13148,5366,100,1,827.42
13149,5366,66,1,344.19
13150,5366,99,1,1218.11
13151,5367,15,2,175.67
13152,5367,5,2,195.71
13153,5367,57,1,747.77
13154,5367,66,1,344.19
13155,5368,34,1,792.05
13156,5369,66,2,365.37
13157,5369,5,1,206.5
13158,5370,81,2,504.32
13159,5371,99,2,1293.07
13160,5372,66,2,330.95
13161,5372,100,2,795.6
13162,5372,99,1,1171.26
13163,5372,49,2,478.41
13164,5373,69,2,1772.99
13165,5373,48,1,338.05
13166,5373,81,2,486.93
13167,5373,89,1,222.16
13168,5374,92,2,28788.67
13169,5375,69,1,1772.99
13170,5375,81,1,486.93
13171,5375,76,1,221.16
13172,5375,5,1,188.96
13173,5376,92,1,28788.67
13174,5376,100,1,846.52
13175,5376,99,1,1246.22
13176,5376,96,2,345.75
13177,5377,5,1,188.96
13178,5377,96,1,324.95
13179,5378,82,2,174.54
13180,5378,99,2,1246.22
13181,5379,99,1,1246.22
13182,5379,96,1,345.75
13183,5380,82,2,165.1
13184,5381,89,1,236.38
13185,5381,34,1,766.17
13186,5381,99,2,1246.22
13187,5382,11,2,168.38
13188,5382,96,1,324.95
13189,5382,66,2,330.95
13190,5383,100,2,795.6
13191,5383,49,2,478.41
13192,5383,30,1,333.69
13193,5383,34,1,724.75
13194,5384,11,2,188.58
13195,5384,96,2,324.95
13196,5384,89,2,222.16
13197,5385,5,2,188.96
13198,5385,69,2,1772.99
13199,5385,48,1,338.05
13200,5385,57,1,805.29
13201,5386,76,2,221.16
13202,5386,15,2,168.91
13203,5387,11,2,188.58
13204,5388,76,2,235.32
13205,5389,15,1,179.72
13206,5389,34,2,766.17
13207,5389,48,1,359.69
13208,5389,30,1,355.04
13209,5390,48,2,338.05
13210,5391,57,2,805.29
13211,5391,76,2,221.16
13212,5391,34,1,724.75
13213,5391,48,2,378.62
13214,5392,76,2,247.7
13215,5392,48,2,378.62
13216,5392,30,2,333.69
13217,5393,34,1,766.17
13218,5393,69,2,1886.46
13219,5394,89,2,248.82
13220,5395,92,2,32035.52
13221,5396,89,1,263.04
13222,5397,30,1,395.09
13223,5397,89,2,263.04
13224,5397,66,2,352.13
13225,5397,15,1,179.72
13226,5398,89,2,263.04
13227,5399,66,1,330.95
13228,5399,99,1,1171.26
13229,5399,76,1,247.7
13230,5400,89,2,248.82
13231,5400,99,1,1171.26
13232,5400,76,2,247.7
13233,5401,69,2,1772.99
13234,5402,100,2,846.52
13235,5402,96,2,345.75
13236,5402,66,1,352.13
13237,5402,82,2,174.54
13238,5403,30,1,395.09
13239,5403,92,1,32035.52
13240,5403,69,1,1886.46
13241,5404,89,1,248.82
13242,5404,76,2,247.7
13243,5404,57,2,805.29
13244,5405,66,1,370.66
13245,5405,100,1,795.6
13246,5406,82,1,174.54
13247,5406,15,1,179.72
13248,5406,66,1,391.84
13249,5407,99,1,1311.81
13250,5408,5,2,199.76
13251,5408,96,2,345.75
13252,5409,89,2,248.82
13253,5409,100,2,891.07
13254,5410,99,1,1386.77
13255,5410,11,2,199.36
13256,5410,30,2,395.09
13257,5411,15,1,199.99
13258,5411,92,2,32035.52
13259,5411,100,1,941.99
13260,5411,57,2,851.31
13261,5412,48,1,378.62
13262,5412,11,2,188.58
13263,5412,57,1,805.29
13264,5412,99,1,1311.81
13265,5413,57,1,851.31
13266,5413,15,2,199.99
13267,5413,99,1,1386.77
13268,5414,92,1,30303.87
13269,5414,48,2,378.62
13270,5414,57,2,805.29
13271,5415,76,1,247.7
13272,5416,48,1,392.14
13273,5416,30,1,387.08
13274,5416,11,1,195.31
13275,5416,99,1,1358.66
13276,5417,76,1,256.55
13277,5417,89,1,257.71
13278,5417,99,2,1358.66
13279,5418,100,1,973.81
13280,5418,5,1,206.5
13281,5419,15,1,206.75
13282,5419,48,1,413.77
13283,5419,96,2,358.74
13284,5420,66,1,405.08
13285,5421,100,1,922.9
13286,5422,48,1,392.14
13287,5422,66,1,383.9
13288,5423,92,1,31386.15
13289,5423,89,1,257.71
13290,5423,76,1,256.55
13291,5423,57,2,834.05
13292,5424,99,2,1358.66
13293,5424,76,1,256.55
13294,5424,92,2,31386.15
13295,5425,99,2,1358.66
13296,5426,66,2,383.9
13297,5426,69,2,1843.91
13298,5427,15,1,206.75
13299,5428,15,1,195.94
13300,5428,11,1,195.31
13301,5428,100,2,922.9
13302,5428,92,1,31386.15
13303,5429,92,1,33117.8
13304,5430,100,2,922.9
13305,5431,5,1,206.5
13306,5431,92,2,33117.8
13307,5431,30,1,408.43
13308,5431,69,2,2170.14
13309,5432,30,1,408.43
13310,5432,66,1,405.08
13311,5432,96,1,397.74
13312,5433,15,1,206.75
13313,5433,96,1,397.74
13314,5433,69,1,2170.14
13315,5434,30,1,387.08
13316,5434,5,1,195.71
13317,5434,96,1,376.94
13318,5434,69,2,2056.67
13319,5435,15,1,195.94
13320,5435,66,2,383.9
13321,5436,69,2,2056.67
13322,5437,30,2,387.08
13323,5437,69,2,2056.67
13324,5438,96,1,376.94
13325,5438,30,1,387.08
13326,5439,96,2,376.94
13327,5439,15,2,195.94
13328,5439,69,2,2056.67
13329,5440,96,2,397.74
13330,5440,69,1,2170.14
13331,5440,66,1,405.08
13332,5441,66,1,405.08
13333,5441,100,1,973.81
13334,5441,69,1,2170.14
13335,5442,69,1,2170.14
13336,5443,100,1,922.9
13337,5443,15,1,195.94
13338,5443,96,1,376.94
13339,5444,66,1,405.08
13340,5444,96,1,397.74
13341,5445,96,2,397.74
13342,5446,96,2,397.74
13343,5447,75,2,466.7
13344,5447,34,2,714.4
13345,5448,18,2,286.14
13346,5448,34,2,672.98
13347,5449,99,1,1293.07
13348,5449,66,1,365.37
13349,5449,39,2,40491.42
13350,5449,18,1,303.75
13351,5450,18,2,286.14
13352,5450,66,1,344.19
13353,5450,79,1,231.85
13354,5451,4,2,373.5
13355,5451,69,2,1843.91
13356,5451,18,2,286.14
13357,5451,17,2,16203.47
13358,5452,69,1,1957.38
13359,5452,79,1,246.12
13360,5453,39,1,38144.09
13361,5453,4,1,373.5
13362,5454,66,1,365.37
13363,5454,17,1,17200.61
13364,5454,99,2,1293.07
13365,5454,23,2,16138.93
13366,5455,17,1,17200.61
13367,5455,39,1,40491.42
13368,5456,69,1,1957.38
13369,5456,63,1,165.59
13370,5456,34,1,714.4
13371,5456,66,2,365.37
13372,5457,4,2,373.5
13373,5457,39,2,38144.09
13374,5457,75,2,439.65
13375,5458,69,2,1843.91
13376,5458,18,1,286.14
13377,5458,17,2,16203.47
13378,5458,34,2,672.98
13379,5459,17,2,16203.47
13380,5460,18,2,286.14
13381,5460,17,1,16203.47
13382,5460,79,1,231.85
13383,5460,23,1,16957.58
13384,5461,79,2,231.85
13385,5462,99,1,1218.11
13386,5462,69,1,1843.91
13387,5463,18,2,303.75
13388,5464,69,1,1957.38
13389,5464,75,2,466.7
13390,5464,80,2,1737.61
13391,5464,34,1,714.4
13392,5465,23,2,16957.58
13393,5465,80,2,1636.88
13394,5465,39,2,38144.09
13395,5465,34,2,672.98
13396,5466,99,2,1293.07
13397,5466,17,1,17200.61
13398,5467,63,1,155.99
13399,5467,99,1,1218.11
13400,5467,69,1,1843.91
13401,5467,39,2,38144.09
13402,5468,23,1,16957.58
13403,5469,66,2,344.19
13404,5469,17,1,16203.47
13405,5469,79,2,231.85
13406,5470,69,2,1957.38
13407,5471,23,2,17893.17
13408,5471,34,2,714.4
13409,5471,80,1,1926.48
13410,5472,17,1,16203.47
13411,5472,79,2,231.85
13412,5473,23,1,17893.17
13413,5473,69,2,1957.38
13414,5473,66,2,365.37
13415,5473,79,1,246.12
13416,5474,99,2,1293.07
13417,5474,63,2,165.59
13418,5475,4,1,396.49
13419,5475,69,1,1957.38
13420,5476,75,1,517.43
13421,5476,80,2,1926.48
13422,5476,39,1,40491.42
13423,5477,34,2,714.4
13424,5478,4,2,396.49
13425,5478,69,1,1957.38
13426,5478,17,2,17200.61
13427,5478,79,2,246.12
13428,5479,23,1,16957.58
13429,5479,69,1,1843.91
13430,5479,17,1,18073.1
13431,5479,34,1,672.98
13432,5480,79,1,231.85
13433,5480,23,2,16957.58
13434,5480,34,1,672.98
13435,5480,75,2,490.38
13436,5481,4,1,373.5
13437,5481,99,1,1218.11
13438,5482,39,1,40491.42
13439,5482,17,1,19070.24
13440,5483,75,2,490.38
13441,5483,34,1,672.98
13442,5483,39,1,38144.09
13443,5484,23,2,16957.58
13444,5485,63,1,155.99
13445,5486,80,2,1825.75
13446,5486,39,1,38144.09
13447,5486,4,1,373.5
13448,5486,63,1,155.99
13449,5487,80,2,1863.53
13450,5487,69,1,1886.46
13451,5488,79,2,222.94
13452,5488,34,2,647.1
13453,5488,66,1,330.95
13454,5489,75,2,473.47
13455,5489,18,2,275.14
13456,5489,79,2,222.94
13457,5490,79,2,222.94
13458,5490,17,1,17449.89
13459,5490,80,2,1762.8
13460,5490,63,1,149.99
13461,5491,34,1,688.51
13462,5492,18,1,275.14
13463,5493,4,1,382.12
13464,5493,66,1,352.13
13465,5493,34,1,766.17
13466,5494,34,1,724.75
13467,5495,99,1,1171.26
13468,5495,79,2,222.94
13469,5496,66,2,352.13
13470,5497,75,2,473.47
13471,5497,17,1,17449.89
13472,5497,34,2,724.75
13473,5498,75,2,473.47
13474,5498,4,1,402.23
13475,5498,79,2,222.94
13476,5498,69,2,1985.75
13477,5499,39,1,39024.34
13478,5500,79,2,222.94
13479,5500,39,1,36677.01
13480,5500,17,2,17449.89
13481,5501,18,2,275.14
13482,5502,66,1,330.95
13483,5502,75,1,473.47
13484,5503,80,2,1762.8
13485,5503,18,2,275.14
13486,5504,80,1,1863.53
13487,5504,4,2,425.22
13488,5504,69,1,2099.22
13489,5505,63,2,159.59
13490,5505,34,2,766.17
13491,5505,18,2,292.75
13492,5506,79,2,222.94
13493,5506,18,1,275.14
13494,5506,34,1,724.75
13495,5507,18,2,275.14
13496,5507,66,2,330.95
13497,5507,34,2,724.75
13498,5507,39,2,41078.25
13499,5508,39,2,43425.58
13500,5508,69,1,2099.22
13501,5508,99,1,1246.22
13502,5508,18,1,292.75
13503,5509,18,2,292.75
13504,5510,4,2,402.23
13505,5510,66,1,330.95
13506,5510,17,2,17449.89
13507,5511,79,2,263.96
13508,5511,39,1,43425.58
13509,5512,63,2,149.99
13510,5513,66,1,330.95
13511,5513,79,1,249.69
13512,5513,99,2,1171.26
13513,5514,34,1,724.75
13514,5514,79,2,249.69
13515,5514,69,2,1985.75
13516,5514,18,2,275.14
13517,5515,79,2,272.88
13518,5515,18,2,303.75
13519,5516,18,1,319.16
13520,5516,63,2,155.99
13521,5516,99,2,1218.11
13522,5517,18,1,319.16
13523,5517,79,1,258.61
13524,5517,66,2,383.9
13525,5518,99,1,1218.11
13526,5518,17,1,18073.1
13527,5518,39,1,42545.33
13528,5518,18,2,319.16
13529,5519,66,2,405.08
13530,5519,79,2,272.88
13531,5519,63,2,165.59
13532,5519,34,1,792.05
13533,5520,99,2,1218.11
13534,5520,66,2,383.9
13535,5520,18,2,319.16
13536,5520,69,1,2056.67
13537,5521,17,2,18073.1
13538,5521,18,2,319.16
13539,5521,4,2,416.6
13540,5521,99,2,1358.66
13541,5522,39,2,44892.66
13542,5522,79,2,272.88
13543,5522,99,2,1433.63
13544,5522,66,1,405.08
13545,5523,69,1,2056.67
13546,5523,63,2,155.99
13547,5523,18,1,319.16
13548,5524,69,2,2170.14
13549,5525,99,1,1433.63
13550,5525,18,1,336.77
13551,5525,66,2,405.08
13552,5525,39,1,44892.66
13553,5526,99,2,1433.63
13554,5527,63,2,155.99
13555,5527,69,2,2056.67
13556,5527,18,1,319.16
13557,5527,4,1,416.6
13558,5528,63,2,165.59
13559,5528,39,1,44892.66
13560,5528,69,1,2170.14
13561,5528,99,1,1433.63
13562,5529,63,1,165.59
13563,5529,69,1,2170.14
13564,5530,66,2,383.9
13565,5530,99,2,1358.66
13566,5531,39,1,42545.33
13567,5532,4,1,439.58
13568,5532,39,1,44892.66
13569,5532,66,1,405.08
13570,5533,63,2,155.99
13571,5533,99,1,1358.66
13572,5534,99,2,1433.63
13573,5534,63,2,165.59
13574,5535,63,2,183.58
13575,5536,63,2,173.99
13576,5537,63,2,183.58
13577,5538,63,1,173.99
13578,5539,63,1,173.99
13579,5540,63,2,173.99
13580,5541,63,1,183.58
13581,5542,63,2,183.58
13582,5543,86,1,35123.61
13583,5543,90,1,746.72
13584,5544,92,2,28139.31
13585,5544,90,1,746.72
13586,5544,5,1,175.46
13587,5544,96,2,337.95
13588,5545,20,2,15928.18
13589,5545,5,1,186.26
13590,5546,92,1,28139.31
13591,5546,5,2,175.46
13592,5546,42,1,23033.74
13593,5546,90,1,746.72
13594,5547,92,2,28139.31
13595,5547,20,1,15004.81
13596,5547,87,2,31086.93
13597,5548,60,1,172.02
13598,5549,86,1,37285.06
13599,5549,39,2,40491.42
13600,5550,42,1,23033.74
13601,5550,92,1,31386.15
13602,5550,90,1,746.72
13603,5551,92,2,31386.15
13604,5552,5,2,186.26
13605,5552,27,1,17961.24
13606,5553,39,2,38144.09
13607,5553,90,2,746.72
13608,5553,27,2,16920.01
13609,5553,60,2,172.02
13610,5554,13,1,254.42
13611,5554,90,1,746.72
13612,5555,86,1,37285.06
13613,5555,20,1,15928.18
13614,5556,5,2,195.71
13615,5556,13,1,254.42
13616,5556,92,1,31386.15
13617,5556,87,1,31086.93
13618,5557,20,2,15004.81
13619,5558,27,2,16920.01
13620,5558,42,1,23033.74
13621,5558,35,1,231.66
13622,5559,20,1,15928.18
13623,5559,90,1,792.67
13624,5560,20,1,15004.81
13625,5560,39,2,38144.09
13626,5560,90,1,746.72
13627,5560,60,2,172.02
13628,5561,92,2,33117.8
13629,5562,99,1,1293.07
13630,5562,13,1,270.08
13631,5563,27,1,16920.01
13632,5564,92,2,31386.15
13633,5564,5,2,195.71
13634,5564,42,2,23033.74
13635,5564,13,1,283.78
13636,5565,5,1,195.71
13637,5565,96,1,337.95
13638,5565,27,2,18872.32
13639,5565,99,1,1218.11
13640,5566,90,1,746.72
13641,5566,5,1,195.71
13642,5567,13,2,283.78
13643,5567,60,2,172.02
13644,5568,99,2,1293.07
13645,5568,42,2,24451.2
13646,5568,86,1,37285.06
13647,5569,99,2,1218.11
13648,5569,86,1,35123.61
13649,5570,42,2,24805.56
13650,5570,92,1,30303.87
13651,5570,60,2,165.4
13652,5570,99,2,1171.26
13653,5571,96,1,324.95
13654,5572,60,2,165.4
13655,5572,90,1,718.0
13656,5573,27,2,18221.55
13657,5573,86,1,33772.7
13658,5574,27,2,18221.55
13659,5574,87,2,29891.28
13660,5574,60,1,165.4
13661,5575,35,2,237.01
13662,5575,60,1,175.99
13663,5575,39,1,39024.34
13664,5575,92,1,32035.52
13665,5576,27,2,19262.78
13666,5577,90,1,763.95
13667,5577,20,1,15351.07
13668,5577,27,1,19262.78
13669,5578,5,1,188.96
13670,5578,13,1,273.99
13671,5578,99,1,1171.26
13672,5578,86,2,33772.7
13673,5579,87,1,29891.28
13674,5579,27,1,18221.55
13675,5579,39,1,36677.01
13676,5579,60,1,165.4
13677,5580,87,1,31804.32
13678,5581,86,1,35934.15
13679,5581,96,1,345.75
13680,5581,42,2,26223.02
13681,5582,13,2,273.99
13682,5582,42,2,24805.56
13683,5583,5,2,188.96
13684,5583,99,2,1171.26
13685,5583,13,1,273.99
13686,5584,42,1,26223.02
13687,5584,60,1,175.99
13688,5584,35,1,237.01
13689,5585,90,2,718.0
13690,5585,27,2,18221.55
13691,5585,35,1,222.75
13692,5585,86,1,33772.7
13693,5586,42,1,24805.56
13694,5587,96,1,345.75
13695,5588,86,1,35934.15
13696,5588,99,2,1246.22
13697,5588,96,2,345.75
13698,5589,87,1,29891.28
13699,5590,39,1,39024.34
13700,5590,90,1,850.11
13701,5590,99,1,1246.22
13702,5591,99,2,1246.22
13703,5591,60,2,175.99
13704,5591,27,1,19262.78
13705,5591,5,2,199.76
13706,5592,86,1,33772.7
13707,5593,90,2,850.11
13708,5594,13,2,273.99
13709,5595,60,2,165.4
13710,5595,86,1,33772.7
13711,5595,39,2,36677.01
13712,5596,20,1,15351.07
13713,5596,99,2,1246.22
13714,5597,60,1,165.4
13715,5598,35,2,222.75
13716,5598,87,1,29891.28
13717,5598,99,1,1171.26
13718,5599,96,1,345.75
13719,5600,99,2,1246.22
13720,5601,27,1,18221.55
13721,5601,90,2,804.16
13722,5601,87,1,29891.28
13723,5602,99,2,1311.81
13724,5603,39,2,39024.34
13725,5603,96,2,345.75
13726,5604,42,1,24805.56
13727,5604,86,2,33772.7
13728,5604,39,2,36677.01
13729,5604,35,1,222.75
13730,5605,86,2,33772.7
13731,5605,20,2,14427.7
13732,5605,39,2,36677.01
13733,5605,99,1,1311.81
13734,5606,90,2,850.11
13735,5606,87,1,31804.32
13736,5606,35,1,237.01
13737,5606,96,1,345.75
13738,5607,96,2,324.95
13739,5607,39,2,36677.01
13740,5607,60,1,165.4
13741,5607,90,2,804.16
13742,5608,99,1,1386.77
13743,5608,87,2,31804.32
13744,5609,13,2,289.65
13745,5610,60,2,165.4
13746,5610,39,2,36677.01
13747,5610,35,2,222.75
13748,5611,60,2,172.02
13749,5611,35,1,231.66
13750,5611,39,1,38144.09
13751,5611,86,2,35123.61
13752,5612,39,2,40491.42
13753,5613,13,1,283.78
13754,5613,96,1,337.95
13755,5614,90,1,878.83
13756,5614,20,1,15928.18
13757,5614,86,1,37285.06
13758,5615,99,1,1358.66
13759,5615,39,1,42545.33
13760,5615,20,1,15004.81
13761,5616,87,1,34673.88
13762,5617,99,2,1358.66
13763,5617,90,1,832.88
13764,5617,35,1,231.66
13765,5618,20,1,15928.18
13766,5618,60,2,202.45
13767,5618,90,1,878.83
13768,5618,99,1,1433.63
13769,5619,35,2,231.66
13770,5619,20,2,15004.81
13771,5620,87,1,34673.88
13772,5620,96,2,337.95
13773,5620,86,2,35123.61
13774,5621,60,2,202.45
13775,5621,99,1,1433.63
13776,5621,96,2,358.74
13777,5621,20,1,15928.18
13778,5622,60,1,191.86
13779,5622,86,2,35123.61
13780,5622,96,1,337.95
13781,5623,99,2,1358.66
13782,5623,20,1,15004.81
13783,5624,60,2,191.86
13784,5624,39,1,42545.33
13785,5624,96,2,337.95
13786,5625,99,2,1433.63
13787,5626,39,1,44892.66
13788,5626,20,2,15928.18
13789,5626,96,2,358.74
13790,5626,87,2,36586.92
13791,5627,60,1,191.86
13792,5628,39,1,42545.33
13793,5628,87,2,34673.88
13794,5628,96,2,337.95
13795,5628,35,2,258.39
13796,5629,86,1,35123.61
13797,5630,20,1,15928.18
13798,5630,96,1,358.74
13799,5630,35,2,272.65
13800,5631,39,2,44892.66
13801,5631,86,1,37285.06
13802,5632,87,1,34673.88
13803,5632,39,2,42545.33
13804,5633,96,1,376.94
13805,5633,35,1,258.39
13806,5633,20,1,15004.81
13807,5633,60,1,191.86
13808,5634,39,1,42545.33
13809,5634,35,2,258.39
13810,5634,87,2,34673.88
13811,5635,35,1,258.39
13812,5636,39,1,42545.33
13813,5636,35,2,258.39
13814,5637,87,2,36586.92
13815,5637,20,2,15928.18
13816,5637,39,2,44892.66
13817,5637,60,1,202.45
13818,5638,87,1,34673.88
13819,5639,86,1,41337.78
13820,5639,20,2,17659.5
13821,5639,96,1,397.74
13822,5640,20,2,16736.13
13823,5640,96,1,376.94
13824,5641,86,2,39176.33
13825,5641,96,1,376.94
13826,5641,20,2,16736.13
13827,5642,96,2,376.94
13828,5642,20,1,16736.13
13829,5642,86,1,39176.33
13830,5643,86,1,41337.78
13831,5644,86,1,41337.78
13832,5645,86,1,39176.33
13833,5646,86,1,39176.33
13834,5647,56,1,272.01
13835,5647,45,1,66.75
13836,5647,76,1,235.32
13837,5648,99,2,1171.26
13838,5648,16,1,370.6
13839,5649,94,1,225.16
13840,5649,65,1,16429.56
13841,5649,71,1,400.65
13842,5650,45,1,62.74
13843,5651,17,1,16577.4
13844,5652,84,1,329.11
13845,5653,56,1,255.65
13846,5653,85,1,349.19
13847,5654,75,1,422.74
13848,5654,12,1,323.75
13849,5655,84,1,329.11
13850,5655,77,1,191.83
13851,5656,99,2,1171.26
13852,5657,84,1,350.18
13853,5657,71,2,400.65
13854,5657,94,1,225.16
13855,5657,99,2,1246.22
13856,5658,98,1,408.26
13857,5658,10,1,238.22
13858,5658,85,2,371.54
13859,5658,29,1,1094.52
13860,5659,16,2,394.32
13861,5659,99,1,1386.77
13862,5660,84,2,329.11
13863,5660,85,2,349.19
13864,5661,45,1,70.27
13865,5661,10,2,223.89
13866,5662,67,1,310.66
13867,5663,98,1,408.26
13868,5663,67,2,310.66
13869,5664,71,2,376.55
13870,5665,99,2,1386.77
13871,5666,76,1,235.32
13872,5666,17,1,16577.4
13873,5666,54,2,8352.36
13874,5667,12,2,344.47
13875,5667,56,2,272.01
13876,5668,84,2,350.18
13877,5668,12,1,344.47
13878,5668,16,1,394.32
13879,5669,12,2,323.75
13880,5670,56,1,272.01
13881,5670,29,2,1094.52
13882,5670,3,1,226.17
13883,5670,94,2,225.16
13884,5671,17,1,15580.26
13885,5672,16,2,370.6
13886,5672,15,1,168.91
13887,5673,56,1,255.65
13888,5673,65,2,15441.31
13889,5673,10,1,223.89
13890,5673,13,2,244.64
13891,5674,76,2,221.16
13892,5674,13,2,244.64
13893,5675,94,1,211.61
13894,5675,16,1,370.6
13895,5675,85,2,349.19
13896,5676,29,1,1094.52
13897,5676,15,1,179.72
13898,5676,77,1,227.12
13899,5676,90,2,763.95
13900,5677,90,2,763.95
13901,5678,75,1,422.74
13902,5678,77,1,214.84
13903,5679,45,1,70.27
13904,5679,16,2,370.6
13905,5679,3,2,212.56
13906,5680,15,2,168.91
13907,5680,90,1,718.0
13908,5680,85,2,349.19
13909,5680,99,2,1311.81
13910,5681,45,2,70.27
13911,5681,98,1,383.7
13912,5681,77,2,214.84
13913,5682,71,1,376.55
13914,5682,67,1,291.98
13915,5682,12,1,323.75
13916,5683,13,1,260.29
13917,5683,99,1,1386.77
13918,5684,3,2,226.17
13919,5684,94,2,225.16
13920,5685,34,2,647.1
13921,5685,94,1,211.61
13922,5685,15,2,168.91
13923,5686,65,1,17047.21
13924,5686,34,1,714.4
13925,5686,67,1,322.34
13926,5687,85,2,363.16
13927,5688,85,2,385.5
13928,5689,13,1,254.42
13929,5689,98,1,399.05
13930,5689,10,1,232.84
13931,5689,71,1,391.61
13932,5690,17,2,17200.61
13933,5690,84,2,363.34
13934,5691,10,2,232.84
13935,5691,84,1,381.77
13936,5692,15,1,186.48
13937,5692,75,2,466.7
13938,5692,94,2,233.62
13939,5693,17,1,16203.47
13940,5694,12,1,336.7
13941,5694,75,2,439.65
13942,5695,71,2,415.71
13943,5695,12,1,357.42
13944,5695,15,1,186.48
13945,5695,13,2,270.08
13946,5696,76,1,230.01
13947,5697,34,1,714.4
13948,5697,75,1,466.7
13949,5697,71,1,415.71
13950,5697,12,1,357.42
13951,5698,67,2,303.65
13952,5698,3,1,221.07
13953,5698,98,1,399.05
13954,5699,54,2,9608.35
13955,5699,76,1,244.16
13956,5699,29,2,1135.67
13957,5700,15,2,175.67
13958,5701,99,2,1433.63
13959,5701,12,2,357.42
13960,5702,45,1,76.79
13961,5703,94,2,220.08
13962,5703,10,1,232.84
13963,5703,99,2,1358.66
13964,5704,65,1,16058.97
13965,5704,15,1,175.67
13966,5704,17,1,16203.47
13967,5705,15,1,175.67
13968,5705,54,2,9105.96
13969,5706,85,2,385.5
13970,5706,17,2,17200.61
13971,5706,76,2,244.16
13972,5706,94,1,233.62
13973,5707,13,2,254.42
13974,5707,17,2,16203.47
13975,5707,71,2,391.61
13976,5708,98,1,399.05
13977,5708,85,2,405.06
13978,5709,3,1,234.67
13979,5709,15,2,186.48
13980,5709,65,2,17047.21
13981,5710,45,2,72.78
13982,5711,85,2,427.41
13983,5711,3,2,234.67
13984,5711,75,1,466.7
13985,5712,56,2,282.24
13986,5713,28,1,351.21
13987,5713,71,2,415.71
13988,5713,15,1,186.48
13989,5713,99,1,1433.63
13990,5714,29,2,1069.84
13991,5715,17,2,16203.47
13992,5716,56,1,265.88
13993,5716,17,2,16203.47
13994,5716,12,1,336.7
13995,5716,34,1,672.98
13996,5717,67,2,303.65
13997,5717,85,2,405.06
13998,5718,13,2,254.42
13999,5718,65,2,16058.97
14000,5719,71,2,391.61
14001,5720,65,2,16058.97
14002,5720,98,1,399.05
14003,5720,29,2,1069.84
14004,5721,54,2,9105.96
14005,5721,99,1,1358.66
14006,5721,10,2,232.84
14007,5722,10,2,247.17
14008,5722,65,1,18900.17
14009,5722,16,1,409.14
14010,5723,3,1,234.67
14011,5723,77,2,234.79
14012,5723,98,1,423.6
14013,5723,16,1,409.14
14014,5724,10,2,232.84
14015,5724,29,2,1069.84
14016,5725,71,2,400.65
14017,5725,76,1,235.32
14018,5725,56,1,272.01
14019,5726,85,1,391.09
14020,5726,29,2,1028.69
14021,5727,84,1,368.61
14022,5727,15,2,168.91
14023,5727,98,1,383.7
14024,5727,3,2,212.56
14025,5728,65,1,18282.51
14026,5728,75,2,449.79
14027,5729,3,2,238.07
14028,5729,29,2,1028.69
14029,5729,76,1,221.16
14030,5729,10,1,250.75
14031,5730,16,2,370.6
14032,5730,10,1,250.75
14033,5730,54,1,8791.96
14034,5730,34,1,647.1
14035,5731,90,1,718.0
14036,5732,71,2,445.84
14037,5732,76,2,235.32
14038,5733,94,1,237.01
14039,5733,29,1,1028.69
14040,5734,12,2,383.32
14041,5735,34,2,647.1
14042,5736,76,1,221.16
14043,5737,54,2,8791.96
14044,5737,28,1,318.12
14045,5738,67,2,310.66
14046,5739,16,2,370.6
14047,5739,98,2,383.7
14048,5739,85,1,391.09
14049,5739,15,2,168.91
14050,5740,16,1,370.6
14051,5740,98,2,383.7
14052,5740,84,1,368.61
14053,5741,71,2,421.74
14054,5741,56,1,255.65
14055,5741,17,2,15580.26
14056,5741,84,2,368.61
14057,5742,56,1,272.01
14058,5742,54,1,9294.36
14059,5743,77,1,227.12
14060,5743,65,1,18282.51
14061,5743,10,1,265.08
14062,5744,71,1,421.74
14063,5745,76,1,221.16
14064,5745,3,2,238.07
14065,5746,75,2,449.79
14066,5746,12,2,383.32
14067,5747,77,1,227.12
14068,5747,90,2,763.95
14069,5747,71,1,445.84
14070,5747,67,1,345.7
14071,5748,13,1,260.29
14072,5748,34,1,688.51
14073,5748,56,1,272.01
14074,5749,15,2,199.99
14075,5750,34,2,688.51
14076,5750,12,2,383.32
14077,5750,67,1,345.7
14078,5750,3,1,251.67
14079,5751,10,2,250.75
14080,5751,13,2,244.64
14081,5752,56,1,302.69
14082,5752,94,2,250.55
14083,5753,12,1,383.32
14084,5754,98,1,408.26
14085,5755,12,2,362.6
14086,5755,17,1,15580.26
14087,5756,84,2,368.61
14088,5757,34,1,647.1
14089,5757,3,2,238.07
14090,5757,28,1,318.12
14091,5758,10,1,265.08
14092,5758,54,1,9294.36
14093,5759,10,1,250.75
14094,5759,65,2,17294.27
14095,5759,12,2,362.6
14096,5759,15,1,189.18
14097,5760,54,1,8791.96
14098,5761,17,2,15580.26
14099,5762,76,1,235.32
14100,5762,54,1,9294.36
14101,5763,17,1,16577.4
14102,5763,10,2,265.08
14103,5764,15,2,189.18
14104,5765,45,1,74.28
14105,5765,94,2,250.55
14106,5765,17,1,16577.4
14107,5765,65,2,18282.51
14108,5766,84,1,402.83
14109,5766,10,2,274.04
14110,5766,29,1,1135.67
14111,5767,98,1,399.05
14112,5767,15,1,195.94
14113,5768,90,2,878.83
14114,5768,65,1,18900.17
14115,5769,15,2,195.94
14116,5770,34,2,672.98
14117,5770,28,2,330.85
14118,5770,94,2,245.47
14119,5770,16,2,385.42
14120,5771,98,2,399.05
14121,5771,71,2,436.8
14122,5772,84,1,381.77
14123,5773,90,2,878.83
14124,5773,34,1,714.4
14125,5773,98,1,423.6
14126,5774,98,1,399.05
14127,5774,65,1,17911.92
14128,5774,45,2,72.78
14129,5774,12,2,375.55
14130,5775,34,1,714.4
14131,5775,71,1,460.9
14132,5776,65,2,18900.17
14133,5776,98,2,423.6
14134,5776,45,1,76.79
14135,5776,56,1,312.92
14136,5777,67,1,357.38
14137,5778,71,1,436.8
14138,5778,13,1,254.42
14139,5778,76,1,230.01
14140,5779,75,1,439.65
14141,5779,15,2,195.94
14142,5780,16,2,453.61
14143,5780,29,2,1135.67
14144,5780,13,2,270.08
14145,5780,90,2,878.83
14146,5781,13,1,254.42
14147,5782,65,1,18900.17
14148,5783,3,1,246.57
14149,5783,17,1,16203.47
14150,5783,75,1,439.65
14151,5784,3,1,260.18
14152,5784,90,2,878.83
14153,5785,3,2,246.57
14154,5786,3,1,246.57
14155,5786,29,2,1069.84
14156,5786,28,1,330.85
14157,5787,34,2,672.98
14158,5787,10,2,259.71
14159,5788,13,1,270.08
14160,5788,75,2,466.7
14161,5789,17,2,16203.47
14162,5789,76,2,230.01
14163,5789,28,2,330.85
14164,5789,67,1,338.69
14165,5790,13,1,254.42
14166,5790,15,1,195.94
14167,5790,75,2,439.65
14168,5791,15,1,195.94
14169,5791,29,1,1069.84
14170,5792,98,1,423.6
14171,5793,76,2,230.01
14172,5793,13,2,254.42
14173,5794,90,2,832.88
14174,5794,34,1,672.98
14175,5794,67,2,338.69
14176,5794,15,2,195.94
14177,5795,29,1,1193.28
14178,5796,34,1,672.98
14179,5796,56,1,296.55
14180,5797,75,2,466.7
14181,5798,13,2,254.42
14182,5798,98,2,399.05
14183,5798,34,1,672.98
14184,5798,67,1,338.69
14185,5799,17,1,16203.47
14186,5799,98,1,399.05
14187,5799,34,2,672.98
14188,5799,75,1,490.38
14189,5800,17,1,16203.47
14190,5800,67,1,338.69
14191,5801,16,2,453.61
14192,5801,76,1,244.16
14193,5801,67,1,357.38
14194,5802,13,1,270.08
14195,5802,16,1,453.61
14196,5802,75,1,517.43
14197,5803,34,2,750.64
14198,5804,28,1,351.21
14199,5805,75,2,490.38
14200,5805,29,1,1193.28
14201,5806,29,1,1193.28
14202,5806,17,2,16203.47
14203,5807,16,1,453.61
14204,5807,75,2,517.43
14205,5808,75,1,517.43
14206,5808,13,1,270.08
14207,5808,56,2,312.92
14208,5808,29,1,1259.11
14209,5809,16,1,415.07
14210,5809,17,2,17449.89
14211,5810,98,2,408.26
14212,5810,13,2,260.29
14213,5810,29,2,1217.97
14214,5810,76,1,235.32
14215,5811,17,2,17449.89
14216,5812,17,2,18447.03
14217,5813,76,2,221.16
14218,5813,13,1,244.64
14219,5813,16,1,415.07
14220,5813,34,2,724.75
14221,5814,98,2,408.26
14222,5814,13,1,289.65
14223,5814,29,1,1217.97
14224,5814,34,1,766.17
14225,5815,16,1,438.79
14226,5815,34,1,766.17
14227,5815,17,2,18447.03
14228,5815,13,1,289.65
14229,5816,17,2,18447.03
14230,5816,75,1,500.52
14231,5816,28,2,338.49
14232,5816,34,2,766.17
14233,5817,29,1,1217.97
14234,5818,34,2,724.75
14235,5819,26,1,228.39
14236,5819,51,1,1381.23
14237,5819,17,2,18447.03
14238,5820,62,1,38248.1
14239,5820,32,1,216.38
14240,5821,26,1,214.65
14241,5822,29,1,1152.13
14242,5822,13,2,273.99
14243,5822,34,1,647.1
14244,5822,26,1,214.65
14245,5823,75,2,473.47
14246,5823,91,2,285.12
14247,5823,100,2,795.6
14248,5823,51,2,1298.15
14249,5824,51,2,1298.15
14250,5825,29,1,1217.97
14251,5825,34,2,688.51
14252,5826,56,1,255.65
14253,5826,33,2,412.65
14254,5826,13,2,273.99
14255,5827,13,1,289.65
14256,5827,56,2,272.01
14257,5827,100,1,846.52
14258,5827,32,1,216.38
14259,5828,34,2,647.1
14260,5828,76,2,247.7
14261,5828,98,2,429.74
14262,5828,20,1,14427.7
14263,5829,76,1,261.86
14264,5829,35,1,237.01
14265,5830,98,2,429.74
14266,5830,30,1,333.69
14267,5830,62,1,35947.46
14268,5830,34,2,647.1
14269,5831,8,1,271.89
14270,5831,12,1,344.47
14271,5831,56,1,272.01
14272,5832,13,1,289.65
14273,5832,32,2,216.38
14274,5832,100,2,846.52
14275,5832,75,1,500.52
14276,5833,62,2,38248.1
14277,5833,29,1,1217.97
14278,5834,32,2,203.36
14279,5834,51,2,1298.15
14280,5834,34,1,647.1
14281,5834,12,2,323.75
14282,5835,26,1,240.41
14283,5835,8,1,255.54
14284,5835,32,2,203.36
14285,5836,29,1,1152.13
14286,5836,98,2,429.74
14287,5836,35,1,222.75
14288,5836,23,1,14618.6
14289,5837,35,1,222.75
14290,5838,35,2,237.01
14291,5838,100,2,846.52
14292,5838,34,1,688.51
14293,5838,12,1,344.47
14294,5839,16,1,370.6
14295,5840,56,2,272.01
14296,5840,23,2,15554.19
14297,5840,75,1,500.52
14298,5840,76,1,261.86
14299,5841,76,2,247.7
14300,5842,30,1,347.04
14301,5843,20,1,15004.81
14302,5843,32,1,211.5
14303,5844,34,2,714.4
14304,5844,56,1,282.24
14305,5844,16,1,409.14
14306,5844,26,2,262.73
14307,5845,91,1,296.53
14308,5845,20,1,15004.81
14309,5845,76,1,256.55
14310,5845,32,2,211.5
14311,5846,28,2,389.38
14312,5846,51,2,1433.16
14313,5846,8,2,282.11
14314,5846,100,1,973.81
14315,5847,75,1,490.38
14316,5847,28,2,369.02
14317,5847,20,1,15004.81
14318,5847,56,1,265.88
14319,5848,16,2,385.42
14320,5848,51,2,1350.08
14321,5848,35,1,231.66
14322,5848,62,2,37385.36
14323,5849,100,1,922.9
14324,5849,20,2,15004.81
14325,5849,91,2,296.53
14326,5849,16,1,385.42
14327,5850,30,2,347.04
14328,5850,20,2,15004.81
14329,5850,33,2,478.67
14330,5850,13,2,283.78
14331,5851,76,1,256.55
14332,5852,62,2,39686.0
14333,5852,100,2,973.81
14334,5853,98,2,445.09
14335,5853,12,2,336.7
14336,5854,12,2,336.7
14337,5854,8,1,265.76
14338,5854,98,2,445.09
14339,5855,91,1,314.78
14340,5856,91,1,296.53
14341,5856,32,2,211.5
14342,5856,56,2,265.88
14343,5856,62,1,37385.36
14344,5857,28,1,389.38
14345,5857,34,1,714.4
14346,5857,35,1,245.92
14347,5857,62,2,39686.0
14348,5858,8,2,312.78
14349,5858,56,2,282.24
14350,5859,20,1,15928.18
14351,5859,62,1,39686.0
14352,5860,34,2,672.98
14353,5860,35,1,231.66
14354,5860,98,2,445.09
14355,5860,100,2,922.9
14356,5861,91,1,296.53
14357,5861,20,2,15004.81
14358,5862,35,1,245.92
14359,5862,51,1,1433.16
14360,5863,26,2,248.99
14361,5864,100,1,973.81
14362,5864,62,2,39686.0
14363,5864,35,1,245.92
14364,5864,26,2,262.73
14365,5865,20,1,16736.13
14366,5865,28,1,369.02
14367,5865,33,2,478.67
14368,5865,100,1,922.9
14369,5866,51,1,1350.08
14370,5866,12,2,336.7
14371,5866,35,2,231.66
14372,5866,16,2,385.42
14373,5867,30,2,347.04
14374,5867,33,1,478.67
14375,5868,51,1,1433.16
14376,5868,56,1,282.24
14377,5869,33,1,478.67
14378,5869,12,1,375.55
14379,5870,32,2,211.5
14380,5870,76,1,256.55
14381,5870,100,2,922.9
14382,5870,23,1,15203.34
14383,5871,51,2,1350.08
14384,5871,98,1,445.09
14385,5871,91,1,296.53
14386,5872,12,1,375.55
14387,5872,51,1,1350.08
14388,5872,28,1,369.02
14389,5872,33,1,478.67
14390,5873,16,2,409.14
14391,5874,30,1,347.04
14392,5874,26,1,248.99
14393,5875,33,2,505.08
14394,5875,16,2,453.61
14395,5875,34,1,714.4
14396,5875,20,1,17659.5
14397,5876,30,2,347.04
14398,5876,91,1,296.53
14399,5876,20,2,16736.13
14400,5877,35,2,231.66
14401,5877,26,2,248.99
14402,5878,8,1,312.78
14403,5878,91,2,314.78
14404,5878,100,2,973.81
14405,5878,51,2,1433.16
14406,5879,51,1,1350.08
14407,5879,100,2,922.9
14408,5880,16,2,429.9
14409,5880,34,1,672.98
14410,5880,12,2,375.55
14411,5880,28,1,369.02
14412,5881,91,1,296.53
14413,5881,20,1,16736.13
14414,5881,32,1,211.5
14415,5882,16,1,429.9
14416,5883,51,2,1381.23
14417,5883,20,2,17082.4
14418,5884,34,2,766.17
14419,5884,16,2,438.79
14420,5884,23,2,15554.19
14421,5884,12,2,383.32
14422,5885,30,1,333.69
14423,5885,8,2,286.2
14424,5885,33,2,462.17
14425,5885,28,2,356.3
14426,5886,35,1,222.75
14427,5886,56,1,255.65
14428,5887,56,1,272.01
14429,5888,20,2,17082.4
14430,5888,16,1,438.79
14431,5888,32,2,216.38
14432,5889,26,1,240.41
14433,5890,20,2,16159.02
14434,5890,26,1,240.41
14435,5890,23,1,14618.6
14436,5890,56,1,255.65
14437,5891,91,2,285.12
14438,5891,28,1,356.3
14439,5891,62,2,35947.46
14440,5892,12,2,383.32
14441,5892,34,1,766.17
14442,5892,62,2,38248.1
14443,5893,51,1,1381.23
14444,5893,16,2,438.79
14445,5893,20,1,17082.4
14446,5893,30,2,355.04
14447,5894,8,2,286.2
14448,5894,32,1,203.36
14449,5894,23,2,14618.6
14450,5894,16,2,415.07
14451,5895,51,2,1381.23
14452,5895,34,1,766.17
14453,5895,62,2,38248.1
14454,5895,12,1,383.32
14455,5896,51,2,1298.15
14456,5896,33,1,462.17
14457,5897,51,1,1381.23
14458,5897,62,1,38248.1
14459,5897,12,1,383.32
14460,5897,91,1,303.37
14461,5898,16,1,415.07
14462,5899,34,2,724.75
14463,5900,34,1,766.17
14464,5900,35,2,237.01
14465,5900,33,1,488.58
14466,5901,56,2,255.65
14467,5901,51,1,1298.15
14468,5902,62,2,35947.46
14469,5902,8,1,286.2
14470,5902,35,1,222.75
14471,5902,91,1,285.12
14472,5903,8,2,286.2
14473,5903,91,2,285.12
14474,5903,30,2,333.69
14475,5903,12,1,362.6
14476,5904,35,2,222.75
14477,5904,8,2,286.2
14478,5904,34,1,724.75
14479,5905,34,2,724.75
14480,5905,32,2,203.36
14481,5905,91,2,285.12
14482,5905,30,2,333.69
14483,5906,35,1,237.01
14484,5906,30,2,355.04
14485,5906,51,2,1381.23
14486,5907,23,1,15554.19
14487,5908,32,2,203.36
14488,5909,62,1,40261.16
14489,5910,91,2,285.12
14490,5910,35,2,222.75
14491,5910,51,2,1453.93
14492,5911,56,1,255.65
14493,5912,56,1,255.65
14494,5913,56,2,255.65
14495,5913,23,2,14618.6
14496,5914,32,1,203.36
14497,5914,35,1,222.75
14498,5915,23,2,14618.6
14499,5915,35,1,249.48
14500,5916,30,1,355.04
14501,5916,62,2,42561.8
14502,5917,23,2,15554.19
14503,5917,56,1,272.01
14504,5917,35,2,263.74
14505,5918,91,1,337.59
14506,5918,56,2,272.01
14507,5919,91,1,337.59
14508,5920,51,2,1505.85
14509,5921,51,2,1588.94
14510,5921,56,2,282.24
14511,5922,35,1,272.65
14512,5922,30,1,368.39
14513,5923,32,2,224.51
14514,5923,56,1,312.92
14515,5923,35,1,272.65
14516,5923,23,1,16138.93
14517,5924,32,1,224.51
14518,5924,51,2,1588.94
14519,5925,51,2,1505.85
14520,5925,62,1,41699.06
14521,5925,30,1,347.04
14522,5926,62,2,43999.69
14523,5927,56,2,296.55
14524,5927,51,1,1505.85
14525,5927,35,1,258.39
14526,5928,62,1,43999.69
14527,5928,32,1,224.51
14528,5928,91,1,348.99
14529,5929,91,1,330.75
14530,5929,51,2,1505.85
14531,5930,91,2,348.99
14532,5930,23,2,16138.93
14533,5930,35,1,272.65
14534,5930,56,2,312.92
14535,5931,23,2,15203.34
14536,5931,30,1,347.04
14537,5931,91,1,330.75
14538,5932,35,1,258.39
14539,5932,30,2,347.04
14540,5933,35,2,258.39
14541,5933,56,2,296.55
14542,5933,91,1,330.75
14543,5934,35,1,258.39
14544,5934,56,1,296.55
14545,5935,23,1,16138.93
14546,5935,32,2,224.51
14547,5935,56,2,312.92
14548,5935,30,1,368.39
14549,5936,23,2,15203.34
14550,5936,30,2,347.04
14551,5937,30,2,347.04
14552,5938,23,1,16138.93
14553,5938,35,2,272.65
14554,5938,30,2,408.43
14555,5939,32,2,235.9
14556,5939,23,2,16957.58
14557,5939,35,1,258.39
14558,5939,30,2,387.08
14559,5940,30,1,387.08
14560,5941,30,1,387.08
14561,5941,32,1,235.9
14562,5941,23,1,16957.58
14563,5942,30,2,387.08
14564,5942,32,1,235.9
14565,5943,23,1,16957.58
14566,5943,30,1,387.08
14567,5944,30,1,387.08
14568,5944,32,2,235.9
14569,5944,23,2,16957.58
14570,5945,23,1,16957.58
14571,5945,30,2,387.08
14572,5946,30,1,408.43
14573,5947,23,1,16957.58
14574,5947,32,2,235.9
14575,5948,23,1,16957.58
14576,5948,32,2,235.9
14577,5949,32,1,235.9
14578,5949,23,2,16957.58
14579,5950,46,2,353.04
14580,5951,62,1,35947.46
14581,5951,46,1,353.04
14582,5951,60,1,165.4
14583,5952,62,1,35947.46
14584,5953,63,2,149.99
14585,5953,75,2,422.74
14586,5953,91,1,285.12
14587,5954,15,2,179.72
14588,5954,93,1,354.56
14589,5955,13,1,260.29
14590,5955,68,2,9547.06
14591,5956,46,1,375.63
14592,5957,68,2,9547.06
14593,5958,68,1,9547.06
14594,5958,95,1,22268.66
14595,5959,68,1,9547.06
14596,5960,62,1,38248.1
14597,5960,15,2,199.99
14598,5961,68,2,10049.54
14599,5961,95,1,20929.19
14600,5961,63,1,149.99
14601,5961,91,1,285.12
14602,5962,93,1,354.56
14603,5963,63,1,149.99
14604,5963,41,2,234.31
14605,5963,15,2,189.18
14606,5964,41,2,262.43
14607,5964,63,1,149.99
14608,5964,95,1,20929.19
14609,5965,62,1,38248.1
14610,5966,62,1,42561.8
14611,5967,95,1,20929.19
14612,5967,41,1,262.43
14613,5968,62,2,40261.16
14614,5968,41,1,262.43
14615,5969,41,1,262.43
14616,5970,15,1,199.99
14617,5971,75,1,422.74
14618,5971,13,2,244.64
14619,5972,68,1,10623.8
14620,5972,46,2,375.63
14621,5973,46,1,353.04
14622,5973,62,2,40261.16
14623,5973,75,1,422.74
14624,5974,15,1,189.18
14625,5975,41,2,262.43
14626,5976,13,2,244.64
14627,5977,63,2,149.99
14628,5977,91,2,285.12
14629,5977,75,1,422.74
14630,5978,41,2,262.43
14631,5978,75,1,422.74
14632,5978,68,2,10049.54
14633,5978,93,1,333.24
14634,5979,13,1,289.65
14635,5979,62,1,42561.8
14636,5980,62,2,40261.16
14637,5980,93,2,333.24
14638,5981,15,1,199.99
14639,5981,75,2,449.79
14640,5981,41,1,277.43
14641,5981,60,1,175.99
14642,5982,93,1,333.24
14643,5982,62,2,40261.16
14644,5982,41,1,262.43
14645,5983,91,2,285.12
14646,5983,15,2,189.18
14647,5984,63,1,149.99
14648,5985,95,2,22268.66
14649,5985,46,1,375.63
14650,5985,93,1,354.56
14651,5986,60,1,165.4
14652,5986,63,1,149.99
14653,5987,60,1,182.6
14654,5987,95,2,23105.82
14655,5987,13,2,299.44
14656,5987,75,1,466.7
14657,5988,63,1,155.99
14658,5988,46,2,367.16
14659,5988,91,1,296.53
14660,5989,13,2,283.78
14661,5989,60,1,172.02
14662,5989,95,2,21766.35
14663,5989,75,2,439.65
14664,5990,60,2,172.02
14665,5990,13,2,283.78
14666,5990,93,2,346.57
14667,5990,91,2,296.53
14668,5991,60,2,172.02
14669,5991,62,2,41699.06
14670,5991,91,2,296.53
14671,5991,46,2,367.16
14672,5992,46,1,367.16
14673,5992,63,1,155.99
14674,5993,91,1,296.53
14675,5993,63,2,155.99
14676,5994,95,2,21766.35
14677,5994,68,1,10408.45
14678,5995,95,2,24277.86
14679,5995,75,1,439.65
14680,5995,60,1,172.02
14681,5995,63,2,155.99
14682,5996,46,2,389.75
14683,5996,95,1,25617.33
14684,5996,91,2,314.78
14685,5997,75,2,439.65
14686,5998,95,2,25617.33
14687,5999,46,1,367.16
14688,5999,91,2,296.53
14689,6000,13,2,299.44
14690,6000,75,2,466.7
14691,6001,93,1,346.57
14692,6001,46,2,367.16
14693,6001,60,2,172.02
14694,6001,75,2,439.65
14695,6002,93,2,346.57
14696,6002,46,2,367.16
14697,6003,63,1,183.58
14698,6003,95,1,25617.33
14699,6003,60,2,182.6
14700,6004,13,1,283.78
14701,6004,60,2,172.02
14702,6004,91,1,296.53
14703,6004,75,2,439.65
14704,6005,95,1,25617.33
14705,6005,63,1,183.58
14706,6006,91,1,296.53
14707,6007,13,1,283.78
14708,6007,95,1,24277.86
14709,6007,63,2,173.99
14710,6007,93,1,346.57
14711,6008,68,1,10408.45
14712,6008,63,2,173.99
14713,6008,91,1,296.53
14714,6009,63,2,173.99
14715,6009,91,2,330.75
14716,6009,60,1,172.02
14717,6009,46,2,367.16
14718,6010,95,1,25617.33
14719,6010,68,1,10982.71
14720,6010,63,2,183.58
14721,6010,60,2,202.45
14722,6011,91,2,348.99
14723,6011,95,1,25617.33
14724,6011,46,2,432.12
14725,6012,91,2,348.99
14726,6012,60,1,202.45
14727,6013,46,1,432.12
14728,6013,91,2,348.99
14729,6014,46,2,409.52
14730,6015,68,2,10408.45
14731,6015,75,2,490.38
14732,6015,91,1,330.75
14733,6016,75,2,490.38
14734,6016,68,1,10408.45
14735,6017,60,1,202.45
14736,6017,95,1,25617.33
14737,6017,63,2,183.58
14738,6018,95,1,25617.33
14739,6018,91,2,348.99
14740,6019,75,2,517.43
14741,6019,60,1,202.45
14742,6019,46,1,432.12
14743,6019,93,1,367.89
14744,6020,75,2,490.38
14745,6020,60,1,191.86
14746,6021,75,2,490.38
14747,6021,95,1,24277.86
14748,6021,46,1,409.52
14749,6022,75,1,490.38
14750,6022,93,1,346.57
14751,6022,60,2,191.86
14752,6022,46,2,409.52
14753,6023,75,1,490.38
14754,6023,93,1,346.57
14755,6023,60,2,191.86
14756,6024,93,1,346.57
14757,6024,60,2,191.86
14758,6025,93,1,367.89
14759,6025,60,1,202.45
14760,6026,93,2,346.57
14761,6027,93,2,367.89
14762,6028,93,1,346.57
14763,6029,93,2,346.57
14764,6030,93,2,367.89
14765,6031,93,2,367.89
14766,6032,93,2,386.56
14767,6033,93,1,373.23
14768,6034,93,2,394.55
14769,6035,93,1,394.55
14770,6036,93,1,394.55
14771,6037,30,1,333.69
14772,6038,89,2,222.16
14773,6038,74,1,128.05
14774,6039,87,2,31804.32
14775,6039,82,2,156.85
14776,6040,87,1,33478.23
14777,6040,69,2,1772.99
14778,6040,35,1,222.75
14779,6041,99,1,1171.26
14780,6041,77,1,191.83
14781,6041,82,1,147.41
14782,6042,9,1,537.08
14783,6042,89,1,222.16
14784,6043,74,1,136.25
14785,6043,31,2,227.2
14786,6044,69,2,1772.99
14787,6044,82,2,147.41
14788,6044,30,2,333.69
14789,6044,56,2,255.65
14790,6045,87,2,35391.27
14791,6045,30,1,395.09
14792,6046,89,2,222.16
14793,6046,31,1,239.16
14794,6046,99,2,1171.26
14795,6047,74,1,136.25
14796,6047,31,1,252.83
14797,6047,69,2,1886.46
14798,6047,35,1,237.01
14799,6048,74,2,136.25
14800,6048,77,1,204.1
14801,6049,99,1,1171.26
14802,6049,30,2,373.73
14803,6049,82,1,147.41
14804,6050,64,1,368.92
14805,6050,77,2,191.83
14806,6051,30,2,373.73
14807,6051,89,2,222.16
14808,6052,87,1,33478.23
14809,6052,74,1,128.05
14810,6052,31,1,239.16
14811,6052,69,1,1772.99
14812,6053,69,2,1772.99
14813,6053,56,1,255.65
14814,6053,82,1,147.41
14815,6054,87,2,33478.23
14816,6054,64,1,368.92
14817,6055,82,1,156.85
14818,6056,87,2,33478.23
14819,6056,64,2,368.92
14820,6057,82,2,162.74
14821,6057,77,1,211.77
14822,6057,74,1,141.37
14823,6058,89,1,231.05
14824,6058,56,1,265.88
14825,6059,77,1,199.5
14826,6059,82,2,171.0
14827,6059,87,1,34673.88
14828,6059,64,1,383.68
14829,6060,69,2,1843.91
14830,6060,74,2,148.54
14831,6061,77,2,199.5
14832,6061,64,1,383.68
14833,6061,74,1,148.54
14834,6062,82,1,180.43
14835,6063,77,1,199.5
14836,6063,64,2,383.68
14837,6063,35,1,231.66
14838,6064,30,2,387.08
14839,6064,64,2,383.68
14840,6064,74,2,148.54
14841,6065,82,2,180.43
14842,6066,74,1,156.73
14843,6067,9,1,558.56
14844,6067,87,1,34673.88
14845,6067,82,2,171.0
14846,6068,30,2,408.43
14847,6068,82,2,180.43
14848,6068,74,1,156.73
14849,6069,31,2,247.7
14850,6069,82,1,171.0
14851,6069,35,1,231.66
14852,6069,99,1,1218.11
14853,6070,30,2,387.08
14854,6071,89,2,245.27
14855,6071,82,2,180.43
14856,6071,64,1,407.29
14857,6072,64,1,407.29
14858,6072,9,2,592.93
14859,6072,89,1,245.27
14860,6073,9,2,558.56
14861,6073,89,1,231.05
14862,6073,64,2,383.68
14863,6074,35,2,231.66
14864,6074,77,2,199.5
14865,6075,35,1,258.39
14866,6075,77,1,199.5
14867,6076,9,2,558.56
14868,6077,69,1,2056.67
14869,6077,89,2,231.05
14870,6077,77,1,199.5
14871,6077,64,2,383.68
14872,6078,89,1,245.27
14873,6078,99,1,1293.07
14874,6078,35,2,272.65
14875,6079,31,2,247.7
14876,6079,9,2,558.56
14877,6080,69,1,2056.67
14878,6080,89,1,231.05
14879,6080,77,1,199.5
14880,6080,56,2,296.55
14881,6081,99,1,1218.11
14882,6082,74,1,148.54
14883,6083,35,1,272.65
14884,6084,64,1,407.29
14885,6084,69,2,2170.14
14886,6084,35,2,272.65
14887,6084,77,1,211.77
14888,6085,77,2,199.5
14889,6085,69,1,2056.67
14890,6085,99,1,1218.11
14891,6085,89,2,231.05
14892,6086,64,1,383.68
14893,6086,77,1,199.5
14894,6087,56,1,296.55
14895,6087,99,1,1218.11
14896,6087,9,2,623.01
14897,6087,89,2,231.05
14898,6088,35,1,258.39
14899,6088,64,2,383.68
14900,6088,89,2,231.05
14901,6089,77,1,199.5
14902,6089,74,2,148.54
14903,6089,9,2,623.01
14904,6090,9,2,623.01
14905,6090,64,1,383.68
14906,6091,99,1,1218.11
14907,6092,56,1,296.55
14908,6092,69,1,2056.67
14909,6092,77,1,199.5
14910,6093,9,2,623.01
14911,6093,89,2,231.05
14912,6094,35,1,272.65
14913,6094,89,1,245.27
14914,6094,77,2,211.77
14915,6095,69,1,2099.22
14916,6095,56,1,302.69
14917,6096,89,1,222.16
14918,6097,99,2,1171.26
14919,6097,35,2,249.48
14920,6097,9,2,601.52
14921,6098,77,2,191.83
14922,6098,69,2,1985.75
14923,6098,56,2,286.33
14924,6099,99,1,1246.22
14925,6099,77,2,204.1
14926,6099,69,1,2099.22
14927,6099,56,2,302.69
14928,6100,64,2,368.92
14929,6100,77,1,214.84
14930,6100,35,2,249.48
14931,6101,56,1,286.33
14932,6102,56,1,286.33
14933,6102,77,1,214.84
14934,6102,64,2,368.92
14935,6103,99,2,1171.26
14936,6103,77,2,214.84
14937,6104,64,2,368.92
14938,6104,35,1,249.48
14939,6105,35,1,249.48
14940,6106,89,2,248.82
14941,6106,99,1,1171.26
14942,6106,77,1,214.84
14943,6106,64,2,413.2
14944,6107,99,2,1246.22
14945,6107,89,2,263.04
14946,6108,99,2,1171.26
14947,6109,77,1,214.84
14948,6109,89,1,248.82
14949,6109,64,1,413.2
14950,6109,99,1,1171.26
14951,6110,64,1,436.81
14952,6110,89,1,263.04
14953,6110,77,2,227.12
14954,6111,64,2,413.2
14955,6111,89,2,248.82
14956,6112,99,2,1171.26
14957,6112,77,2,214.84
14958,6112,64,2,413.2
14959,6112,89,1,248.82
14960,6113,89,1,248.82
14961,6114,64,2,413.2
14962,6114,77,1,214.84
14963,6114,89,1,248.82
14964,6115,99,1,1171.26
14965,6115,64,1,413.2
14966,6115,77,2,214.84
14967,6116,99,1,1171.26
14968,6117,99,2,1246.22
14969,6118,99,2,1311.81
14970,6119,99,1,1311.81
14971,6120,99,2,1311.81
14972,6121,99,1,1311.81
14973,6122,99,1,1386.77
14974,6123,99,1,1386.77
14975,6124,99,2,1386.77
14976,6125,99,2,1386.77
14977,6126,99,1,1311.81
14978,6127,99,1,1386.77
14979,6128,81,1,479.98
14980,6129,1,1,496.92
14981,6129,79,1,246.12
14982,6129,98,1,423.6
14983,6129,28,2,351.21
14984,6130,34,2,672.98
14985,6130,44,2,1145.5
14986,6131,32,1,211.5
14987,6132,66,2,365.37
14988,6132,79,1,246.12
14989,6132,36,2,121.61
14990,6133,16,1,385.42
14991,6133,96,1,337.95
14992,6133,99,1,1218.11
14993,6133,32,2,211.5
14994,6134,1,2,496.92
14995,6134,100,1,878.34
14996,6135,17,2,17200.61
14997,6135,99,1,1293.07
14998,6135,9,2,592.93
14999,6136,96,1,337.95
15000,6136,58,2,18340.69
15001,6136,34,2,672.98
15002,6136,85,1,363.16
15003,6137,36,1,121.61
15004,6137,98,2,423.6
15005,6137,85,1,385.5
15006,6138,66,1,365.37
15007,6138,34,1,714.4
15008,6138,16,1,409.14
15009,6139,100,2,878.34
15010,6140,44,1,1215.99
15011,6140,99,1,1293.07
15012,6140,100,1,878.34
15013,6141,85,2,363.16
15014,6141,16,2,385.42
15015,6141,92,2,28139.31
15016,6141,98,2,445.09
15017,6142,1,2,468.12
15018,6143,79,2,246.12
15019,6143,58,1,19469.34
15020,6144,96,1,358.74
15021,6144,81,2,479.98
15022,6144,85,1,385.5
15023,6145,44,1,1215.99
15024,6145,36,2,121.61
15025,6145,9,2,592.93
15026,6145,66,1,365.37
15027,6146,17,1,18073.1
15028,6147,32,1,224.51
15029,6148,98,2,445.09
15030,6148,34,2,672.98
15031,6148,66,2,344.19
15032,6149,28,1,330.85
15033,6149,98,1,445.09
15034,6149,58,1,18340.69
15035,6150,44,2,1145.5
15036,6150,79,1,231.85
15037,6150,1,1,468.12
15038,6151,17,2,18073.1
15039,6151,9,2,558.56
15040,6152,79,1,246.12
15041,6152,66,1,365.37
15042,6153,99,1,1293.07
15043,6153,58,2,19469.34
15044,6153,92,2,29870.96
15045,6153,79,2,246.12
15046,6154,96,2,358.74
15047,6154,28,2,351.21
15048,6154,9,2,592.93
15049,6154,99,1,1293.07
15050,6155,98,2,469.65
15051,6156,36,2,121.61
15052,6156,1,1,496.92
15053,6156,17,1,19070.24
15054,6156,100,1,878.34
15055,6157,16,2,385.42
15056,6158,66,2,365.37
15057,6158,34,1,714.4
15058,6158,85,2,385.5
15059,6158,58,2,19469.34
15060,6159,1,1,496.92
15061,6159,32,1,224.51
15062,6159,100,2,878.34
15063,6159,99,1,1293.07
15064,6160,9,1,558.56
15065,6160,92,2,28139.31
15066,6160,58,2,20456.92
15067,6160,98,2,445.09
15068,6161,16,2,385.42
15069,6162,85,2,385.5
15070,6162,100,2,878.34
15071,6163,32,1,211.5
15072,6163,36,2,114.56
15073,6164,100,2,827.42
15074,6164,98,2,445.09
15075,6164,9,2,558.56
15076,6165,96,2,358.74
15077,6165,28,2,351.21
15078,6165,79,1,246.12
15079,6165,44,1,1215.99
15080,6166,34,2,672.98
15081,6166,36,1,127.77
15082,6166,85,2,363.16
15083,6167,34,2,672.98
15084,6167,96,1,337.95
15085,6168,28,2,330.85
15086,6168,44,1,1145.5
15087,6168,9,1,558.56
15088,6168,16,1,385.42
15089,6169,92,2,33117.8
15090,6169,99,1,1293.07
15091,6169,98,1,469.65
15092,6169,28,1,351.21
15093,6170,96,2,358.74
15094,6170,79,1,246.12
15095,6170,66,1,365.37
15096,6171,85,1,349.19
15097,6171,36,1,123.37
15098,6172,92,1,32035.52
15099,6172,17,1,18447.03
15100,6173,44,2,1101.44
15101,6173,58,2,19751.51
15102,6173,9,1,537.08
15103,6173,85,1,349.19
15104,6174,96,1,324.95
15105,6174,85,2,391.09
15106,6175,99,1,1246.22
15107,6175,36,1,130.42
15108,6176,66,1,330.95
15109,6177,36,2,123.37
15110,6177,92,1,30303.87
15111,6177,98,1,429.74
15112,6178,85,1,413.44
15113,6178,96,2,345.75
15114,6179,28,2,318.12
15115,6179,36,1,123.37
15116,6179,1,1,450.11
15117,6179,81,1,434.76
15118,6180,96,2,345.75
15119,6181,9,1,537.08
15120,6182,16,1,394.32
15121,6183,44,2,1101.44
15122,6184,79,2,222.94
15123,6184,85,2,391.09
15124,6185,28,1,356.3
15125,6186,16,1,370.6
15126,6186,9,2,537.08
15127,6186,98,1,429.74
15128,6187,44,1,1101.44
15129,6187,79,1,222.94
15130,6187,92,2,30303.87
15131,6187,85,1,391.09
15132,6188,16,2,370.6
15133,6189,100,1,795.6
15134,6189,96,2,324.95
15135,6189,17,1,17449.89
15136,6189,99,1,1171.26
15137,6190,92,1,30303.87
15138,6190,66,2,370.66
15139,6190,44,1,1233.61
15140,6190,100,2,795.6
15141,6191,96,2,324.95
15142,6191,32,1,203.36
15143,6192,44,1,1304.1
15144,6192,28,1,376.66
15145,6192,99,2,1246.22
15146,6193,17,2,18447.03
15147,6194,79,2,237.21
15148,6194,34,2,766.17
15149,6195,92,1,30303.87
15150,6195,66,2,370.66
15151,6195,44,1,1233.61
15152,6196,92,1,30303.87
15153,6196,36,1,123.37
15154,6196,99,1,1171.26
15155,6196,9,1,537.08
15156,6197,34,2,766.17
15157,6197,79,1,237.21
15158,6197,28,2,376.66
15159,6198,92,2,30303.87
15160,6199,17,1,17449.89
15161,6200,1,2,450.11
15162,6200,79,2,222.94
15163,6200,32,2,203.36
15164,6201,66,2,370.66
15165,6201,34,2,724.75
15166,6201,44,2,1233.61
15167,6201,96,2,363.94
15168,6202,44,2,1233.61
15169,6202,81,1,434.76
15170,6203,16,1,385.42
15171,6203,85,2,405.06
15172,6203,28,1,369.02
15173,6204,85,1,427.41
15174,6204,9,2,657.38
15175,6205,34,1,750.64
15176,6205,32,1,211.5
15177,6205,66,1,383.9
15178,6206,99,1,1293.07
15179,6206,96,1,397.74
15180,6206,34,1,792.05
15181,6207,66,1,383.9
15182,6207,32,2,211.5
15183,6207,16,1,385.42
15184,6208,28,1,369.02
15185,6209,16,2,409.14
15186,6209,99,2,1433.63
15187,6209,32,1,224.51
15188,6210,1,1,496.92
15189,6210,32,2,224.51
15190,6211,1,1,468.12
15191,6211,58,2,20456.92
15192,6211,100,2,827.42
15193,6212,81,2,452.15
15194,6212,1,1,468.12
15195,6212,96,2,376.94
15196,6212,9,1,623.01
15197,6213,81,1,452.15
15198,6213,58,2,20456.92
15199,6213,28,1,369.02
15200,6214,66,2,383.9
15201,6214,81,2,452.15
15202,6215,81,2,452.15
15203,6216,99,1,1358.66
15204,6216,66,2,383.9
15205,6216,96,1,376.94
15206,6216,1,2,468.12
15207,6217,66,1,405.08
15208,6217,79,2,246.12
15209,6217,100,2,973.81
15210,6217,99,2,1433.63
15211,6218,96,2,376.94
15212,6218,58,2,20456.92
15213,6218,100,2,922.9
15214,6218,34,1,750.64
15215,6219,28,1,369.02
15216,6220,81,2,452.15
15217,6220,28,2,369.02
15218,6220,9,2,623.01
15219,6220,96,1,376.94
15220,6221,28,2,389.38
15221,6221,32,1,224.51
15222,6222,96,1,376.94
15223,6222,44,2,1277.67
15224,6223,100,1,973.81
15225,6223,1,1,496.92
15226,6224,79,2,258.61
15227,6225,44,1,1277.67
15228,6226,1,1,496.92
15229,6226,44,1,1348.16
15230,6226,16,2,453.61
15231,6227,79,1,258.61
15232,6228,32,2,211.5
15233,6228,99,1,1358.66
15234,6228,79,1,258.61
15235,6228,81,2,452.15
15236,6229,32,2,211.5
15237,6229,100,1,922.9
15238,6229,16,2,429.9
15239,6230,1,2,550.94
15240,6230,100,1,973.81
15241,6230,99,1,1433.63
15242,6231,44,1,1348.16
15243,6231,79,1,272.88
15244,6232,79,1,258.61
15245,6232,34,1,750.64
15246,6232,81,2,452.15
15247,6232,100,2,922.9
15248,6233,79,1,272.88
15249,6234,81,1,452.15
15250,6235,32,2,224.51
15251,6235,79,2,272.88
15252,6235,99,2,1433.63
15253,6236,1,2,550.94
15254,6236,32,2,248.92
15255,6237,100,1,973.81
15256,6237,32,1,248.92
15257,6237,99,2,1433.63
15258,6238,32,2,235.9
15259,6238,1,1,522.13
15260,6238,99,2,1358.66
15261,6239,16,2,429.9
15262,6239,1,1,522.13
15263,6239,99,1,1358.66
15264,6239,9,1,623.01
15265,6240,32,1,227.77
15266,6241,9,1,635.9
15267,6242,9,1,635.9
15268,6242,32,2,240.78
15269,6243,1,2,504.13
15270,6243,32,1,227.77
15271,6244,16,2,438.79
15272,6244,81,1,514.76
15273,6244,32,2,240.78
15274,6245,16,1,438.79
15275,6245,1,2,532.93
15276,6245,32,1,240.78
15277,6245,81,1,514.76
15278,6246,32,1,240.78
15279,6246,1,1,532.93
15280,6246,81,1,514.76
15281,6247,16,1,438.79
15282,6247,1,2,532.93
15283,6247,81,1,514.76
15284,6248,16,1,415.07
15285,6249,81,1,486.93
15286,6250,81,2,486.93
15287,6251,81,1,486.93
15288,6252,12,2,336.7
15289,6252,78,2,12794.89
15290,6252,77,1,199.5
15291,6253,80,1,1636.88
15292,6253,13,1,254.42
15293,6254,9,2,558.56
15294,6254,53,1,882.53
15295,6254,25,2,13010.84
15296,6255,25,1,13010.84
15297,6255,14,2,400.01
15298,6256,89,2,245.27
15299,6256,18,1,303.75
15300,6256,78,1,13582.26
15301,6257,25,1,13010.84
15302,6257,56,2,265.88
15303,6257,18,1,286.14
15304,6258,57,1,747.77
15305,6259,57,2,880.07
15306,6260,78,1,13582.26
15307,6260,9,1,592.93
15308,6260,61,2,215.36
15309,6260,89,1,245.27
15310,6261,12,2,336.7
15311,6261,13,1,254.42
15312,6262,56,2,265.88
15313,6262,89,2,231.05
15314,6262,78,2,12794.89
15315,6262,21,1,1069.87
15316,6263,9,1,657.38
15317,6263,13,2,299.44
15318,6264,86,1,37285.06
15319,6265,25,1,13811.51
15320,6266,89,1,245.27
15321,6266,14,1,424.63
15322,6266,78,1,13582.26
15323,6266,61,2,215.36
15324,6267,12,2,336.7
15325,6267,53,2,882.53
15326,6267,77,2,199.5
15327,6267,18,1,286.14
15328,6268,80,1,1737.61
15329,6268,53,2,936.84
15330,6268,57,1,880.07
15331,6269,56,2,265.88
15332,6269,78,2,12794.89
15333,6269,80,2,1636.88
15334,6270,14,2,400.01
15335,6270,86,2,35123.61
15336,6270,61,1,202.88
15337,6270,77,1,199.5
15338,6271,57,2,880.07
15339,6271,53,2,1038.67
15340,6272,61,2,202.88
15341,6272,53,1,984.36
15342,6273,53,1,984.36
15343,6273,13,1,283.78
15344,6274,18,2,286.14
15345,6274,89,1,231.05
15346,6274,61,1,226.29
15347,6274,57,1,834.05
15348,6275,9,1,657.38
15349,6275,18,2,303.75
15350,6275,53,2,1038.67
15351,6276,78,2,13582.26
15352,6276,21,2,1135.71
15353,6276,57,1,880.07
15354,6276,53,2,1038.67
15355,6277,86,1,37285.06
15356,6277,56,1,282.24
15357,6278,9,1,623.01
15358,6278,14,2,400.01
15359,6278,89,2,231.05
15360,6279,25,1,13311.09
15361,6279,80,2,1674.66
15362,6279,56,2,272.01
15363,6280,14,1,384.62
15364,6281,77,1,191.83
15365,6281,78,2,12302.77
15366,6282,78,1,12302.77
15367,6282,61,1,218.48
15368,6282,25,2,12510.42
15369,6283,61,2,230.97
15370,6283,89,1,263.04
15371,6284,61,2,230.97
15372,6284,13,2,289.65
15373,6284,56,1,272.01
15374,6284,9,2,635.9
15375,6285,14,1,409.24
15376,6286,9,2,601.52
15377,6286,86,2,33772.7
15378,6287,86,1,35934.15
15379,6287,89,1,263.04
15380,6287,25,1,13311.09
15381,6288,12,2,323.75
15382,6288,53,2,950.42
15383,6289,57,2,805.29
15384,6289,53,1,950.42
15385,6289,14,1,384.62
15386,6289,77,1,191.83
15387,6290,18,1,292.75
15388,6290,12,1,344.47
15389,6290,98,1,408.26
15390,6290,80,1,1674.66
15391,6291,12,1,323.75
15392,6291,57,1,805.29
15393,6291,78,1,12302.77
15394,6291,61,1,218.48
15395,6292,80,2,1674.66
15396,6292,14,1,409.24
15397,6292,89,2,263.04
15398,6293,78,2,12302.77
15399,6293,77,1,191.83
15400,6293,12,2,323.75
15401,6294,9,1,601.52
15402,6294,78,2,12302.77
15403,6294,18,1,275.14
15404,6295,89,1,248.82
15405,6295,18,1,275.14
15406,6296,14,1,409.24
15407,6297,56,1,255.65
15408,6297,77,1,191.83
15409,6298,98,1,383.7
15410,6298,80,1,1573.93
15411,6299,80,2,1674.66
15412,6299,13,1,289.65
15413,6299,21,2,1218.01
15414,6299,86,1,35934.15
15415,6300,12,1,344.47
15416,6300,13,1,289.65
15417,6300,77,1,204.1
15418,6300,18,2,292.75
15419,6301,78,1,12302.77
15420,6301,25,2,12510.42
15421,6302,56,2,255.65
15422,6302,25,2,12510.42
15423,6302,18,2,275.14
15424,6302,61,2,218.48
15425,6303,89,2,248.82
15426,6303,21,1,1152.17
15427,6303,80,1,1573.93
15428,6303,61,1,218.48
15429,6304,21,2,1152.17
15430,6304,78,1,12302.77
15431,6304,18,1,275.14
15432,6304,98,1,383.7
15433,6305,13,1,289.65
15434,6306,56,2,255.65
15435,6306,25,2,12510.42
15436,6306,9,2,601.52
15437,6307,80,1,1573.93
15438,6307,61,1,218.48
15439,6307,18,2,275.14
15440,6308,9,1,601.52
15441,6309,89,2,263.04
15442,6309,80,1,1674.66
15443,6309,78,2,13090.15
15444,6310,80,1,1674.66
15445,6310,12,2,344.47
15446,6310,86,1,35934.15
15447,6311,9,1,635.9
15448,6312,56,1,272.01
15449,6312,86,2,35934.15
15450,6312,13,1,289.65
15451,6312,98,2,408.26
15452,6313,80,2,1674.66
15453,6314,80,2,1674.66
15454,6314,77,1,204.1
15455,6315,98,1,383.7
15456,6315,89,1,248.82
15457,6316,77,2,211.77
15458,6316,21,1,1259.16
15459,6317,21,2,1193.32
15460,6317,13,2,283.78
15461,6318,80,2,1636.88
15462,6318,61,1,226.29
15463,6318,86,1,35123.61
15464,6319,21,2,1193.32
15465,6319,18,2,286.14
15466,6319,86,2,35123.61
15467,6320,80,1,1636.88
15468,6320,61,1,226.29
15469,6320,86,2,35123.61
15470,6320,21,1,1193.32
15471,6321,56,2,265.88
15472,6321,18,2,286.14
15473,6322,12,1,357.42
15474,6322,13,1,299.44
15475,6323,18,2,286.14
15476,6323,89,1,257.71
15477,6323,21,2,1193.32
15478,6324,25,1,13010.84
15479,6324,18,1,286.14
15480,6324,98,1,399.05
15481,6325,89,2,271.93
15482,6326,56,2,265.88
15483,6326,14,2,400.01
15484,6327,14,1,400.01
15485,6328,56,2,282.24
15486,6328,25,1,13811.51
15487,6328,18,2,303.75
15488,6329,56,1,265.88
15489,6329,14,1,400.01
15490,6329,25,1,13010.84
15491,6329,80,2,1636.88
15492,6330,77,1,234.79
15493,6330,80,2,1926.48
15494,6330,56,2,282.24
15495,6330,18,1,336.77
15496,6331,77,2,234.79
15497,6331,86,1,37285.06
15498,6331,12,2,357.42
15499,6331,14,1,424.63
15500,6332,78,1,13582.26
15501,6333,98,2,423.6
15502,6334,86,1,37285.06
15503,6334,77,2,234.79
15504,6335,25,1,15312.76
15505,6335,12,1,357.42
15506,6335,86,2,41337.78
15507,6336,78,1,13582.26
15508,6336,86,2,41337.78
15509,6337,77,2,222.52
15510,6337,98,1,445.09
15511,6337,12,1,336.7
15512,6338,14,2,424.63
15513,6338,18,2,336.77
15514,6339,78,2,13582.26
15515,6340,86,2,39176.33
15516,6340,98,2,445.09
15517,6340,12,1,336.7
15518,6341,25,1,14512.09
15519,6341,18,1,319.16
15520,6341,12,1,336.7
15521,6341,77,1,222.52
15522,6342,25,2,14512.09
15523,6342,56,1,296.55
15524,6342,78,1,14271.22
15525,6342,80,1,1825.75
15526,6343,98,1,445.09
15527,6343,77,1,222.52
15528,6344,80,2,1825.75
15529,6344,18,2,319.16
15530,6345,25,2,14512.09
15531,6345,18,2,319.16
15532,6346,25,2,14512.09
15533,6346,56,1,296.55
15534,6346,18,2,319.16
15535,6347,12,2,396.27
15536,6347,25,1,15312.76
15537,6348,25,2,14512.09
15538,6348,18,1,319.16
15539,6348,14,2,446.16
15540,6348,12,1,375.55
15541,6349,14,1,446.16
15542,6349,25,1,14512.09
15543,6350,98,2,445.09
15544,6350,25,2,14512.09
15545,6351,86,2,39176.33
15546,6351,98,1,445.09
15547,6352,78,2,14271.22
15548,6352,80,1,1825.75
15549,6353,56,2,296.55
15550,6354,80,1,1926.48
15551,6355,86,1,41337.78
15552,6355,80,2,1926.48
15553,6355,78,2,15058.6
15554,6356,86,2,37825.42
15555,6356,12,1,362.6
15556,6356,14,2,430.78
15557,6357,78,1,13779.11
15558,6358,56,2,286.33
15559,6358,12,2,362.6
15560,6359,78,2,14566.49
15561,6359,80,1,1863.53
15562,6359,86,1,39986.88
15563,6359,56,1,302.69
15564,6360,86,1,37825.42
15565,6360,98,2,429.74
15566,6361,86,1,39986.88
15567,6362,78,2,13779.11
15568,6362,56,2,286.33
15569,6362,12,2,362.6
15570,6362,14,1,430.78
15571,6363,78,1,14566.49
15572,6363,56,2,302.69
15573,6363,12,1,383.32
15574,6364,14,2,455.4
15575,6364,12,1,383.32
15576,6365,14,1,430.78
15577,6366,14,1,455.4
15578,6367,14,1,430.78
15579,6368,14,1,455.4
15580,6369,14,1,430.78
15581,6370,26,2,223.24
15582,6371,31,1,235.75
15583,6371,22,2,331.02
15584,6372,51,2,1350.08
15585,6372,19,2,221.74
15586,6372,91,2,296.53
15587,6373,31,1,235.75
15588,6373,22,1,331.02
15589,6373,6,2,186.6
15590,6373,10,2,247.17
15591,6374,26,1,223.24
15592,6374,51,2,1350.08
15593,6374,6,2,175.79
15594,6374,91,1,296.53
15595,6375,33,2,429.16
15596,6376,19,2,221.74
15597,6377,26,2,236.97
15598,6377,29,2,1135.67
15599,6377,23,1,16138.93
15600,6378,29,1,1135.67
15601,6378,26,2,236.97
15602,6378,23,2,16138.93
15603,6378,31,1,235.75
15604,6379,31,1,222.08
15605,6379,86,1,35123.61
15606,6379,6,1,175.79
15607,6379,22,1,311.83
15608,6380,6,1,175.79
15609,6380,10,1,232.84
15610,6381,26,1,240.41
15611,6381,6,1,189.31
15612,6382,26,2,254.15
15613,6383,29,1,1028.69
15614,6384,6,2,200.13
15615,6384,58,1,18763.93
15616,6384,29,1,1094.52
15617,6384,10,1,238.22
15618,6385,33,1,412.65
15619,6385,6,1,189.31
15620,6386,10,1,238.22
15621,6386,22,1,319.03
15622,6387,23,2,14618.6
15623,6387,22,1,335.82
15624,6387,29,2,1028.69
15625,6388,58,2,17635.27
15626,6388,84,2,329.11
15627,6388,10,1,223.89
15628,6388,51,2,1298.15
15629,6389,23,1,14618.6
15630,6390,58,2,18763.93
15631,6390,26,1,254.15
15632,6391,86,1,33772.7
15633,6392,10,2,223.89
15634,6392,23,2,14618.6
15635,6393,84,1,329.11
15636,6393,22,1,335.82
15637,6393,51,2,1298.15
15638,6393,91,2,319.34
15639,6394,91,1,319.34
15640,6394,19,2,213.21
15641,6394,51,1,1298.15
15642,6395,22,2,355.01
15643,6396,26,2,254.15
15644,6396,33,1,439.06
15645,6396,19,2,226.86
15646,6396,84,2,350.18
15647,6397,10,2,223.89
15648,6397,31,2,213.54
15649,6397,29,1,1028.69
15650,6398,22,2,355.01
15651,6398,33,2,439.06
15652,6398,58,2,18763.93
15653,6399,26,2,240.41
15654,6400,29,1,1028.69
15655,6400,6,2,189.31
15656,6401,51,1,1298.15
15657,6401,31,1,213.54
15658,6402,86,2,35934.15
15659,6403,51,1,1298.15
15660,6403,58,1,17635.27
15661,6404,31,1,239.16
15662,6404,6,2,189.31
15663,6404,86,2,33772.7
15664,6405,33,2,439.06
15665,6405,84,1,350.18
15666,6405,6,2,200.13
15667,6405,91,2,337.59
15668,6406,86,2,35934.15
15669,6406,29,2,1094.52
15670,6406,33,1,439.06
15671,6407,33,2,412.65
15672,6408,31,1,239.16
15673,6408,33,2,412.65
15674,6409,86,1,35934.15
15675,6410,29,1,1152.13
15676,6410,26,1,240.41
15677,6410,31,1,239.16
15678,6410,23,1,14618.6
15679,6411,26,1,240.41
15680,6412,58,1,17635.27
15681,6412,31,2,239.16
15682,6413,23,1,16372.83
15683,6413,84,1,329.11
15684,6413,33,1,412.65
15685,6414,26,1,240.41
15686,6414,91,1,319.34
15687,6414,86,2,33772.7
15688,6415,6,2,189.31
15689,6415,10,1,223.89
15690,6416,84,2,350.18
15691,6416,33,1,439.06
15692,6416,10,1,238.22
15693,6416,23,1,17308.42
15694,6417,58,1,17635.27
15695,6417,51,1,1298.15
15696,6418,58,1,17635.27
15697,6418,29,1,1152.13
15698,6418,51,2,1298.15
15699,6419,23,2,17308.42
15700,6419,33,1,439.06
15701,6419,31,2,252.83
15702,6419,86,1,35934.15
15703,6420,23,1,17308.42
15704,6420,22,2,355.01
15705,6420,51,2,1381.23
15706,6421,29,1,1259.11
15707,6421,23,1,17893.17
15708,6422,33,2,429.16
15709,6422,31,2,247.7
15710,6423,86,2,37285.06
15711,6423,31,1,261.37
15712,6424,10,1,259.71
15713,6424,33,2,429.16
15714,6424,86,1,35123.61
15715,6425,86,2,35123.61
15716,6425,31,2,247.7
15717,6425,91,2,330.75
15718,6425,84,2,342.28
15719,6426,86,2,37285.06
15720,6426,91,1,348.99
15721,6426,29,1,1259.11
15722,6426,10,2,274.04
15723,6427,58,1,19469.34
15724,6427,33,1,455.57
15725,6428,22,2,367.0
15726,6428,91,2,348.99
15727,6429,22,1,367.0
15728,6429,10,2,274.04
15729,6429,51,1,1433.16
15730,6430,51,1,1433.16
15731,6430,84,1,402.83
15732,6430,86,1,37285.06
15733,6431,29,2,1259.11
15734,6431,19,2,235.39
15735,6431,51,1,1433.16
15736,6432,29,1,1193.28
15737,6433,29,1,1193.28
15738,6433,23,1,16957.58
15739,6433,51,1,1350.08
15740,6433,86,1,35123.61
15741,6434,51,2,1433.16
15742,6434,86,1,37285.06
15743,6435,58,2,19469.34
15744,6435,23,2,17893.17
15745,6435,31,1,261.37
15746,6435,19,1,235.39
15747,6436,10,1,274.04
15748,6436,58,2,19469.34
15749,6437,86,2,35123.61
15750,6438,58,2,19469.34
15751,6438,19,2,235.39
15752,6439,33,2,455.57
15753,6440,58,1,18340.69
15754,6440,51,1,1350.08
15755,6441,58,1,18340.69
15756,6441,33,2,429.16
15757,6441,19,1,247.33
15758,6442,84,2,402.83
15759,6442,51,1,1433.16
15760,6442,10,2,274.04
15761,6442,19,2,260.97
15762,6443,19,1,247.33
15763,6444,10,1,259.71
15764,6444,51,1,1350.08
15765,6444,86,2,35123.61
15766,6445,58,1,18340.69
15767,6445,51,2,1350.08
15768,6445,29,1,1193.28
15769,6445,86,2,35123.61
15770,6446,33,1,429.16
15771,6446,51,1,1350.08
15772,6446,84,1,381.77
15773,6447,33,1,429.16
15774,6447,51,1,1350.08
15775,6447,86,1,39176.33
15776,6447,84,1,381.77
15777,6448,84,1,381.77
15778,6448,10,1,259.71
15779,6449,58,1,19469.34
15780,6449,86,1,41337.78
15781,6449,10,1,274.04
15782,6450,84,1,381.77
15783,6450,33,2,429.16
15784,6450,19,1,247.33
15785,6450,86,2,39176.33
15786,6451,84,2,402.83
15787,6451,51,2,1433.16
15788,6452,86,2,39176.33
15789,6452,19,1,247.33
15790,6453,19,1,260.97
15791,6453,58,1,19469.34
15792,6453,33,1,505.08
15793,6454,86,1,39176.33
15794,6454,84,1,381.77
15795,6454,19,2,247.33
15796,6455,84,1,402.83
15797,6455,58,1,19469.34
15798,6455,51,1,1588.94
15799,6455,19,1,260.97
15800,6456,86,1,41337.78
15801,6456,84,1,402.83
15802,6456,51,2,1588.94
15803,6456,58,2,19469.34
15804,6457,19,1,260.97
15805,6457,33,2,505.08
15806,6458,86,1,41337.78
15807,6458,33,1,505.08
15808,6458,51,1,1588.94
15809,6458,58,1,21585.58
15810,6459,51,1,1505.85
15811,6459,33,2,478.67
15812,6460,51,2,1505.85
15813,6461,51,1,1537.01
15814,6461,58,2,20880.17
15815,6461,33,1,488.58
15816,6462,58,1,19751.51
15817,6462,33,2,462.17
15818,6463,51,2,1453.93
15819,6463,58,1,19751.51
15820,6464,51,1,1453.93
15821,6464,58,2,19751.51
15822,6465,58,1,19751.51
15823,6466,64,2,392.54
15824,6466,99,1,1246.22
15825,6466,76,2,235.32
15826,6466,42,2,23565.29
15827,6467,3,1,212.56
15828,6467,82,1,147.41
15829,6467,64,2,368.92
15830,6468,89,1,236.38
15831,6468,62,1,38248.1
15832,6469,82,1,156.85
15833,6469,64,1,392.54
15834,6469,75,1,449.79
15835,6470,42,2,22147.82
15836,6471,3,1,226.17
15837,6471,75,1,449.79
15838,6471,59,2,411.41
15839,6472,99,1,1171.26
15840,6472,82,1,147.41
15841,6473,89,1,222.16
15842,6473,99,1,1171.26
15843,6474,3,2,226.17
15844,6474,99,1,1246.22
15845,6474,64,1,392.54
15846,6474,82,2,156.85
15847,6475,82,1,156.85
15848,6475,59,2,411.41
15849,6476,97,2,276.56
15850,6476,64,2,368.92
15851,6477,82,1,147.41
15852,6477,59,2,386.66
15853,6478,97,1,294.26
15854,6478,62,1,38248.1
15855,6478,99,2,1246.22
15856,6479,64,1,368.92
15857,6479,3,1,212.56
15858,6480,22,1,319.03
15859,6480,82,2,156.85
15860,6481,22,1,319.03
15861,6481,82,1,156.85
15862,6481,64,2,392.54
15863,6481,3,1,226.17
15864,6482,22,2,319.03
15865,6482,99,2,1246.22
15866,6483,62,1,35947.46
15867,6484,3,1,212.56
15868,6484,64,1,368.92
15869,6484,62,2,35947.46
15870,6484,97,1,276.56
15871,6485,89,2,222.16
15872,6485,75,2,422.74
15873,6485,3,1,212.56
15874,6486,99,1,1171.26
15875,6486,82,1,147.41
15876,6487,97,2,276.56
15877,6488,82,2,147.41
15878,6488,3,1,212.56
15879,6489,76,2,221.16
15880,6489,97,1,276.56
15881,6489,42,1,24805.56
15882,6489,22,2,299.84
15883,6490,89,1,222.16
15884,6491,76,1,221.16
15885,6491,62,1,35947.46
15886,6491,89,2,222.16
15887,6491,99,1,1311.81
15888,6492,97,2,294.26
15889,6492,89,2,236.38
15890,6492,22,1,319.03
15891,6493,99,2,1386.77
15892,6493,64,1,392.54
15893,6493,3,1,226.17
15894,6493,22,1,319.03
15895,6494,75,2,473.47
15896,6494,62,2,35947.46
15897,6494,22,2,299.84
15898,6495,62,2,39686.0
15899,6495,59,2,426.88
15900,6495,89,2,245.27
15901,6495,22,1,331.02
15902,6496,62,1,41699.06
15903,6496,64,2,383.68
15904,6497,89,1,231.05
15905,6498,76,2,256.55
15906,6498,62,2,41699.06
15907,6498,99,1,1358.66
15908,6498,22,2,311.83
15909,6499,82,2,180.43
15910,6500,62,2,43999.69
15911,6500,59,2,426.88
15912,6501,99,1,1358.66
15913,6501,76,2,256.55
15914,6501,89,2,231.05
15915,6502,42,1,27108.94
15916,6502,97,1,305.32
15917,6503,42,2,25691.48
15918,6504,76,2,256.55
15919,6504,42,2,25691.48
15920,6504,82,2,171.0
15921,6505,76,2,270.7
15922,6506,89,2,245.27
15923,6506,22,2,331.02
15924,6506,64,1,407.29
15925,6507,89,2,231.05
15926,6507,42,2,25691.48
15927,6507,82,2,171.0
15928,6508,3,1,246.57
15929,6509,62,1,41699.06
15930,6509,42,2,25691.48
15931,6509,22,2,311.83
15932,6509,99,2,1358.66
15933,6510,64,1,383.68
15934,6510,89,2,231.05
15935,6511,64,2,383.68
15936,6511,62,1,41699.06
15937,6512,76,1,270.7
15938,6513,82,2,171.0
15939,6513,75,2,490.38
15940,6514,3,1,260.18
15941,6514,76,2,270.7
15942,6514,82,2,180.43
15943,6514,64,2,407.29
15944,6515,42,1,25691.48
15945,6515,62,2,41699.06
15946,6516,97,1,305.32
15947,6516,89,1,245.27
15948,6516,22,1,331.02
15949,6517,99,1,1433.63
15950,6517,59,1,426.88
15951,6517,64,2,407.29
15952,6517,42,2,27108.94
15953,6518,62,2,41699.06
15954,6519,82,2,171.0
15955,6519,3,2,246.57
15956,6520,22,2,347.81
15957,6520,99,2,1358.66
15958,6520,62,2,41699.06
15959,6520,82,1,171.0
15960,6521,22,2,367.0
15961,6521,75,2,517.43
15962,6521,62,1,43999.69
15963,6521,64,1,407.29
15964,6522,97,2,287.62
15965,6522,3,1,246.57
15966,6522,64,2,427.95
15967,6523,64,1,451.56
15968,6523,75,1,517.43
15969,6524,89,1,245.27
15970,6524,99,2,1433.63
15971,6525,3,1,260.18
15972,6525,59,2,426.88
15973,6525,64,1,451.56
15974,6525,76,2,270.7
15975,6526,3,1,246.57
15976,6526,59,2,402.13
15977,6526,89,2,231.05
15978,6526,22,2,347.81
15979,6527,97,1,305.32
15980,6527,75,1,517.43
15981,6527,3,1,260.18
15982,6528,99,1,1358.66
15983,6528,64,1,427.95
15984,6529,75,2,490.38
15985,6529,59,1,402.13
15986,6530,75,1,490.38
15987,6530,89,2,257.71
15988,6531,22,2,347.81
15989,6531,97,2,287.62
15990,6531,59,2,402.13
15991,6532,64,1,451.56
15992,6532,3,2,260.18
15993,6532,59,2,426.88
15994,6533,22,1,367.0
15995,6534,59,2,426.88
15996,6534,75,1,517.43
15997,6535,89,1,257.71
15998,6535,64,2,427.95
15999,6535,59,1,402.13
16000,6535,22,2,347.81
16001,6536,59,1,402.13
16002,6537,3,1,246.57
16003,6537,89,1,257.71
16004,6538,22,2,367.0
16005,6538,59,1,426.88
16006,6539,97,1,287.62
16007,6540,97,2,287.62
16008,6540,64,1,427.95
16009,6540,89,1,257.71
16010,6541,64,2,451.56
16011,6542,64,1,427.95
16012,6542,59,2,402.13
16013,6542,89,1,257.71
16014,6543,59,1,433.06
16015,6543,89,1,248.82
16016,6543,64,1,413.2
16017,6544,89,2,248.82
16018,6544,97,2,276.56
16019,6545,89,1,248.82
16020,6546,89,2,248.82
16021,6546,97,2,276.56
16022,6546,64,1,413.2
16023,6547,89,1,263.04
16024,6548,59,2,457.81
16025,6548,97,2,294.26
16026,6549,97,2,276.56
16027,6549,59,1,433.06
16028,6550,97,1,294.26
16029,6550,59,1,457.81
16030,6551,97,2,276.56
16031,6552,97,1,309.75
16032,6552,59,2,433.06
16033,6553,59,1,433.06
16034,6553,97,2,309.75
16035,6554,59,1,433.06
16036,6554,97,1,309.75
16037,6555,59,1,433.06
16038,6555,97,2,309.75
16039,6556,59,2,433.06
16040,6556,97,1,309.75
16041,6557,97,2,309.75
16042,6558,97,2,327.45
16043,6558,59,2,457.81
16044,6559,19,2,213.21
16045,6559,6,2,169.03
16046,6559,77,1,191.83
16047,6560,56,2,255.65
16048,6560,7,1,191.99
16049,6560,79,2,222.94
16050,6561,6,1,179.84
16051,6562,5,1,168.71
16052,6562,56,2,255.65
16053,6563,8,1,271.89
16054,6564,8,2,255.54
16055,6564,91,1,285.12
16056,6565,19,1,213.21
16057,6565,7,2,191.99
16058,6566,5,2,168.71
16059,6566,17,2,15580.26
16060,6567,30,2,333.69
16061,6568,28,2,338.49
16062,6569,28,2,318.12
16063,6570,67,1,291.98
16064,6570,5,1,168.71
16065,6570,79,2,222.94
16066,6570,86,2,33772.7
16067,6571,11,1,179.15
16068,6571,77,1,204.1
16069,6571,86,1,35934.15
16070,6571,91,1,303.37
16071,6572,56,2,255.65
16072,6573,8,1,255.54
16073,6573,11,2,168.38
16074,6573,5,2,168.71
16075,6574,91,2,303.37
16076,6574,30,1,355.04
16077,6574,11,2,179.15
16078,6575,72,2,387.08
16079,6575,91,1,285.12
16080,6575,8,2,255.54
16081,6576,77,2,204.1
16082,6577,79,2,249.69
16083,6577,77,1,191.83
16084,6577,67,1,327.01
16085,6578,79,2,249.69
16086,6578,77,2,191.83
16087,6579,77,2,191.83
16088,6579,8,2,255.54
16089,6580,28,1,330.85
16090,6580,56,1,265.88
16091,6580,19,2,221.74
16092,6580,30,1,347.04
16093,6581,7,1,199.67
16094,6581,19,2,221.74
16095,6581,17,1,16203.47
16096,6581,72,2,402.56
16097,6582,11,1,185.89
16098,6582,79,2,272.88
16099,6582,78,1,13582.26
16100,6583,72,2,402.56
16101,6583,6,2,175.79
16102,6583,78,1,12794.89
16103,6583,77,2,199.5
16104,6584,79,2,258.61
16105,6584,28,2,330.85
16106,6584,6,1,175.79
16107,6584,77,1,199.5
16108,6585,7,1,234.99
16109,6585,91,1,314.78
16110,6586,77,1,199.5
16111,6586,79,2,258.61
16112,6586,19,1,221.74
16113,6586,72,2,402.56
16114,6587,56,2,282.24
16115,6587,72,1,427.33
16116,6587,17,1,17200.61
16117,6587,78,2,13582.26
16118,6588,28,1,330.85
16119,6589,7,1,234.99
16120,6589,56,1,282.24
16121,6589,8,2,282.11
16122,6589,6,2,186.6
16123,6590,91,1,314.78
16124,6590,67,1,357.38
16125,6590,7,2,234.99
16126,6591,11,1,206.09
16127,6591,30,2,408.43
16128,6591,56,2,282.24
16129,6592,91,1,314.78
16130,6592,77,1,211.77
16131,6592,56,1,282.24
16132,6592,17,1,17200.61
16133,6593,28,1,330.85
16134,6593,6,1,196.07
16135,6593,7,1,222.71
16136,6593,8,1,265.76
16137,6594,79,2,258.61
16138,6594,86,2,35123.61
16139,6594,5,1,195.71
16140,6594,7,2,222.71
16141,6595,86,1,37285.06
16142,6596,91,1,296.53
16143,6597,67,1,338.69
16144,6597,91,2,296.53
16145,6597,30,1,387.08
16146,6597,19,2,221.74
16147,6598,77,1,199.5
16148,6599,72,1,402.56
16149,6599,8,2,265.76
16150,6600,77,1,199.5
16151,6600,79,2,258.61
16152,6600,67,2,338.69
16153,6600,17,2,16203.47
16154,6601,56,1,265.88
16155,6601,67,2,338.69
16156,6601,30,1,387.08
16157,6602,91,2,296.53
16158,6602,6,2,196.07
16159,6602,78,1,12794.89
16160,6602,17,1,16203.47
16161,6603,7,1,234.99
16162,6604,6,1,206.89
16163,6604,91,1,314.78
16164,6605,56,1,282.24
16165,6606,5,1,195.71
16166,6606,86,1,35123.61
16167,6606,11,1,195.31
16168,6606,30,1,387.08
16169,6607,67,1,357.38
16170,6607,78,1,13582.26
16171,6607,91,1,314.78
16172,6607,11,2,206.09
16173,6608,77,1,211.77
16174,6608,19,1,235.39
16175,6608,30,2,408.43
16176,6609,6,1,196.07
16177,6609,19,2,221.74
16178,6609,91,1,296.53
16179,6610,30,2,387.08
16180,6610,19,1,221.74
16181,6610,77,2,199.5
16182,6610,72,1,402.56
16183,6611,5,1,195.71
16184,6612,78,2,12302.77
16185,6613,77,1,191.83
16186,6613,5,2,188.96
16187,6613,86,2,33772.7
16188,6613,7,1,215.03
16189,6614,72,2,387.08
16190,6614,11,1,188.58
16191,6614,6,2,189.31
16192,6614,28,2,318.12
16193,6615,5,2,188.96
16194,6616,78,1,13090.15
16195,6616,72,1,411.85
16196,6616,30,1,395.09
16197,6617,56,2,272.01
16198,6617,17,2,16577.4
16199,6617,6,1,200.13
16200,6617,72,1,411.85
16201,6618,78,1,13090.15
16202,6618,11,2,199.36
16203,6619,19,1,226.86
16204,6619,86,1,35934.15
16205,6619,11,1,199.36
16206,6619,17,2,16577.4
16207,6620,72,2,411.85
16208,6621,86,2,33772.7
16209,6621,77,1,191.83
16210,6621,17,1,15580.26
16211,6621,28,1,318.12
16212,6622,17,2,15580.26
16213,6622,19,2,213.21
16214,6623,8,2,271.89
16215,6624,17,1,15580.26
16216,6624,28,1,318.12
16217,6625,28,1,338.49
16218,6625,78,2,13090.15
16219,6626,56,2,272.01
16220,6627,17,1,16577.4
16221,6628,19,1,213.21
16222,6628,91,2,285.12
16223,6628,78,1,12302.77
16224,6629,6,2,189.31
16225,6629,8,2,255.54
16226,6630,28,1,318.12
16227,6630,78,2,12302.77
16228,6630,91,2,285.12
16229,6631,78,2,12302.77
16230,6631,17,1,15580.26
16231,6631,91,2,285.12
16232,6632,56,1,255.65
16233,6633,56,1,255.65
16234,6633,19,2,213.21
16235,6634,86,1,33772.7
16236,6634,8,2,255.54
16237,6634,77,2,191.83
16238,6635,56,1,255.65
16239,6636,86,2,33772.7
16240,6636,56,2,255.65
16241,6636,78,2,13779.11
16242,6636,91,2,285.12
16243,6637,19,1,226.86
16244,6637,91,1,303.37
16245,6638,28,2,338.49
16246,6638,72,1,411.85
16247,6638,78,1,14566.49
16248,6639,78,1,13779.11
16249,6639,56,2,286.33
16250,6639,19,2,213.21
16251,6640,86,1,33772.7
16252,6640,8,1,255.54
16253,6640,17,2,15580.26
16254,6640,19,1,238.8
16255,6641,72,2,387.08
16256,6641,77,2,214.84
16257,6641,86,1,33772.7
16258,6641,19,2,238.8
16259,6642,17,1,16577.4
16260,6643,28,1,318.12
16261,6643,86,1,33772.7
16262,6643,19,1,238.8
16263,6644,77,1,214.84
16264,6644,8,2,255.54
16265,6645,17,1,16203.47
16266,6646,17,1,17200.61
16267,6646,91,1,314.78
16268,6647,91,2,296.53
16269,6647,8,1,296.42
16270,6647,28,2,369.02
16271,6647,77,2,222.52
16272,6648,56,2,312.92
16273,6648,77,1,234.79
16274,6648,28,2,389.38
16275,6649,28,1,369.02
16276,6649,91,2,330.75
16277,6650,78,1,14271.22
16278,6650,8,2,296.42
16279,6650,77,1,222.52
16280,6651,77,2,234.79
16281,6652,56,1,312.92
16282,6652,19,1,260.97
16283,6652,91,2,348.99
16284,6652,17,1,17200.61
16285,6653,28,2,369.02
16286,6654,91,1,348.99
16287,6655,56,1,296.55
16288,6655,91,2,330.75
16289,6655,77,1,222.52
16290,6656,91,2,330.75
16291,6656,17,1,16203.47
16292,6657,86,2,35123.61
16293,6657,19,1,247.33
16294,6657,8,2,296.42
16295,6657,78,1,14271.22
16296,6658,19,1,247.33
16297,6658,8,2,296.42
16298,6658,17,2,18073.1
16299,6658,86,1,39176.33
16300,6659,72,2,473.78
16301,6659,78,1,15058.6
16302,6659,19,2,260.97
16303,6659,56,1,312.92
16304,6660,91,1,330.75
16305,6660,8,1,296.42
16306,6661,78,1,15058.6
16307,6661,17,2,19070.24
16308,6662,8,2,296.42
16309,6662,28,1,369.02
16310,6663,56,2,296.55
16311,6663,19,2,247.33
16312,6663,17,1,18073.1
16313,6664,78,1,14271.22
16314,6664,19,1,247.33
16315,6665,8,2,296.42
16316,6665,17,2,18073.1
16317,6665,78,1,14271.22
16318,6665,56,1,296.55
16319,6666,8,1,296.42
16320,6666,72,2,449.01
16321,6666,91,1,330.75
16322,6667,17,1,18073.1
16323,6667,28,2,369.02
16324,6668,91,2,348.99
16325,6669,72,1,473.78
16326,6669,28,1,389.38
16327,6669,17,1,19070.24
16328,6670,72,1,473.78
16329,6671,72,1,473.78
16330,6671,86,1,41337.78
16331,6672,72,1,473.78
16332,6672,28,1,389.38
16333,6672,17,1,19070.24
16334,6672,86,2,41337.78
16335,6673,72,1,449.01
16336,6673,86,2,39176.33
16337,6673,17,1,18073.1
16338,6674,86,2,41337.78
16339,6674,17,1,19070.24
16340,6675,30,2,355.04
16341,6675,75,2,449.79
16342,6676,30,2,333.69
16343,6677,58,1,18763.93
16344,6678,78,2,13090.15
16345,6678,30,1,355.04
16346,6678,5,1,179.51
16347,6679,80,2,1674.66
16348,6679,33,1,439.06
16349,6680,67,1,291.98
16350,6680,80,2,1573.93
16351,6680,33,2,412.65
16352,6681,61,1,195.07
16353,6681,49,1,427.15
16354,6681,26,2,214.65
16355,6681,33,1,412.65
16356,6682,58,1,17635.27
16357,6682,76,1,221.16
16358,6683,50,1,214.94
16359,6683,72,1,387.08
16360,6684,75,1,422.74
16361,6685,50,2,228.69
16362,6685,72,2,411.85
16363,6686,74,1,136.25
16364,6687,30,1,368.39
16365,6688,55,1,242.96
16366,6689,15,1,175.67
16367,6690,72,1,427.33
16368,6690,57,2,793.79
16369,6690,67,1,322.34
16370,6690,26,2,236.97
16371,6691,23,1,15203.34
16372,6691,74,1,133.17
16373,6691,15,2,175.67
16374,6691,75,2,439.65
16375,6692,33,1,429.16
16376,6693,58,2,19469.34
16377,6694,57,1,747.77
16378,6695,75,1,439.65
16379,6695,33,1,429.16
16380,6696,58,1,19469.34
16381,6696,51,2,1433.16
16382,6696,30,2,368.39
16383,6697,15,2,175.67
16384,6698,58,1,18340.69
16385,6698,5,2,175.46
16386,6698,61,1,202.88
16387,6699,5,2,175.46
16388,6700,58,2,19469.34
16389,6700,75,1,466.7
16390,6700,90,2,792.67
16391,6700,23,1,16138.93
16392,6701,55,1,228.88
16393,6702,33,1,429.16
16394,6702,49,2,444.24
16395,6702,58,1,18340.69
16396,6703,58,1,19469.34
16397,6703,26,1,236.97
16398,6704,30,1,368.39
16399,6704,61,2,215.36
16400,6705,74,2,141.37
16401,6705,76,2,244.16
16402,6706,80,2,1737.61
16403,6706,33,2,455.57
16404,6706,57,1,793.79
16405,6707,15,2,175.67
16406,6707,23,1,15203.34
16407,6708,90,2,746.72
16408,6708,61,2,226.29
16409,6708,58,2,18340.69
16410,6709,5,2,175.46
16411,6710,49,1,444.24
16412,6710,75,2,439.65
16413,6710,23,1,15203.34
16414,6710,15,2,175.67
16415,6711,15,2,175.67
16416,6711,58,2,18340.69
16417,6711,5,2,175.46
16418,6711,30,2,347.04
16419,6712,90,1,746.72
16420,6712,23,1,15203.34
16421,6713,33,2,455.57
16422,6713,61,2,238.77
16423,6714,55,1,228.88
16424,6715,30,2,347.04
16425,6715,58,2,18340.69
16426,6715,74,2,133.17
16427,6716,50,2,223.53
16428,6717,74,2,141.37
16429,6717,23,2,16138.93
16430,6717,57,1,793.79
16431,6717,58,2,19469.34
16432,6718,51,1,1350.08
16433,6718,76,1,230.01
16434,6719,78,2,12794.89
16435,6719,26,1,223.24
16436,6719,55,1,228.88
16437,6720,90,2,746.72
16438,6720,15,2,175.67
16439,6720,26,2,223.24
16440,6721,23,1,16138.93
16441,6722,58,2,18340.69
16442,6722,74,1,133.17
16443,6722,57,1,747.77
16444,6723,80,2,1737.61
16445,6724,30,1,347.04
16446,6724,58,2,18340.69
16447,6725,74,1,133.17
16448,6725,33,1,429.16
16449,6725,80,1,1636.88
16450,6726,51,1,1350.08
16451,6726,15,2,175.67
16452,6727,23,1,15203.34
16453,6727,49,2,444.24
16454,6727,33,2,429.16
16455,6728,61,1,238.77
16456,6729,15,1,186.48
16457,6729,23,1,17893.17
16458,6730,61,1,238.77
16459,6730,5,1,186.26
16460,6731,30,2,355.04
16461,6731,23,2,17308.42
16462,6731,5,2,179.51
16463,6731,58,2,18763.93
16464,6732,67,2,310.66
16465,6732,51,2,1381.23
16466,6733,50,2,214.94
16467,6733,78,2,12302.77
16468,6733,49,1,427.15
16469,6733,58,2,17635.27
16470,6734,30,1,395.09
16471,6735,58,2,17635.27
16472,6735,15,1,168.91
16473,6735,30,1,373.73
16474,6735,72,2,387.08
16475,6736,90,2,718.0
16476,6736,67,2,291.98
16477,6737,30,2,395.09
16478,6737,72,1,411.85
16479,6738,51,1,1381.23
16480,6738,30,1,395.09
16481,6738,23,2,17308.42
16482,6738,49,2,454.49
16483,6739,90,1,718.0
16484,6739,80,1,1573.93
16485,6740,58,2,17635.27
16486,6740,80,2,1573.93
16487,6740,51,2,1453.93
16488,6740,15,2,168.91
16489,6741,5,2,168.71
16490,6742,5,2,179.51
16491,6743,50,1,214.94
16492,6743,23,1,16372.83
16493,6743,33,2,462.17
16494,6743,55,1,220.07
16495,6744,15,2,168.91
16496,6744,61,2,218.48
16497,6745,58,1,17635.27
16498,6745,90,2,718.0
16499,6746,58,2,19751.51
16500,6746,61,1,218.48
16501,6746,15,2,168.91
16502,6747,26,2,214.65
16503,6747,30,1,373.73
16504,6747,57,2,719.01
16505,6747,61,2,218.48
16506,6748,78,1,12302.77
16507,6748,5,1,188.96
16508,6748,33,2,462.17
16509,6748,74,2,143.42
16510,6749,33,2,462.17
16511,6749,50,2,214.94
16512,6750,75,2,449.79
16513,6750,26,1,228.39
16514,6750,5,1,199.76
16515,6750,57,2,765.03
16516,6751,67,1,310.66
16517,6751,57,2,765.03
16518,6751,5,1,199.76
16519,6751,51,1,1537.01
16520,6752,75,1,422.74
16521,6752,26,1,214.65
16522,6753,58,2,19751.51
16523,6753,23,1,16372.83
16524,6754,78,1,13779.11
16525,6755,51,1,1537.01
16526,6755,55,2,260.57
16527,6755,26,2,228.39
16528,6756,76,1,235.32
16529,6756,57,2,765.03
16530,6756,5,2,199.76
16531,6757,75,1,439.65
16532,6758,5,1,195.71
16533,6758,33,1,478.67
16534,6758,74,2,148.54
16535,6759,15,1,186.48
16536,6760,72,1,402.56
16537,6760,51,2,1505.85
16538,6761,80,2,1926.48
16539,6761,78,1,15058.6
16540,6762,26,2,223.24
16541,6763,50,2,249.33
16542,6763,57,1,747.77
16543,6763,67,1,303.65
16544,6764,23,1,16957.58
16545,6764,55,2,255.29
16546,6765,30,2,387.08
16547,6765,76,1,230.01
16548,6765,58,2,20456.92
16549,6766,26,1,223.24
16550,6767,76,1,244.16
16551,6767,75,1,466.7
16552,6768,57,2,793.79
16553,6768,90,2,792.67
16554,6768,78,2,15058.6
16555,6769,26,1,223.24
16556,6769,57,2,747.77
16557,6769,80,1,1825.75
16558,6770,15,2,175.67
16559,6770,74,2,148.54
16560,6771,26,2,236.97
16561,6771,5,1,206.5
16562,6771,51,1,1588.94
16563,6771,58,2,21585.58
16564,6772,90,2,746.72
16565,6772,55,2,255.29
16566,6772,23,2,16957.58
16567,6773,50,2,249.33
16568,6773,58,2,20456.92
16569,6773,26,1,248.99
16570,6774,49,1,495.49
16571,6775,26,1,262.73
16572,6775,76,2,244.16
16573,6775,5,2,206.5
16574,6775,67,2,322.34
16575,6776,78,2,15058.6
16576,6776,58,1,21585.58
16577,6777,58,1,20456.92
16578,6778,74,1,156.73
16579,6779,75,1,439.65
16580,6779,26,2,248.99
16581,6779,49,2,495.49
16582,6779,80,2,1825.75
16583,6780,55,2,255.29
16584,6780,15,2,175.67
16585,6780,72,1,449.01
16586,6780,33,2,478.67
16587,6781,58,1,21585.58
16588,6782,76,1,230.01
16589,6782,74,2,148.54
16590,6783,49,1,522.83
16591,6784,80,2,1825.75
16592,6785,33,1,505.08
16593,6785,67,1,322.34
16594,6786,90,2,746.72
16595,6786,49,2,495.49
16596,6787,72,2,449.01
16597,6787,49,2,495.49
16598,6787,5,2,195.71
16599,6788,78,1,14271.22
16600,6789,80,1,1926.48
16601,6790,78,2,14271.22
16602,6791,67,1,322.34
16603,6791,26,2,262.73
16604,6791,33,1,505.08
16605,6791,74,2,156.73
16606,6792,50,1,263.08
16607,6792,5,2,206.5
16608,6792,90,1,792.67
16609,6792,75,1,466.7
16610,6793,49,1,495.49
16611,6793,50,2,249.33
16612,6793,76,1,230.01
16613,6793,74,2,148.54
16614,6794,76,2,256.55
16615,6794,90,2,746.72
16616,6794,57,2,834.05
16617,6794,26,2,248.99
16618,6795,74,1,148.54
16619,6795,75,2,490.38
16620,6795,51,2,1505.85
16621,6796,75,1,490.38
16622,6797,30,2,387.08
16623,6797,75,1,490.38
16624,6798,90,2,746.72
16625,6798,78,1,14271.22
16626,6799,50,1,254.49
16627,6799,75,2,500.52
16628,6800,80,2,1762.8
16629,6800,75,1,473.47
16630,6801,80,1,1762.8
16631,6801,67,2,291.98
16632,6801,15,1,189.18
16633,6802,51,2,1537.01
16634,6802,75,1,500.52
16635,6803,72,1,433.52
16636,6804,15,1,199.99
16637,6804,72,1,458.3
16638,6805,75,1,500.52
16639,6805,49,1,505.75
16640,6806,75,1,500.52
16641,6807,75,1,500.52
16642,6808,72,1,458.3
16643,6809,76,1,247.7
16644,6810,57,1,805.29
16645,6811,75,2,500.52
16646,6812,72,2,458.3
16647,6813,57,2,805.29
16648,6813,90,2,804.16
16649,6814,15,2,189.18
16650,6814,26,1,240.41
16651,6815,26,1,240.41
16652,6815,90,2,804.16
16653,6815,76,2,247.7
16654,6815,75,1,473.47
16655,6816,51,1,1537.01
16656,6816,72,1,458.3
16657,6816,67,2,310.66
16658,6816,26,1,254.15
16659,6817,76,2,247.7
16660,6818,15,1,199.99
16661,6819,51,1,1537.01
16662,6819,76,2,261.86
16663,6819,57,1,851.31
16664,6820,72,1,433.52
16665,6820,67,1,291.98
16666,6821,90,1,804.16
16667,6821,57,2,805.29
16668,6821,15,1,189.18
16669,6822,15,1,189.18
16670,6823,15,1,189.18
16671,6823,57,1,805.29
16672,6824,67,1,291.98
16673,6824,76,1,247.7
16674,6824,90,2,804.16
16675,6825,67,1,310.66
16676,6825,15,1,199.99
16677,6825,90,1,850.11
16678,6826,15,2,189.18
16679,6827,67,1,310.66
16680,6828,67,1,291.98
16681,6829,67,2,327.01
16682,6830,67,2,345.7
16683,6831,67,2,327.01
16684,6832,67,1,327.01
16685,6833,67,1,327.01
16686,6834,67,1,345.7
16687,6835,67,1,327.01
16688,6836,67,2,345.7
16689,6837,7,2,199.67
16690,6838,98,1,399.05
16691,6838,19,2,221.74
16692,6838,53,1,882.53
16693,6839,92,1,29870.96
16694,6839,74,2,141.37
16695,6840,33,2,429.16
16696,6840,1,2,468.12
16697,6840,37,1,1002.24
16698,6840,98,1,399.05
16699,6841,6,1,186.6
16700,6842,1,1,522.13
16701,6842,37,2,1002.24
16702,6842,99,1,1218.11
16703,6843,92,1,28139.31
16704,6843,51,1,1350.08
16705,6844,19,2,235.39
16706,6844,1,2,550.94
16707,6844,18,1,303.75
16708,6845,99,1,1218.11
16709,6845,18,1,286.14
16710,6845,37,1,1002.24
16711,6846,19,1,221.74
16712,6847,51,2,1433.16
16713,6847,71,1,415.71
16714,6847,91,2,314.78
16715,6847,92,2,29870.96
16716,6848,71,1,391.61
16717,6849,99,1,1218.11
16718,6849,71,1,436.8
16719,6849,6,1,175.79
16720,6849,1,2,522.13
16721,6850,71,1,460.9
16722,6850,92,2,29870.96
16723,6850,80,1,1737.61
16724,6851,99,2,1293.07
16725,6851,18,1,303.75
16726,6851,96,2,358.74
16727,6852,33,2,429.16
16728,6852,98,2,399.05
16729,6852,23,2,15203.34
16730,6852,88,1,34242.29
16731,6853,1,1,522.13
16732,6853,2,2,226.66
16733,6853,96,1,337.95
16734,6853,18,1,286.14
16735,6854,96,1,376.94
16736,6854,82,1,153.31
16737,6855,98,1,423.6
16738,6856,8,1,265.76
16739,6856,98,2,399.05
16740,6856,19,1,221.74
16741,6856,18,1,286.14
16742,6857,91,1,296.53
16743,6858,92,1,28139.31
16744,6859,26,2,223.24
16745,6860,91,1,314.78
16746,6860,2,1,240.6
16747,6861,18,1,286.14
16748,6861,7,2,199.67
16749,6861,80,1,1636.88
16750,6862,7,1,199.67
16751,6862,71,2,436.8
16752,6862,84,1,342.28
16753,6863,74,1,156.73
16754,6863,96,1,397.74
16755,6863,56,1,282.24
16756,6864,99,1,1293.07
16757,6865,2,1,226.66
16758,6865,92,2,28139.31
16759,6865,82,2,171.0
16760,6866,56,1,282.24
16761,6866,80,2,1737.61
16762,6866,19,1,235.39
16763,6866,1,2,550.94
16764,6867,80,1,1737.61
16765,6867,51,2,1433.16
16766,6867,74,1,156.73
16767,6867,1,2,550.94
16768,6868,92,2,28139.31
16769,6868,80,1,1636.88
16770,6869,26,2,236.97
16771,6869,74,1,156.73
16772,6869,98,2,423.6
16773,6870,71,2,436.8
16774,6871,91,1,303.37
16775,6871,18,2,292.75
16776,6871,92,2,28788.67
16777,6872,2,1,231.89
16778,6873,51,2,1298.15
16779,6873,91,1,285.12
16780,6874,80,1,1674.66
16781,6874,7,2,204.27
16782,6874,92,1,28788.67
16783,6874,98,1,408.26
16784,6875,51,2,1298.15
16785,6875,19,1,213.21
16786,6876,84,1,329.11
16787,6876,88,2,32925.28
16788,6877,51,1,1298.15
16789,6877,53,1,848.59
16790,6877,82,1,165.1
16791,6878,71,1,421.74
16792,6878,82,1,165.1
16793,6878,18,1,275.14
16794,6879,2,1,217.94
16795,6880,23,2,14618.6
16796,6880,7,1,215.03
16797,6880,56,1,255.65
16798,6880,71,1,421.74
16799,6881,99,1,1171.26
16800,6882,82,1,165.1
16801,6882,2,2,217.94
16802,6882,91,2,285.12
16803,6882,74,2,143.42
16804,6883,51,1,1298.15
16805,6883,33,1,412.65
16806,6883,99,1,1171.26
16807,6883,88,1,32925.28
16808,6884,26,2,214.65
16809,6885,7,1,227.31
16810,6885,51,2,1381.23
16811,6885,88,1,35032.49
16812,6886,80,1,1674.66
16813,6886,2,2,231.89
16814,6887,99,1,1246.22
16815,6887,96,2,384.74
16816,6887,6,1,179.84
16817,6888,88,1,35032.49
16818,6888,2,1,231.89
16819,6889,2,2,217.94
16820,6889,53,2,848.59
16821,6890,18,2,308.15
16822,6890,96,2,363.94
16823,6891,2,1,231.89
16824,6892,51,1,1298.15
16825,6893,96,1,363.94
16826,6893,91,2,285.12
16827,6893,53,1,848.59
16828,6894,91,1,337.59
16829,6895,26,2,214.65
16830,6895,6,1,169.03
16831,6895,92,2,27057.02
16832,6896,33,2,412.65
16833,6896,53,1,848.59
16834,6896,96,2,363.94
16835,6896,80,2,1573.93
16836,6897,51,2,1298.15
16837,6897,2,2,217.94
16838,6898,53,1,902.9
16839,6898,82,2,174.54
16840,6899,99,1,1171.26
16841,6899,74,2,143.42
16842,6899,33,1,412.65
16843,6899,98,2,383.7
16844,6900,26,1,214.65
16845,6900,98,2,383.7
16846,6901,91,1,337.59
16847,6901,18,2,325.76
16848,6901,56,1,272.01
16849,6901,23,2,15554.19
16850,6902,74,2,143.42
16851,6902,2,2,217.94
16852,6903,7,2,227.31
16853,6903,37,2,1025.36
16854,6903,96,2,384.74
16855,6904,99,2,1171.26
16856,6905,53,2,902.9
16857,6905,82,1,174.54
16858,6905,88,2,38983.53
16859,6905,18,2,325.76
16860,6906,88,1,36876.31
16861,6906,71,1,421.74
16862,6906,33,1,412.65
16863,6907,84,1,350.18
16864,6908,98,2,408.26
16865,6908,26,2,228.39
16866,6908,80,1,1674.66
16867,6908,33,1,488.58
16868,6909,7,2,234.99
16869,6910,82,1,180.43
16870,6910,91,1,348.99
16871,6911,74,1,148.54
16872,6911,37,2,1002.24
16873,6911,88,2,38193.32
16874,6912,23,1,15203.34
16875,6912,56,2,265.88
16876,6913,19,1,221.74
16877,6914,56,2,282.24
16878,6914,8,1,282.11
16879,6914,82,1,180.43
16880,6915,99,2,1218.11
16881,6915,88,2,38193.32
16882,6916,6,1,186.6
16883,6916,8,1,282.11
16884,6916,84,2,363.34
16885,6917,56,2,265.88
16886,6918,80,1,1737.61
16887,6919,92,1,28139.31
16888,6920,26,2,248.99
16889,6920,74,1,148.54
16890,6921,82,2,180.43
16891,6922,88,1,38193.32
16892,6922,26,2,248.99
16893,6923,71,2,460.9
16894,6923,92,2,33117.8
16895,6923,99,2,1293.07
16896,6924,82,1,171.0
16897,6924,92,2,31386.15
16898,6924,84,1,342.28
16899,6925,91,2,348.99
16900,6925,51,1,1433.16
16901,6926,19,2,221.74
16902,6926,53,1,882.53
16903,6927,51,2,1350.08
16904,6928,98,1,399.05
16905,6928,99,1,1218.11
16906,6928,92,2,31386.15
16907,6928,23,1,15203.34
16908,6929,2,2,252.81
16909,6929,51,1,1350.08
16910,6929,19,1,221.74
16911,6930,7,2,222.71
16912,6931,80,2,1737.61
16913,6931,91,2,348.99
16914,6931,8,2,282.11
16915,6931,19,1,260.97
16916,6932,98,1,423.6
16917,6932,84,1,402.83
16918,6933,26,2,248.99
16919,6933,99,2,1218.11
16920,6933,98,2,399.05
16921,6934,92,1,31386.15
16922,6934,37,2,1002.24
16923,6934,80,2,1636.88
16924,6934,7,2,222.71
16925,6935,99,2,1293.07
16926,6935,19,1,260.97
16927,6935,91,2,348.99
16928,6935,84,1,402.83
16929,6936,19,1,247.33
16930,6936,84,1,381.77
16931,6937,8,1,282.11
16932,6938,37,1,1002.24
16933,6939,8,2,282.11
16934,6940,23,1,15203.34
16935,6940,26,1,248.99
16936,6940,8,1,265.76
16937,6940,19,1,247.33
16938,6941,80,2,1737.61
16939,6942,8,2,282.11
16940,6942,99,2,1293.07
16941,6943,99,1,1218.11
16942,6943,23,2,15203.34
16943,6944,33,2,478.67
16944,6944,18,1,319.16
16945,6944,56,2,265.88
16946,6944,7,1,222.71
16947,6945,26,2,248.99
16948,6946,33,1,505.08
16949,6946,26,1,262.73
16950,6947,37,2,1063.91
16951,6947,56,1,282.24
16952,6947,80,1,1737.61
16953,6948,84,1,402.83
16954,6949,8,2,265.76
16955,6950,98,2,423.6
16956,6951,19,1,247.33
16957,6952,51,2,1350.08
16958,6952,6,2,175.79
16959,6952,84,2,381.77
16960,6953,19,1,247.33
16961,6953,37,2,1002.24
16962,6953,8,1,265.76
16963,6954,2,1,266.76
16964,6954,51,1,1588.94
16965,6954,19,2,260.97
16966,6955,33,1,505.08
16967,6955,99,2,1293.07
16968,6955,19,2,260.97
16969,6955,53,2,936.84
16970,6956,92,2,31386.15
16971,6957,98,2,423.6
16972,6957,33,2,505.08
16973,6957,53,2,936.84
16974,6958,98,2,469.65
16975,6959,51,1,1453.93
16976,6959,80,2,1573.93
16977,6960,53,2,848.59
16978,6960,98,2,429.74
16979,6960,2,1,244.09
16980,6960,51,1,1453.93
16981,6961,19,2,252.44
16982,6961,33,1,488.58
16983,6962,23,2,15554.19
16984,6963,33,2,462.17
16985,6963,84,2,368.61
16986,6964,51,1,1537.01
16987,6964,26,2,254.15
16988,6964,88,2,38983.53
16989,6965,8,1,302.56
16990,6966,92,1,30303.87
16991,6967,91,1,337.59
16992,6968,33,1,462.17
16993,6968,37,1,1079.33
16994,6968,88,2,36876.31
16995,6969,98,1,429.74
16996,6969,80,1,1573.93
16997,6969,53,1,848.59
16998,6969,6,2,169.03
16999,6970,19,1,238.8
17000,6970,99,2,1171.26
17001,6971,2,2,244.09
17002,6972,56,1,255.65
17003,6972,80,1,1573.93
17004,6972,92,1,30303.87
17005,6973,84,2,368.61
17006,6973,37,1,1079.33
17007,6973,53,2,848.59
17008,6973,98,2,429.74
17009,6974,18,1,308.15
17010,6975,80,2,1674.66
17011,6975,37,2,1141.01
17012,6975,98,2,454.3
17013,6976,6,1,169.03
17014,6976,23,2,14618.6
17015,6976,18,2,308.15
17016,6976,98,1,429.74
17017,6977,98,1,429.74
17018,6977,53,1,848.59
17019,6977,56,2,255.65
17020,6977,80,2,1573.93
17021,6978,2,2,244.09
17022,6978,98,1,429.74
17023,6978,56,2,255.65
17024,6978,6,1,169.03
17025,6979,37,2,1141.01
17026,6980,37,2,1141.01
17027,6981,51,2,1537.01
17028,6981,23,1,15554.19
17029,6981,8,2,302.56
17030,6982,23,1,14618.6
17031,6982,99,2,1311.81
17032,6982,2,1,244.09
17033,6983,8,2,286.2
17034,6983,51,2,1453.93
17035,6983,99,2,1311.81
17036,6984,51,1,1453.93
17037,6985,37,2,1079.33
17038,6985,56,2,255.65
17039,6985,8,2,286.2
17040,6986,53,2,902.9
17041,6986,80,1,1863.53
17042,6986,99,1,1386.77
17043,6986,8,1,302.56
17044,6987,23,1,14618.6
17045,6987,99,2,1311.81
17046,6987,80,2,1762.8
17047,6987,53,2,848.59
17048,6988,99,2,1358.66
17049,6988,80,2,1825.75
17050,6988,56,1,296.55
17051,6988,53,2,882.53
17052,6989,53,2,984.36
17053,6989,80,2,1825.75
17054,6990,6,1,206.89
17055,6990,80,2,1926.48
17056,6991,80,1,1926.48
17057,6991,53,2,1038.67
17058,6991,99,1,1433.63
17059,6992,80,2,1825.75
17060,6992,56,2,296.55
17061,6993,56,2,296.55
17062,6993,23,1,15203.34
17063,6993,53,1,984.36
17064,6993,99,1,1358.66
17065,6994,23,1,16138.93
17066,6994,6,2,206.89
17067,6995,6,2,196.07
17068,6995,56,1,296.55
17069,6995,23,1,16957.58
17070,6996,23,2,16957.58
17071,6996,99,2,1358.66
17072,6996,56,2,296.55
17073,6996,53,1,984.36
17074,6997,23,1,17893.17
17075,6997,6,2,206.89
17076,6998,56,1,312.92
17077,6998,6,2,206.89
17078,6998,23,2,17893.17
17079,6999,6,1,206.89
17080,6999,53,2,1038.67
17081,7000,90,2,792.67
17082,7000,79,1,246.12
17083,7000,14,1,424.63
17084,7000,31,1,235.75
17085,7001,41,2,243.69
17086,7001,97,1,287.62
17087,7001,65,2,16058.97
17088,7001,49,1,444.24
17089,7002,65,1,16058.97
17090,7002,79,1,231.85
17091,7002,28,1,330.85
17092,7003,80,2,1636.88
17093,7003,79,2,231.85
17094,7003,97,2,287.62
17095,7004,80,2,1636.88
17096,7004,69,1,1843.91
17097,7004,23,1,16957.58
17098,7004,79,2,231.85
17099,7005,65,1,17911.92
17100,7005,49,2,444.24
17101,7005,56,1,265.88
17102,7005,90,1,746.72
17103,7006,69,2,1843.91
17104,7006,56,1,265.88
17105,7007,97,2,287.62
17106,7007,41,1,243.69
17107,7008,49,2,471.57
17108,7008,28,1,389.38
17109,7009,56,1,282.24
17110,7010,79,1,246.12
17111,7010,53,1,1038.67
17112,7010,28,1,389.38
17113,7011,56,1,282.24
17114,7012,67,2,322.34
17115,7012,6,1,186.6
17116,7013,56,2,265.88
17117,7014,41,1,243.69
17118,7014,65,2,17911.92
17119,7014,90,2,746.72
17120,7015,67,2,303.65
17121,7015,56,2,265.88
17122,7015,14,2,400.01
17123,7016,49,2,444.24
17124,7017,90,2,746.72
17125,7018,14,1,424.63
17126,7019,49,2,444.24
17127,7019,41,1,243.69
17128,7020,69,1,1957.38
17129,7020,80,2,1737.61
17130,7020,49,1,471.57
17131,7020,72,2,427.33
17132,7021,97,1,305.32
17133,7022,80,2,1636.88
17134,7022,56,2,265.88
17135,7022,41,1,243.69
17136,7022,28,2,369.02
17137,7023,41,1,258.68
17138,7023,28,2,389.38
17139,7023,97,2,305.32
17140,7024,72,1,402.56
17141,7024,14,1,400.01
17142,7024,23,2,16957.58
17143,7024,6,1,175.79
17144,7025,56,2,282.24
17145,7026,41,1,243.69
17146,7026,6,1,175.79
17147,7027,72,2,411.85
17148,7027,80,2,1674.66
17149,7027,90,1,763.95
17150,7028,69,2,1772.99
17151,7028,79,1,222.94
17152,7029,72,1,411.85
17153,7029,14,2,409.24
17154,7030,65,2,17294.27
17155,7031,6,1,169.03
17156,7031,28,2,356.3
17157,7031,31,2,213.54
17158,7031,23,2,16372.83
17159,7032,79,1,237.21
17160,7033,6,2,169.03
17161,7033,67,1,291.98
17162,7033,65,1,17294.27
17163,7034,28,2,356.3
17164,7034,97,1,276.56
17165,7034,56,2,255.65
17166,7034,65,1,17294.27
17167,7035,31,2,213.54
17168,7035,49,1,427.15
17169,7036,6,1,169.03
17170,7036,97,2,276.56
17171,7036,72,1,387.08
17172,7037,6,2,179.84
17173,7037,79,1,237.21
17174,7037,31,2,252.83
17175,7038,97,2,276.56
17176,7038,6,1,169.03
17177,7038,41,2,234.31
17178,7039,31,2,239.16
17179,7039,49,2,427.15
17180,7039,41,2,234.31
17181,7040,53,2,1004.73
17182,7040,56,2,272.01
17183,7040,23,1,17308.42
17184,7041,65,2,17294.27
17185,7041,67,1,291.98
17186,7042,6,2,169.03
17187,7043,67,2,291.98
17188,7043,56,2,255.65
17189,7043,31,2,239.16
17190,7043,80,1,1573.93
17191,7044,6,1,169.03
17192,7044,72,1,387.08
17193,7044,69,1,1772.99
17194,7045,41,2,234.31
17195,7045,65,2,17294.27
17196,7046,67,2,291.98
17197,7047,65,2,18282.51
17198,7047,28,1,376.66
17199,7048,31,1,239.16
17200,7048,97,2,276.56
17201,7048,56,1,255.65
17202,7048,28,1,356.3
17203,7049,31,1,239.16
17204,7049,72,1,387.08
17205,7049,41,2,234.31
17206,7049,53,2,950.42
17207,7050,97,2,309.75
17208,7050,14,1,384.62
17209,7050,90,2,718.0
17210,7051,97,2,327.45
17211,7051,6,1,179.84
17212,7051,49,1,454.49
17213,7051,69,1,1886.46
17214,7052,90,1,718.0
17215,7052,79,1,222.94
17216,7052,53,1,950.42
17217,7052,72,2,387.08
17218,7053,79,1,222.94
17219,7053,72,1,387.08
17220,7054,6,1,179.84
17221,7054,56,2,272.01
17222,7054,97,1,327.45
17223,7054,14,1,409.24
17224,7055,69,2,1772.99
17225,7055,41,1,234.31
17226,7055,67,2,291.98
17227,7055,65,1,17294.27
17228,7056,14,1,384.62
17229,7057,97,2,327.45
17230,7057,41,1,249.31
17231,7057,80,2,1674.66
17232,7058,14,1,409.24
17233,7058,56,2,272.01
17234,7058,90,2,763.95
17235,7059,80,2,1674.66
17236,7059,97,1,327.45
17237,7059,69,1,2099.22
17238,7059,56,1,272.01
17239,7060,56,2,255.65
17240,7060,31,1,239.16
17241,7060,80,1,1573.93
17242,7060,72,2,433.52
17243,7061,79,1,222.94
17244,7062,72,1,458.3
17245,7062,80,1,1674.66
17246,7063,80,1,1674.66
17247,7063,97,1,327.45
17248,7063,31,2,252.83
17249,7064,90,1,792.67
17250,7064,56,1,282.24
17251,7065,6,2,175.79
17252,7065,41,1,271.8
17253,7065,72,1,449.01
17254,7066,90,2,746.72
17255,7066,41,1,271.8
17256,7066,69,1,2056.67
17257,7067,41,1,286.8
17258,7067,31,2,261.37
17259,7068,14,2,424.63
17260,7069,69,1,2170.14
17261,7069,79,2,246.12
17262,7069,14,1,424.63
17263,7070,90,2,792.67
17264,7070,41,2,286.8
17265,7070,80,2,1926.48
17266,7071,14,2,400.01
17267,7071,67,2,303.65
17268,7071,97,2,320.81
17269,7071,31,1,247.7
17270,7072,56,1,265.88
17271,7072,67,2,303.65
17272,7072,97,1,320.81
17273,7072,69,1,2056.67
17274,7073,41,2,271.8
17275,7074,79,2,246.12
17276,7074,69,1,2170.14
17277,7075,14,2,424.63
17278,7075,41,2,286.8
17279,7075,69,2,2170.14
17280,7075,80,2,1926.48
17281,7076,41,1,271.8
17282,7077,41,1,286.8
17283,7078,72,2,449.01
17284,7079,14,2,400.01
17285,7080,69,2,2170.14
17286,7080,6,1,186.6
17287,7080,72,1,473.78
17288,7080,41,1,286.8
17289,7081,49,2,471.57
17290,7082,72,2,449.01
17291,7082,56,1,265.88
17292,7082,80,2,1825.75
17293,7083,14,1,470.78
17294,7083,72,1,473.78
17295,7083,49,2,471.57
17296,7084,67,1,303.65
17297,7084,97,1,320.81
17298,7085,90,1,832.88
17299,7085,80,2,1825.75
17300,7085,69,2,2056.67
17301,7085,6,1,175.79
17302,7086,14,2,446.16
17303,7086,79,2,231.85
17304,7086,56,1,265.88
17305,7087,56,1,265.88
17306,7087,80,1,1825.75
17307,7087,6,1,175.79
17308,7088,6,2,175.79
17309,7088,56,2,265.88
17310,7088,90,1,832.88
17311,7089,67,2,322.34
17312,7089,6,2,186.6
17313,7089,49,2,471.57
17314,7090,67,2,303.65
17315,7090,80,2,1825.75
17316,7090,49,2,444.24
17317,7090,90,1,832.88
17318,7091,6,2,175.79
17319,7091,49,1,444.24
17320,7091,72,2,449.01
17321,7092,14,1,470.78
17322,7092,49,1,471.57
17323,7093,80,1,1926.48
17324,7093,67,1,322.34
17325,7093,90,1,878.83
17326,7093,6,1,186.6
17327,7094,6,2,175.79
17328,7094,80,2,1825.75
17329,7095,49,1,444.24
17330,7095,90,2,832.88
17331,7095,67,2,303.65
17332,7096,6,1,175.79
17333,7096,79,1,231.85
17334,7096,90,1,832.88
17335,7097,6,2,196.07
17336,7097,49,2,444.24
17337,7098,14,1,446.16
17338,7098,79,1,231.85
17339,7098,6,1,196.07
17340,7099,49,2,495.49
17341,7099,14,2,446.16
17342,7099,56,2,265.88
17343,7099,67,2,303.65
17344,7100,56,1,312.92
17345,7100,67,1,322.34
17346,7101,6,1,196.07
17347,7101,49,1,495.49
17348,7101,56,2,296.55
17349,7102,56,2,312.92
17350,7103,6,1,206.89
17351,7103,14,2,470.78
17352,7103,56,1,312.92
17353,7103,49,2,522.83
17354,7104,14,2,430.78
17355,7104,49,1,478.41
17356,7104,6,2,189.31
17357,7104,67,1,327.01
17358,7105,49,1,478.41
17359,7106,67,2,327.01
17360,7106,49,2,478.41
17361,7106,14,1,430.78
17362,7106,6,1,189.31
17363,7107,6,1,200.13
17364,7107,56,2,302.69
17365,7107,49,1,505.75
17366,7108,6,2,189.31
17367,7109,6,1,200.13
17368,7109,79,1,237.21
17369,7109,67,1,345.7
17370,7110,56,1,302.69
17371,7110,79,2,237.21
17372,7110,67,1,345.7
17373,7111,56,1,302.69
17374,7112,67,2,327.01
17375,7113,49,2,505.75
17376,7114,79,2,237.21
17377,7115,79,1,249.69
17378,7116,67,1,327.01
17379,7116,79,1,249.69
17380,7117,67,2,345.7
17381,7117,79,1,263.96
17382,7118,79,2,263.96
17383,7118,67,2,345.7
17384,7119,79,1,249.69
17385,7119,67,2,327.01
17386,7120,79,2,249.69
17387,7121,79,1,263.96
17388,7122,79,1,249.69
17389,7123,79,1,249.69
17390,7124,79,1,249.69
17391,7125,33,2,439.06
17392,7125,8,2,271.89
17393,7125,69,2,1886.46
17394,7125,98,1,408.26
17395,7126,68,1,9547.06
17396,7126,16,2,394.32
17397,7127,71,2,400.65
17398,7127,30,2,355.04
17399,7127,16,2,394.32
17400,7128,25,2,12510.42
17401,7128,71,1,376.55
17402,7128,30,1,333.69
17403,7129,30,2,355.04
17404,7129,8,1,271.89
17405,7130,68,1,8972.8
17406,7130,16,1,370.6
17407,7131,69,2,1886.46
17408,7131,8,2,271.89
17409,7131,68,1,9547.06
17410,7131,98,1,408.26
17411,7132,17,1,16577.4
17412,7132,25,2,13311.09
17413,7133,33,1,439.06
17414,7133,69,2,1886.46
17415,7133,75,1,449.79
17416,7133,25,1,14812.34
17417,7134,98,1,408.26
17418,7134,30,2,355.04
17419,7134,75,1,449.79
17420,7135,17,2,17449.89
17421,7135,71,2,376.55
17422,7135,68,2,8972.8
17423,7136,75,2,449.79
17424,7136,98,1,408.26
17425,7137,16,1,370.6
17426,7137,33,2,412.65
17427,7137,71,2,376.55
17428,7138,17,2,18447.03
17429,7139,68,2,9547.06
17430,7139,8,1,271.89
17431,7139,25,1,14812.34
17432,7140,25,2,14812.34
17433,7140,33,2,439.06
17434,7140,8,2,271.89
17435,7141,68,1,9547.06
17436,7141,8,2,271.89
17437,7142,8,2,271.89
17438,7142,16,1,394.32
17439,7142,25,1,14812.34
17440,7142,30,1,355.04
17441,7143,69,2,1772.99
17442,7143,17,1,17449.89
17443,7144,69,1,1886.46
17444,7144,68,1,9547.06
17445,7145,25,1,14011.68
17446,7145,17,2,17449.89
17447,7145,69,1,1772.99
17448,7146,25,2,14011.68
17449,7146,98,2,383.7
17450,7146,8,1,255.54
17451,7147,69,1,1772.99
17452,7148,16,2,394.32
17453,7149,16,2,394.32
17454,7149,75,2,449.79
17455,7149,17,2,18447.03
17456,7149,98,2,454.3
17457,7150,75,2,422.74
17458,7150,98,2,429.74
17459,7150,68,2,8972.8
17460,7151,98,2,429.74
17461,7151,16,1,370.6
17462,7151,25,1,14011.68
17463,7151,75,2,422.74
17464,7152,68,2,9547.06
17465,7152,8,1,271.89
17466,7152,25,1,14812.34
17467,7152,33,2,439.06
17468,7153,16,1,370.6
17469,7154,16,1,370.6
17470,7155,75,2,449.79
17471,7155,71,1,400.65
17472,7155,17,1,18447.03
17473,7156,17,2,18447.03
17474,7157,69,1,1886.46
17475,7157,98,1,454.3
17476,7157,8,2,271.89
17477,7157,30,2,355.04
17478,7158,71,1,400.65
17479,7159,71,2,400.65
17480,7160,25,1,14011.68
17481,7160,98,1,429.74
17482,7160,71,1,376.55
17483,7161,68,1,9547.06
17484,7161,69,1,1886.46
17485,7162,71,2,400.65
17486,7162,75,2,449.79
17487,7162,68,1,10623.8
17488,7162,69,2,1886.46
17489,7163,17,1,18447.03
17490,7163,98,1,454.3
17491,7164,17,1,18447.03
17492,7164,25,1,14812.34
17493,7165,98,1,429.74
17494,7166,69,1,1772.99
17495,7167,33,2,412.65
17496,7168,8,2,255.54
17497,7168,33,2,412.65
17498,7168,69,1,1772.99
17499,7168,98,2,429.74
17500,7169,98,1,454.3
17501,7169,68,1,10623.8
17502,7169,8,2,271.89
17503,7170,33,1,412.65
17504,7171,68,2,10049.54
17505,7172,33,2,412.65
17506,7173,68,2,10049.54
17507,7174,69,1,2056.67
17508,7175,68,1,10408.45
17509,7175,16,2,385.42
17510,7175,30,1,347.04
17511,7176,75,2,517.43
17512,7177,16,2,385.42
17513,7177,71,2,391.61
17514,7177,33,2,429.16
17515,7178,68,1,10982.71
17516,7178,75,2,517.43
17517,7178,33,1,455.57
17518,7179,33,2,455.57
17519,7180,71,2,415.71
17520,7180,69,2,2170.14
17521,7180,30,1,368.39
17522,7180,75,1,517.43
17523,7181,8,2,265.76
17524,7181,33,1,429.16
17525,7181,30,1,347.04
17526,7181,68,1,10408.45
17527,7182,33,1,429.16
17528,7183,75,2,490.38
17529,7183,33,1,429.16
17530,7183,68,1,10408.45
17531,7184,16,1,409.14
17532,7184,68,1,10982.71
17533,7184,33,1,455.57
17534,7185,68,1,10982.71
17535,7186,16,1,385.42
17536,7187,69,1,2056.67
17537,7188,16,1,409.14
17538,7188,30,2,368.39
17539,7188,71,1,415.71
17540,7188,8,2,282.11
17541,7189,8,1,265.76
17542,7189,69,1,2056.67
17543,7189,16,1,385.42
17544,7189,33,1,429.16
17545,7190,69,1,2170.14
17546,7190,75,1,517.43
17547,7190,30,1,368.39
17548,7190,16,2,409.14
17549,7191,30,1,368.39
17550,7191,8,1,282.11
17551,7191,16,2,409.14
17552,7191,33,1,505.08
17553,7192,8,2,282.11
17554,7193,33,1,505.08
17555,7193,69,1,2170.14
17556,7194,69,2,2170.14
17557,7194,71,1,415.71
17558,7195,16,1,429.9
17559,7196,16,1,429.9
17560,7197,33,1,505.08
17561,7197,16,1,453.61
17562,7197,71,2,415.71
17563,7197,69,1,2170.14
17564,7198,33,2,505.08
17565,7198,69,1,2170.14
17566,7198,30,1,368.39
17567,7199,71,1,436.8
17568,7200,8,1,265.76
17569,7200,33,2,478.67
17570,7200,69,1,2056.67
17571,7200,30,2,347.04
17572,7201,30,1,368.39
17573,7202,16,2,429.9
17574,7202,71,1,436.8
17575,7203,71,2,460.9
17576,7203,16,2,453.61
17577,7203,30,2,368.39
17578,7204,30,1,368.39
17579,7204,8,2,282.11
17580,7204,33,2,505.08
17581,7205,16,1,429.9
17582,7205,33,1,478.67
17583,7205,71,1,436.8
17584,7206,16,2,429.9
17585,7206,71,1,436.8
17586,7206,30,1,387.08
17587,7206,8,2,296.42
17588,7207,71,1,436.8
17589,7208,30,1,387.08
17590,7208,8,2,296.42
17591,7208,71,2,436.8
17592,7209,30,2,387.08
17593,7210,30,1,408.43
17594,7210,8,2,312.78
17595,7211,8,1,296.42
17596,7211,30,1,387.08
17597,7212,30,1,387.08
17598,7213,8,1,296.42
17599,7214,8,2,312.78
17600,7215,93,1,333.24
17601,7215,60,2,165.4
17602,7215,86,2,33772.7
17603,7216,47,1,554.39
17604,7216,37,1,963.69
17605,7216,84,2,329.11
17606,7217,60,1,165.4
17607,7217,40,1,1052.14
17608,7217,68,2,8972.8
17609,7217,86,1,33772.7
17610,7218,86,2,33772.7
17611,7218,37,2,963.69
17612,7219,60,1,165.4
17613,7219,63,2,149.99
17614,7219,72,2,387.08
17615,7219,68,2,8972.8
17616,7220,90,1,804.16
17617,7220,63,2,149.99
17618,7220,37,2,963.69
17619,7221,47,1,589.87
17620,7221,40,2,1119.47
17621,7221,45,1,66.75
17622,7221,37,1,1025.36
17623,7222,90,2,804.16
17624,7222,47,2,554.39
17625,7222,45,2,62.74
17626,7222,40,2,1052.14
17627,7223,86,1,33772.7
17628,7223,4,2,359.14
17629,7224,45,1,62.74
17630,7224,93,2,333.24
17631,7224,63,1,149.99
17632,7225,86,2,35934.15
17633,7226,93,1,333.24
17634,7227,37,2,963.69
17635,7228,4,1,359.14
17636,7228,93,1,333.24
17637,7229,37,2,963.69
17638,7229,68,1,8972.8
17639,7229,4,2,359.14
17640,7230,63,2,159.59
17641,7231,72,1,411.85
17642,7232,40,2,1119.47
17643,7232,90,2,850.11
17644,7233,86,2,33772.7
17645,7233,62,1,35947.46
17646,7233,68,2,8972.8
17647,7234,47,2,554.39
17648,7235,63,1,149.99
17649,7235,93,2,333.24
17650,7236,90,2,850.11
17651,7236,40,2,1119.47
17652,7237,93,1,367.89
17653,7238,84,1,342.28
17654,7238,93,2,346.57
17655,7238,40,1,1094.22
17656,7239,90,1,878.83
17657,7239,62,2,39686.0
17658,7239,70,2,263.17
17659,7239,86,2,37285.06
17660,7240,72,2,402.56
17661,7241,4,1,373.5
17662,7242,40,1,1094.22
17663,7243,47,1,612.04
17664,7243,4,1,396.49
17665,7244,37,1,1063.91
17666,7244,72,1,427.33
17667,7245,86,2,39176.33
17668,7246,62,1,39686.0
17669,7247,37,1,1063.91
17670,7247,84,2,363.34
17671,7247,47,2,612.04
17672,7248,72,1,402.56
17673,7248,63,2,155.99
17674,7248,62,1,37385.36
17675,7248,93,2,346.57
17676,7249,70,2,247.91
17677,7250,4,1,373.5
17678,7250,47,2,576.56
17679,7251,62,1,39686.0
17680,7251,37,2,1063.91
17681,7251,93,1,367.89
17682,7251,72,2,473.78
17683,7252,93,2,367.89
17684,7252,72,2,473.78
17685,7253,62,1,37385.36
17686,7254,4,1,396.49
17687,7254,45,2,69.26
17688,7254,40,1,1161.56
17689,7255,84,2,342.28
17690,7255,70,2,247.91
17691,7255,60,1,172.02
17692,7255,62,1,37385.36
17693,7256,4,2,373.5
17694,7256,72,1,449.01
17695,7256,84,1,342.28
17696,7256,93,1,346.57
17697,7257,68,1,9331.71
17698,7257,63,2,155.99
17699,7258,86,1,41337.78
17700,7258,70,2,263.17
17701,7258,72,1,473.78
17702,7259,72,1,473.78
17703,7259,93,2,367.89
17704,7260,37,1,1063.91
17705,7260,62,1,39686.0
17706,7261,47,2,576.56
17707,7262,72,1,473.78
17708,7262,86,2,41337.78
17709,7262,70,1,263.17
17710,7263,45,1,65.25
17711,7264,72,2,449.01
17712,7264,62,1,37385.36
17713,7264,68,2,9331.71
17714,7264,63,2,155.99
17715,7265,37,1,1063.91
17716,7265,62,2,39686.0
17717,7265,70,1,263.17
17718,7265,72,2,473.78
17719,7266,93,2,346.57
17720,7266,70,1,247.91
17721,7266,40,1,1094.22
17722,7267,40,1,1094.22
17723,7267,47,1,576.56
17724,7267,70,1,247.91
17725,7267,86,1,39176.33
17726,7268,4,2,373.5
17727,7268,62,1,37385.36
17728,7268,40,2,1094.22
17729,7268,37,2,1002.24
17730,7269,45,2,65.25
17731,7269,63,2,173.99
17732,7269,70,1,247.91
17733,7269,47,2,576.56
17734,7270,40,2,1094.22
17735,7271,70,1,263.17
17736,7271,68,1,10982.71
17737,7271,63,2,183.58
17738,7271,47,1,612.04
17739,7272,45,2,65.25
17740,7273,70,1,247.91
17741,7274,37,1,1002.24
17742,7275,45,2,65.25
17743,7275,63,1,173.99
17744,7275,70,2,247.91
17745,7275,86,2,39176.33
17746,7276,60,2,202.45
17747,7276,47,1,612.04
17748,7276,63,2,183.58
17749,7277,47,1,576.56
17750,7277,93,1,346.57
17751,7278,45,1,69.26
17752,7278,68,2,10982.71
17753,7278,62,2,39686.0
17754,7279,93,1,354.56
17755,7279,60,2,195.83
17756,7279,45,1,66.75
17757,7279,40,2,1119.47
17758,7280,62,1,42561.8
17759,7281,86,1,37825.42
17760,7281,45,2,62.74
17761,7281,40,2,1052.14
17762,7281,4,2,359.14
17763,7282,47,2,620.91
17764,7282,86,2,37825.42
17765,7282,62,1,40261.16
17766,7283,4,1,382.12
17767,7284,68,2,10049.54
17768,7284,60,2,185.25
17769,7284,84,2,368.61
17770,7285,37,2,1025.36
17771,7285,62,1,42561.8
17772,7286,68,1,10049.54
17773,7286,62,2,40261.16
17774,7286,40,1,1052.14
17775,7286,37,1,963.69
17776,7287,37,2,1025.36
17777,7287,70,1,282.24
17778,7288,93,2,333.24
17779,7288,47,2,620.91
17780,7288,84,2,368.61
17781,7288,62,2,40261.16
17782,7289,40,1,1052.14
17783,7289,93,1,333.24
17784,7289,70,1,266.98
17785,7289,45,1,62.74
17786,7290,62,1,40261.16
17787,7290,4,1,359.14
17788,7291,63,1,177.59
17789,7291,68,2,10623.8
17790,7292,70,1,266.98
17791,7292,47,1,620.91
17792,7293,62,1,42561.8
17793,7294,4,2,359.14
17794,7295,47,2,656.39
17795,7295,4,2,382.12
17796,7296,47,2,620.91
17797,7297,93,2,333.24
17798,7297,40,1,1052.14
17799,7297,68,1,10049.54
17800,7298,68,2,10049.54
17801,7298,84,1,368.61
17802,7298,63,2,167.99
17803,7299,60,1,195.83
17804,7299,62,2,42561.8
17805,7299,70,2,282.24
17806,7299,37,1,1025.36
17807,7300,93,2,394.55
17808,7300,84,2,389.67
17809,7300,47,2,656.39
17810,7301,40,1,1052.14
17811,7301,45,2,62.74
17812,7301,47,1,620.91
17813,7301,4,1,359.14
17814,7302,84,1,368.61
17815,7303,84,2,389.67
17816,7303,70,1,282.24
17817,7303,45,2,66.75
17818,7303,93,2,394.55
17819,7304,40,2,1094.22
17820,7305,40,2,1220.48
17821,7305,37,1,1117.88
17822,7306,4,2,396.49
17823,7307,4,2,373.5
17824,7307,70,1,276.51
17825,7308,68,2,10408.45
17826,7308,93,1,386.56
17827,7308,40,1,1220.48
17828,7309,37,1,1117.88
17829,7309,62,2,41699.06
17830,7310,37,2,1117.88
17831,7310,40,1,1220.48
17832,7311,40,1,1220.48
17833,7311,4,1,373.5
17834,7311,37,2,1117.88
17835,7312,37,2,1179.55
17836,7313,37,2,1117.88
17837,7313,4,1,416.6
17838,7313,45,1,65.25
17839,7314,70,1,276.51
17840,7314,40,2,1220.48
17841,7314,93,1,386.56
17842,7314,4,2,416.6
17843,7315,37,1,1179.55
17844,7316,93,1,407.88
17845,7316,37,1,1179.55
17846,7316,4,1,439.58
17847,7316,70,1,291.77
17848,7317,40,1,1220.48
17849,7317,70,1,276.51
17850,7318,70,1,276.51
17851,7318,4,2,416.6
17852,7319,4,1,416.6
17853,7320,40,2,1220.48
17854,7321,93,1,386.56
17855,7321,45,2,65.25
17856,7321,4,1,416.6
17857,7322,70,1,276.51
17858,7322,4,1,416.6
17859,7322,93,1,386.56
17860,7322,45,1,65.25
17861,7323,45,1,76.79
17862,7323,40,2,1287.82
17863,7323,93,2,407.88
17864,7324,93,1,407.88
17865,7324,40,1,1287.82
17866,7325,45,2,76.79
17867,7325,4,1,439.58
17868,7326,4,1,439.58
17869,7326,45,1,76.79
17870,7327,4,2,416.6
17871,7327,45,1,72.78
17872,7328,45,2,76.79
17873,7329,45,1,76.79
17874,7330,45,1,72.78
17875,7331,45,1,72.78
17876,7332,23,1,14618.6
17877,7333,85,1,371.54
17878,7334,7,2,191.99
17879,7334,55,2,220.07
17880,7334,93,1,333.24
17881,7335,85,2,349.19
17882,7335,55,2,220.07
17883,7335,90,1,718.0
17884,7336,90,1,718.0
17885,7337,7,1,204.27
17886,7337,55,2,234.16
17887,7337,90,1,763.95
17888,7338,7,2,204.27
17889,7339,90,2,718.0
17890,7339,23,2,14618.6
17891,7339,72,2,387.08
17892,7340,7,1,191.99
17893,7340,55,2,220.07
17894,7340,23,2,14618.6
17895,7341,23,2,15203.34
17896,7341,86,2,35123.61
17897,7342,86,1,35123.61
17898,7342,55,1,228.88
17899,7342,54,2,8163.96
17900,7342,23,2,15203.34
17901,7343,60,1,182.6
17902,7343,23,1,16138.93
17903,7343,86,1,37285.06
17904,7344,23,2,15203.34
17905,7344,72,2,402.56
17906,7344,55,2,228.88
17907,7344,7,2,199.67
17908,7345,85,1,363.16
17909,7345,86,2,35123.61
17910,7345,60,2,172.02
17911,7345,93,2,346.57
17912,7346,54,1,8163.96
17913,7346,90,1,746.72
17914,7346,60,2,172.02
17915,7347,23,2,16138.93
17916,7348,7,1,199.67
17917,7348,23,2,16957.58
17918,7348,90,2,746.72
17919,7349,54,1,8163.96
17920,7349,23,2,16957.58
17921,7349,72,1,402.56
17922,7350,7,1,199.67
17923,7350,93,1,346.57
17924,7350,54,1,8163.96
17925,7350,55,2,228.88
17926,7351,60,1,172.02
17927,7351,54,2,8163.96
17928,7351,7,1,199.67
17929,7351,90,2,746.72
17930,7352,86,2,37285.06
17931,7352,60,1,182.6
17932,7353,54,1,8163.96
17933,7353,85,2,363.16
17934,7354,85,2,385.5
17935,7354,90,1,792.67
17936,7354,86,2,37285.06
17937,7354,7,2,211.95
17938,7355,93,1,386.56
17939,7355,7,1,199.67
17940,7355,86,2,39176.33
17941,7355,60,2,172.02
17942,7356,54,2,8666.36
17943,7356,90,1,792.67
17944,7356,23,2,17893.17
17945,7357,54,2,8163.96
17946,7357,86,1,39176.33
17947,7357,72,1,449.01
17948,7358,93,2,386.56
17949,7359,85,2,385.5
17950,7360,86,1,39176.33
17951,7360,90,1,746.72
17952,7361,23,2,16957.58
17953,7361,93,1,386.56
17954,7362,90,1,792.67
17955,7362,85,1,385.5
17956,7362,93,1,407.88
17957,7362,23,2,17893.17
17958,7363,90,2,792.67
17959,7363,93,1,407.88
17960,7364,93,1,407.88
17961,7365,90,2,792.67
17962,7365,60,2,182.6
17963,7366,54,1,8163.96
17964,7366,72,2,449.01
17965,7366,23,1,16957.58
17966,7367,93,1,386.56
17967,7367,90,2,746.72
17968,7367,23,1,16957.58
17969,7367,72,2,449.01
17970,7368,72,1,449.01
17971,7368,85,1,363.16
17972,7369,85,2,363.16
17973,7369,7,2,199.67
17974,7369,54,2,8163.96
17975,7370,86,1,41337.78
17976,7370,7,2,211.95
17977,7370,54,2,8666.36
17978,7371,85,1,385.5
17979,7372,93,1,407.88
17980,7373,90,2,792.67
17981,7374,54,2,8163.96
17982,7374,86,1,39176.33
17983,7375,60,2,172.02
17984,7376,90,1,832.88
17985,7376,60,1,172.02
17986,7377,54,2,8163.96
17987,7378,72,2,449.01
17988,7378,60,1,172.02
17989,7378,90,2,832.88
17990,7379,86,2,41337.78
17991,7380,55,1,269.37
17992,7380,7,2,234.99
17993,7380,90,1,878.83
17994,7381,72,1,473.78
17995,7382,72,1,449.01
17996,7382,85,2,363.16
17997,7383,93,1,407.88
17998,7383,85,2,385.5
17999,7383,55,1,269.37
18000,7384,60,1,165.4
18001,7384,54,1,7849.96
18002,7384,7,1,215.03
18003,7384,55,2,246.48
18004,7385,7,2,215.03
18005,7386,55,1,260.57
18006,7386,60,2,175.99
18007,7387,60,1,165.4
18008,7387,90,2,804.16
18009,7388,93,1,394.55
18010,7388,54,2,8352.36
18011,7388,60,2,175.99
18012,7388,7,1,227.31
18013,7389,60,2,175.99
18014,7389,72,1,458.3
18015,7389,85,2,371.54
18016,7390,60,1,165.4
18017,7390,55,1,246.48
18018,7390,54,1,7849.96
18019,7391,60,1,165.4
18020,7391,85,2,349.19
18021,7392,54,1,7849.96
18022,7392,60,2,185.25
18023,7392,7,2,215.03
18024,7392,55,1,246.48
18025,7393,60,1,185.25
18026,7394,55,1,260.57
18027,7394,85,2,371.54
18028,7394,90,1,850.11
18029,7394,7,1,227.31
18030,7395,54,2,7849.96
18031,7395,85,1,391.09
18032,7396,85,2,413.44
18033,7396,7,2,227.31
18034,7396,54,1,8352.36
18035,7397,7,1,215.03
18036,7397,60,2,185.25
18037,7397,54,2,7849.96
18038,7397,85,2,391.09
18039,7398,60,1,195.83
18040,7398,85,1,413.44
18041,7399,60,1,195.83
18042,7399,54,2,9294.36
18043,7399,85,1,413.44
18044,7400,85,1,413.44
18045,7400,60,1,195.83
18046,7400,54,1,9294.36
18047,7401,54,1,8791.96
18048,7401,60,2,185.25
18049,7402,54,2,9294.36
18050,7402,60,1,195.83
18051,7402,85,1,413.44
18052,7403,85,1,391.09
18053,7404,85,2,391.09
18054,7405,54,1,9294.36
18055,7405,60,2,195.83
18056,7405,85,1,413.44
18057,7406,54,2,8791.96
18058,7407,54,1,8791.96
18059,7408,54,1,9294.36
18060,7409,71,1,415.71
18061,7409,68,1,9905.97
18062,7409,43,1,499.1
18063,7409,47,1,612.04
18064,7410,51,2,1350.08
18065,7410,33,1,429.16
18066,7410,68,2,9331.71
18067,7411,80,1,1737.61
18068,7411,71,2,415.71
18069,7411,15,2,186.48
18070,7412,45,2,65.25
18071,7413,44,2,1145.5
18072,7413,80,1,1636.88
18073,7413,43,1,470.17
18074,7413,45,2,65.25
18075,7414,44,1,1215.99
18076,7414,68,1,9905.97
18077,7414,38,1,247.24
18078,7414,43,2,499.1
18079,7415,51,2,1433.16
18080,7415,68,2,9905.97
18081,7415,84,1,363.34
18082,7415,47,2,612.04
18083,7416,2,2,226.66
18084,7416,33,2,429.16
18085,7417,51,2,1350.08
18086,7418,71,1,391.61
18087,7419,43,1,470.17
18088,7419,29,1,1069.84
18089,7419,80,2,1636.88
18090,7420,2,2,226.66
18091,7420,29,1,1069.84
18092,7421,44,2,1145.5
18093,7421,80,2,1636.88
18094,7421,2,2,226.66
18095,7421,38,1,232.91
18096,7422,38,1,247.24
18097,7422,33,1,505.08
18098,7422,80,2,1737.61
18099,7423,43,1,470.17
18100,7423,38,1,232.91
18101,7423,44,1,1145.5
18102,7424,51,2,1350.08
18103,7424,45,1,65.25
18104,7425,44,2,1215.99
18105,7426,38,2,232.91
18106,7426,80,2,1825.75
18107,7427,44,2,1145.5
18108,7427,84,2,342.28
18109,7428,33,1,478.67
18110,7428,51,1,1350.08
18111,7429,47,2,576.56
18112,7430,68,1,9331.71
18113,7431,45,2,65.25
18114,7431,43,2,470.17
18115,7431,71,1,391.61
18116,7431,84,2,342.28
18117,7432,45,2,69.26
18118,7432,80,2,1926.48
18119,7432,43,1,499.1
18120,7433,51,1,1433.16
18121,7434,29,1,1135.67
18122,7434,80,1,1926.48
18123,7434,51,1,1433.16
18124,7435,29,2,1069.84
18125,7435,68,1,9331.71
18126,7436,80,2,1825.75
18127,7436,29,2,1069.84
18128,7437,15,2,175.67
18129,7437,44,2,1277.67
18130,7438,44,1,1277.67
18131,7438,51,1,1350.08
18132,7438,29,1,1069.84
18133,7438,38,2,259.78
18134,7439,38,2,259.78
18135,7439,68,2,9331.71
18136,7439,80,2,1825.75
18137,7440,68,2,9905.97
18138,7441,38,1,259.78
18139,7442,68,2,10982.71
18140,7442,43,1,499.1
18141,7443,45,1,69.26
18142,7444,29,2,1069.84
18143,7444,51,2,1350.08
18144,7444,2,1,226.66
18145,7445,33,2,478.67
18146,7445,44,2,1277.67
18147,7446,84,1,363.34
18148,7447,2,1,226.66
18149,7447,29,2,1069.84
18150,7448,80,2,1926.48
18151,7448,44,1,1348.16
18152,7448,71,2,415.71
18153,7448,38,2,274.11
18154,7449,71,2,400.65
18155,7449,47,2,589.87
18156,7449,29,2,1094.52
18157,7450,44,2,1304.1
18158,7450,80,1,1863.53
18159,7451,47,2,620.91
18160,7451,33,1,462.17
18161,7452,29,2,1028.69
18162,7452,38,1,250.82
18163,7452,84,1,329.11
18164,7453,45,2,66.75
18165,7453,2,1,231.89
18166,7454,47,2,656.39
18167,7454,43,1,481.02
18168,7455,68,1,10049.54
18169,7455,71,1,376.55
18170,7455,33,1,462.17
18171,7455,47,2,620.91
18172,7456,43,1,452.09
18173,7457,51,2,1381.23
18174,7457,2,2,231.89
18175,7457,47,2,656.39
18176,7457,15,2,179.72
18177,7458,45,1,66.75
18178,7458,47,2,656.39
18179,7458,51,1,1381.23
18180,7459,51,1,1298.15
18181,7460,43,1,452.09
18182,7460,71,2,376.55
18183,7460,68,2,10049.54
18184,7460,33,1,462.17
18185,7461,29,2,1028.69
18186,7461,15,1,168.91
18187,7462,2,1,231.89
18188,7462,44,2,1304.1
18189,7463,68,2,10049.54
18190,7464,47,1,656.39
18191,7464,68,2,10623.8
18192,7465,47,2,620.91
18193,7465,33,2,462.17
18194,7465,45,2,62.74
18195,7465,38,2,250.82
18196,7466,44,1,1233.61
18197,7466,71,1,376.55
18198,7466,15,1,189.18
18199,7467,44,1,1304.1
18200,7467,68,1,10623.8
18201,7468,43,2,481.02
18202,7468,68,1,10623.8
18203,7469,71,1,400.65
18204,7469,15,1,199.99
18205,7470,51,1,1298.15
18206,7470,43,2,452.09
18207,7470,45,1,62.74
18208,7471,2,2,217.94
18209,7471,29,2,1028.69
18210,7471,47,1,620.91
18211,7472,15,1,189.18
18212,7472,71,2,376.55
18213,7473,2,1,217.94
18214,7473,45,1,62.74
18215,7473,71,1,376.55
18216,7473,29,1,1152.13
18217,7474,45,2,62.74
18218,7474,43,1,452.09
18219,7474,15,2,189.18
18220,7475,15,2,189.18
18221,7475,2,2,217.94
18222,7476,45,1,70.27
18223,7477,15,1,189.18
18224,7478,29,2,1217.97
18225,7478,15,2,199.99
18226,7478,84,1,350.18
18227,7479,29,1,1152.13
18228,7479,71,2,376.55
18229,7479,84,1,329.11
18230,7480,51,1,1381.23
18231,7480,29,1,1217.97
18232,7481,51,1,1505.85
18233,7482,84,1,342.28
18234,7482,45,1,72.78
18235,7483,51,1,1505.85
18236,7483,84,2,342.28
18237,7484,71,1,415.71
18238,7484,51,1,1588.94
18239,7484,15,2,206.75
18240,7485,2,1,226.66
18241,7486,71,2,391.61
18242,7486,45,2,72.78
18243,7486,29,2,1193.28
18244,7486,2,2,226.66
18245,7487,43,1,470.17
18246,7487,51,1,1505.85
18247,7487,71,1,436.8
18248,7488,43,2,499.1
18249,7488,45,2,76.79
18250,7489,43,2,499.1
18251,7489,51,2,1588.94
18252,7489,84,2,363.34
18253,7490,45,1,76.79
18254,7490,43,1,499.1
18255,7490,51,2,1588.94
18256,7490,2,2,240.6
18257,7491,71,2,460.9
18258,7491,45,1,76.79
18259,7492,71,1,460.9
18260,7492,51,1,1588.94
18261,7492,2,2,240.6
18262,7493,84,1,342.28
18263,7493,2,1,226.66
18264,7493,71,2,436.8
18265,7494,2,1,240.6
18266,7495,71,1,436.8
18267,7495,43,2,470.17
18268,7495,2,2,226.66
18269,7495,84,2,342.28
18270,7496,71,1,460.9
18271,7496,2,1,240.6
18272,7496,84,1,402.83
18273,7497,45,2,76.79
18274,7497,84,1,402.83
18275,7497,43,2,499.1
18276,7497,2,1,240.6
18277,7498,2,2,226.66
18278,7498,71,1,436.8
18279,7499,2,2,266.76
18280,7500,71,1,460.9
18281,7500,2,1,266.76
18282,7501,2,2,252.81
18283,7501,71,1,436.8
18284,7501,43,1,524.42
18285,7501,45,1,72.78
18286,7502,84,2,381.77
18287,7502,71,2,436.8
18288,7502,2,1,252.81
18289,7503,43,1,524.42
18290,7503,84,2,381.77
18291,7504,84,1,402.83
18292,7504,2,1,266.76
18293,7505,2,2,252.81
18294,7506,84,2,381.77
18295,7506,43,1,524.42
18296,7507,2,1,266.76
18297,7507,43,2,553.36
18298,7508,43,2,553.36
18299,7508,2,1,266.76
18300,7509,43,2,524.42
18301,7510,43,1,524.42
18302,7511,2,1,266.76
18303,7512,77,2,211.77
18304,7512,10,1,247.17
18305,7512,30,1,368.39
18306,7512,26,1,236.97
18307,7513,7,1,211.95
18308,7513,29,2,1135.67
18309,7514,95,1,23105.82
18310,7514,96,1,358.74
18311,7514,44,2,1215.99
18312,7515,10,2,232.84
18313,7515,51,1,1350.08
18314,7516,26,2,223.24
18315,7516,95,2,21766.35
18316,7517,29,1,1069.84
18317,7517,51,2,1350.08
18318,7518,7,2,199.67
18319,7518,10,1,232.84
18320,7519,10,1,232.84
18321,7519,51,2,1350.08
18322,7520,72,2,402.56
18323,7521,69,1,1843.91
18324,7521,11,1,175.11
18325,7522,88,1,34242.29
18326,7523,72,2,402.56
18327,7523,7,1,199.67
18328,7524,30,2,347.04
18329,7525,90,2,792.67
18330,7526,11,2,175.11
18331,7526,96,2,337.95
18332,7526,30,1,347.04
18333,7527,11,2,185.89
18334,7528,88,2,34242.29
18335,7528,72,2,402.56
18336,7528,61,2,202.88
18337,7528,7,2,199.67
18338,7529,44,1,1145.5
18339,7530,29,1,1069.84
18340,7530,88,2,34242.29
18341,7531,7,1,211.95
18342,7531,26,1,236.97
18343,7531,69,2,2170.14
18344,7532,95,2,23105.82
18345,7532,7,2,211.95
18346,7533,69,2,2170.14
18347,7533,77,1,211.77
18348,7533,61,1,238.77
18349,7533,96,1,397.74
18350,7534,88,2,36349.5
18351,7534,11,2,185.89
18352,7534,90,1,878.83
18353,7535,80,1,1636.88
18354,7535,69,1,2056.67
18355,7535,88,2,38193.32
18356,7535,77,1,199.5
18357,7536,61,2,218.48
18358,7536,30,2,333.69
18359,7537,95,1,22268.66
18360,7537,29,2,1094.52
18361,7537,10,2,238.22
18362,7537,96,2,384.74
18363,7538,11,1,168.38
18364,7538,26,2,214.65
18365,7539,29,1,1028.69
18366,7539,44,1,1101.44
18367,7539,11,2,188.58
18368,7539,88,1,36876.31
18369,7540,69,1,2099.22
18370,7540,29,2,1094.52
18371,7540,11,2,199.36
18372,7540,44,1,1171.93
18373,7541,29,1,1028.69
18374,7541,72,1,433.52
18375,7542,72,2,433.52
18376,7542,26,2,214.65
18377,7542,80,2,1573.93
18378,7542,96,2,363.94
18379,7543,96,2,363.94
18380,7543,11,1,188.58
18381,7543,29,2,1028.69
18382,7543,95,1,20929.19
18383,7544,29,1,1152.13
18384,7544,95,2,20929.19
18385,7544,96,1,363.94
18386,7544,51,1,1298.15
18387,7545,11,2,188.58
18388,7546,44,1,1101.44
18389,7546,26,2,214.65
18390,7547,95,2,20929.19
18391,7547,29,1,1152.13
18392,7547,30,1,333.69
18393,7547,88,2,36876.31
18394,7548,11,2,188.58
18395,7548,10,1,223.89
18396,7549,7,2,204.27
18397,7549,30,2,355.04
18398,7549,90,1,850.11
18399,7549,69,1,2099.22
18400,7550,72,1,433.52
18401,7550,26,1,214.65
18402,7550,90,1,804.16
18403,7550,29,2,1152.13
18404,7551,61,1,230.97
18405,7552,77,2,191.83
18406,7553,80,1,1573.93
18407,7554,90,2,804.16
18408,7554,51,1,1298.15
18409,7554,29,2,1152.13
18410,7555,90,2,850.11
18411,7555,77,2,204.1
18412,7556,61,2,230.97
18413,7557,90,1,850.11
18414,7557,7,2,204.27
18415,7557,80,2,1674.66
18416,7558,95,2,20929.19
18417,7558,26,2,214.65
18418,7559,30,1,333.69
18419,7559,88,1,36876.31
18420,7560,44,1,1101.44
18421,7561,88,1,38983.53
18422,7561,69,1,2099.22
18423,7561,26,2,228.39
18424,7561,30,1,355.04
18425,7562,90,1,850.11
18426,7563,29,2,1217.97
18427,7563,26,2,228.39
18428,7564,26,2,214.65
18429,7564,90,2,804.16
18430,7564,96,2,363.94
18431,7564,80,1,1573.93
18432,7565,95,1,20929.19
18433,7565,7,2,191.99
18434,7565,90,2,804.16
18435,7565,80,2,1762.8
18436,7566,51,1,1381.23
18437,7566,88,2,38983.53
18438,7566,77,1,204.1
18439,7567,11,1,199.36
18440,7568,72,1,433.52
18441,7568,80,2,1762.8
18442,7568,44,2,1101.44
18443,7568,88,1,36876.31
18444,7569,10,1,223.89
18445,7570,88,2,38983.53
18446,7570,95,2,22268.66
18447,7570,26,2,254.15
18448,7571,96,1,363.94
18449,7571,95,1,20929.19
18450,7572,7,2,191.99
18451,7572,77,2,191.83
18452,7572,61,2,218.48
18453,7573,90,1,804.16
18454,7574,26,2,262.73
18455,7574,44,2,1215.99
18456,7574,77,2,211.77
18457,7575,51,2,1433.16
18458,7575,29,2,1259.11
18459,7575,77,2,211.77
18460,7576,88,1,38193.32
18461,7576,80,2,1825.75
18462,7576,95,2,24277.86
18463,7577,72,1,449.01
18464,7577,80,2,1825.75
18465,7578,7,2,199.67
18466,7578,80,2,1825.75
18467,7579,44,1,1277.67
18468,7579,77,1,199.5
18469,7580,10,1,232.84
18470,7580,30,2,347.04
18471,7580,51,1,1350.08
18472,7580,72,1,449.01
18473,7581,51,2,1350.08
18474,7581,30,2,347.04
18475,7581,7,2,199.67
18476,7581,10,2,232.84
18477,7582,30,1,408.43
18478,7583,51,1,1433.16
18479,7583,69,2,2170.14
18480,7583,10,2,247.17
18481,7584,51,2,1350.08
18482,7584,30,1,387.08
18483,7584,7,2,199.67
18484,7585,95,1,25617.33
18485,7585,72,1,473.78
18486,7586,51,1,1350.08
18487,7587,80,1,1926.48
18488,7587,72,1,473.78
18489,7588,69,1,2056.67
18490,7588,10,1,232.84
18491,7589,26,2,262.73
18492,7589,77,2,211.77
18493,7589,7,1,211.95
18494,7589,30,1,408.43
18495,7590,51,1,1505.85
18496,7591,26,1,262.73
18497,7591,29,1,1259.11
18498,7591,30,1,408.43
18499,7592,77,1,222.52
18500,7593,77,2,234.79
18501,7593,44,1,1348.16
18502,7593,51,2,1588.94
18503,7593,10,2,247.17
18504,7594,95,2,24277.86
18505,7594,10,1,232.84
18506,7594,7,1,199.67
18507,7594,44,1,1277.67
18508,7595,77,1,234.79
18509,7595,10,2,247.17
18510,7596,30,2,387.08
18511,7596,44,2,1277.67
18512,7597,7,2,199.67
18513,7597,30,1,387.08
18514,7597,77,2,222.52
18515,7597,95,1,24277.86
18516,7598,7,2,199.67
18517,7598,44,2,1277.67
18518,7599,7,2,211.95
18519,7599,51,1,1588.94
18520,7599,44,1,1348.16
18521,7599,77,1,234.79
18522,7600,77,2,222.52
18523,7600,51,2,1505.85
18524,7601,44,2,1277.67
18525,7601,51,1,1505.85
18526,7602,30,1,387.08
18527,7603,26,1,248.99
18528,7603,30,1,387.08
18529,7603,10,2,259.71
18530,7604,10,1,259.71
18531,7604,44,1,1277.67
18532,7604,26,1,248.99
18533,7604,77,2,222.52
18534,7605,7,2,222.71
18535,7605,51,2,1505.85
18536,7605,44,1,1277.67
18537,7605,26,1,248.99
18538,7606,7,1,222.71
18539,7607,10,1,274.04
18540,7607,7,1,234.99
18541,7607,51,1,1588.94
18542,7608,10,1,274.04
18543,7608,7,1,234.99
18544,7609,7,1,234.99
18545,7609,10,1,274.04
18546,7610,7,2,234.99
18547,7610,10,2,274.04
18548,7611,10,1,274.04
18549,7611,7,2,234.99
18550,7612,10,2,259.71
18551,7612,7,1,222.71
18552,7613,10,1,259.71
18553,7614,24,2,71.13
18554,7614,36,1,121.61
18555,7614,85,2,385.5
18556,7615,19,2,235.39
18557,7615,68,1,9905.97
18558,7615,97,1,305.32
18559,7616,17,1,17200.61
18560,7617,29,1,1069.84
18561,7617,17,2,16203.47
18562,7618,24,1,67.0
18563,7618,14,1,400.01
18564,7618,42,1,23033.74
18565,7618,26,2,223.24
18566,7619,26,1,223.24
18567,7619,68,1,9331.71
18568,7619,76,2,230.01
18569,7620,42,2,23033.74
18570,7620,97,2,287.62
18571,7620,17,1,16203.47
18572,7621,26,1,236.97
18573,7622,17,2,16203.47
18574,7622,29,2,1069.84
18575,7623,97,2,287.62
18576,7623,17,1,16203.47
18577,7623,52,1,211.07
18578,7624,14,2,400.01
18579,7624,85,1,363.16
18580,7624,12,1,336.7
18581,7624,76,2,230.01
18582,7625,29,2,1135.67
18583,7625,19,2,235.39
18584,7625,17,2,17200.61
18585,7625,42,1,24451.2
18586,7626,42,2,24451.2
18587,7626,36,2,121.61
18588,7626,70,1,263.17
18589,7626,12,2,357.42
18590,7627,52,1,224.06
18591,7627,29,2,1135.67
18592,7627,17,2,17200.61
18593,7627,36,2,121.61
18594,7628,70,2,247.91
18595,7628,52,2,211.07
18596,7628,68,2,9331.71
18597,7628,36,1,114.56
18598,7629,76,1,244.16
18599,7630,17,2,15580.26
18600,7630,42,2,22147.82
18601,7630,97,2,276.56
18602,7631,70,2,253.63
18603,7631,14,1,409.24
18604,7632,76,2,221.16
18605,7633,85,2,349.19
18606,7633,17,1,15580.26
18607,7634,29,1,1028.69
18608,7634,12,2,323.75
18609,7634,17,2,17449.89
18610,7635,76,1,221.16
18611,7635,70,1,238.38
18612,7635,14,2,384.62
18613,7635,24,1,64.42
18614,7636,14,2,384.62
18615,7636,70,1,238.38
18616,7636,52,2,227.3
18617,7636,26,1,214.65
18618,7637,76,2,221.16
18619,7637,52,1,227.3
18620,7637,36,2,110.15
18621,7638,17,1,17449.89
18622,7638,85,2,349.19
18623,7638,68,2,8972.8
18624,7639,12,1,344.47
18625,7639,19,2,226.86
18626,7639,85,1,413.44
18627,7639,17,2,18447.03
18628,7640,26,2,228.39
18629,7640,19,2,226.86
18630,7641,76,1,221.16
18631,7641,17,2,17449.89
18632,7641,19,1,213.21
18633,7642,12,2,323.75
18634,7642,68,1,8972.8
18635,7642,24,2,64.42
18636,7643,52,1,227.3
18637,7643,12,1,362.6
18638,7644,68,1,8972.8
18639,7644,42,1,22147.82
18640,7644,85,2,391.09
18641,7644,24,1,64.42
18642,7645,36,1,117.2
18643,7645,14,2,409.24
18644,7646,36,1,110.15
18645,7646,24,1,64.42
18646,7646,26,1,214.65
18647,7647,52,1,227.3
18648,7647,68,1,8972.8
18649,7648,70,1,253.63
18650,7649,85,2,413.44
18651,7649,76,2,235.32
18652,7650,76,1,235.32
18653,7650,42,2,26223.02
18654,7650,17,2,18447.03
18655,7650,19,2,226.86
18656,7651,68,1,9547.06
18657,7652,68,1,8972.8
18658,7652,12,1,362.6
18659,7652,24,2,64.42
18660,7653,19,1,213.21
18661,7654,52,1,227.3
18662,7654,24,1,64.42
18663,7654,97,2,276.56
18664,7654,42,2,24805.56
18665,7655,36,2,110.15
18666,7655,85,1,391.09
18667,7656,42,1,24805.56
18668,7656,14,2,384.62
18669,7656,97,1,276.56
18670,7657,97,1,276.56
18671,7658,29,1,1094.52
18672,7658,36,1,117.2
18673,7659,17,1,17449.89
18674,7659,42,1,24805.56
18675,7659,76,2,221.16
18676,7660,36,1,117.2
18677,7661,14,1,409.24
18678,7661,17,2,18447.03
18679,7661,52,1,240.29
18680,7662,70,1,238.38
18681,7662,85,1,391.09
18682,7662,26,2,214.65
18683,7662,52,1,227.3
18684,7663,70,1,247.91
18685,7663,14,1,400.01
18686,7663,29,1,1069.84
18687,7663,36,2,114.56
18688,7664,17,2,19070.24
18689,7665,97,2,287.62
18690,7665,70,1,247.91
18691,7665,14,2,400.01
18692,7665,68,2,9331.71
18693,7666,42,2,27108.94
18694,7666,36,1,121.61
18695,7667,76,2,230.01
18696,7667,12,1,375.55
18697,7667,19,2,221.74
18698,7667,42,2,25691.48
18699,7668,42,1,27108.94
18700,7668,70,2,263.17
18701,7668,68,2,9905.97
18702,7668,29,2,1135.67
18703,7669,97,2,305.32
18704,7670,24,1,78.86
18705,7670,29,1,1135.67
18706,7671,70,1,247.91
18707,7672,26,2,236.97
18708,7672,24,1,78.86
18709,7672,76,1,244.16
18710,7672,70,2,263.17
18711,7673,12,1,375.55
18712,7673,97,1,287.62
18713,7673,26,1,223.24
18714,7673,24,2,74.73
18715,7674,19,2,235.39
18716,7674,36,2,121.61
18717,7675,42,2,25691.48
18718,7675,19,2,221.74
18719,7675,97,2,287.62
18720,7676,97,2,287.62
18721,7676,29,1,1069.84
18722,7677,29,2,1135.67
18723,7678,29,2,1069.84
18724,7678,24,1,74.73
18725,7678,19,2,247.33
18726,7679,26,1,236.97
18727,7679,12,2,396.27
18728,7680,19,1,247.33
18729,7680,76,2,230.01
18730,7680,29,2,1069.84
18731,7680,85,2,405.06
18732,7681,29,2,1069.84
18733,7681,76,1,230.01
18734,7681,26,1,223.24
18735,7681,97,1,287.62
18736,7682,12,1,396.27
18737,7682,36,2,121.61
18738,7682,70,2,263.17
18739,7682,19,1,260.97
18740,7683,97,2,287.62
18741,7683,76,2,230.01
18742,7684,36,2,121.61
18743,7684,85,2,427.41
18744,7685,19,1,247.33
18745,7686,14,2,400.01
18746,7686,12,1,375.55
18747,7687,29,1,1135.67
18748,7687,70,1,263.17
18749,7687,36,2,134.82
18750,7688,29,1,1135.67
18751,7688,36,2,134.82
18752,7688,14,2,424.63
18753,7688,68,1,9905.97
18754,7689,70,1,291.77
18755,7690,19,1,260.97
18756,7690,26,1,236.97
18757,7691,36,1,127.77
18758,7692,14,1,400.01
18759,7692,70,2,276.51
18760,7693,36,1,127.77
18761,7693,29,2,1069.84
18762,7693,85,1,405.06
18763,7694,19,1,247.33
18764,7694,76,1,230.01
18765,7694,29,1,1193.28
18766,7694,26,2,223.24
18767,7695,19,1,260.97
18768,7696,19,2,260.97
18769,7696,68,1,9905.97
18770,7697,97,1,287.62
18771,7697,14,1,400.01
18772,7698,29,1,1193.28
18773,7698,76,1,230.01
18774,7698,24,1,74.73
18775,7698,68,1,9331.71
18776,7699,19,1,247.33
18777,7699,76,1,230.01
18778,7699,97,2,287.62
18779,7700,36,1,127.77
18780,7701,14,1,400.01
18781,7701,29,1,1193.28
18782,7701,68,2,10408.45
18783,7702,70,2,276.51
18784,7703,36,1,127.77
18785,7704,19,1,260.97
18786,7704,14,2,424.63
18787,7704,29,2,1259.11
18788,7704,36,2,134.82
18789,7705,76,2,244.16
18790,7705,68,1,10982.71
18791,7705,97,2,305.32
18792,7705,36,2,134.82
18793,7706,19,2,252.44
18794,7707,26,2,240.41
18795,7707,68,1,10049.54
18796,7708,14,2,384.62
18797,7709,68,1,10049.54
18798,7709,24,2,72.16
18799,7709,29,1,1152.13
18800,7709,14,1,384.62
18801,7710,97,1,294.26
18802,7710,29,1,1217.97
18803,7710,26,1,254.15
18804,7710,68,1,10623.8
18805,7711,76,2,235.32
18806,7711,68,2,10623.8
18807,7711,24,1,76.28
18808,7712,29,2,1217.97
18809,7713,24,2,72.16
18810,7713,29,1,1152.13
18811,7714,26,2,240.41
18812,7714,70,2,266.98
18813,7715,24,2,72.16
18814,7715,70,2,266.98
18815,7716,24,1,72.16
18816,7716,29,2,1152.13
18817,7717,97,2,276.56
18818,7717,14,2,430.78
18819,7718,76,1,247.7
18820,7718,97,1,309.75
18821,7719,97,1,309.75
18822,7719,14,1,430.78
18823,7720,14,1,455.4
18824,7720,97,2,327.45
18825,7720,76,1,261.86
18826,7721,76,2,261.86
18827,7721,97,1,327.45
18828,7722,76,1,247.7
18829,7723,14,2,455.4
18830,7723,97,1,327.45
18831,7723,76,2,261.86
18832,7724,14,1,430.78
18833,7725,76,2,247.7
18834,7726,76,1,261.86
18835,7727,76,1,261.86
18836,7727,97,1,327.45
18837,7727,14,2,455.4
18838,7728,14,1,430.78
18839,7728,97,2,309.75
18840,7729,14,2,430.78
18841,7729,97,2,309.75
18842,7730,97,2,309.75
18843,7731,14,1,455.4
18844,7732,19,1,226.86
18845,7733,50,1,214.94
18846,7734,23,2,14618.6
18847,7734,19,2,213.21
18848,7734,27,2,16269.24
18849,7734,94,2,211.61
18850,7735,45,1,62.74
18851,7736,27,2,16269.24
18852,7736,19,1,213.21
18853,7736,35,2,222.75
18854,7736,74,1,128.05
18855,7737,43,2,452.09
18856,7737,45,2,62.74
18857,7737,12,1,323.75
18858,7737,50,1,214.94
18859,7738,94,1,250.55
18860,7739,38,2,238.28
18861,7739,43,1,481.02
18862,7740,50,2,214.94
18863,7740,17,2,15580.26
18864,7740,23,1,14618.6
18865,7741,35,1,222.75
18866,7742,27,1,16269.24
18867,7743,17,1,15580.26
18868,7743,23,2,14618.6
18869,7743,45,2,62.74
18870,7744,74,2,128.05
18871,7744,50,1,214.94
18872,7745,19,1,226.86
18873,7745,94,2,250.55
18874,7745,29,2,1094.52
18875,7746,12,1,362.6
18876,7746,27,1,16269.24
18877,7747,74,1,136.25
18878,7747,94,2,250.55
18879,7748,27,2,17310.47
18880,7748,50,1,228.69
18881,7748,19,1,226.86
18882,7749,17,1,15580.26
18883,7750,38,1,250.82
18884,7750,12,2,362.6
18885,7750,50,1,214.94
18886,7751,94,2,250.55
18887,7751,50,2,228.69
18888,7752,12,2,362.6
18889,7753,29,1,1028.69
18890,7753,20,2,14427.7
18891,7754,43,1,452.09
18892,7754,23,1,14618.6
18893,7754,35,1,222.75
18894,7754,12,2,362.6
18895,7755,35,1,222.75
18896,7756,20,1,14427.7
18897,7756,50,2,214.94
18898,7756,94,2,237.01
18899,7757,17,1,15580.26
18900,7757,43,1,452.09
18901,7757,38,2,250.82
18902,7757,29,1,1028.69
18903,7758,19,1,226.86
18904,7759,50,1,214.94
18905,7759,73,2,29552.71
18906,7759,12,1,362.6
18907,7760,35,2,237.01
18908,7760,43,2,481.02
18909,7760,19,1,226.86
18910,7760,74,1,136.25
18911,7761,43,2,452.09
18912,7761,35,1,222.75
18913,7761,19,1,213.21
18914,7762,12,1,362.6
18915,7762,20,2,14427.7
18916,7762,27,1,16269.24
18917,7763,45,1,62.74
18918,7763,50,2,214.94
18919,7763,17,1,15580.26
18920,7763,73,2,29552.71
18921,7764,35,1,231.66
18922,7764,45,2,65.25
18923,7764,20,1,15004.81
18924,7765,17,1,17200.61
18925,7765,74,1,141.37
18926,7765,23,1,16138.93
18927,7766,45,2,65.25
18928,7766,43,1,470.17
18929,7766,73,2,34281.15
18930,7767,35,2,231.66
18931,7767,17,2,16203.47
18932,7767,50,2,223.53
18933,7767,73,2,34281.15
18934,7768,29,2,1135.67
18935,7768,38,2,274.11
18936,7769,73,1,36172.52
18937,7770,19,1,221.74
18938,7771,43,1,470.17
18939,7771,94,1,245.47
18940,7772,19,1,221.74
18941,7773,45,1,69.26
18942,7773,27,2,17961.24
18943,7774,27,2,16920.01
18944,7775,74,1,133.17
18945,7775,45,1,65.25
18946,7775,38,1,259.78
18947,7775,20,1,15004.81
18948,7776,43,1,470.17
18949,7776,74,2,133.17
18950,7776,35,1,231.66
18951,7777,19,2,221.74
18952,7778,20,1,17659.5
18953,7778,73,1,36172.52
18954,7778,43,2,499.1
18955,7779,74,2,133.17
18956,7780,20,2,16736.13
18957,7781,73,2,34281.15
18958,7781,35,2,231.66
18959,7781,50,1,223.53
18960,7781,94,1,245.47
18961,7782,50,2,223.53
18962,7782,38,1,259.78
18963,7783,73,2,36172.52
18964,7784,19,2,221.74
18965,7784,50,1,223.53
18966,7784,35,1,231.66
18967,7784,74,2,133.17
18968,7785,38,1,274.11
18969,7785,17,1,17200.61
18970,7786,73,2,36172.52
18971,7786,23,1,16138.93
18972,7786,19,1,235.39
18973,7787,35,2,245.92
18974,7787,29,1,1135.67
18975,7787,23,2,16138.93
18976,7787,38,1,274.11
18977,7788,50,2,223.53
18978,7788,29,1,1069.84
18979,7789,45,2,69.26
18980,7789,74,1,156.73
18981,7790,23,2,15203.34
18982,7790,74,1,148.54
18983,7791,45,1,65.25
18984,7791,43,2,524.42
18985,7792,19,2,221.74
18986,7792,45,2,65.25
18987,7793,19,1,221.74
18988,7793,43,2,524.42
18989,7793,74,2,148.54
18990,7794,35,1,258.39
18991,7795,50,2,237.29
18992,7796,29,2,1135.67
18993,7796,43,2,553.36
18994,7797,23,2,15203.34
18995,7798,43,2,553.36
18996,7798,17,1,19070.24
18997,7798,45,2,69.26
18998,7799,29,1,1069.84
18999,7799,43,1,524.42
19000,7799,23,1,16957.58
19001,7800,27,1,16920.01
19002,7800,23,1,16957.58
19003,7800,19,1,221.74
19004,7801,17,1,19070.24
19005,7802,43,1,524.42
19006,7802,27,1,16920.01
19007,7802,19,1,221.74
19008,7802,50,1,223.53
19009,7803,45,2,65.25
19010,7803,23,1,16957.58
19011,7804,19,2,221.74
19012,7804,43,1,524.42
19013,7804,45,1,65.25
19014,7804,27,1,18872.32
19015,7805,23,1,17893.17
19016,7806,17,1,18073.1
19017,7806,27,2,18872.32
19018,7806,43,1,524.42
19019,7807,17,1,18073.1
19020,7807,45,1,65.25
19021,7807,29,1,1069.84
19022,7807,27,2,18872.32
19023,7808,43,1,553.36
19024,7808,23,1,17893.17
19025,7809,19,1,221.74
19026,7809,50,2,249.33
19027,7809,29,2,1069.84
19028,7809,20,2,16736.13
19029,7810,27,1,19913.55
19030,7810,74,1,156.73
19031,7810,45,1,76.79
19032,7810,19,1,260.97
19033,7811,17,2,19070.24
19034,7811,23,1,17893.17
19035,7811,35,2,272.65
19036,7812,20,2,17659.5
19037,7813,19,1,247.33
19038,7813,50,2,249.33
19039,7813,35,2,258.39
19040,7813,20,1,16736.13
19041,7814,29,1,1028.69
19042,7814,17,2,17449.89
19043,7814,74,2,143.42
19044,7814,20,2,16159.02
19045,7815,35,2,249.48
19046,7815,19,2,238.8
19047,7815,17,2,17449.89
19048,7815,29,1,1028.69
19049,7816,19,1,252.44
19050,7816,27,2,19262.78
19051,7817,35,2,263.74
19052,7817,27,1,19262.78
19053,7817,29,2,1094.52
19054,7817,45,2,74.28
19055,7818,45,2,70.27
19056,7818,50,2,240.73
19057,7818,20,2,16159.02
19058,7819,29,1,1152.13
19059,7820,35,1,249.48
19060,7820,17,2,17449.89
19061,7821,29,1,1152.13
19062,7821,74,1,143.42
19063,7822,19,2,238.8
19064,7822,29,2,1152.13
19065,7822,23,2,16372.83
19066,7823,23,1,16372.83
19067,7823,45,2,70.27
19068,7824,27,2,19262.78
19069,7824,50,2,254.49
19070,7825,74,1,143.42
19071,7826,23,2,17308.42
19072,7826,19,1,252.44
19073,7826,29,1,1217.97
19074,7827,19,1,238.8
19075,7827,29,2,1152.13
19076,7827,45,1,70.27
19077,7827,23,1,16372.83
19078,7828,19,2,238.8
19079,7829,45,2,74.28
19080,7829,19,1,252.44
19081,7829,29,1,1217.97
19082,7830,23,1,17308.42
19083,7830,45,1,74.28
19084,7830,50,2,254.49
19085,7831,45,1,70.27
19086,7832,23,1,16372.83
19087,7832,50,1,240.73
19088,7832,45,2,70.27
19089,7833,19,1,238.8
19090,7833,50,1,240.73
19091,7834,29,1,1217.97
19092,7835,73,2,29552.71
19093,7835,60,2,165.4
19094,7835,44,2,1101.44
19095,7835,9,1,537.08
19096,7836,60,1,165.4
19097,7837,5,1,179.51
19098,7837,92,1,28788.67
19099,7837,2,2,231.89
19100,7838,76,2,221.16
19101,7839,2,1,217.94
19102,7839,42,2,22147.82
19103,7840,94,1,225.16
19104,7840,30,2,355.04
19105,7841,73,2,29552.71
19106,7841,42,1,22147.82
19107,7841,4,2,359.14
19108,7842,44,1,1171.93
19109,7842,8,2,271.89
19110,7843,5,2,179.51
19111,7843,73,1,31444.09
19112,7843,69,1,1886.46
19113,7844,92,1,28788.67
19114,7844,2,1,231.89
19115,7844,7,2,204.27
19116,7845,8,2,255.54
19117,7845,9,2,537.08
19118,7845,56,2,255.65
19119,7845,60,1,165.4
19120,7846,73,2,31444.09
19121,7846,30,1,355.04
19122,7846,7,1,204.27
19123,7846,9,1,571.45
19124,7847,4,2,382.12
19125,7847,5,2,179.51
19126,7847,56,1,272.01
19127,7847,2,1,231.89
19128,7848,81,1,462.59
19129,7849,73,2,29552.71
19130,7849,92,1,27057.02
19131,7849,42,1,22147.82
19132,7850,2,1,217.94
19133,7850,76,2,221.16
19134,7850,82,1,147.41
19135,7851,30,2,355.04
19136,7851,69,1,1886.46
19137,7851,60,2,175.99
19138,7851,4,2,382.12
19139,7852,30,2,355.04
19140,7852,9,2,635.9
19141,7852,73,1,31444.09
19142,7853,94,1,211.61
19143,7854,5,2,168.71
19144,7854,69,2,1772.99
19145,7854,92,2,27057.02
19146,7854,56,2,255.65
19147,7855,94,2,211.61
19148,7856,2,2,217.94
19149,7856,56,1,255.65
19150,7856,69,2,1772.99
19151,7857,75,2,422.74
19152,7857,5,2,168.71
19153,7857,30,1,333.69
19154,7857,56,1,255.65
19155,7858,9,2,601.52
19156,7859,4,1,373.5
19157,7859,9,2,623.01
19158,7859,2,2,226.66
19159,7860,92,2,28139.31
19160,7861,76,2,230.01
19161,7861,60,2,172.02
19162,7861,42,2,23033.74
19163,7861,82,1,153.31
19164,7862,42,1,24451.2
19165,7862,9,2,657.38
19166,7862,56,1,282.24
19167,7862,75,1,466.7
19168,7863,42,1,23033.74
19169,7863,75,1,439.65
19170,7863,2,2,252.81
19171,7863,5,1,175.46
19172,7864,30,1,368.39
19173,7864,2,2,266.76
19174,7865,7,1,211.95
19175,7865,75,2,466.7
19176,7866,42,1,23033.74
19177,7866,75,2,439.65
19178,7867,69,2,1957.38
19179,7868,73,1,32626.19
19180,7868,81,2,479.98
19181,7869,4,2,373.5
19182,7870,30,2,347.04
19183,7870,76,2,230.01
19184,7870,2,2,252.81
19185,7871,75,1,490.38
19186,7872,8,1,265.76
19187,7872,42,2,23033.74
19188,7872,73,2,30734.82
19189,7872,81,2,452.15
19190,7873,73,1,30734.82
19191,7874,73,1,32626.19
19192,7874,94,2,233.62
19193,7875,7,2,211.95
19194,7875,94,1,233.62
19195,7876,42,1,23033.74
19196,7876,30,2,347.04
19197,7876,94,2,220.08
19198,7876,81,1,452.15
19199,7877,44,2,1145.5
19200,7877,56,1,265.88
19201,7878,56,2,265.88
19202,7878,8,1,265.76
19203,7879,76,2,244.16
19204,7880,81,1,479.98
19205,7880,8,1,282.11
19206,7880,7,2,211.95
19207,7880,82,2,162.74
19208,7881,9,2,657.38
19209,7881,82,2,162.74
19210,7881,73,2,32626.19
19211,7881,60,2,182.6
19212,7882,60,1,182.6
19213,7882,44,1,1215.99
19214,7883,82,2,180.43
19215,7883,44,2,1215.99
19216,7884,56,1,265.88
19217,7884,75,1,490.38
19218,7884,4,1,373.5
19219,7885,30,2,347.04
19220,7885,82,1,171.0
19221,7885,7,2,199.67
19222,7886,7,2,211.95
19223,7886,4,1,396.49
19224,7887,82,1,180.43
19225,7887,44,1,1215.99
19226,7887,94,2,233.62
19227,7888,81,2,479.98
19228,7889,8,2,282.11
19229,7890,8,1,265.76
19230,7890,56,2,265.88
19231,7890,7,1,199.67
19232,7891,5,2,186.26
19233,7891,56,2,282.24
19234,7892,4,2,373.5
19235,7893,69,1,1957.38
19236,7894,82,2,180.43
19237,7894,44,1,1215.99
19238,7894,9,2,657.38
19239,7895,82,2,171.0
19240,7896,69,1,1843.91
19241,7896,81,2,452.15
19242,7896,4,1,373.5
19243,7897,81,1,452.15
19244,7897,92,2,28139.31
19245,7897,75,2,490.38
19246,7897,8,1,265.76
19247,7898,92,1,29870.96
19248,7898,5,2,186.26
19249,7898,2,1,266.76
19250,7898,81,2,479.98
19251,7899,82,1,171.0
19252,7899,9,2,623.01
19253,7899,42,1,23033.74
19254,7899,4,1,373.5
19255,7900,94,1,233.62
19256,7901,73,2,30734.82
19257,7902,73,2,30734.82
19258,7902,76,2,230.01
19259,7903,69,1,1843.91
19260,7904,8,1,265.76
19261,7904,5,2,175.46
19262,7905,69,1,1843.91
19263,7905,8,1,265.76
19264,7906,2,2,266.76
19265,7906,8,2,282.11
19266,7906,81,2,479.98
19267,7906,60,2,182.6
19268,7907,44,2,1145.5
19269,7908,8,1,265.76
19270,7908,44,2,1277.67
19271,7909,73,2,34281.15
19272,7909,75,2,490.38
19273,7910,94,2,220.08
19274,7910,73,1,34281.15
19275,7910,60,1,172.02
19276,7910,7,2,199.67
19277,7911,81,1,479.98
19278,7912,56,1,265.88
19279,7912,75,2,490.38
19280,7913,44,2,1277.67
19281,7914,81,2,452.15
19282,7915,8,2,282.11
19283,7915,69,1,1957.38
19284,7915,5,1,186.26
19285,7916,42,1,22147.82
19286,7917,30,1,355.04
19287,7917,5,1,199.76
19288,7917,81,2,462.59
19289,7918,82,1,165.1
19290,7918,7,1,191.99
19291,7918,69,2,1772.99
19292,7918,44,2,1233.61
19293,7919,44,1,1233.61
19294,7920,30,2,333.69
19295,7920,76,2,221.16
19296,7920,5,1,188.96
19297,7920,8,1,286.2
19298,7921,76,1,221.16
19299,7921,4,2,359.14
19300,7922,42,2,22147.82
19301,7922,75,1,473.47
19302,7922,44,1,1233.61
19303,7923,76,1,235.32
19304,7923,60,2,175.99
19305,7924,94,2,211.61
19306,7924,7,2,191.99
19307,7924,92,2,27057.02
19308,7924,76,2,221.16
19309,7925,2,1,244.09
19310,7925,44,2,1233.61
19311,7926,2,1,244.09
19312,7927,42,1,23565.29
19313,7927,73,2,34990.41
19314,7927,56,2,302.69
19315,7928,81,2,514.76
19316,7928,5,1,199.76
19317,7928,94,1,225.16
19318,7928,30,2,355.04
19319,7929,7,1,204.27
19320,7929,8,1,302.56
19321,7929,42,1,23565.29
19322,7929,4,1,382.12
19323,7930,4,2,359.14
19324,7930,5,2,188.96
19325,7930,56,2,286.33
19326,7930,76,1,221.16
19327,7931,5,2,188.96
19328,7932,42,2,22147.82
19329,7933,76,2,221.16
19330,7933,8,1,286.2
19331,7934,60,2,185.25
19332,7934,42,1,22147.82
19333,7934,8,2,286.2
19334,7934,56,1,286.33
19335,7935,69,2,1886.46
19336,7935,60,2,195.83
19337,7935,5,2,199.76
19338,7935,76,2,235.32
19339,7936,8,1,286.2
19340,7937,30,1,373.73
19341,7938,30,2,373.73
19342,7938,42,1,22147.82
19343,7938,73,1,33099.04
19344,7938,56,2,286.33
19345,7939,56,1,286.33
19346,7939,81,2,486.93
19347,7940,30,1,395.09
19348,7940,60,2,195.83
19349,7940,73,1,34990.41
19350,7941,44,1,1304.1
19351,7941,92,2,28788.67
19352,7941,94,1,225.16
19353,7942,7,1,191.99
19354,7942,44,1,1233.61
19355,7942,76,1,247.7
19356,7942,73,1,33099.04
19357,7943,60,2,185.25
19358,7943,69,2,1772.99
19359,7943,94,2,211.61
19360,7944,30,2,395.09
19361,7945,8,1,286.2
19362,7945,30,1,373.73
19363,7946,73,1,33099.04
19364,7946,30,1,373.73
19365,7946,81,2,486.93
19366,7946,8,1,286.2
19367,7947,56,1,286.33
19368,7947,60,1,185.25
19369,7948,42,1,22147.82
19370,7949,76,2,261.86
19371,7949,69,2,1886.46
19372,7949,73,1,34990.41
19373,7949,42,1,23565.29
19374,7950,42,2,22147.82
19375,7950,8,2,286.2
19376,7951,7,2,204.27
19377,7951,4,1,382.12
19378,7952,60,1,185.25
19379,7952,76,1,247.7
19380,7952,7,1,191.99
19381,7953,92,1,27057.02
19382,7953,4,1,359.14
19383,7953,73,1,33099.04
19384,7953,94,1,211.61
19385,7954,81,1,486.93
19386,7954,5,2,188.96
19387,7955,5,1,188.96
19388,7955,94,2,211.61
19389,7955,30,1,373.73
19390,7956,81,1,486.93
19391,7956,94,1,211.61
19392,7957,7,1,191.99
19393,7957,76,1,247.7
19394,7958,7,2,204.27
19395,7958,92,1,32035.52
19396,7958,76,1,261.86
19397,7959,92,1,33117.8
19398,7959,69,2,2170.14
19399,7959,94,2,233.62
19400,7960,94,1,220.08
19401,7960,69,1,2056.67
19402,7961,94,2,220.08
19403,7962,69,2,2170.14
19404,7962,94,2,259.01
19405,7963,92,1,31386.15
19406,7964,76,2,270.7
19407,7964,4,1,396.49
19408,7964,92,2,33117.8
19409,7964,94,2,259.01
19410,7965,94,2,245.47
19411,7965,42,2,23033.74
19412,7965,69,1,2056.67
19413,7965,76,1,256.55
19414,7966,7,2,222.71
19415,7966,92,2,31386.15
19416,7966,94,1,245.47
19417,7967,76,1,256.55
19418,7967,94,2,245.47
19419,7967,7,2,222.71
19420,7967,42,2,23033.74
19421,7968,69,2,2170.14
19422,7968,7,2,234.99
19423,7968,92,2,33117.8
19424,7969,42,2,25691.48
19425,7969,92,1,31386.15
19426,7969,7,2,222.71
19427,7970,92,2,31386.15
19428,7970,4,2,373.5
19429,7970,7,1,222.71
19430,7970,94,1,245.47
19431,7971,4,2,373.5
19432,7971,42,1,25691.48
19433,7972,69,2,2056.67
19434,7972,94,2,245.47
19435,7972,4,2,416.6
19436,7972,7,1,222.71
19437,7973,4,2,439.58
19438,7973,69,1,2170.14
19439,7973,42,2,27108.94
19440,7974,42,1,25691.48
19441,7974,4,1,416.6
19442,7974,69,1,2056.67
19443,7975,42,1,25691.48
19444,7976,4,2,416.6
19445,7976,42,2,25691.48
19446,7977,42,1,27108.94
19447,7978,42,1,25691.48
19448,7979,42,1,25691.48
19449,7980,75,1,422.74
19450,7981,60,2,165.4
19451,7981,51,2,1298.15
19452,7981,19,1,213.21
19453,7981,22,2,299.84
19454,7982,64,2,368.92
19455,7983,51,2,1298.15
19456,7983,1,1,450.11
19457,7983,63,2,149.99
19458,7984,19,1,213.21
19459,7984,6,1,169.03
19460,7985,48,2,338.05
19461,7986,19,2,226.86
19462,7986,63,1,159.59
19463,7986,79,1,237.21
19464,7986,51,1,1381.23
19465,7987,2,1,231.89
19466,7988,53,2,848.59
19467,7989,65,1,15441.31
19468,7989,2,2,217.94
19469,7989,83,1,7797.42
19470,7989,19,2,213.21
19471,7990,9,2,571.45
19472,7990,64,2,392.54
19473,7990,52,2,215.94
19474,7991,85,1,363.16
19475,7991,75,2,439.65
19476,7991,2,2,226.66
19477,7992,17,1,17200.61
19478,7992,3,2,234.67
19479,7993,19,1,221.74
19480,7993,65,2,16058.97
19481,7993,83,2,8109.32
19482,7994,65,2,17047.21
19483,7994,3,2,234.67
19484,7994,52,1,224.06
19485,7994,63,2,165.59
19486,7995,64,2,407.29
19487,7995,73,1,32626.19
19488,7995,48,1,373.21
19489,7995,75,2,466.7
19490,7996,52,2,224.06
19491,7996,6,2,186.6
19492,7997,60,2,182.6
19493,7998,52,1,211.07
19494,7999,78,2,12794.89
19495,7999,22,1,311.83
19496,8000,51,1,1350.08
19497,8000,75,2,439.65
19498,8000,78,2,12794.89
19499,8000,64,1,383.68
19500,8001,52,1,224.06
19501,8001,64,1,407.29
19502,8001,73,2,32626.19
19503,8002,64,2,383.68
19504,8002,1,1,468.12
19505,8002,3,2,221.07
19506,8002,54,1,8163.96
19507,8003,22,2,311.83
19508,8003,48,1,351.57
19509,8003,6,2,175.79
19510,8004,48,2,373.21
19511,8004,22,2,331.02
19512,8005,79,2,231.85
19513,8005,2,1,226.66
19514,8005,54,2,9105.96
19515,8005,64,2,383.68
19516,8006,17,1,16203.47
19517,8006,78,2,12794.89
19518,8006,60,1,172.02
19519,8006,44,1,1145.5
19520,8007,44,2,1215.99
19521,8008,83,2,8608.36
19522,8008,1,2,496.92
19523,8008,48,2,373.21
19524,8009,3,2,234.67
19525,8009,6,1,186.6
19526,8009,1,2,496.92
19527,8010,17,2,16203.47
19528,8011,48,2,351.57
19529,8011,44,2,1145.5
19530,8012,3,1,221.07
19531,8012,2,2,226.66
19532,8012,52,2,211.07
19533,8013,1,2,468.12
19534,8013,65,1,16058.97
19535,8013,3,2,221.07
19536,8013,54,1,9105.96
19537,8014,3,1,221.07
19538,8015,78,2,13582.26
19539,8016,65,1,16058.97
19540,8016,53,1,882.53
19541,8017,51,1,1350.08
19542,8017,79,2,231.85
19543,8018,78,2,12794.89
19544,8018,51,2,1350.08
19545,8018,22,2,311.83
19546,8019,3,2,221.07
19547,8019,1,1,468.12
19548,8019,64,2,383.68
19549,8020,9,1,558.56
19550,8021,17,2,16203.47
19551,8021,60,2,172.02
19552,8022,75,1,466.7
19553,8022,83,1,8608.36
19554,8022,85,1,385.5
19555,8022,51,2,1433.16
19556,8023,19,1,221.74
19557,8024,6,1,175.79
19558,8024,19,2,221.74
19559,8024,2,1,226.66
19560,8025,75,1,439.65
19561,8025,73,2,30734.82
19562,8025,52,2,211.07
19563,8026,19,2,221.74
19564,8027,6,2,175.79
19565,8027,51,1,1350.08
19566,8027,17,2,16203.47
19567,8027,9,1,558.56
19568,8028,73,2,32626.19
19569,8028,63,1,165.59
19570,8028,54,2,9608.35
19571,8029,9,2,558.56
19572,8029,53,2,882.53
19573,8029,19,1,221.74
19574,8030,3,2,221.07
19575,8030,65,2,16058.97
19576,8030,1,2,468.12
19577,8030,6,1,175.79
19578,8031,51,1,1350.08
19579,8031,65,1,16058.97
19580,8032,52,1,211.07
19581,8033,65,2,17911.92
19582,8033,48,1,351.57
19583,8034,79,2,258.61
19584,8035,51,2,1433.16
19585,8035,60,1,182.6
19586,8036,22,1,331.02
19587,8036,79,1,272.88
19588,8037,51,1,1505.85
19589,8037,3,2,221.07
19590,8037,44,1,1145.5
19591,8038,79,1,258.61
19592,8038,48,2,351.57
19593,8039,17,2,17200.61
19594,8039,53,2,936.84
19595,8039,73,2,32626.19
19596,8040,6,1,186.6
19597,8040,85,1,385.5
19598,8040,78,1,13582.26
19599,8041,85,1,363.16
19600,8042,64,2,427.95
19601,8042,1,1,468.12
19602,8043,9,1,558.56
19603,8043,60,2,172.02
19604,8043,2,2,226.66
19605,8043,64,1,427.95
19606,8044,17,2,16203.47
19607,8044,3,1,221.07
19608,8045,65,1,17911.92
19609,8045,19,1,221.74
19610,8045,2,2,252.81
19611,8046,6,2,169.03
19612,8046,3,2,212.56
19613,8046,78,1,12302.77
19614,8047,73,1,31444.09
19615,8048,54,1,8791.96
19616,8048,60,2,165.4
19617,8048,78,1,12302.77
19618,8048,17,1,15580.26
19619,8049,65,2,18282.51
19620,8049,2,2,258.04
19621,8049,44,1,1171.93
19622,8049,60,1,175.99
19623,8050,65,2,17294.27
19624,8050,17,2,15580.26
19625,8050,53,2,950.42
19626,8050,9,2,537.08
19627,8051,64,1,413.2
19628,8051,3,1,212.56
19629,8051,73,2,29552.71
19630,8052,53,1,950.42
19631,8052,64,2,413.2
19632,8052,9,1,537.08
19633,8052,54,1,8791.96
19634,8053,52,2,202.95
19635,8053,83,1,7797.42
19636,8054,85,2,349.19
19637,8055,83,1,7797.42
19638,8055,53,1,950.42
19639,8056,83,1,7797.42
19640,8056,6,1,169.03
19641,8056,85,1,349.19
19642,8056,53,1,950.42
19643,8057,64,2,413.2
19644,8057,48,2,338.05
19645,8057,63,1,149.99
19646,8058,64,1,413.2
19647,8059,60,1,175.99
19648,8059,75,1,449.79
19649,8060,6,1,179.84
19650,8060,73,1,31444.09
19651,8060,65,2,18282.51
19652,8061,79,2,249.69
19653,8061,78,2,13779.11
19654,8061,9,1,537.08
19655,8062,78,2,13779.11
19656,8063,60,1,165.4
19657,8064,51,2,1537.01
19658,8064,9,1,571.45
19659,8065,6,2,169.03
19660,8066,54,1,8791.96
19661,8066,63,2,149.99
19662,8067,65,1,17294.27
19663,8067,85,1,349.19
19664,8068,53,1,950.42
19665,8068,19,1,238.8
19666,8069,79,1,263.96
19667,8070,17,2,15580.26
19668,8070,83,1,7797.42
19669,8070,2,1,244.09
19670,8070,1,1,450.11
19671,8071,22,1,319.03
19672,8071,64,1,436.81
19673,8072,51,1,1453.93
19674,8072,64,1,413.2
19675,8073,44,2,1101.44
19676,8073,2,1,244.09
19677,8073,73,2,29552.71
19678,8073,83,2,7797.42
19679,8074,1,2,450.11
19680,8074,48,1,338.05
19681,8074,83,2,7797.42
19682,8075,64,2,413.2
19683,8075,54,1,8791.96
19684,8076,73,2,31444.09
19685,8077,3,2,212.56
19686,8078,83,1,8296.46
19687,8078,51,1,1537.01
19688,8078,63,1,177.59
19689,8079,63,1,167.99
19690,8079,9,2,537.08
19691,8080,64,1,413.2
19692,8080,78,2,13779.11
19693,8081,85,1,371.54
19694,8082,63,1,177.59
19695,8082,78,2,14566.49
19696,8082,9,1,571.45
19697,8083,73,1,29552.71
19698,8083,9,2,537.08
19699,8083,85,2,349.19
19700,8084,53,1,950.42
19701,8085,2,2,258.04
19702,8086,53,1,950.42
19703,8086,17,2,17449.89
19704,8087,19,1,238.8
19705,8087,3,1,212.56
19706,8087,44,1,1101.44
19707,8088,9,1,537.08
19708,8088,51,1,1453.93
19709,8089,3,2,251.67
19710,8090,83,2,8296.46
19711,8090,51,2,1537.01
19712,8090,19,2,252.44
19713,8091,9,1,571.45
19714,8091,73,2,31444.09
19715,8092,2,1,244.09
19716,8092,17,2,17449.89
19717,8093,3,2,238.07
19718,8093,75,2,422.74
19719,8094,51,2,1453.93
19720,8094,83,1,7797.42
19721,8094,52,2,202.95
19722,8095,19,2,247.33
19723,8095,78,1,14271.22
19724,8095,85,1,363.16
19725,8095,54,2,9105.96
19726,8096,3,1,246.57
19727,8096,85,1,363.16
19728,8096,73,1,30734.82
19729,8096,22,2,311.83
19730,8097,2,1,252.81
19731,8097,22,1,311.83
19732,8097,6,2,175.79
19733,8098,3,2,246.57
19734,8099,1,2,496.92
19735,8099,63,1,183.58
19736,8100,60,1,182.6
19737,8101,63,2,173.99
19738,8101,48,2,351.57
19739,8102,2,1,252.81
19740,8102,63,1,173.99
19741,8102,83,1,8109.32
19742,8102,85,2,363.16
19743,8103,2,1,252.81
19744,8103,63,1,173.99
19745,8103,44,1,1145.5
19746,8103,75,1,439.65
19747,8104,44,2,1215.99
19748,8105,63,2,173.99
19749,8105,85,1,363.16
19750,8106,85,2,427.41
19751,8106,6,1,186.6
19752,8106,3,2,260.18
19753,8107,44,2,1145.5
19754,8107,19,2,247.33
19755,8108,75,1,439.65
19756,8109,78,1,15058.6
19757,8109,2,1,266.76
19758,8110,22,1,331.02
19759,8111,22,2,331.02
19760,8112,85,1,405.06
19761,8112,75,2,439.65
19762,8112,44,1,1145.5
19763,8112,73,1,30734.82
19764,8113,17,1,18073.1
19765,8114,73,1,32626.19
19766,8114,3,1,260.18
19767,8114,48,1,373.21
19768,8115,44,1,1215.99
19769,8115,63,1,183.58
19770,8116,2,1,266.76
19771,8116,6,1,186.6
19772,8116,9,1,592.93
19773,8117,83,2,8608.36
19774,8117,17,1,19070.24
19775,8118,60,1,172.02
19776,8118,3,2,246.57
19777,8118,6,1,175.79
19778,8118,73,2,30734.82
19779,8119,1,2,496.92
19780,8119,85,2,427.41
19781,8119,73,1,32626.19
19782,8119,6,1,186.6
19783,8120,73,2,34281.15
19784,8120,85,2,405.06
19785,8121,52,2,211.07
19786,8121,65,2,17911.92
19787,8121,63,1,173.99
19788,8122,6,2,175.79
19789,8122,85,2,405.06
19790,8122,19,2,247.33
19791,8122,17,2,18073.1
19792,8123,17,2,19070.24
19793,8123,44,1,1215.99
19794,8124,73,1,34281.15
19795,8124,19,1,247.33
19796,8124,1,1,468.12
19797,8124,52,2,211.07
19798,8125,85,2,405.06
19799,8125,22,2,347.81
19800,8125,52,2,211.07
19801,8125,83,1,8109.32
19802,8126,73,1,34281.15
19803,8126,75,2,439.65
19804,8126,6,1,175.79
19805,8126,1,2,468.12
19806,8127,9,1,592.93
19807,8127,52,1,224.06
19808,8128,44,2,1215.99
19809,8128,73,2,36172.52
19810,8128,83,2,8608.36
19811,8129,52,1,211.07
19812,8129,48,2,351.57
19813,8130,9,2,592.93
19814,8130,52,1,224.06
19815,8130,75,1,466.7
19816,8131,73,2,34281.15
19817,8131,22,2,347.81
19818,8131,9,2,558.56
19819,8131,75,2,439.65
19820,8132,17,1,19070.24
19821,8132,48,2,373.21
19822,8133,73,2,34281.15
19823,8134,52,1,211.07
19824,8134,6,1,175.79
19825,8135,1,2,468.12
19826,8136,60,1,172.02
19827,8136,44,2,1145.5
19828,8136,1,1,468.12
19829,8137,9,1,623.01
19830,8137,83,2,9045.01
19831,8138,9,1,657.38
19832,8138,75,2,517.43
19833,8138,22,1,367.0
19834,8138,6,1,186.6
19835,8139,22,1,367.0
19836,8140,9,1,623.01
19837,8140,73,1,34281.15
19838,8140,48,1,351.57
19839,8140,75,2,490.38
19840,8141,75,1,490.38
19841,8141,60,1,172.02
19842,8141,44,2,1145.5
19843,8142,48,2,351.57
19844,8142,44,1,1145.5
19845,8142,6,1,175.79
19846,8142,52,2,211.07
19847,8143,60,2,182.6
19848,8143,73,1,36172.52
19849,8144,44,2,1348.16
19850,8144,9,2,657.38
19851,8144,22,1,367.0
19852,8144,48,2,373.21
19853,8145,44,2,1277.67
19854,8145,48,2,351.57
19855,8145,22,1,347.81
19856,8145,52,2,211.07
19857,8146,83,1,9045.01
19858,8147,1,2,468.12
19859,8147,44,1,1277.67
19860,8148,52,1,224.06
19861,8148,6,2,206.89
19862,8149,83,2,9045.01
19863,8149,6,1,196.07
19864,8149,9,2,623.01
19865,8149,44,1,1277.67
19866,8150,1,2,496.92
19867,8150,83,1,9544.05
19868,8151,48,2,400.25
19869,8151,9,2,635.9
19870,8152,48,1,400.25
19871,8152,73,1,34990.41
19872,8153,52,1,215.94
19873,8153,83,1,9232.15
19874,8154,44,1,1304.1
19875,8155,9,2,601.52
19876,8155,1,1,504.13
19877,8155,60,2,165.4
19878,8156,1,1,504.13
19879,8156,52,1,227.3
19880,8156,44,2,1233.61
19881,8156,83,1,8733.12
19882,8157,75,2,500.52
19883,8157,52,1,240.29
19884,8157,60,1,175.99
19885,8158,60,1,165.4
19886,8158,9,1,601.52
19887,8159,60,1,165.4
19888,8159,44,1,1233.61
19889,8160,48,2,378.62
19890,8160,83,1,8733.12
19891,8161,75,2,473.47
19892,8161,52,1,227.3
19893,8161,48,1,378.62
19894,8162,75,2,473.47
19895,8162,83,1,8733.12
19896,8163,44,2,1233.61
19897,8164,48,2,378.62
19898,8164,1,2,504.13
19899,8164,6,2,189.31
19900,8165,48,1,378.62
19901,8165,60,1,185.25
19902,8165,1,1,504.13
19903,8165,6,2,189.31
19904,8166,6,1,189.31
19905,8166,52,2,227.3
19906,8167,60,2,185.25
19907,8168,6,1,189.31
19908,8169,48,2,400.25
19909,8169,60,2,195.83
19910,8170,52,1,240.29
19911,8171,60,1,185.25
19912,8171,6,2,189.31
19913,8171,52,1,227.3
19914,8172,60,1,185.25
19915,8173,48,1,400.25
19916,8173,60,2,195.83
19917,8174,1,2,504.13
19918,8174,52,2,227.3
19919,8175,52,1,240.29
19920,8176,6,1,189.31
19921,8176,52,1,227.3
19922,8176,1,1,504.13
19923,8177,1,1,504.13
19924,8178,60,2,185.25
19925,8178,1,1,504.13
19926,8179,60,2,185.25
19927,8180,76,1,230.01
19928,8180,69,2,1843.91
19929,8180,30,2,347.04
19930,8180,70,1,247.91
19931,8181,100,1,827.42
19932,8182,45,1,69.26
19933,8182,37,1,1063.91
19934,8182,76,1,244.16
19935,8183,28,2,330.85
19936,8183,70,1,247.91
19937,8184,37,1,1002.24
19938,8184,12,2,336.7
19939,8185,45,2,69.26
19940,8185,21,1,1135.71
19941,8186,60,2,182.6
19942,8186,45,2,69.26
19943,8186,30,2,368.39
19944,8187,76,1,230.01
19945,8187,21,1,1069.87
19946,8187,30,1,347.04
19947,8188,28,2,330.85
19948,8189,69,2,1843.91
19949,8189,100,2,827.42
19950,8190,45,1,69.26
19951,8190,12,1,357.42
19952,8190,21,2,1135.71
19953,8191,60,2,172.02
19954,8191,70,1,247.91
19955,8191,30,2,347.04
19956,8191,28,2,330.85
19957,8192,30,1,368.39
19958,8193,69,2,1843.91
19959,8194,12,1,357.42
19960,8194,28,2,351.21
19961,8194,69,2,1957.38
19962,8194,60,1,182.6
19963,8195,70,2,263.17
19964,8195,28,1,351.21
19965,8195,30,2,368.39
19966,8196,60,1,172.02
19967,8196,37,2,1002.24
19968,8196,45,1,65.25
19969,8196,21,1,1069.87
19970,8197,21,1,1069.87
19971,8197,69,1,1843.91
19972,8198,21,2,1069.87
19973,8198,100,1,922.9
19974,8198,28,2,330.85
19975,8198,37,2,1002.24
19976,8199,70,1,263.17
19977,8199,69,2,1957.38
19978,8199,60,2,182.6
19979,8199,61,2,215.36
19980,8200,45,2,65.25
19981,8200,60,1,172.02
19982,8201,100,1,922.9
19983,8201,76,1,230.01
19984,8201,69,1,2056.67
19985,8202,60,1,182.6
19986,8202,61,2,238.77
19987,8203,69,2,2056.67
19988,8203,37,1,1002.24
19989,8204,60,2,172.02
19990,8204,61,2,226.29
19991,8204,100,1,922.9
19992,8204,45,1,65.25
19993,8205,100,1,973.81
19994,8205,45,1,69.26
19995,8206,28,1,351.21
19996,8206,37,2,1063.91
19997,8206,61,1,238.77
19998,8207,100,1,973.81
19999,8207,37,1,1063.91
20000,8207,28,1,351.21
20001,8208,76,2,244.16
20002,8208,61,2,238.77
20003,8209,69,2,2056.67
20004,8209,45,1,65.25
20005,8209,60,2,172.02
20006,8209,28,1,330.85
20007,8210,21,1,1069.87
20008,8210,30,1,347.04
20009,8211,12,1,357.42
20010,8211,76,2,244.16
20011,8211,100,1,973.81
20012,8212,76,1,244.16
20013,8213,70,1,247.91
20014,8214,61,2,238.77
20015,8214,21,1,1135.71
20016,8214,76,1,244.16
20017,8214,28,2,351.21
20018,8215,45,2,69.26
20019,8215,37,1,1063.91
20020,8216,37,1,1063.91
20021,8217,28,1,351.21
20022,8217,100,2,973.81
20023,8217,69,1,2170.14
20024,8217,61,1,238.77
20025,8218,21,1,1135.71
20026,8218,70,2,263.17
20027,8219,69,1,2056.67
20028,8220,21,2,1069.87
20029,8220,70,1,276.51
20030,8221,21,1,1069.87
20031,8221,100,1,922.9
20032,8222,100,2,922.9
20033,8222,45,2,65.25
20034,8222,70,1,276.51
20035,8223,45,2,65.25
20036,8223,37,2,1002.24
20037,8223,12,2,336.7
20038,8223,30,2,347.04
20039,8224,45,2,69.26
20040,8224,21,1,1135.71
20041,8224,28,2,351.21
20042,8225,21,2,1193.32
20043,8226,21,2,1259.16
20044,8227,70,2,291.77
20045,8227,28,1,351.21
20046,8228,12,2,336.7
20047,8228,76,2,230.01
20048,8228,61,1,226.29
20049,8229,30,2,347.04
20050,8229,21,2,1193.32
20051,8229,76,1,230.01
20052,8230,28,2,351.21
20053,8230,45,1,69.26
20054,8230,37,1,1063.91
20055,8231,30,2,355.04
20056,8231,60,1,175.99
20057,8232,69,1,1985.75
20058,8232,12,1,323.75
20059,8232,45,2,62.74
20060,8233,37,1,963.69
20061,8233,12,1,323.75
20062,8233,28,1,318.12
20063,8233,100,2,891.07
20064,8234,12,1,344.47
20065,8235,30,1,333.69
20066,8235,69,2,1985.75
20067,8236,37,2,963.69
20068,8236,12,1,323.75
20069,8237,37,1,1025.36
20070,8237,21,1,1218.01
20071,8237,60,1,175.99
20072,8238,21,1,1152.17
20073,8239,28,1,318.12
20074,8239,60,1,165.4
20075,8239,45,2,62.74
20076,8239,12,2,323.75
20077,8240,45,1,62.74
20078,8240,30,1,333.69
20079,8241,12,1,323.75
20080,8241,21,2,1152.17
20081,8241,60,1,165.4
20082,8241,30,2,333.69
20083,8242,70,2,282.24
20084,8243,30,1,373.73
20085,8244,37,1,963.69
20086,8245,70,1,282.24
20087,8245,21,1,1218.01
20088,8246,76,2,247.7
20089,8246,100,1,891.07
20090,8246,60,2,185.25
20091,8247,21,1,1152.17
20092,8247,70,1,266.98
20093,8248,70,1,266.98
20094,8248,28,2,318.12
20095,8248,30,1,373.73
20096,8248,60,2,185.25
20097,8249,60,2,185.25
20098,8249,28,2,318.12
20099,8249,12,1,323.75
20100,8249,45,2,62.74
20101,8250,12,1,323.75
20102,8250,45,2,62.74
20103,8250,37,2,1079.33
20104,8250,28,1,318.12
20105,8251,12,2,323.75
20106,8251,76,2,247.7
20107,8251,21,2,1152.17
20108,8251,28,2,318.12
20109,8252,45,1,62.74
20110,8252,76,1,247.7
20111,8253,76,2,247.7
20112,8253,60,1,185.25
20113,8253,37,1,1079.33
20114,8254,76,1,247.7
20115,8254,30,2,373.73
20116,8255,30,1,395.09
20117,8256,28,1,376.66
20118,8257,30,2,395.09
20119,8257,76,2,261.86
20120,8258,30,1,373.73
20121,8258,76,1,247.7
20122,8259,12,1,323.75
20123,8260,76,1,261.86
20124,8261,45,2,74.28
20125,8261,30,1,395.09
20126,8261,76,1,261.86
20127,8261,12,2,344.47
20128,8262,30,2,395.09
20129,8262,60,1,195.83
20130,8263,60,1,185.25
20131,8263,45,2,70.27
20132,8263,28,1,356.3
20133,8263,12,1,323.75
20134,8264,12,2,344.47
20135,8264,45,1,74.28
20136,8264,30,2,395.09
20137,8265,30,1,373.73
20138,8265,28,2,356.3
20139,8265,12,1,323.75
20140,8266,37,1,1141.01
20141,8267,37,2,1079.33
20142,8267,60,2,185.25
20143,8267,28,2,356.3
20144,8268,28,2,356.3
20145,8269,28,1,376.66
20146,8269,60,2,195.83
20147,8269,37,2,1141.01
20148,8270,60,1,195.83
20149,8270,12,1,383.32
20150,8271,37,1,1079.33
20151,8271,28,2,356.3
20152,8271,12,2,362.6
20153,8271,45,2,70.27
20154,8272,12,2,383.32
20155,8272,28,1,376.66
20156,8272,37,2,1141.01
20157,8272,45,2,74.28
20158,8273,12,1,383.32
20159,8273,45,1,74.28
20160,8273,37,1,1141.01
20161,8274,28,1,376.66
20162,8274,12,1,383.32
20163,8274,45,2,74.28
20164,8275,12,1,383.32
20165,8275,45,1,74.28
20166,8275,28,1,376.66
20167,8276,12,2,362.6
20168,8277,12,1,383.32
20169,8278,12,1,362.6
20170,8279,66,1,344.19
20171,8279,34,2,672.98
20172,8279,57,1,747.77
20173,8280,100,1,827.42
20174,8280,27,1,16920.01
20175,8280,42,1,23033.74
20176,8281,51,1,1350.08
20177,8281,42,1,23033.74
20178,8281,57,1,747.77
20179,8281,34,1,672.98
20180,8282,72,2,402.56
20181,8282,80,2,1636.88
20182,8283,71,2,391.61
20183,8283,78,1,12794.89
20184,8284,74,1,141.37
20185,8284,57,1,793.79
20186,8285,72,2,427.33
20187,8285,78,2,13582.26
20188,8286,80,2,1636.88
20189,8287,72,2,449.01
20190,8288,22,2,367.0
20191,8288,51,1,1433.16
20192,8288,44,2,1215.99
20193,8288,57,2,793.79
20194,8289,51,1,1381.23
20195,8289,100,1,846.52
20196,8290,72,2,433.52
20197,8291,42,1,23565.29
20198,8292,42,1,22147.82
20199,8292,71,1,376.55
20200,8293,72,2,458.3
20201,8294,44,2,1171.93
20202,8294,29,1,1094.52
20203,8294,51,2,1381.23
20204,8295,80,1,1674.66
20205,8295,72,2,458.3
20206,8295,22,2,355.01
20207,8296,57,2,719.01
20208,8296,51,1,1298.15
20209,8297,51,1,1298.15
20210,8298,66,1,330.95
20211,8298,44,1,1233.61
20212,8299,66,1,330.95
20213,8299,44,2,1233.61
20214,8300,42,2,26223.02
20215,8301,34,1,647.1
20216,8301,78,1,13779.11
20217,8301,44,2,1233.61
20218,8302,80,1,1573.93
20219,8303,57,1,765.03
20220,8303,80,1,1674.66
20221,8303,66,1,352.13
20222,8304,80,1,1674.66
20223,8304,27,1,17310.47
20224,8305,71,2,376.55
20225,8305,57,1,719.01
20226,8306,74,2,151.61
20227,8307,27,2,16269.24
20228,8307,34,1,647.1
20229,8307,80,1,1573.93
20230,8307,37,2,963.69
20231,8308,80,1,1573.93
20232,8308,66,2,330.95
20233,8308,9,2,537.08
20234,8309,9,2,571.45
20235,8309,78,1,14566.49
20236,8309,74,2,151.61
20237,8309,37,2,1025.36
20238,8310,72,2,458.3
20239,8310,44,2,1304.1
20240,8310,71,1,400.65
20241,8311,42,1,26223.02
20242,8311,74,2,151.61
20243,8312,57,2,851.31
20244,8313,78,2,14566.49
20245,8313,22,2,355.01
20246,8313,100,1,846.52
20247,8313,71,1,400.65
20248,8314,51,1,1381.23
20249,8314,42,2,26223.02
20250,8315,9,2,635.9
20251,8315,80,1,1674.66
20252,8316,78,2,14566.49
20253,8317,66,2,352.13
20254,8317,37,1,1025.36
20255,8318,74,1,151.61
20256,8318,71,2,400.65
20257,8318,57,2,851.31
20258,8318,34,2,688.51
20259,8319,66,2,330.95
20260,8320,51,1,1298.15
20261,8321,42,2,26223.02
20262,8322,72,1,433.52
20263,8322,44,1,1233.61
20264,8323,44,1,1233.61
20265,8323,27,1,16269.24
20266,8324,34,2,647.1
20267,8324,42,1,24805.56
20268,8324,44,1,1233.61
20269,8325,51,1,1381.23
20270,8325,22,2,355.01
20271,8325,57,2,851.31
20272,8326,100,1,795.6
20273,8326,9,2,601.52
20274,8326,29,2,1028.69
20275,8326,22,2,335.82
20276,8327,71,1,400.65
20277,8327,78,1,14566.49
20278,8327,37,2,1025.36
20279,8328,27,1,17310.47
20280,8328,71,1,400.65
20281,8329,74,1,156.73
20282,8329,27,1,17961.24
20283,8330,22,2,347.81
20284,8331,66,2,365.37
20285,8332,27,2,16920.01
20286,8332,9,1,623.01
20287,8332,34,1,750.64
20288,8333,57,1,834.05
20289,8333,42,1,25691.48
20290,8333,44,2,1277.67
20291,8333,34,2,750.64
20292,8334,44,1,1277.67
20293,8334,80,2,1825.75
20294,8334,22,1,347.81
20295,8334,37,2,1117.88
20296,8335,78,1,15058.6
20297,8335,37,1,1179.55
20298,8335,9,1,657.38
20299,8335,71,1,415.71
20300,8336,80,1,1926.48
20301,8336,74,1,156.73
20302,8336,34,1,792.05
20303,8337,71,1,391.61
20304,8338,71,2,415.71
20305,8338,66,2,365.37
20306,8338,42,1,27108.94
20307,8338,27,2,17961.24
20308,8339,9,2,623.01
20309,8340,42,1,25691.48
20310,8341,78,2,14271.22
20311,8341,71,1,391.61
20312,8341,80,2,1825.75
20313,8341,57,1,834.05
20314,8342,37,1,1179.55
20315,8343,100,2,827.42
20316,8343,34,2,750.64
20317,8343,66,2,344.19
20318,8344,100,2,827.42
20319,8344,66,2,344.19
20320,8345,27,1,17961.24
20321,8345,57,2,880.07
20322,8346,71,1,391.61
20323,8347,9,1,657.38
20324,8347,100,2,878.34
20325,8347,37,2,1179.55
20326,8347,34,1,792.05
20327,8348,100,2,827.42
20328,8348,37,2,1117.88
20329,8348,29,1,1069.84
20330,8349,100,1,878.34
20331,8349,66,2,365.37
20332,8350,100,1,827.42
20333,8350,27,2,16920.01
20334,8351,57,1,880.07
20335,8351,80,1,1926.48
20336,8352,71,1,391.61
20337,8352,27,2,16920.01
20338,8353,57,1,834.05
20339,8354,66,1,365.37
20340,8354,37,1,1179.55
20341,8354,80,2,1926.48
20342,8354,34,1,792.05
20343,8355,37,2,1117.88
20344,8355,27,1,16920.01
20345,8355,71,2,391.61
20346,8355,100,1,827.42
20347,8356,80,2,1825.75
20348,8356,66,2,383.9
20349,8356,29,2,1069.84
20350,8356,27,2,16920.01
20351,8357,100,1,827.42
20352,8357,66,2,383.9
20353,8357,51,1,1350.08
20354,8357,80,1,1825.75
20355,8358,29,2,1135.67
20356,8359,51,2,1350.08
20357,8359,100,2,827.42
20358,8359,29,2,1069.84
20359,8359,66,1,383.9
20360,8360,100,2,878.34
20361,8361,71,2,415.71
20362,8362,51,1,1433.16
20363,8363,51,2,1350.08
20364,8363,29,1,1069.84
20365,8363,71,1,391.61
20366,8364,27,2,16920.01
20367,8365,71,2,415.71
20368,8366,29,2,1069.84
20369,8366,100,1,827.42
20370,8366,66,1,383.9
20371,8367,27,2,16920.01
20372,8367,29,1,1069.84
20373,8367,100,2,827.42
20374,8367,66,2,383.9
20375,8368,51,1,1433.16
20376,8369,29,2,1135.67
20377,8369,27,2,17961.24
20378,8370,27,1,16920.01
20379,8370,66,2,383.9
20380,8370,29,1,1069.84
20381,8371,29,1,1135.67
20382,8371,27,1,17961.24
20383,8371,71,2,415.71
20384,8371,66,1,405.08
20385,8372,29,2,1069.84
20386,8372,27,1,16920.01
20387,8372,66,1,383.9
20388,8373,27,2,18872.32
20389,8374,100,1,878.34
20390,8374,71,1,415.71
20391,8375,51,2,1505.85
20392,8376,71,2,400.65
20393,8377,71,2,445.84
20394,8377,29,2,1094.52
20395,8377,27,2,19262.78
20396,8377,51,1,1537.01
20397,8378,100,1,795.6
20398,8378,71,1,421.74
20399,8379,27,2,18221.55
20400,8379,29,2,1028.69
20401,8380,29,1,1028.69
20402,8380,100,1,795.6
20403,8380,51,2,1453.93
20404,8381,27,2,18221.55
20405,8381,71,2,421.74
20406,8382,27,1,18221.55
20407,8382,100,2,891.07
20408,8383,100,2,941.99
20409,8384,29,1,1217.97
20410,8384,100,1,941.99
20411,8384,27,2,19262.78
20412,8385,29,2,1152.13
20413,8385,71,2,421.74
20414,8385,27,1,18221.55
20415,8385,100,2,891.07
20416,8386,51,1,1453.93
20417,8386,100,2,891.07
20418,8386,71,1,421.74
20419,8387,27,2,19262.78
20420,8388,100,1,891.07
20421,8389,51,1,1453.93
20422,8389,29,1,1152.13
20423,8390,100,2,941.99
20424,8391,51,2,1537.01
20425,8392,51,1,1537.01
20426,8393,100,1,891.07
20427,8393,71,1,421.74
20428,8393,29,1,1152.13
20429,8393,51,2,1453.93
20430,8394,29,1,1152.13
20431,8395,71,2,445.84
20432,8395,29,2,1217.97
20433,8395,100,1,941.99
20434,8396,71,1,445.84
20435,8397,29,2,1152.13
20436,8398,29,1,1217.97
20437,8398,71,1,445.84
20438,8399,29,1,1152.13
20439,8400,29,2,1152.13
20440,8401,53,1,848.59
20441,8401,14,1,384.62
20442,8401,100,1,795.6
20443,8401,71,1,376.55
20444,8402,60,1,165.4
20445,8402,14,1,384.62
20446,8403,53,1,902.9
20447,8403,98,2,408.26
20448,8403,58,2,18763.93
20449,8403,60,2,175.99
20450,8404,65,1,15441.31
20451,8405,14,1,384.62
20452,8405,77,2,191.83
20453,8405,37,1,963.69
20454,8406,65,1,16429.56
20455,8406,48,1,359.69
20456,8406,98,1,408.26
20457,8407,100,2,795.6
20458,8407,58,1,17635.27
20459,8407,72,2,387.08
20460,8407,48,1,338.05
20461,8408,33,1,439.06
20462,8409,83,1,7797.42
20463,8410,33,2,439.06
20464,8410,32,2,216.38
20465,8410,83,1,8296.46
20466,8410,5,1,179.51
20467,8411,14,2,384.62
20468,8411,11,2,168.38
20469,8411,96,2,324.95
20470,8411,71,2,376.55
20471,8412,36,1,117.2
20472,8412,58,1,18763.93
20473,8412,100,1,846.52
20474,8413,37,2,963.69
20475,8413,36,1,110.15
20476,8414,36,1,110.15
20477,8414,65,1,15441.31
20478,8415,83,2,7797.42
20479,8415,96,1,324.95
20480,8415,14,1,384.62
20481,8415,100,2,795.6
20482,8416,23,2,15554.19
20483,8416,37,2,1025.36
20484,8417,11,1,168.38
20485,8418,14,2,384.62
20486,8419,65,2,17294.27
20487,8419,71,2,376.55
20488,8419,32,2,203.36
20489,8420,7,2,204.27
20490,8420,37,2,1025.36
20491,8420,28,2,338.49
20492,8421,36,1,117.2
20493,8421,11,1,179.15
20494,8421,65,1,18282.51
20495,8421,33,2,439.06
20496,8422,71,2,376.55
20497,8422,98,2,383.7
20498,8423,83,1,8296.46
20499,8423,28,2,338.49
20500,8424,33,1,439.06
20501,8424,7,2,204.27
20502,8424,5,1,179.51
20503,8424,11,2,179.15
20504,8425,77,1,191.83
20505,8425,71,1,376.55
20506,8425,37,1,963.69
20507,8425,58,1,17635.27
20508,8426,36,2,110.15
20509,8426,96,1,324.95
20510,8427,83,1,8296.46
20511,8427,11,1,179.15
20512,8427,53,1,902.9
20513,8427,33,1,439.06
20514,8428,36,2,117.2
20515,8428,37,2,1025.36
20516,8428,72,1,411.85
20517,8428,28,1,338.49
20518,8429,100,2,795.6
20519,8429,89,2,222.16
20520,8430,11,1,168.38
20521,8430,72,1,387.08
20522,8430,96,1,324.95
20523,8431,82,1,147.41
20524,8431,48,1,338.05
20525,8431,53,1,848.59
20526,8432,96,2,345.75
20527,8432,72,1,411.85
20528,8432,65,1,18282.51
20529,8433,36,2,110.15
20530,8433,58,1,17635.27
20531,8434,89,1,222.16
20532,8434,23,1,14618.6
20533,8434,72,2,387.08
20534,8435,89,1,222.16
20535,8435,33,2,412.65
20536,8435,5,1,168.71
20537,8436,5,2,175.46
20538,8436,71,1,391.61
20539,8436,89,2,231.05
20540,8437,83,1,8109.32
20541,8438,11,1,175.11
20542,8438,83,2,8109.32
20543,8438,33,1,429.16
20544,8438,14,1,446.16
20545,8439,77,1,211.77
20546,8439,72,2,427.33
20547,8439,11,2,185.89
20548,8439,100,1,878.34
20549,8440,65,2,17911.92
20550,8440,96,2,376.94
20551,8441,71,2,391.61
20552,8441,37,2,1002.24
20553,8441,33,2,429.16
20554,8441,58,1,18340.69
20555,8442,5,1,175.46
20556,8442,23,1,15203.34
20557,8443,7,1,199.67
20558,8443,48,2,351.57
20559,8444,53,2,936.84
20560,8444,5,1,186.26
20561,8444,89,1,245.27
20562,8444,32,2,224.51
20563,8445,23,2,15203.34
20564,8445,77,2,222.52
20565,8445,71,1,391.61
20566,8446,48,2,351.57
20567,8446,96,1,376.94
20568,8447,37,2,1002.24
20569,8447,7,1,199.67
20570,8447,28,1,330.85
20571,8448,71,1,415.71
20572,8449,14,2,446.16
20573,8449,36,2,114.56
20574,8450,72,2,402.56
20575,8451,14,1,470.78
20576,8451,28,2,351.21
20577,8452,71,1,415.71
20578,8453,32,2,224.51
20579,8453,82,1,162.74
20580,8454,98,1,423.6
20581,8454,23,2,16138.93
20582,8454,5,2,186.26
20583,8455,60,1,182.6
20584,8455,82,1,162.74
20585,8455,7,1,211.95
20586,8455,71,2,415.71
20587,8456,5,2,195.71
20588,8456,71,1,391.61
20589,8456,100,1,827.42
20590,8457,77,2,222.52
20591,8458,7,1,199.67
20592,8458,96,1,376.94
20593,8458,89,1,231.05
20594,8458,33,1,429.16
20595,8459,32,2,224.51
20596,8459,89,1,245.27
20597,8459,28,2,351.21
20598,8459,71,1,415.71
20599,8460,7,2,211.95
20600,8461,65,1,17911.92
20601,8461,28,2,330.85
20602,8462,58,2,18340.69
20603,8463,7,1,199.67
20604,8464,7,1,199.67
20605,8464,60,1,172.02
20606,8465,98,2,423.6
20607,8465,48,1,373.21
20608,8466,65,1,17911.92
20609,8466,11,1,175.11
20610,8466,58,2,18340.69
20611,8467,28,2,330.85
20612,8468,72,1,402.56
20613,8469,58,1,18340.69
20614,8469,28,1,330.85
20615,8469,36,2,114.56
20616,8470,32,2,224.51
20617,8470,60,1,182.6
20618,8470,58,2,19469.34
20619,8470,82,1,162.74
20620,8471,65,1,17911.92
20621,8471,71,2,391.61
20622,8472,71,2,391.61
20623,8472,96,2,376.94
20624,8472,98,1,399.05
20625,8472,58,1,18340.69
20626,8473,60,1,172.02
20627,8473,58,1,18340.69
20628,8474,5,1,195.71
20629,8475,83,1,9544.05
20630,8475,98,2,423.6
20631,8476,100,2,878.34
20632,8476,65,1,18900.17
20633,8476,11,1,185.89
20634,8476,48,1,373.21
20635,8477,89,1,231.05
20636,8477,83,1,9045.01
20637,8478,23,2,17893.17
20638,8479,28,2,351.21
20639,8479,11,2,185.89
20640,8480,36,1,121.61
20641,8481,33,2,478.67
20642,8481,5,1,195.71
20643,8482,14,2,446.16
20644,8483,5,1,188.96
20645,8483,96,2,363.94
20646,8483,72,1,387.08
20647,8483,28,2,318.12
20648,8484,48,1,338.05
20649,8484,23,1,16372.83
20650,8484,36,1,110.15
20651,8484,28,1,318.12
20652,8485,71,1,376.55
20653,8486,58,2,18763.93
20654,8487,89,2,222.16
20655,8487,36,2,110.15
20656,8488,5,1,188.96
20657,8488,89,1,222.16
20658,8488,37,2,963.69
20659,8489,89,1,222.16
20660,8490,53,2,848.59
20661,8491,98,2,408.26
20662,8491,100,1,846.52
20663,8491,82,1,156.85
20664,8491,83,1,9232.15
20665,8492,77,1,214.84
20666,8492,100,1,795.6
20667,8492,58,1,17635.27
20668,8493,72,2,387.08
20669,8494,23,2,17308.42
20670,8494,7,1,204.27
20671,8494,96,2,384.74
20672,8495,58,1,18763.93
20673,8495,96,1,384.74
20674,8496,77,1,214.84
20675,8497,98,1,383.7
20676,8497,11,2,168.38
20677,8497,23,2,16372.83
20678,8497,100,1,795.6
20679,8498,28,2,338.49
20680,8499,11,1,168.38
20681,8500,28,2,356.3
20682,8500,7,2,191.99
20683,8501,37,1,1025.36
20684,8501,77,1,227.12
20685,8501,7,2,204.27
20686,8501,23,1,17308.42
20687,8502,98,1,383.7
20688,8502,5,1,188.96
20689,8503,23,1,16372.83
20690,8503,7,2,191.99
20691,8503,32,1,203.36
20692,8503,60,1,165.4
20693,8504,5,1,199.76
20694,8504,71,1,400.65
20695,8505,89,1,222.16
20696,8505,37,2,963.69
20697,8506,77,1,214.84
20698,8506,96,2,363.94
20699,8507,58,2,17635.27
20700,8507,98,2,383.7
20701,8508,98,2,383.7
20702,8508,77,1,214.84
20703,8508,33,1,462.17
20704,8509,32,2,203.36
20705,8509,71,1,421.74
20706,8509,83,2,8733.12
20707,8509,100,1,795.6
20708,8510,7,2,215.03
20709,8510,28,2,356.3
20710,8510,23,2,16372.83
20711,8511,60,1,165.4
20712,8512,53,2,848.59
20713,8512,37,1,963.69
20714,8513,77,1,227.12
20715,8513,37,1,1025.36
20716,8513,82,2,156.85
20717,8514,14,1,455.4
20718,8514,33,2,488.58
20719,8515,5,2,188.96
20720,8516,83,2,8733.12
20721,8516,33,2,462.17
20722,8516,82,2,147.41
20723,8517,53,2,902.9
20724,8517,83,2,9232.15
20725,8517,72,2,411.85
20726,8517,58,2,18763.93
20727,8518,98,1,383.7
20728,8518,53,2,848.59
20729,8518,23,1,16372.83
20730,8519,71,1,460.9
20731,8519,11,2,185.89
20732,8520,72,1,427.33
20733,8520,28,1,389.38
20734,8520,37,1,1063.91
20735,8520,53,2,936.84
20736,8521,28,2,369.02
20737,8521,71,1,436.8
20738,8521,72,2,402.56
20739,8521,14,1,446.16
20740,8522,28,1,389.38
20741,8522,53,2,936.84
20742,8523,37,1,1117.88
20743,8524,32,2,235.9
20744,8524,71,1,436.8
20745,8524,53,1,882.53
20746,8525,11,2,175.11
20747,8525,89,1,231.05
20748,8525,32,2,235.9
20749,8525,7,1,222.71
20750,8526,98,1,399.05
20751,8526,37,1,1117.88
20752,8526,11,2,175.11
20753,8526,32,1,235.9
20754,8527,100,1,878.34
20755,8528,100,1,878.34
20756,8528,89,1,245.27
20757,8528,48,2,373.21
20758,8529,32,1,235.9
20759,8529,11,1,175.11
20760,8529,53,1,882.53
20761,8530,60,1,172.02
20762,8530,33,1,478.67
20763,8530,82,2,153.31
20764,8531,98,1,399.05
20765,8532,53,1,984.36
20766,8532,98,2,445.09
20767,8532,58,1,18340.69
20768,8532,11,2,175.11
20769,8533,89,2,231.05
20770,8533,60,1,172.02
20771,8534,14,1,470.78
20772,8534,28,1,389.38
20773,8534,36,2,121.61
20774,8535,71,2,436.8
20775,8536,58,2,18340.69
20776,8537,89,1,231.05
20777,8537,100,1,827.42
20778,8537,36,1,114.56
20779,8537,7,2,222.71
20780,8538,89,2,231.05
20781,8538,82,2,171.0
20782,8538,11,1,175.11
20783,8539,33,2,478.67
20784,8539,11,2,175.11
20785,8540,11,2,185.89
20786,8540,72,2,427.33
20787,8540,33,2,505.08
20788,8541,11,2,175.11
20789,8541,53,2,984.36
20790,8542,7,1,222.71
20791,8542,11,2,195.31
20792,8542,60,2,172.02
20793,8543,36,2,121.61
20794,8543,98,2,469.65
20795,8543,72,1,473.78
20796,8543,100,1,878.34
20797,8544,37,2,1117.88
20798,8544,11,1,195.31
20799,8544,48,1,351.57
20800,8545,48,2,373.21
20801,8545,89,1,245.27
20802,8545,53,2,1038.67
20803,8546,89,1,257.71
20804,8546,37,2,1117.88
20805,8546,53,1,984.36
20806,8547,82,2,171.0
20807,8547,53,1,984.36
20808,8548,82,1,171.0
20809,8548,58,1,18340.69
20810,8549,36,1,114.56
20811,8550,82,2,180.43
20812,8550,48,1,373.21
20813,8550,100,1,878.34
20814,8550,11,2,206.09
20815,8551,100,2,827.42
20816,8551,36,2,114.56
20817,8552,60,2,182.6
20818,8553,11,1,195.31
20819,8553,36,1,127.77
20820,8553,7,1,222.71
20821,8554,58,2,20456.92
20822,8555,7,2,227.31
20823,8555,11,1,199.36
20824,8555,72,2,458.3
20825,8555,37,1,1141.01
20826,8556,60,1,175.99
20827,8556,72,2,458.3
20828,8557,37,2,1079.33
20829,8557,11,2,188.58
20830,8557,82,2,165.1
20831,8557,58,2,19751.51
20832,8558,7,2,227.31
20833,8558,11,2,199.36
20834,8558,82,2,174.54
20835,8558,98,2,454.3
20836,8559,58,1,19751.51
20837,8559,36,2,123.37
20838,8559,60,1,165.4
20839,8560,53,1,950.42
20840,8561,11,2,199.36
20841,8562,48,2,338.05
20842,8562,37,1,1079.33
20843,8562,72,1,433.52
20844,8563,72,1,433.52
20845,8564,36,1,130.42
20846,8564,100,2,941.99
20847,8565,60,2,165.4
20848,8565,37,1,1079.33
20849,8566,89,2,248.82
20850,8566,36,1,123.37
20851,8566,98,2,429.74
20852,8567,72,2,433.52
20853,8567,53,1,950.42
20854,8568,89,2,248.82
20855,8569,60,2,195.83
20856,8569,89,2,263.04
20857,8569,53,1,1004.73
20858,8569,98,2,454.3
20859,8570,89,1,248.82
20860,8570,48,2,338.05
20861,8570,53,2,950.42
20862,8571,53,1,950.42
20863,8571,100,1,891.07
20864,8571,60,2,185.25
20865,8571,89,2,248.82
20866,8572,36,2,123.37
20867,8572,98,2,429.74
20868,8572,48,1,338.05
20869,8572,100,2,891.07
20870,8573,48,2,378.62
20871,8573,72,1,433.52
20872,8573,58,1,19751.51
20873,8574,50,1,214.94
20874,8574,84,1,329.11
20875,8575,3,1,212.56
20876,8575,85,1,349.19
20877,8575,77,2,191.83
20878,8575,36,2,123.37
20879,8576,83,2,7797.42
20880,8576,84,2,329.11
20881,8576,28,2,318.12
20882,8577,82,1,147.41
20883,8577,50,2,214.94
20884,8577,68,1,8972.8
20885,8577,77,1,191.83
20886,8578,36,1,130.42
20887,8578,50,2,228.69
20888,8578,25,1,13311.09
20889,8579,25,1,13311.09
20890,8579,83,1,8296.46
20891,8580,76,2,221.16
20892,8580,84,2,329.11
20893,8580,82,1,147.41
20894,8581,25,1,12510.42
20895,8581,58,1,19751.51
20896,8582,83,1,7797.42
20897,8582,77,1,191.83
20898,8583,48,1,378.62
20899,8583,36,1,123.37
20900,8584,100,2,891.07
20901,8585,60,2,175.99
20902,8585,48,2,400.25
20903,8586,25,1,13311.09
20904,8587,84,1,350.18
20905,8587,3,2,226.17
20906,8588,76,2,235.32
20907,8588,25,2,13311.09
20908,8588,100,1,941.99
20909,8589,25,2,13311.09
20910,8589,68,1,9547.06
20911,8590,85,2,363.16
20912,8591,11,2,175.11
20913,8591,77,1,199.5
20914,8591,68,1,9331.71
20915,8591,28,1,369.02
20916,8592,93,1,367.89
20917,8592,60,2,182.6
20918,8592,58,1,21585.58
20919,8592,76,1,244.16
20920,8593,82,2,171.0
20921,8593,25,2,13010.84
20922,8593,68,2,9331.71
20923,8593,85,1,363.16
20924,8594,3,1,221.07
20925,8594,84,1,342.28
20926,8594,76,2,230.01
20927,8594,100,2,922.9
20928,8595,93,1,346.57
20929,8596,93,1,346.57
20930,8597,8,2,265.76
20931,8598,25,1,13010.84
20932,8599,93,2,346.57
20933,8600,82,1,171.0
20934,8601,8,2,282.11
20935,8601,48,2,413.77
20936,8601,85,2,385.5
20937,8602,77,2,222.52
20938,8603,58,1,21585.58
20939,8603,93,1,367.89
20940,8604,77,1,222.52
20941,8604,68,1,9331.71
20942,8605,28,1,389.38
20943,8605,11,1,185.89
20944,8606,68,2,9905.97
20945,8606,48,1,413.77
20946,8606,11,1,185.89
20947,8606,82,1,180.43
20948,8607,36,2,127.77
20949,8608,60,2,172.02
20950,8608,3,2,221.07
20951,8608,85,2,363.16
20952,8609,28,1,389.38
20953,8610,76,2,230.01
20954,8610,68,1,9331.71
20955,8610,85,1,363.16
20956,8611,11,1,185.89
20957,8611,8,1,282.11
20958,8611,76,1,244.16
20959,8611,93,1,367.89
20960,8612,68,2,9331.71
20961,8612,3,2,221.07
20962,8612,60,1,172.02
20963,8613,68,2,9331.71
20964,8613,84,2,342.28
20965,8614,84,2,363.34
20966,8614,8,2,282.11
20967,8614,85,1,385.5
20968,8614,50,2,237.29
20969,8615,8,2,265.76
20970,8616,68,1,9905.97
20971,8616,3,2,260.18
20972,8616,25,2,13811.51
20973,8617,11,2,175.11
20974,8617,28,1,369.02
20975,8618,82,1,171.0
20976,8619,85,1,385.5
20977,8619,76,1,244.16
20978,8619,50,2,237.29
20979,8619,11,1,185.89
20980,8620,28,2,369.02
20981,8620,8,2,265.76
20982,8621,83,2,8109.32
20983,8621,25,2,13010.84
20984,8622,60,2,182.6
20985,8622,82,2,180.43
20986,8623,77,2,222.52
20987,8623,50,1,223.53
20988,8623,25,1,13010.84
20989,8624,82,2,180.43
20990,8624,76,2,244.16
20991,8624,11,1,185.89
20992,8624,50,2,237.29
20993,8625,3,2,246.57
20994,8625,28,1,369.02
20995,8626,83,1,8109.32
20996,8627,50,1,223.53
20997,8627,25,1,13010.84
20998,8627,85,2,363.16
20999,8627,28,2,369.02
21000,8628,82,1,171.0
21001,8629,60,2,172.02
21002,8629,11,2,175.11
21003,8629,83,1,9045.01
21004,8629,28,2,369.02
21005,8630,11,2,185.89
21006,8631,93,2,373.23
21007,8631,25,2,12510.42
21008,8631,3,2,238.07
21009,8631,8,1,255.54
21010,8632,50,1,228.69
21011,8632,77,1,227.12
21012,8633,11,2,168.38
21013,8634,93,1,394.55
21014,8634,11,2,179.15
21015,8634,60,1,175.99
21016,8635,84,1,329.11
21017,8636,84,2,350.18
21018,8637,8,2,271.89
21019,8638,85,1,349.19
21020,8638,93,1,373.23
21021,8638,60,2,165.4
21022,8639,76,2,247.7
21023,8639,60,1,165.4
21024,8639,85,1,391.09
21025,8639,84,2,368.61
21026,8640,50,2,240.73
21027,8640,84,2,368.61
21028,8640,68,1,10049.54
21029,8641,8,1,286.2
21030,8641,25,1,12510.42
21031,8641,11,1,168.38
21032,8641,85,2,391.09
21033,8642,93,1,373.23
21034,8642,85,2,391.09
21035,8642,60,1,165.4
21036,8643,83,2,8733.12
21037,8643,84,2,368.61
21038,8643,85,1,391.09
21039,8643,8,1,286.2
21040,8644,11,2,168.38
21041,8645,60,2,165.4
21042,8645,50,2,240.73
21043,8645,25,1,12510.42
21044,8645,83,2,8733.12
21045,8646,84,2,389.67
21046,8647,50,1,254.49
21047,8648,93,1,373.23
21048,8648,50,1,240.73
21049,8648,25,1,12510.42
21050,8649,11,2,168.38
21051,8649,60,2,165.4
21052,8649,83,2,8733.12
21053,8649,93,1,373.23
21054,8650,85,1,413.44
21055,8651,60,1,175.99
21056,8651,85,2,413.44
21057,8651,8,2,302.56
21058,8651,25,1,13311.09
21059,8652,83,2,8733.12
21060,8652,76,1,247.7
21061,8652,60,1,165.4
21062,8652,68,1,10049.54
21063,8653,84,1,368.61
21064,8653,93,1,373.23
21065,8654,68,1,10049.54
21066,8654,84,2,368.61
21067,8655,93,1,373.23
21068,8655,68,2,10049.54
21069,8656,93,2,373.23
21070,8657,50,2,240.73
21071,8657,11,1,188.58
21072,8658,60,1,165.4
21073,8658,8,2,286.2
21074,8658,50,1,240.73
21075,8659,93,2,373.23
21076,8659,68,1,10049.54
21077,8659,83,1,8733.12
21078,8659,85,2,391.09
21079,8660,83,2,8733.12
21080,8660,85,2,391.09
21081,8660,60,1,165.4
21082,8660,68,1,10049.54
21083,8661,93,1,373.23
21084,8661,50,2,240.73
21085,8661,25,1,12510.42
21086,8662,11,1,188.58
21087,8662,25,1,12510.42
21088,8662,76,1,247.7
21089,8663,84,2,368.61
21090,8663,76,2,247.7
21091,8664,85,1,391.09
21092,8664,83,2,8733.12
21093,8664,8,2,286.2
21094,8665,8,1,286.2
21095,8665,50,1,240.73
21096,8666,60,2,165.4
21097,8666,84,1,368.61
21098,8666,25,1,12510.42
21099,8666,68,2,10049.54
21100,8667,25,1,13311.09
21101,8668,11,2,188.58
21102,8668,68,2,10049.54
21103,8668,8,1,286.2
21104,8669,60,1,165.4
21105,8669,68,2,10049.54
21106,8670,25,1,12510.42
21107,8671,25,1,13311.09
21108,8672,25,2,12510.42
21109,8672,60,1,165.4
21110,8672,11,2,188.58
21111,8673,60,1,185.25
21112,8674,60,2,202.45
21113,8674,25,2,13811.51
21114,8674,76,1,270.7
21115,8675,11,1,206.09
21116,8676,25,2,13010.84
21117,8676,11,1,195.31
21118,8676,60,1,191.86
21119,8677,60,2,191.86
21120,8677,25,1,14512.09
21121,8678,25,1,15312.76
21122,8678,11,1,206.09
21123,8678,60,2,202.45
21124,8679,25,1,14512.09
21125,8679,60,2,191.86
21126,8680,25,1,15312.76
21127,8681,25,1,15312.76
21128,8682,25,1,14512.09
21129,8683,51,2,1381.23
21130,8683,34,1,688.51
21131,8684,52,2,215.94
21132,8684,51,1,1381.23
21133,8685,30,1,333.69
21134,8685,12,2,323.75
21135,8685,90,1,718.0
21136,8685,34,2,647.1
21137,8686,51,1,1298.15
21138,8686,68,1,8972.8
21139,8686,82,1,147.41
21140,8686,14,1,384.62
21141,8687,90,2,763.95
21142,8687,12,1,344.47
21143,8687,17,2,16577.4
21144,8687,52,2,215.94
21145,8688,14,2,409.24
21146,8688,30,1,355.04
21147,8689,12,1,323.75
21148,8689,51,1,1298.15
21149,8689,34,2,647.1
21150,8690,52,1,202.95
21151,8690,34,2,647.1
21152,8691,68,2,8972.8
21153,8691,52,1,202.95
21154,8692,17,2,16203.47
21155,8692,90,2,832.88
21156,8692,100,2,827.42
21157,8692,82,2,153.31
21158,8693,51,2,1433.16
21159,8694,12,1,357.42
21160,8695,12,1,357.42
21161,8695,100,2,878.34
21162,8695,30,1,368.39
21163,8695,17,1,17200.61
21164,8696,52,2,224.06
21165,8696,82,1,162.74
21166,8696,17,2,17200.61
21167,8697,34,1,672.98
21168,8697,51,1,1350.08
21169,8698,14,1,400.01
21170,8698,68,2,9331.71
21171,8698,51,1,1350.08
21172,8699,82,1,162.74
21173,8699,51,2,1433.16
21174,8700,14,1,400.01
21175,8700,82,2,153.31
21176,8700,12,1,336.7
21177,8701,68,2,9331.71
21178,8701,100,2,827.42
21179,8701,51,2,1350.08
21180,8702,34,1,714.4
21181,8702,14,2,424.63
21182,8703,52,1,224.06
21183,8704,52,2,211.07
21184,8704,12,2,336.7
21185,8705,14,2,424.63
21186,8706,14,1,424.63
21187,8706,30,2,368.39
21188,8706,12,2,357.42
21189,8706,100,1,878.34
21190,8707,34,2,714.4
21191,8708,34,1,714.4
21192,8708,52,2,224.06
21193,8709,12,1,336.7
21194,8709,30,1,347.04
21195,8710,90,2,878.83
21196,8710,30,2,368.39
21197,8711,52,1,211.07
21198,8712,17,1,16203.47
21199,8712,100,2,827.42
21200,8712,30,1,347.04
21201,8713,12,1,336.7
21202,8713,51,1,1350.08
21203,8714,68,2,9905.97
21204,8714,90,2,878.83
21205,8714,52,1,224.06
21206,8715,100,1,878.34
21207,8715,30,1,368.39
21208,8715,90,1,878.83
21209,8716,17,1,17200.61
21210,8717,51,1,1350.08
21211,8717,30,1,347.04
21212,8717,34,1,672.98
21213,8717,68,2,9331.71
21214,8718,14,1,424.63
21215,8718,82,1,162.74
21216,8719,30,1,368.39
21217,8720,68,2,9331.71
21218,8721,68,2,9905.97
21219,8721,82,2,162.74
21220,8722,17,1,18073.1
21221,8723,90,1,878.83
21222,8723,51,1,1433.16
21223,8723,82,1,162.74
21224,8724,14,2,400.01
21225,8725,90,1,832.88
21226,8726,51,2,1350.08
21227,8726,68,2,10408.45
21228,8726,14,2,400.01
21229,8726,17,1,18073.1
21230,8727,52,2,224.06
21231,8727,100,2,878.34
21232,8728,68,1,10982.71
21233,8728,100,2,973.81
21234,8728,82,2,162.74
21235,8728,51,1,1433.16
21236,8729,14,1,400.01
21237,8729,34,2,672.98
21238,8729,12,2,375.55
21239,8729,52,2,211.07
21240,8730,34,1,750.64
21241,8730,12,2,375.55
21242,8731,17,1,18073.1
21243,8731,34,2,750.64
21244,8732,12,1,396.27
21245,8732,68,1,10982.71
21246,8732,52,2,224.06
21247,8733,12,2,375.55
21248,8733,68,2,10408.45
21249,8734,51,1,1350.08
21250,8734,82,2,153.31
21251,8734,14,2,400.01
21252,8734,17,1,18073.1
21253,8735,82,1,162.74
21254,8735,100,1,973.81
21255,8736,17,2,18073.1
21256,8736,82,1,153.31
21257,8737,68,2,10408.45
21258,8737,90,2,832.88
21259,8737,51,1,1505.85
21260,8738,12,1,375.55
21261,8738,100,1,922.9
21262,8739,14,2,424.63
21263,8740,68,2,10049.54
21264,8740,100,2,891.07
21265,8740,14,2,430.78
21266,8741,52,1,215.94
21267,8741,100,1,941.99
21268,8741,51,1,1537.01
21269,8741,34,2,766.17
21270,8742,52,2,202.95
21271,8742,68,1,10049.54
21272,8743,34,2,724.75
21273,8744,14,1,455.4
21274,8745,51,1,1537.01
21275,8746,52,2,202.95
21276,8747,82,1,147.41
21277,8747,14,2,430.78
21278,8747,68,1,10049.54
21279,8747,17,2,17449.89
21280,8748,82,2,147.41
21281,8748,34,1,724.75
21282,8749,17,1,17449.89
21283,8749,34,1,724.75
21284,8750,51,2,1537.01
21285,8750,52,2,240.29
21286,8750,68,1,10623.8
21287,8750,100,1,941.99
21288,8751,51,1,1453.93
21289,8751,82,1,165.1
21290,8751,100,1,891.07
21291,8751,14,1,430.78
21292,8752,68,1,10049.54
21293,8752,14,1,430.78
21294,8753,90,1,850.11
21295,8754,30,2,355.04
21296,8755,14,1,455.4
21297,8755,52,1,240.29
21298,8755,17,2,18447.03
21299,8755,51,1,1537.01
21300,8756,34,1,766.17
21301,8756,51,1,1537.01
21302,8756,52,2,240.29
21303,8756,17,1,18447.03
21304,8757,14,1,455.4
21305,8758,30,1,355.04
21306,8758,34,2,766.17
21307,8759,12,2,362.6
21308,8759,30,2,333.69
21309,8759,52,2,227.3
21310,8760,12,1,383.32
21311,8760,30,2,355.04
21312,8760,82,2,174.54
21313,8761,51,1,1453.93
21314,8762,51,2,1453.93
21315,8762,14,2,430.78
21316,8762,52,1,227.3
21317,8763,30,1,333.69
21318,8763,82,2,165.1
21319,8763,12,1,362.6
21320,8763,52,2,227.3
21321,8764,82,1,165.1
21322,8764,30,1,333.69
21323,8764,52,1,227.3
21324,8765,51,1,1453.93
21325,8766,51,1,1537.01
21326,8766,14,2,455.4
21327,8766,30,1,355.04
21328,8767,82,2,174.54
21329,8768,14,1,430.78
21330,8768,30,2,333.69
21331,8768,82,2,165.1
21332,8769,82,1,174.54
21333,8770,82,1,165.1
21334,8771,30,2,373.73
21335,8772,30,2,373.73
21336,8773,30,1,373.73
21337,8774,30,2,373.73
21338,8775,30,2,373.73
21339,8776,30,2,373.73
21340,8777,30,1,373.73
21341,8778,30,1,373.73
21342,8779,62,1,35947.46
21343,8780,59,1,386.66
21344,8780,11,2,168.38
21345,8780,62,2,35947.46
21346,8780,75,1,422.74
21347,8781,81,2,462.59
21348,8782,25,1,13311.09
21349,8782,71,1,400.65
21350,8782,5,1,179.51
21351,8783,61,2,195.07
21352,8783,77,1,191.83
21353,8783,50,1,214.94
21354,8783,75,1,422.74
21355,8784,67,1,291.98
21356,8784,61,2,195.07
21357,8785,77,2,227.12
21358,8786,75,1,422.74
21359,8786,97,2,276.56
21360,8787,1,2,450.11
21361,8788,92,2,27057.02
21362,8789,62,1,35947.46
21363,8789,81,1,434.76
21364,8790,5,2,168.71
21365,8790,92,1,27057.02
21366,8791,61,2,218.48
21367,8792,50,2,254.49
21368,8793,61,1,230.97
21369,8793,38,2,238.28
21370,8793,1,2,478.92
21371,8793,67,1,310.66
21372,8794,1,1,450.11
21373,8794,81,1,434.76
21374,8795,62,1,35947.46
21375,8795,78,2,12302.77
21376,8795,61,2,218.48
21377,8795,11,1,168.38
21378,8796,71,1,376.55
21379,8796,77,1,214.84
21380,8797,92,2,28139.31
21381,8798,63,1,155.99
21382,8798,5,1,175.46
21383,8798,81,1,452.15
21384,8799,77,2,222.52
21385,8799,97,2,287.62
21386,8800,81,2,452.15
21387,8800,71,1,391.61
21388,8800,92,2,28139.31
21389,8800,59,2,402.13
21390,8801,50,2,249.33
21391,8802,92,1,28139.31
21392,8802,81,2,452.15
21393,8802,5,1,175.46
21394,8803,50,1,249.33
21395,8803,11,1,175.11
21396,8804,81,2,479.98
21397,8804,62,1,39686.0
21398,8804,61,2,238.77
21399,8805,62,2,39686.0
21400,8805,97,1,305.32
21401,8805,81,1,479.98
21402,8806,1,2,496.92
21403,8807,38,1,247.24
21404,8807,78,1,15058.6
21405,8808,67,2,303.65
21406,8808,77,1,222.52
21407,8809,61,2,226.29
21408,8809,78,1,14271.22
21409,8810,75,2,439.65
21410,8810,77,1,222.52
21411,8811,81,1,452.15
21412,8811,11,1,175.11
21413,8811,5,1,175.46
21414,8811,50,2,249.33
21415,8812,38,2,247.24
21416,8813,61,2,238.77
21417,8813,11,2,185.89
21418,8813,38,2,247.24
21419,8814,62,1,37385.36
21420,8814,9,2,558.56
21421,8815,71,1,415.71
21422,8815,11,2,206.09
21423,8815,92,2,29870.96
21424,8815,77,1,234.79
21425,8816,75,1,466.7
21426,8816,11,2,206.09
21427,8816,38,1,247.24
21428,8817,1,1,468.12
21429,8817,92,1,28139.31
21430,8818,11,2,195.31
21431,8818,63,2,155.99
21432,8819,1,1,468.12
21433,8819,92,2,28139.31
21434,8819,38,2,232.91
21435,8820,1,2,496.92
21436,8821,75,2,466.7
21437,8822,71,2,391.61
21438,8822,81,1,452.15
21439,8822,77,2,222.52
21440,8822,25,1,14512.09
21441,8823,97,1,287.62
21442,8824,97,1,287.62
21443,8824,63,1,155.99
21444,8824,75,2,439.65
21445,8825,78,1,15058.6
21446,8825,9,1,592.93
21447,8825,75,1,466.7
21448,8825,81,1,479.98
21449,8826,59,1,402.13
21450,8826,77,2,222.52
21451,8826,11,2,195.31
21452,8826,50,1,249.33
21453,8827,71,1,460.9
21454,8827,78,2,15058.6
21455,8827,9,2,592.93
21456,8828,59,1,426.88
21457,8828,62,2,43999.69
21458,8829,11,2,195.31
21459,8829,62,2,41699.06
21460,8830,75,2,449.79
21461,8831,81,1,434.76
21462,8831,67,1,291.98
21463,8831,75,1,473.47
21464,8832,75,2,473.47
21465,8832,62,1,40261.16
21466,8832,71,1,421.74
21467,8832,50,2,240.73
21468,8833,9,1,537.08
21469,8833,75,2,473.47
21470,8834,71,2,445.84
21471,8834,5,1,179.51
21472,8835,97,2,276.56
21473,8835,71,2,421.74
21474,8836,75,2,500.52
21475,8837,38,2,223.95
21476,8837,5,2,168.71
21477,8837,9,1,537.08
21478,8837,81,2,434.76
21479,8838,81,2,462.59
21480,8838,5,1,179.51
21481,8838,25,2,14812.34
21482,8838,63,2,177.59
21483,8839,5,1,179.51
21484,8839,62,1,42561.8
21485,8839,92,1,32035.52
21486,8840,1,1,450.11
21487,8841,67,2,291.98
21488,8842,78,2,14566.49
21489,8842,38,2,238.28
21490,8842,71,2,445.84
21491,8842,62,1,42561.8
21492,8843,75,2,500.52
21493,8843,63,2,177.59
21494,8844,5,2,179.51
21495,8844,97,2,294.26
21496,8844,78,1,14566.49
21497,8844,71,2,445.84
21498,8845,97,2,294.26
21499,8845,75,1,500.52
21500,8845,78,1,14566.49
21501,8846,63,2,167.99
21502,8846,38,1,250.82
21503,8846,92,1,30303.87
21504,8846,81,2,486.93
21505,8847,25,2,14011.68
21506,8847,38,2,250.82
21507,8847,71,1,421.74
21508,8848,63,1,167.99
21509,8848,1,1,450.11
21510,8848,75,1,473.47
21511,8848,67,2,327.01
21512,8849,5,1,168.71
21513,8850,9,1,537.08
21514,8850,71,2,421.74
21515,8851,1,1,478.92
21516,8851,25,1,14812.34
21517,8851,81,1,514.76
21518,8851,92,2,32035.52
21519,8852,81,1,486.93
21520,8852,59,1,386.66
21521,8853,67,1,345.7
21522,8853,81,1,514.76
21523,8853,71,1,445.84
21524,8853,62,2,42561.8
21525,8854,97,2,276.56
21526,8854,67,1,327.01
21527,8854,25,2,14011.68
21528,8855,9,2,537.08
21529,8855,38,1,250.82
21530,8855,97,1,276.56
21531,8856,5,1,168.71
21532,8856,97,2,276.56
21533,8856,81,2,486.93
21534,8856,1,1,450.11
21535,8857,1,2,450.11
21536,8857,9,1,537.08
21537,8858,9,2,537.08
21538,8858,59,1,386.66
21539,8858,62,2,40261.16
21540,8859,67,2,345.7
21541,8860,62,1,41699.06
21542,8860,67,2,338.69
21543,8860,38,1,259.78
21544,8860,59,1,402.13
21545,8861,5,1,186.26
21546,8861,59,1,426.88
21547,8862,97,2,320.81
21548,8863,59,2,402.13
21549,8863,38,1,259.78
21550,8863,63,2,173.99
21551,8864,81,1,504.32
21552,8864,63,1,173.99
21553,8865,81,2,532.15
21554,8865,9,2,592.93
21555,8866,1,1,468.12
21556,8866,81,2,504.32
21557,8867,67,2,338.69
21558,8867,1,2,522.13
21559,8867,63,2,173.99
21560,8868,59,2,473.27
21561,8868,63,1,183.58
21562,8868,92,1,33117.8
21563,8868,97,2,338.51
21564,8869,5,1,175.46
21565,8870,59,1,448.53
21566,8871,81,1,532.15
21567,8872,38,2,259.78
21568,8872,97,2,320.81
21569,8872,81,1,504.32
21570,8873,97,2,320.81
21571,8873,38,1,259.78
21572,8873,1,1,522.13
21573,8874,59,2,473.27
21574,8875,38,2,274.11
21575,8876,38,1,259.78
21576,8876,92,2,31386.15
21577,8876,9,2,623.01
21578,8877,1,1,522.13
21579,8878,5,1,195.71
21580,8878,9,1,623.01
21581,8878,1,1,522.13
21582,8879,92,1,31386.15
21583,8879,59,2,448.53
21584,8879,1,2,522.13
21585,8879,97,2,320.81
21586,8880,92,2,33117.8
21587,8880,5,1,206.5
21588,8881,5,1,195.71
21589,8881,59,1,448.53
21590,8881,9,1,623.01
21591,8882,92,1,33117.8
21592,8883,9,2,623.01
21593,8883,59,2,448.53
21594,8883,5,1,195.71
21595,8884,59,1,448.53
21596,8884,5,1,195.71
21597,8884,9,1,623.01
21598,8885,5,1,195.71
21599,8885,1,1,522.13
21600,8885,9,1,623.01
21601,8886,5,2,195.71
21602,8887,5,1,206.5
21603,8888,67,2,310.66
21604,8889,97,1,276.56
21605,8889,29,1,1028.69
21606,8889,24,1,64.42
21607,8890,89,2,236.38
21608,8890,13,1,260.29
21609,8890,44,1,1171.93
21610,8890,12,2,344.47
21611,8891,26,2,228.39
21612,8891,44,1,1171.93
21613,8892,24,2,68.55
21614,8892,12,2,344.47
21615,8893,67,1,310.66
21616,8894,26,2,214.65
21617,8894,90,2,718.0
21618,8894,67,1,291.98
21619,8894,54,1,7849.96
21620,8895,56,1,272.01
21621,8896,54,1,9294.36
21622,8896,26,1,228.39
21623,8897,67,1,291.98
21624,8897,26,1,214.65
21625,8897,56,2,255.65
21626,8897,44,1,1101.44
21627,8898,56,2,272.01
21628,8898,26,2,228.39
21629,8898,97,2,294.26
21630,8899,67,2,291.98
21631,8899,24,2,64.42
21632,8899,89,2,222.16
21633,8900,56,2,255.65
21634,8900,30,1,333.69
21635,8901,97,2,338.51
21636,8902,12,1,396.27
21637,8902,89,2,245.27
21638,8902,54,1,9608.35
21639,8902,24,2,71.13
21640,8903,44,1,1215.99
21641,8903,97,2,338.51
21642,8903,31,1,235.75
21643,8903,89,2,245.27
21644,8904,89,2,245.27
21645,8905,74,2,133.17
21646,8905,56,1,265.88
21647,8905,30,1,347.04
21648,8906,97,1,320.81
21649,8906,56,1,265.88
21650,8906,44,2,1145.5
21651,8907,29,1,1069.84
21652,8907,26,2,223.24
21653,8907,44,1,1145.5
21654,8908,97,2,338.51
21655,8908,29,2,1135.67
21656,8909,56,2,296.55
21657,8909,29,2,1193.28
21658,8909,12,2,375.55
21659,8909,33,2,429.16
21660,8910,80,1,1737.61
21661,8911,67,1,303.65
21662,8911,33,2,429.16
21663,8911,12,1,375.55
21664,8912,89,2,231.05
21665,8912,26,2,223.24
21666,8912,74,1,133.17
21667,8912,30,1,347.04
21668,8913,26,2,223.24
21669,8913,74,2,133.17
21670,8914,54,1,9608.35
21671,8914,12,2,396.27
21672,8914,24,2,78.86
21673,8915,33,1,429.16
21674,8916,26,1,236.97
21675,8916,74,1,141.37
21676,8917,56,2,296.55
21677,8917,31,1,222.08
21678,8917,80,2,1636.88
21679,8918,33,1,429.16
21680,8918,90,2,746.72
21681,8918,67,1,303.65
21682,8918,89,2,257.71
21683,8919,30,1,347.04
21684,8920,89,2,257.71
21685,8920,26,1,223.24
21686,8921,90,2,832.88
21687,8921,12,2,375.55
21688,8921,31,2,247.7
21689,8922,13,1,254.42
21690,8922,74,2,133.17
21691,8923,74,1,148.54
21692,8924,74,1,148.54
21693,8924,56,1,296.55
21694,8925,74,2,156.73
21695,8926,74,1,148.54
21696,8927,44,2,1215.99
21697,8927,89,1,271.93
21698,8928,89,2,248.82
21699,8928,24,1,72.16
21700,8928,80,2,1573.93
21701,8929,67,1,310.66
21702,8929,80,2,1674.66
21703,8930,24,1,72.16
21704,8930,44,1,1101.44
21705,8930,13,2,244.64
21706,8931,54,2,9294.36
21707,8931,30,2,355.04
21708,8931,31,1,252.83
21709,8932,13,2,244.64
21710,8932,67,1,291.98
21711,8932,31,2,239.16
21712,8932,44,2,1101.44
21713,8933,54,1,9294.36
21714,8934,33,1,462.17
21715,8934,56,2,286.33
21716,8934,67,1,291.98
21717,8935,26,1,214.65
21718,8935,33,2,462.17
21719,8936,33,2,488.58
21720,8936,30,2,355.04
21721,8936,44,1,1171.93
21722,8936,56,2,302.69
21723,8937,54,1,9294.36
21724,8938,26,2,214.65
21725,8938,67,2,291.98
21726,8938,56,1,286.33
21727,8938,89,1,248.82
21728,8939,33,1,462.17
21729,8939,31,1,239.16
21730,8940,29,2,1152.13
21731,8941,31,1,239.16
21732,8941,80,1,1573.93
21733,8942,56,2,302.69
21734,8942,29,2,1217.97
21735,8942,80,1,1674.66
21736,8943,67,1,291.98
21737,8944,30,2,333.69
21738,8944,33,2,462.17
21739,8944,54,1,8791.96
21740,8945,26,1,240.41
21741,8945,89,1,248.82
21742,8945,31,2,239.16
21743,8946,80,1,1674.66
21744,8946,31,1,252.83
21745,8946,44,2,1171.93
21746,8947,80,1,1674.66
21747,8947,74,2,151.61
21748,8947,26,2,254.15
21749,8948,74,2,143.42
21750,8948,29,1,1152.13
21751,8949,26,2,240.41
21752,8949,54,2,8791.96
21753,8949,80,1,1573.93
21754,8949,44,2,1101.44
21755,8950,29,2,1152.13
21756,8950,44,2,1101.44
21757,8950,67,2,291.98
21758,8951,33,2,462.17
21759,8951,13,1,244.64
21760,8951,26,1,240.41
21761,8952,30,1,395.09
21762,8952,67,1,345.7
21763,8952,13,1,260.29
21764,8953,54,1,8791.96
21765,8953,74,2,143.42
21766,8953,33,1,462.17
21767,8953,80,1,1573.93
21768,8954,31,2,252.83
21769,8955,33,2,488.58
21770,8955,54,1,9294.36
21771,8956,90,2,804.16
21772,8956,13,1,244.64
21773,8956,44,1,1101.44
21774,8957,90,1,804.16
21775,8957,30,1,373.73
21776,8957,29,2,1152.13
21777,8958,26,2,262.73
21778,8959,30,1,387.08
21779,8960,67,1,357.38
21780,8960,30,1,408.43
21781,8960,13,2,270.08
21782,8960,44,1,1215.99
21783,8961,30,2,387.08
21784,8961,13,2,254.42
21785,8961,29,1,1193.28
21786,8962,13,2,254.42
21787,8962,44,2,1277.67
21788,8962,90,2,832.88
21789,8963,44,2,1277.67
21790,8963,67,1,338.69
21791,8964,90,2,878.83
21792,8964,67,2,357.38
21793,8965,13,2,270.08
21794,8965,80,1,1737.61
21795,8965,90,1,878.83
21796,8966,67,1,338.69
21797,8966,30,2,387.08
21798,8966,80,1,1636.88
21799,8967,67,1,338.69
21800,8967,30,1,387.08
21801,8967,26,1,248.99
21802,8967,13,1,254.42
21803,8968,90,1,832.88
21804,8968,13,1,254.42
21805,8968,80,2,1636.88
21806,8968,44,1,1277.67
21807,8969,44,2,1348.16
21808,8969,80,2,1737.61
21809,8969,67,1,357.38
21810,8970,13,1,254.42
21811,8970,67,1,338.69
21812,8970,30,1,387.08
21813,8970,80,1,1636.88
21814,8971,26,2,248.99
21815,8971,30,1,387.08
21816,8971,44,2,1277.67
21817,8971,67,2,338.69
21818,8972,67,1,338.69
21819,8973,67,2,338.69
21820,8973,13,2,254.42
21821,8973,80,2,1636.88
21822,8974,80,2,1737.61
21823,8974,30,2,408.43
21824,8975,80,1,1636.88
21825,8975,13,1,283.78
21826,8976,13,2,299.44
21827,8977,13,2,283.78
21828,8977,80,1,1636.88
21829,8978,80,1,1825.75
21830,8978,13,2,283.78
21831,8979,80,1,1825.75
21832,8979,13,2,283.78
21833,8980,13,1,283.78
21834,8980,80,1,1825.75
21835,8981,80,2,1926.48
21836,8982,13,2,283.78
21837,8982,80,2,1825.75
21838,8983,80,2,1825.75
21839,8983,13,2,283.78
21840,8984,80,1,1825.75
21841,8985,80,2,1926.48
21842,8986,80,1,1926.48
21843,8987,80,1,1825.75
21844,8988,54,2,8163.96
21845,8989,73,1,30734.82
21846,8989,37,2,1002.24
21847,8989,29,1,1069.84
21848,8990,95,2,21766.35
21849,8990,87,2,31086.93
21850,8990,1,2,468.12
21851,8991,39,1,38144.09
21852,8991,95,1,21766.35
21853,8991,1,1,468.12
21854,8991,64,1,383.68
21855,8992,87,2,31086.93
21856,8992,42,1,23033.74
21857,8993,55,1,228.88
21858,8993,73,2,34281.15
21859,8993,54,1,9105.96
21860,8993,39,1,38144.09
21861,8994,42,1,27108.94
21862,8994,29,2,1135.67
21863,8994,87,1,32999.97
21864,8995,73,2,36172.52
21865,8996,42,2,25691.48
21866,8996,61,2,202.88
21867,8997,39,2,40491.42
21868,8997,100,2,878.34
21869,8998,61,2,202.88
21870,8998,84,1,342.28
21871,8998,39,2,38144.09
21872,8998,74,1,133.17
21873,8999,55,2,228.88
21874,8999,100,2,827.42
21875,8999,29,1,1069.84
21876,8999,42,1,25691.48
21877,9000,74,2,133.17
21878,9000,42,2,25691.48
21879,9000,55,2,228.88
21880,9001,37,2,1002.24
21881,9001,29,2,1069.84
21882,9001,85,2,363.16
21883,9001,100,1,827.42
21884,9002,42,2,27108.94
21885,9003,1,1,468.12
21886,9003,85,2,363.16
21887,9003,61,2,202.88
21888,9004,96,2,337.95
21889,9005,55,1,228.88
21890,9005,64,2,383.68
21891,9005,74,1,133.17
21892,9005,95,1,21766.35
21893,9006,74,2,141.37
21894,9006,96,1,358.74
21895,9006,95,1,23105.82
21896,9006,84,1,363.34
21897,9007,74,1,141.37
21898,9008,54,2,9294.36
21899,9009,55,1,234.16
21900,9010,84,2,329.11
21901,9010,87,2,29891.28
21902,9010,95,2,20929.19
21903,9011,55,1,234.16
21904,9012,96,2,324.95
21905,9012,55,1,246.48
21906,9013,85,2,349.19
21907,9013,96,2,363.94
21908,9013,55,2,246.48
21909,9014,74,1,128.05
21910,9014,64,2,368.92
21911,9014,95,2,20929.19
21912,9014,84,1,329.11
21913,9015,74,2,136.25
21914,9016,29,1,1094.52
21915,9016,73,2,34990.41
21916,9016,96,2,384.74
21917,9016,39,1,39024.34
21918,9017,37,2,1025.36
21919,9017,87,2,31804.32
21920,9018,39,1,36677.01
21921,9018,74,1,128.05
21922,9018,54,2,8791.96
21923,9019,87,2,29891.28
21924,9019,1,2,450.11
21925,9019,85,1,349.19
21926,9019,84,2,329.11
21927,9020,61,1,195.07
21928,9020,64,2,368.92
21929,9021,37,2,1025.36
21930,9021,100,2,846.52
21931,9021,87,1,31804.32
21932,9022,39,1,36677.01
21933,9023,84,1,350.18
21934,9023,1,1,478.92
21935,9023,73,2,34990.41
21936,9023,37,1,1025.36
21937,9024,96,2,363.94
21938,9024,29,2,1028.69
21939,9025,64,2,368.92
21940,9026,29,1,1028.69
21941,9026,84,2,329.11
21942,9027,100,1,795.6
21943,9027,85,2,349.19
21944,9027,96,2,363.94
21945,9028,96,1,384.74
21946,9028,74,2,136.25
21947,9029,73,2,33099.04
21948,9029,37,2,963.69
21949,9029,54,2,8791.96
21950,9030,54,1,8791.96
21951,9031,95,2,22268.66
21952,9032,54,1,9294.36
21953,9032,61,1,207.56
21954,9033,61,2,207.56
21955,9033,87,2,31804.32
21956,9034,55,2,260.57
21957,9034,61,1,207.56
21958,9034,87,2,31804.32
21959,9034,95,2,22268.66
21960,9035,74,1,143.42
21961,9035,84,1,329.11
21962,9035,61,2,195.07
21963,9035,54,1,8791.96
21964,9036,37,1,1025.36
21965,9036,84,2,350.18
21966,9036,39,1,39024.34
21967,9036,87,2,31804.32
21968,9037,85,1,349.19
21969,9037,37,1,963.69
21970,9037,1,1,450.11
21971,9038,55,1,260.57
21972,9039,39,2,40491.42
21973,9039,85,1,385.5
21974,9040,74,2,148.54
21975,9040,87,2,31086.93
21976,9041,74,1,148.54
21977,9042,39,1,38144.09
21978,9042,74,1,148.54
21979,9042,87,1,31086.93
21980,9042,84,1,342.28
21981,9043,61,2,202.88
21982,9043,96,1,376.94
21983,9044,39,1,38144.09
21984,9044,87,1,31086.93
21985,9044,64,2,383.68
21986,9044,1,2,468.12
21987,9045,1,2,468.12
21988,9046,87,2,32999.97
21989,9046,100,1,878.34
21990,9047,39,1,38144.09
21991,9047,96,1,376.94
21992,9047,100,2,827.42
21993,9048,55,2,255.29
21994,9048,64,1,383.68
21995,9048,39,1,38144.09
21996,9049,55,1,269.37
21997,9049,100,1,878.34
21998,9049,29,2,1135.67
21999,9050,74,2,148.54
22000,9050,29,1,1069.84
22001,9051,39,1,40491.42
22002,9051,100,1,878.34
22003,9051,85,2,385.5
22004,9051,37,2,1063.91
22005,9052,100,2,827.42
22006,9052,74,2,148.54
22007,9052,61,2,202.88
22008,9053,87,1,31086.93
22009,9053,74,1,148.54
22010,9054,100,1,878.34
22011,9055,1,2,468.12
22012,9055,85,2,363.16
22013,9055,87,2,31086.93
22014,9055,64,1,383.68
22015,9056,87,2,31086.93
22016,9056,37,2,1002.24
22017,9057,64,2,383.68
22018,9057,37,1,1002.24
22019,9057,85,1,405.06
22020,9058,61,1,238.77
22021,9058,39,1,40491.42
22022,9058,84,2,363.34
22023,9059,61,1,238.77
22024,9059,64,1,407.29
22025,9059,95,2,23105.82
22026,9059,100,2,878.34
22027,9060,55,1,269.37
22028,9061,100,1,827.42
22029,9062,85,2,405.06
22030,9062,1,1,468.12
22031,9062,74,1,148.54
22032,9062,29,1,1069.84
22033,9063,95,2,21766.35
22034,9063,29,1,1069.84
22035,9063,74,1,148.54
22036,9064,61,2,226.29
22037,9064,100,2,827.42
22038,9064,84,1,342.28
22039,9064,64,1,383.68
22040,9065,64,1,427.95
22041,9065,84,2,342.28
22042,9066,39,1,40491.42
22043,9066,37,2,1063.91
22044,9067,85,1,427.41
22045,9067,64,2,451.56
22046,9067,100,1,878.34
22047,9067,95,2,25617.33
22048,9068,39,1,38144.09
22049,9068,87,2,31086.93
22050,9068,29,2,1069.84
22051,9069,85,2,405.06
22052,9070,84,1,342.28
22053,9071,61,1,238.77
22054,9071,85,1,427.41
22055,9072,61,2,218.48
22056,9072,95,2,23440.69
22057,9072,29,2,1028.69
22058,9073,85,2,391.09
22059,9074,87,1,33478.23
22060,9074,100,1,891.07
22061,9075,29,2,1028.69
22062,9075,100,1,891.07
22063,9076,29,2,1028.69
22064,9077,84,2,329.11
22065,9077,55,2,246.48
22066,9078,85,1,413.44
22067,9078,1,1,532.93
22068,9078,100,2,941.99
22069,9078,29,2,1094.52
22070,9079,85,2,391.09
22071,9079,39,2,36677.01
22072,9080,29,2,1094.52
22073,9080,64,2,436.81
22074,9081,1,1,504.13
22075,9082,61,1,218.48
22076,9083,64,1,413.2
22077,9084,85,2,413.44
22078,9085,64,2,413.2
22079,9085,29,2,1028.69
22080,9085,1,1,504.13
22081,9085,61,1,218.48
22082,9086,84,1,329.11
22083,9086,87,1,33478.23
22084,9086,61,2,218.48
22085,9086,39,2,36677.01
22086,9087,95,1,23440.69
22087,9087,29,2,1152.13
22088,9087,100,2,891.07
22089,9087,84,1,329.11
22090,9088,100,2,891.07
22091,9088,64,1,413.2
22092,9088,84,1,329.11
22093,9089,87,2,35391.27
22094,9089,37,2,1025.36
22095,9089,64,1,436.81
22096,9089,1,1,532.93
22097,9090,100,2,941.99
22098,9090,64,2,436.81
22099,9090,29,2,1217.97
22100,9090,87,1,35391.27
22101,9091,95,2,23440.69
22102,9092,84,2,350.18
22103,9092,39,1,39024.34
22104,9092,1,1,532.93
22105,9092,87,1,35391.27
22106,9093,95,2,24780.16
22107,9093,87,2,35391.27
22108,9094,39,2,41078.25
22109,9095,87,1,35391.27
22110,9095,100,1,941.99
22111,9095,84,1,389.67
22112,9096,100,2,891.07
22113,9096,95,1,23440.69
22114,9096,39,2,41078.25
22115,9097,29,2,1152.13
22116,9097,87,1,33478.23
22117,9098,29,2,1152.13
22118,9098,84,2,368.61
22119,9099,87,2,35391.27
22120,9099,84,1,389.67
22121,9099,29,2,1217.97
22122,9099,39,2,43425.58
22123,9100,84,2,368.61
22124,9101,37,2,963.69
22125,9101,39,1,41078.25
22126,9101,29,1,1152.13
22127,9101,95,1,23440.69
22128,9102,39,1,41078.25
22129,9102,1,1,504.13
22130,9103,39,1,43425.58
22131,9103,1,1,532.93
22132,9104,39,2,43425.58
22133,9104,37,2,1025.36
22134,9104,29,2,1217.97
22135,9105,39,2,41078.25
22136,9105,1,1,504.13
22137,9105,37,2,1079.33
22138,9106,1,2,504.13
22139,9107,1,2,504.13
22140,9108,84,1,368.61
22141,9108,37,2,1079.33
22142,9109,84,1,368.61
22143,9109,37,1,1079.33
22144,9109,39,1,41078.25
22145,9110,84,2,368.61
22146,9111,84,1,368.61
22147,9111,37,1,1079.33
22148,9112,37,1,1079.33
22149,9113,37,1,1141.01
22150,9114,37,1,1141.01
22151,9115,37,2,1141.01
22152,9116,58,1,18340.69
22153,9116,1,2,468.12
22154,9116,99,2,1218.11
22155,9116,13,1,254.42
22156,9117,99,1,1218.11
22157,9117,18,1,286.14
22158,9118,58,2,18340.69
22159,9118,80,2,1636.88
22160,9119,36,2,114.56
22161,9119,68,1,9331.71
22162,9119,1,1,468.12
22163,9119,80,1,1636.88
22164,9120,8,2,265.76
22165,9120,21,1,1069.87
22166,9120,82,2,153.31
22167,9120,75,1,439.65
22168,9121,99,2,1293.07
22169,9122,99,1,1218.11
22170,9122,36,2,114.56
22171,9122,8,2,265.76
22172,9122,61,1,202.88
22173,9123,80,2,1636.88
22174,9123,68,1,9331.71
22175,9123,74,1,133.17
22176,9123,72,2,402.56
22177,9124,99,1,1218.11
22178,9124,36,2,114.56
22179,9124,8,1,265.76
22180,9125,86,2,37285.06
22181,9125,21,2,1135.71
22182,9125,1,1,496.92
22183,9125,99,2,1293.07
22184,9126,99,1,1218.11
22185,9126,7,2,199.67
22186,9127,36,1,114.56
22187,9127,68,2,9331.71
22188,9127,80,1,1636.88
22189,9127,7,1,199.67
22190,9128,86,1,35123.61
22191,9129,4,2,382.12
22192,9129,8,1,271.89
22193,9130,86,1,35934.15
22194,9130,21,2,1094.56
22195,9130,99,2,1246.22
22196,9130,68,2,9547.06
22197,9131,7,1,191.99
22198,9131,68,1,8972.8
22199,9131,69,2,1772.99
22200,9131,61,2,195.07
22201,9132,18,1,292.75
22202,9132,69,2,1886.46
22203,9133,80,1,1674.66
22204,9133,99,1,1246.22
22205,9134,18,2,275.14
22206,9134,72,2,387.08
22207,9134,1,2,450.11
22208,9134,61,1,195.07
22209,9135,68,1,8972.8
22210,9136,36,1,110.15
22211,9136,18,1,275.14
22212,9137,82,1,147.41
22213,9138,86,2,35934.15
22214,9139,61,2,195.07
22215,9139,75,2,422.74
22216,9139,74,1,128.05
22217,9139,7,1,191.99
22218,9140,36,2,117.2
22219,9141,58,2,17635.27
22220,9141,86,1,33772.7
22221,9141,61,1,195.07
22222,9141,13,1,244.64
22223,9142,4,2,359.14
22224,9142,80,1,1573.93
22225,9143,8,1,271.89
22226,9144,72,1,387.08
22227,9144,21,1,1028.72
22228,9144,7,2,191.99
22229,9145,1,2,478.92
22230,9145,69,2,1886.46
22231,9146,79,2,222.94
22232,9146,86,1,33772.7
22233,9146,13,1,244.64
22234,9146,21,1,1028.72
22235,9147,7,2,191.99
22236,9148,99,2,1171.26
22237,9148,74,2,128.05
22238,9148,1,1,450.11
22239,9148,8,2,255.54
22240,9149,86,2,33772.7
22241,9149,21,2,1028.72
22242,9149,75,2,422.74
22243,9149,36,1,110.15
22244,9150,68,2,9547.06
22245,9151,7,1,204.27
22246,9151,1,1,478.92
22247,9152,79,2,237.21
22248,9152,68,2,9547.06
22249,9153,72,2,387.08
22250,9154,8,1,255.54
22251,9154,69,2,1985.75
22252,9154,13,1,244.64
22253,9155,72,2,411.85
22254,9156,36,2,110.15
22255,9156,4,1,359.14
22256,9157,69,2,2099.22
22257,9157,4,1,382.12
22258,9157,36,2,117.2
22259,9157,18,1,292.75
22260,9158,79,2,237.21
22261,9158,36,1,117.2
22262,9158,72,2,411.85
22263,9159,72,2,411.85
22264,9159,4,2,382.12
22265,9160,21,1,1218.01
22266,9161,7,2,191.99
22267,9161,74,1,128.05
22268,9161,18,2,275.14
22269,9161,8,2,255.54
22270,9162,18,2,275.14
22271,9162,21,2,1152.17
22272,9162,75,2,422.74
22273,9163,86,2,33772.7
22274,9163,8,2,255.54
22275,9164,99,2,1171.26
22276,9164,8,1,255.54
22277,9165,4,1,373.5
22278,9165,7,1,199.67
22279,9166,36,2,121.61
22280,9167,58,2,19469.34
22281,9167,99,2,1293.07
22282,9167,1,2,496.92
22283,9168,75,1,439.65
22284,9168,4,1,373.5
22285,9169,72,1,427.33
22286,9169,1,1,496.92
22287,9169,99,1,1293.07
22288,9170,7,2,199.67
22289,9170,8,1,265.76
22290,9171,75,2,490.38
22291,9171,28,2,330.85
22292,9171,8,2,265.76
22293,9172,68,1,9331.71
22294,9172,13,1,254.42
22295,9172,58,2,18340.69
22296,9172,69,1,2056.67
22297,9173,13,2,254.42
22298,9173,8,1,265.76
22299,9173,68,1,9331.71
22300,9174,75,1,490.38
22301,9174,4,1,373.5
22302,9174,79,1,231.85
22303,9174,8,1,265.76
22304,9175,21,2,1259.16
22305,9175,18,1,303.75
22306,9175,72,2,427.33
22307,9175,7,1,211.95
22308,9176,75,1,490.38
22309,9176,68,1,9331.71
22310,9177,68,1,9905.97
22311,9177,82,1,162.74
22312,9178,79,2,231.85
22313,9178,75,2,490.38
22314,9178,18,1,286.14
22315,9178,7,2,199.67
22316,9179,36,1,114.56
22317,9179,75,1,490.38
22318,9180,4,1,373.5
22319,9180,61,1,226.29
22320,9181,69,1,2170.14
22321,9181,72,2,427.33
22322,9181,8,2,282.11
22323,9182,99,2,1218.11
22324,9183,68,2,9905.97
22325,9183,99,2,1293.07
22326,9184,7,1,199.67
22327,9184,36,2,114.56
22328,9185,75,2,517.43
22329,9186,7,1,211.95
22330,9187,80,2,1737.61
22331,9187,61,2,238.77
22332,9187,99,2,1433.63
22333,9188,80,1,1636.88
22334,9189,18,2,286.14
22335,9189,69,1,2056.67
22336,9189,75,1,490.38
22337,9190,36,1,114.56
22338,9190,8,1,265.76
22339,9190,13,2,254.42
22340,9191,1,2,468.12
22341,9191,36,2,114.56
22342,9191,72,2,449.01
22343,9192,7,1,211.95
22344,9192,58,2,19469.34
22345,9192,99,2,1433.63
22346,9192,13,2,270.08
22347,9193,13,1,283.78
22348,9193,82,2,153.31
22349,9194,18,2,286.14
22350,9195,61,2,226.29
22351,9195,80,1,1636.88
22352,9195,7,2,199.67
22353,9196,28,1,330.85
22354,9196,82,2,153.31
22355,9196,99,2,1358.66
22356,9197,36,1,114.56
22357,9197,28,1,330.85
22358,9197,75,1,490.38
22359,9198,86,2,33772.7
22360,9198,79,2,222.94
22361,9198,8,2,255.54
22362,9198,13,2,273.99
22363,9199,99,1,1311.81
22364,9199,72,2,433.52
22365,9199,79,2,222.94
22366,9199,36,1,110.15
22367,9200,74,1,128.05
22368,9200,68,1,8972.8
22369,9201,13,1,273.99
22370,9201,8,2,286.2
22371,9201,7,1,191.99
22372,9201,4,1,402.23
22373,9202,4,2,402.23
22374,9203,28,1,318.12
22375,9203,36,2,110.15
22376,9203,7,2,191.99
22377,9204,36,1,110.15
22378,9205,36,1,110.15
22379,9206,7,2,215.03
22380,9206,13,2,273.99
22381,9206,82,2,147.41
22382,9206,68,1,8972.8
22383,9207,13,2,273.99
22384,9207,72,2,433.52
22385,9208,72,1,433.52
22386,9208,69,1,1985.75
22387,9208,28,1,318.12
22388,9208,36,2,110.15
22389,9209,86,1,33772.7
22390,9209,7,2,215.03
22391,9210,4,2,425.22
22392,9210,13,1,289.65
22393,9210,82,1,156.85
22394,9211,79,1,222.94
22395,9211,28,2,318.12
22396,9212,8,2,302.56
22397,9213,8,1,302.56
22398,9214,74,1,128.05
22399,9214,18,2,308.15
22400,9215,79,1,222.94
22401,9215,82,1,147.41
22402,9215,80,1,1573.93
22403,9215,7,1,215.03
22404,9216,72,2,458.3
22405,9217,13,2,273.99
22406,9218,61,1,218.48
22407,9219,4,2,402.23
22408,9219,86,1,33772.7
22409,9219,68,2,8972.8
22410,9219,18,2,308.15
22411,9220,28,2,356.3
22412,9221,74,1,128.05
22413,9221,4,1,402.23
22414,9222,69,1,1985.75
22415,9222,7,1,215.03
22416,9222,8,1,286.2
22417,9223,36,1,117.2
22418,9224,74,2,128.05
22419,9224,7,2,215.03
22420,9224,69,1,1985.75
22421,9225,8,2,302.56
22422,9226,36,1,110.15
22423,9226,86,2,33772.7
22424,9226,68,1,8972.8
22425,9227,61,1,218.48
22426,9227,1,2,450.11
22427,9227,74,2,143.42
22428,9228,7,1,215.03
22429,9228,36,1,123.37
22430,9229,8,2,286.2
22431,9229,13,1,273.99
22432,9230,58,2,18763.93
22433,9230,75,1,500.52
22434,9231,28,2,356.3
22435,9231,1,1,450.11
22436,9231,74,1,143.42
22437,9231,7,1,215.03
22438,9232,74,2,143.42
22439,9232,36,1,123.37
22440,9232,61,1,218.48
22441,9233,99,1,1386.77
22442,9234,36,2,130.42
22443,9235,18,2,308.15
22444,9235,4,2,402.23
22445,9236,58,1,17635.27
22446,9236,1,1,450.11
22447,9236,18,1,308.15
22448,9236,8,1,286.2
22449,9237,28,2,356.3
22450,9237,86,1,33772.7
22451,9237,74,1,143.42
22452,9237,36,2,123.37
22453,9238,82,1,153.31
22454,9239,74,1,148.54
22455,9240,8,1,296.42
22456,9240,58,1,20456.92
22457,9240,1,2,468.12
22458,9240,18,1,319.16
22459,9241,99,1,1433.63
22460,9241,18,2,336.77
22461,9241,58,2,21585.58
22462,9242,36,2,127.77
22463,9243,28,2,369.02
22464,9243,80,1,1636.88
22465,9243,18,2,319.16
22466,9243,86,1,35123.61
22467,9244,58,1,21585.58
22468,9245,99,1,1433.63
22469,9246,4,2,416.6
22470,9246,36,1,127.77
22471,9247,28,1,389.38
22472,9247,80,1,1737.61
22473,9248,82,1,153.31
22474,9248,58,1,20456.92
22475,9248,28,2,369.02
22476,9249,82,2,171.0
22477,9249,58,1,20456.92
22478,9250,86,2,37285.06
22479,9251,58,2,20456.92
22480,9251,80,2,1636.88
22481,9251,79,1,231.85
22482,9251,68,2,10408.45
22483,9252,86,1,35123.61
22484,9252,82,2,171.0
22485,9253,36,2,127.77
22486,9254,68,1,10982.71
22487,9254,74,2,156.73
22488,9255,1,1,468.12
22489,9255,79,2,231.85
22490,9256,74,1,148.54
22491,9256,36,2,127.77
22492,9257,79,1,231.85
22493,9257,58,1,20456.92
22494,9257,1,2,468.12
22495,9257,80,2,1636.88
22496,9258,68,1,10408.45
22497,9258,58,2,20456.92
22498,9258,28,1,369.02
22499,9259,68,2,10408.45
22500,9259,86,1,35123.61
22501,9259,58,1,20456.92
22502,9259,80,1,1636.88
22503,9260,80,1,1737.61
22504,9260,86,2,37285.06
22505,9260,1,1,550.94
22506,9260,68,1,10982.71
22507,9261,68,2,10408.45
22508,9262,86,1,35123.61
22509,9262,79,2,258.61
22510,9262,80,2,1636.88
22511,9262,1,2,522.13
22512,9263,86,1,35123.61
22513,9263,79,2,258.61
22514,9264,86,2,35123.61
22515,9264,68,2,10408.45
22516,9264,79,1,258.61
22517,9265,68,1,10982.71
22518,9265,79,2,272.88
22519,9265,86,1,41337.78
22520,9265,82,1,180.43
22521,9266,1,2,550.94
22522,9266,82,2,180.43
22523,9266,86,1,41337.78
22524,9266,80,2,1737.61
22525,9267,80,1,1737.61
22526,9268,80,1,1926.48
22527,9268,58,1,21585.58
22528,9269,80,1,1926.48
22529,9269,1,2,550.94
22530,9270,86,2,41337.78
22531,9270,80,1,1926.48
22532,9270,79,1,272.88
22533,9271,86,2,39176.33
22534,9271,80,1,1825.75
22535,9271,79,1,258.61
22536,9272,1,2,550.94
22537,9272,80,2,1926.48
22538,9272,86,1,41337.78
22539,9273,79,2,272.88
22540,9273,1,1,550.94
22541,9273,86,2,41337.78
22542,9274,1,1,550.94
22543,9274,79,2,272.88
22544,9275,86,1,39176.33
22545,9275,80,1,1825.75
22546,9276,80,2,1825.75
22547,9276,86,2,39176.33
22548,9277,80,2,1825.75
22549,9278,8,2,255.54
22550,9278,25,2,12510.42
22551,9279,8,1,255.54
22552,9279,15,1,168.91
22553,9279,36,1,110.15
22554,9279,9,1,537.08
22555,9280,91,1,285.12
22556,9280,86,2,33772.7
22557,9280,36,1,110.15
22558,9280,34,1,647.1
22559,9281,91,2,285.12
22560,9282,7,1,204.27
22561,9282,31,1,227.2
22562,9282,80,1,1674.66
22563,9282,9,1,571.45
22564,9283,29,2,1094.52
22565,9283,76,2,235.32
22566,9283,91,2,303.37
22567,9284,91,1,285.12
22568,9285,86,1,39986.88
22569,9286,91,2,285.12
22570,9287,31,1,213.54
22571,9287,91,2,285.12
22572,9287,82,1,147.41
22573,9287,29,1,1028.69
22574,9288,79,1,222.94
22575,9289,7,1,204.27
22576,9289,80,1,1674.66
22577,9290,86,2,37825.42
22578,9290,83,1,7797.42
22579,9290,79,2,222.94
22580,9291,82,1,156.85
22581,9291,79,2,263.96
22582,9291,9,2,571.45
22583,9292,86,2,37825.42
22584,9293,7,1,204.27
22585,9293,15,2,199.99
22586,9293,34,2,688.51
22587,9294,8,1,286.2
22588,9295,82,2,147.41
22589,9295,25,1,12510.42
22590,9295,9,2,537.08
22591,9296,29,2,1028.69
22592,9296,36,1,110.15
22593,9296,34,1,647.1
22594,9296,80,2,1573.93
22595,9297,86,1,37825.42
22596,9298,79,2,249.69
22597,9298,29,1,1028.69
22598,9299,91,2,285.12
22599,9299,7,2,191.99
22600,9299,86,1,37825.42
22601,9299,31,2,213.54
22602,9300,31,2,227.2
22603,9300,36,2,117.2
22604,9300,8,1,302.56
22605,9301,82,1,156.85
22606,9301,7,1,204.27
22607,9301,76,1,235.32
22608,9301,34,1,688.51
22609,9302,86,2,37825.42
22610,9303,31,1,227.2
22611,9303,79,1,263.96
22612,9303,91,2,303.37
22613,9303,15,2,199.99
22614,9304,82,1,156.85
22615,9304,25,2,13311.09
22616,9305,91,1,303.37
22617,9305,31,1,227.2
22618,9306,79,2,249.69
22619,9307,31,2,227.2
22620,9307,36,1,130.42
22621,9307,8,2,302.56
22622,9308,25,2,12510.42
22623,9308,34,2,647.1
22624,9308,36,2,123.37
22625,9309,15,1,199.99
22626,9309,7,2,204.27
22627,9309,76,1,235.32
22628,9310,7,1,191.99
22629,9310,82,2,147.41
22630,9310,79,2,249.69
22631,9310,76,1,221.16
22632,9311,91,2,303.37
22633,9311,8,1,302.56
22634,9311,25,2,13311.09
22635,9311,82,1,156.85
22636,9312,79,2,249.69
22637,9313,29,2,1028.69
22638,9313,76,1,221.16
22639,9313,8,2,286.2
22640,9314,76,1,221.16
22641,9314,80,2,1573.93
22642,9314,83,2,7797.42
22643,9314,25,2,12510.42
22644,9315,8,2,302.56
22645,9315,91,2,303.37
22646,9315,82,2,174.54
22647,9316,31,1,222.08
22648,9316,25,1,13010.84
22649,9316,91,1,296.53
22650,9316,9,1,558.56
22651,9317,83,2,8109.32
22652,9317,82,1,171.0
22653,9318,25,2,13010.84
22654,9318,83,2,8109.32
22655,9318,9,2,558.56
22656,9318,29,1,1069.84
22657,9319,31,1,235.75
22658,9319,29,2,1135.67
22659,9319,80,2,1737.61
22660,9319,34,1,714.4
22661,9320,36,2,127.77
22662,9320,9,1,558.56
22663,9321,83,1,8109.32
22664,9321,29,2,1069.84
22665,9321,9,2,558.56
22666,9322,34,1,714.4
22667,9323,34,1,714.4
22668,9324,91,2,296.53
22669,9325,9,2,558.56
22670,9325,83,2,8109.32
22671,9325,8,1,296.42
22672,9326,76,2,230.01
22673,9327,36,2,127.77
22674,9327,15,2,195.94
22675,9328,76,2,230.01
22676,9328,7,1,222.71
22677,9328,80,2,1636.88
22678,9329,80,2,1636.88
22679,9329,34,1,672.98
22680,9330,7,1,234.99
22681,9330,76,1,244.16
22682,9330,83,2,8608.36
22683,9330,34,1,714.4
22684,9331,15,1,206.75
22685,9331,91,2,314.78
22686,9332,9,1,592.93
22687,9332,34,1,792.05
22688,9332,82,2,180.43
22689,9333,7,1,222.71
22690,9333,83,1,9045.01
22691,9333,34,2,750.64
22692,9333,91,1,296.53
22693,9334,76,1,230.01
22694,9334,82,2,171.0
22695,9335,82,2,171.0
22696,9336,36,2,127.77
22697,9336,34,1,750.64
22698,9336,9,1,623.01
22699,9337,91,1,296.53
22700,9338,31,2,235.75
22701,9338,82,1,180.43
22702,9338,80,1,1737.61
22703,9338,76,1,244.16
22704,9339,82,1,171.0
22705,9339,31,2,247.7
22706,9340,34,1,750.64
22707,9340,7,1,222.71
22708,9340,9,2,623.01
22709,9340,31,1,247.7
22710,9341,7,1,222.71
22711,9342,83,2,9544.05
22712,9343,91,1,296.53
22713,9343,15,1,195.94
22714,9344,91,1,296.53
22715,9344,9,1,623.01
22716,9344,82,1,171.0
22717,9344,34,2,750.64
22718,9345,7,2,222.71
22719,9345,25,2,13010.84
22720,9346,25,1,13811.51
22721,9346,9,2,657.38
22722,9346,76,2,244.16
22723,9347,82,1,180.43
22724,9348,15,2,195.94
22725,9348,80,1,1825.75
22726,9348,76,2,256.55
22727,9348,29,2,1069.84
22728,9349,31,2,247.7
22729,9350,83,2,9544.05
22730,9350,36,2,134.82
22731,9351,15,2,195.94
22732,9351,34,1,750.64
22733,9351,76,1,256.55
22734,9351,80,2,1825.75
22735,9352,34,2,792.05
22736,9352,29,1,1135.67
22737,9352,91,1,314.78
22738,9353,25,2,13010.84
22739,9353,80,1,1825.75
22740,9353,7,1,222.71
22741,9354,34,1,750.64
22742,9354,76,2,256.55
22743,9354,83,2,9045.01
22744,9354,29,2,1069.84
22745,9355,91,2,348.99
22746,9355,9,1,657.38
22747,9356,91,1,337.59
22748,9357,29,2,1028.69
22749,9357,15,1,189.18
22750,9358,25,1,13311.09
22751,9358,9,2,635.9
22752,9358,91,1,337.59
22753,9358,34,1,766.17
22754,9359,29,1,1028.69
22755,9359,7,1,215.03
22756,9359,9,2,601.52
22757,9360,31,1,239.16
22758,9360,83,2,8733.12
22759,9361,25,2,13311.09
22760,9362,29,2,1028.69
22761,9362,76,2,247.7
22762,9362,31,2,239.16
22763,9362,80,2,1762.8
22764,9363,91,1,337.59
22765,9363,31,2,252.83
22766,9364,76,1,261.86
22767,9364,9,1,635.9
22768,9364,29,2,1094.52
22769,9365,91,2,337.59
22770,9366,25,1,13311.09
22771,9366,29,1,1217.97
22772,9367,91,1,319.34
22773,9367,25,1,12510.42
22774,9367,80,2,1762.8
22775,9368,76,2,247.7
22776,9368,29,1,1152.13
22777,9368,80,1,1762.8
22778,9368,25,1,12510.42
22779,9369,29,1,1217.97
22780,9369,76,1,261.86
22781,9369,25,1,13311.09
22782,9370,29,2,1217.97
22783,9371,29,1,1152.13
22784,9371,25,2,12510.42
22785,9372,25,1,13311.09
22786,9372,76,2,261.86
22787,9372,29,2,1217.97
22788,9373,76,1,247.7
22789,9374,29,1,1217.97
22790,9374,25,2,13311.09
22791,9375,29,1,1217.97
22792,9375,25,1,13311.09
22793,9376,25,2,14011.68
22794,9376,29,2,1152.13
22795,9377,25,2,14812.34
22796,9378,25,1,14011.68
22797,9379,25,2,14812.34
22798,9380,25,1,14812.34
22799,9381,25,1,14011.68
22800,9382,25,2,14812.34
22801,9383,25,2,14011.68
22802,9384,78,2,13090.15
22803,9384,89,2,236.38
22804,9385,83,2,7797.42
22805,9385,89,1,248.82
22806,9385,11,2,168.38
22807,9386,83,1,8296.46
22808,9387,49,1,454.49
22809,9388,62,2,35947.46
22810,9388,45,2,62.74
22811,9388,89,1,248.82
22812,9389,61,2,195.07
22813,9389,32,2,203.36
22814,9389,11,2,168.38
22815,9390,77,1,204.1
22816,9390,83,2,8296.46
22817,9390,45,1,66.75
22818,9390,96,1,345.75
22819,9391,11,2,168.38
22820,9391,6,1,169.03
22821,9392,49,1,427.15
22822,9393,11,1,168.38
22823,9394,11,1,179.15
22824,9395,89,2,248.82
22825,9395,32,1,227.77
22826,9395,61,1,195.07
22827,9395,78,1,12302.77
22828,9396,33,1,412.65
22829,9396,45,1,62.74
22830,9396,83,2,7797.42
22831,9396,61,1,195.07
22832,9397,61,1,207.56
22833,9397,96,1,345.75
22834,9398,96,2,324.95
22835,9399,92,1,27057.02
22836,9399,61,2,195.07
22837,9400,89,1,248.82
22838,9400,61,2,195.07
22839,9401,49,1,454.49
22840,9401,33,1,439.06
22841,9402,38,2,223.95
22842,9402,62,1,35947.46
22843,9403,96,1,345.75
22844,9403,45,1,66.75
22845,9403,33,1,439.06
22846,9404,49,2,427.15
22847,9404,92,2,27057.02
22848,9404,83,1,7797.42
22849,9404,33,1,412.65
22850,9405,11,2,179.15
22851,9405,92,2,28788.67
22852,9405,6,2,200.13
22853,9406,49,1,427.15
22854,9406,78,1,12302.77
22855,9407,6,2,189.31
22856,9407,11,2,168.38
22857,9407,38,1,223.95
22858,9407,45,2,62.74
22859,9408,83,1,7797.42
22860,9409,49,1,454.49
22861,9409,77,1,204.1
22862,9409,6,2,200.13
22863,9409,11,1,179.15
22864,9410,78,1,13090.15
22865,9410,96,1,345.75
22866,9411,62,1,35947.46
22867,9411,92,2,27057.02
22868,9411,61,1,195.07
22869,9412,49,1,478.41
22870,9413,77,2,199.5
22871,9414,78,2,12794.89
22872,9415,11,2,175.11
22873,9416,49,1,522.83
22874,9416,78,2,13582.26
22875,9416,32,2,248.92
22876,9417,62,2,37385.36
22877,9418,11,2,185.89
22878,9418,33,1,455.57
22879,9418,49,1,522.83
22880,9419,62,2,37385.36
22881,9419,32,1,235.9
22882,9420,96,2,358.74
22883,9420,6,1,206.89
22884,9420,78,2,13582.26
22885,9420,38,2,247.24
22886,9421,38,1,232.91
22887,9421,33,1,429.16
22888,9422,45,1,65.25
22889,9422,32,1,235.9
22890,9422,96,2,337.95
22891,9423,96,2,358.74
22892,9424,32,1,248.92
22893,9424,38,1,247.24
22894,9424,6,1,206.89
22895,9425,45,1,76.79
22896,9425,32,2,248.92
22897,9426,61,2,202.88
22898,9426,49,2,495.49
22899,9426,11,2,175.11
22900,9427,61,2,215.36
22901,9428,89,2,257.71
22902,9429,49,2,522.83
22903,9430,11,2,175.11
22904,9430,92,2,28139.31
22905,9430,45,1,72.78
22906,9431,78,1,12794.89
22907,9431,33,2,478.67
22908,9432,96,2,337.95
22909,9432,92,1,28139.31
22910,9432,32,1,235.9
22911,9433,11,1,175.11
22912,9434,62,1,37385.36
22913,9434,6,2,196.07
22914,9434,38,1,232.91
22915,9434,78,1,14271.22
22916,9435,77,2,211.77
22917,9436,49,2,522.83
22918,9436,33,2,505.08
22919,9436,89,1,271.93
22920,9437,89,2,257.71
22921,9437,11,2,175.11
22922,9438,83,2,9045.01
22923,9439,83,1,9045.01
22924,9439,45,2,72.78
22925,9440,49,1,522.83
22926,9440,45,1,76.79
22927,9441,38,2,247.24
22928,9442,45,1,76.79
22929,9442,78,1,15058.6
22930,9442,83,2,9544.05
22931,9443,6,1,206.89
22932,9444,78,1,14271.22
22933,9444,83,1,9045.01
22934,9444,77,1,199.5
22935,9445,45,2,76.79
22936,9445,78,1,15058.6
22937,9445,11,1,185.89
22938,9446,49,2,495.49
22939,9446,11,2,175.11
22940,9446,38,2,232.91
22941,9446,89,1,257.71
22942,9447,45,2,76.79
22943,9448,38,1,274.11
22944,9448,62,2,39686.0
22945,9448,78,1,15058.6
22946,9448,77,2,211.77
22947,9449,38,1,274.11
22948,9449,78,1,15058.6
22949,9449,11,2,185.89
22950,9449,45,1,76.79
22951,9450,83,2,9544.05
22952,9450,11,2,185.89
22953,9451,11,1,168.38
22954,9451,38,1,250.82
22955,9451,61,2,195.07
22956,9452,38,2,250.82
22957,9452,77,2,191.83
22958,9452,83,2,8733.12
22959,9452,49,1,478.41
22960,9453,11,1,168.38
22961,9453,38,2,250.82
22962,9453,61,1,195.07
22963,9453,62,1,35947.46
22964,9454,77,2,204.1
22965,9455,83,2,8733.12
22966,9456,96,1,345.75
22967,9457,38,2,250.82
22968,9457,78,2,13779.11
22969,9457,77,2,214.84
22970,9457,62,1,35947.46
22971,9458,38,2,250.82
22972,9459,11,1,199.36
22973,9459,38,1,265.16
22974,9459,45,2,74.28
22975,9459,83,1,9232.15
22976,9460,38,1,265.16
22977,9460,62,2,38248.1
22978,9461,61,1,195.07
22979,9462,78,2,14566.49
22980,9463,45,1,74.28
22981,9463,61,1,207.56
22982,9463,11,2,199.36
22983,9463,96,1,345.75
22984,9464,11,1,188.58
22985,9464,77,1,214.84
22986,9464,78,1,13779.11
22987,9465,61,1,207.56
22988,9466,11,2,188.58
22989,9466,33,1,462.17
22990,9467,11,2,199.36
22991,9468,61,1,207.56
22992,9469,77,1,214.84
22993,9469,33,1,462.17
22994,9470,11,1,188.58
22995,9471,11,1,199.36
22996,9471,92,2,32035.52
22997,9471,77,2,227.12
22998,9472,92,1,32035.52
22999,9473,77,1,214.84
23000,9473,62,2,35947.46
23001,9474,11,2,188.58
23002,9474,61,1,195.07
23003,9474,92,2,30303.87
23004,9475,77,2,227.12
23005,9475,11,1,199.36
23006,9475,96,2,384.74
23007,9476,61,2,195.07
23008,9476,11,1,188.58
23009,9476,62,2,35947.46
23010,9477,92,1,32035.52
23011,9478,61,2,230.97
23012,9478,62,2,38248.1
23013,9479,61,2,218.48
23014,9479,96,2,363.94
23015,9480,96,1,363.94
23016,9480,62,2,35947.46
23017,9480,61,1,218.48
23018,9481,96,1,363.94
23019,9481,62,2,35947.46
23020,9482,62,1,42561.8
23021,9482,61,2,230.97
23022,9483,62,2,40261.16
23023,9483,61,2,218.48
23024,9484,61,2,218.48
23025,9484,62,2,40261.16
23026,9485,62,1,40261.16
23027,9486,62,2,43999.69
23028,9487,62,2,41699.06
23029,9488,62,2,41699.06
23030,9489,45,2,62.74
23031,9489,36,1,110.15
23032,9489,29,2,1028.69
23033,9490,45,2,62.74
23034,9490,91,1,285.12
23035,9490,52,1,202.95
23036,9491,45,1,66.75
23037,9491,9,1,571.45
23038,9492,20,2,15351.07
23039,9492,36,1,117.2
23040,9492,74,2,136.25
23041,9492,9,2,571.45
23042,9493,20,1,15351.07
23043,9493,29,1,1094.52
23044,9494,45,1,62.74
23045,9494,9,2,537.08
23046,9495,74,2,128.05
23047,9495,89,1,222.16
23048,9495,91,1,285.12
23049,9496,36,1,117.2
23050,9497,91,1,285.12
23051,9497,52,2,202.95
23052,9497,74,2,128.05
23053,9497,29,2,1028.69
23054,9498,20,1,15004.81
23055,9498,52,2,211.07
23056,9498,91,1,296.53
23057,9498,45,2,65.25
23058,9499,9,1,592.93
23059,9499,70,1,263.17
23060,9499,20,1,15928.18
23061,9500,89,2,231.05
23062,9500,91,1,296.53
23063,9500,29,1,1069.84
23064,9501,20,1,15928.18
23065,9502,9,2,558.56
23066,9502,52,2,211.07
23067,9502,91,2,296.53
23068,9503,89,1,245.27
23069,9503,74,1,141.37
23070,9503,36,1,121.61
23071,9503,91,2,314.78
23072,9504,36,2,121.61
23073,9504,9,1,592.93
23074,9505,70,1,247.91
23075,9506,20,2,15928.18
23076,9506,45,2,69.26
23077,9506,52,2,224.06
23078,9507,29,2,1069.84
23079,9507,52,1,235.42
23080,9507,91,2,296.53
23081,9507,70,1,247.91
23082,9508,45,2,65.25
23083,9508,52,1,235.42
23084,9508,91,1,296.53
23085,9508,89,1,231.05
23086,9509,70,1,247.91
23087,9510,20,1,15004.81
23088,9510,29,2,1069.84
23089,9511,91,1,296.53
23090,9511,70,1,247.91
23091,9512,36,2,114.56
23092,9513,29,2,1135.67
23093,9513,91,1,314.78
23094,9513,9,1,592.93
23095,9513,36,1,121.61
23096,9514,70,1,247.91
23097,9514,91,2,296.53
23098,9514,52,2,235.42
23099,9514,89,2,257.71
23100,9515,29,2,1069.84
23101,9515,91,1,296.53
23102,9515,45,1,65.25
23103,9515,89,1,257.71
23104,9516,36,2,114.56
23105,9516,89,2,257.71
23106,9516,70,1,247.91
23107,9516,29,1,1069.84
23108,9517,20,2,15928.18
23109,9517,52,1,248.41
23110,9517,9,2,592.93
23111,9518,20,2,15928.18
23112,9518,89,2,271.93
23113,9519,45,1,65.25
23114,9519,36,2,114.56
23115,9520,52,2,235.42
23116,9520,91,1,296.53
23117,9521,45,2,65.25
23118,9522,91,1,314.78
23119,9522,89,2,271.93
23120,9522,45,2,69.26
23121,9522,52,2,248.41
23122,9523,70,1,247.91
23123,9524,52,2,235.42
23124,9524,89,1,257.71
23125,9525,89,2,248.82
23126,9525,70,2,238.38
23127,9525,45,1,70.27
23128,9525,20,2,16159.02
23129,9526,20,2,16159.02
23130,9526,91,1,285.12
23131,9526,70,2,238.38
23132,9527,45,1,70.27
23133,9527,91,1,285.12
23134,9527,70,1,238.38
23135,9527,74,2,128.05
23136,9528,29,1,1152.13
23137,9529,36,1,110.15
23138,9530,45,1,70.27
23139,9531,9,1,537.08
23140,9531,74,1,128.05
23141,9532,9,1,537.08
23142,9533,74,2,128.05
23143,9533,70,1,238.38
23144,9533,20,1,16159.02
23145,9534,45,2,74.28
23146,9535,36,2,130.42
23147,9536,29,2,1152.13
23148,9536,9,1,537.08
23149,9537,20,2,17082.4
23150,9537,9,2,571.45
23151,9537,74,1,136.25
23152,9537,91,1,303.37
23153,9538,74,2,136.25
23154,9538,20,1,17082.4
23155,9538,91,1,303.37
23156,9539,91,1,285.12
23157,9540,45,1,70.27
23158,9541,9,2,571.45
23159,9541,91,2,303.37
23160,9541,70,1,253.63
23161,9542,45,2,70.27
23162,9542,74,1,128.05
23163,9543,91,2,319.34
23164,9544,36,1,130.42
23165,9544,20,1,17082.4
23166,9544,29,1,1217.97
23167,9544,70,1,253.63
23168,9545,70,1,253.63
23169,9545,20,1,17082.4
23170,9545,36,2,130.42
23171,9545,29,2,1217.97
23172,9546,91,2,319.34
23173,9547,45,1,70.27
23174,9547,36,1,123.37
23175,9547,9,1,537.08
23176,9547,74,2,128.05
23177,9548,9,1,571.45
23178,9548,29,1,1217.97
23179,9549,74,2,136.25
23180,9549,9,2,571.45
23181,9550,9,2,537.08
23182,9550,36,1,123.37
23183,9551,91,1,319.34
23184,9551,74,1,128.05
23185,9552,91,2,319.34
23186,9553,70,2,253.63
23187,9553,74,1,136.25
23188,9553,36,1,130.42
23189,9554,9,1,537.08
23190,9554,70,2,238.38
23191,9555,9,2,537.08
23192,9555,74,1,128.05
23193,9555,70,1,266.98
23194,9556,70,2,266.98
23195,9556,74,2,128.05
23196,9557,74,1,151.61
23197,9557,70,1,282.24
23198,9558,9,1,635.9
23199,9558,74,2,151.61
23200,9558,70,1,282.24
23201,9559,9,2,635.9
23202,9559,74,2,151.61
23203,9559,70,1,282.24
23204,9560,9,2,601.52
23205,9560,70,1,266.98
23206,9560,74,2,143.42
23207,9561,70,1,282.24
23208,9561,9,1,635.9
23209,9562,74,1,143.42
23210,9562,70,1,266.98
23211,9563,74,1,143.42
23212,9564,9,2,601.52
23213,9564,74,1,143.42
23214,9564,70,2,266.98
23215,9565,74,1,143.42
23216,9566,74,1,151.61
23217,9566,9,1,635.9
23218,9567,9,1,601.52
23219,9568,9,1,635.9
23220,9569,9,1,635.9
23221,9570,53,2,882.53
23222,9570,81,2,452.15
23223,9570,87,1,31086.93
23224,9571,23,2,15203.34
23225,9571,87,2,31086.93
23226,9571,71,1,391.61
23227,9572,71,1,460.9
23228,9572,32,1,224.51
23229,9572,25,2,13811.51
23230,9573,23,1,16138.93
23231,9573,32,2,224.51
23232,9573,25,1,13811.51
23233,9574,81,1,452.15
23234,9574,32,2,211.5
23235,9574,25,2,13010.84
23236,9575,26,2,223.24
23237,9575,25,1,13010.84
23238,9575,81,2,452.15
23239,9576,32,1,224.51
23240,9577,53,2,882.53
23241,9578,71,2,460.9
23242,9578,26,2,236.97
23243,9578,81,2,532.15
23244,9579,52,2,224.06
23245,9579,25,2,13811.51
23246,9579,53,2,936.84
23247,9579,23,1,16138.93
23248,9580,23,1,15203.34
23249,9580,87,1,31086.93
23250,9581,71,2,460.9
23251,9581,3,2,234.67
23252,9582,71,1,460.9
23253,9582,25,1,13811.51
23254,9583,3,2,234.67
23255,9583,81,2,532.15
23256,9583,25,1,13811.51
23257,9583,32,2,224.51
23258,9584,25,1,13010.84
23259,9584,52,2,211.07
23260,9584,87,1,31086.93
23261,9585,32,1,211.5
23262,9585,96,2,337.95
23263,9585,81,1,504.32
23264,9586,3,2,221.07
23265,9586,78,2,12794.89
23266,9587,23,1,15203.34
23267,9587,3,1,246.57
23268,9588,96,2,337.95
23269,9588,78,1,12794.89
23270,9588,87,1,31086.93
23271,9588,53,1,882.53
23272,9589,26,1,223.24
23273,9589,52,1,211.07
23274,9590,53,2,882.53
23275,9590,78,2,12794.89
23276,9590,23,2,15203.34
23277,9591,78,2,13582.26
23278,9591,32,2,224.51
23279,9591,23,2,16138.93
23280,9591,49,1,471.57
23281,9592,96,1,337.95
23282,9593,78,2,12794.89
23283,9594,96,2,358.74
23284,9594,81,1,532.15
23285,9594,25,1,13811.51
23286,9595,26,1,223.24
23287,9596,71,2,460.9
23288,9596,25,2,13811.51
23289,9596,26,2,236.97
23290,9596,78,2,13582.26
23291,9597,23,2,16138.93
23292,9597,78,1,13582.26
23293,9597,52,1,224.06
23294,9597,53,2,936.84
23295,9598,32,1,211.5
23296,9599,81,2,532.15
23297,9599,3,1,260.18
23298,9600,26,1,223.24
23299,9600,32,1,211.5
23300,9600,81,1,504.32
23301,9600,96,2,337.95
23302,9601,96,2,358.74
23303,9601,53,1,936.84
23304,9602,96,2,358.74
23305,9603,87,1,32999.97
23306,9604,23,2,15203.34
23307,9604,71,1,436.8
23308,9604,49,2,444.24
23309,9605,52,1,224.06
23310,9605,71,2,460.9
23311,9606,78,2,12794.89
23312,9607,71,1,421.74
23313,9607,26,2,214.65
23314,9607,23,1,14618.6
23315,9607,49,1,427.15
23316,9608,32,1,203.36
23317,9609,25,1,14812.34
23318,9609,53,2,902.9
23319,9609,87,2,31804.32
23320,9609,52,2,215.94
23321,9610,78,1,12302.77
23322,9610,81,1,486.93
23323,9610,3,1,238.07
23324,9611,78,1,13090.15
23325,9612,87,2,31804.32
23326,9613,23,2,14618.6
23327,9613,32,1,203.36
23328,9613,71,2,421.74
23329,9613,26,1,240.41
23330,9614,3,1,238.07
23331,9615,23,2,14618.6
23332,9615,96,1,324.95
23333,9615,81,1,486.93
23334,9616,96,2,324.95
23335,9616,23,1,14618.6
23336,9616,3,2,238.07
23337,9616,26,2,240.41
23338,9617,53,2,902.9
23339,9618,52,1,202.95
23340,9619,3,2,251.67
23341,9619,32,2,216.38
23342,9619,26,1,254.15
23343,9620,53,2,848.59
23344,9621,87,1,29891.28
23345,9621,52,2,202.95
23346,9622,53,2,848.59
23347,9622,26,1,240.41
23348,9623,81,1,514.76
23349,9624,3,2,251.67
23350,9625,32,2,203.36
23351,9625,53,2,848.59
23352,9625,87,2,29891.28
23353,9626,87,1,29891.28
23354,9626,52,2,202.95
23355,9626,26,2,240.41
23356,9626,25,2,14011.68
23357,9627,78,1,12302.77
23358,9627,32,1,203.36
23359,9627,52,1,202.95
23360,9627,49,1,427.15
23361,9628,3,1,238.07
23362,9629,52,1,215.94
23363,9630,25,2,14812.34
23364,9630,3,1,251.67
23365,9630,96,1,345.75
23366,9630,53,2,902.9
23367,9631,78,1,12302.77
23368,9632,78,1,13090.15
23369,9632,52,1,215.94
23370,9632,96,2,345.75
23371,9632,53,1,902.9
23372,9633,3,1,238.07
23373,9633,25,1,14011.68
23374,9633,26,2,240.41
23375,9634,52,1,215.94
23376,9634,32,1,216.38
23377,9635,25,1,14011.68
23378,9635,32,1,203.36
23379,9635,52,2,202.95
23380,9636,52,2,202.95
23381,9636,78,2,12302.77
23382,9636,25,1,14011.68
23383,9637,25,1,14011.68
23384,9638,32,1,240.78
23385,9638,52,2,215.94
23386,9639,49,2,454.49
23387,9639,32,1,240.78
23388,9639,96,2,384.74
23389,9640,26,2,240.41
23390,9640,49,1,427.15
23391,9640,23,2,14618.6
23392,9640,78,1,12302.77
23393,9641,78,1,12302.77
23394,9642,53,2,950.42
23395,9642,96,1,363.94
23396,9643,53,2,950.42
23397,9643,26,1,240.41
23398,9644,96,1,363.94
23399,9644,32,2,227.77
23400,9644,87,2,29891.28
23401,9645,52,1,215.94
23402,9645,53,1,1004.73
23403,9645,32,1,240.78
23404,9646,96,2,363.94
23405,9647,96,1,363.94
23406,9647,52,1,202.95
23407,9647,87,2,29891.28
23408,9647,49,2,427.15
23409,9648,49,2,427.15
23410,9649,26,1,254.15
23411,9649,49,2,454.49
23412,9650,87,2,34673.88
23413,9650,53,2,984.36
23414,9650,32,2,235.9
23415,9651,49,2,444.24
23416,9651,32,1,235.9
23417,9652,49,1,495.49
23418,9652,96,1,376.94
23419,9652,52,2,211.07
23420,9653,78,1,13582.26
23421,9653,49,2,522.83
23422,9653,52,2,224.06
23423,9654,32,2,235.9
23424,9654,96,2,376.94
23425,9655,78,1,15058.6
23426,9655,87,2,36586.92
23427,9656,78,1,14271.22
23428,9656,87,1,34673.88
23429,9656,23,2,16957.58
23430,9656,53,1,984.36
23431,9657,96,1,376.94
23432,9658,78,2,14271.22
23433,9658,96,1,376.94
23434,9659,23,1,16957.58
23435,9659,78,1,14271.22
23436,9659,52,2,235.42
23437,9660,23,2,16957.58
23438,9661,23,1,16957.58
23439,9661,78,1,14271.22
23440,9661,32,2,235.9
23441,9662,87,1,34673.88
23442,9662,23,1,16957.58
23443,9662,78,2,14271.22
23444,9663,23,2,16957.58
23445,9664,78,1,14271.22
23446,9664,53,2,984.36
23447,9664,52,2,235.42
23448,9665,23,1,17893.17
23449,9665,52,2,248.41
23450,9665,87,2,36586.92
23451,9665,78,1,15058.6
23452,9666,53,2,1038.67
23453,9666,49,2,522.83
23454,9667,49,1,495.49
23455,9667,52,2,235.42
23456,9668,49,1,495.49
23457,9669,49,1,522.83
23458,9670,49,2,495.49
23459,9671,49,2,495.49
23460,9672,96,2,358.74
23461,9673,23,2,16138.93
23462,9674,24,1,71.13
23463,9674,96,1,358.74
23464,9674,46,1,389.75
23465,9675,95,2,23105.82
23466,9675,63,1,165.59
23467,9675,67,1,322.34
23468,9675,76,2,244.16
23469,9676,24,1,67.0
23470,9677,76,2,244.16
23471,9677,72,1,427.33
23472,9677,74,2,141.37
23473,9677,95,2,23105.82
23474,9678,46,1,367.16
23475,9678,23,1,15203.34
23476,9678,24,1,67.0
23477,9678,21,2,1069.87
23478,9679,21,2,1069.87
23479,9679,76,1,256.55
23480,9679,96,2,337.95
23481,9679,23,1,15203.34
23482,9680,21,2,1069.87
23483,9680,18,1,286.14
23484,9681,46,1,367.16
23485,9681,76,2,256.55
23486,9682,95,1,23105.82
23487,9682,96,1,358.74
23488,9682,63,2,165.59
23489,9682,23,1,16138.93
23490,9683,23,1,15203.34
23491,9683,74,1,133.17
23492,9684,97,2,305.32
23493,9684,72,2,427.33
23494,9684,24,2,71.13
23495,9685,72,1,402.56
23496,9685,76,1,256.55
23497,9685,97,1,287.62
23498,9685,21,1,1069.87
23499,9686,46,2,367.16
23500,9686,36,1,114.56
23501,9687,76,1,256.55
23502,9687,95,1,21766.35
23503,9688,96,1,337.95
23504,9688,63,2,155.99
23505,9688,23,2,16957.58
23506,9689,18,1,286.14
23507,9689,96,1,337.95
23508,9689,74,1,133.17
23509,9689,67,1,303.65
23510,9690,18,1,303.75
23511,9690,55,1,242.96
23512,9691,21,2,1094.56
23513,9691,37,1,1141.01
23514,9691,23,1,17308.42
23515,9691,46,1,375.63
23516,9692,23,2,16372.83
23517,9692,21,1,1028.72
23518,9693,67,2,291.98
23519,9694,74,2,136.25
23520,9694,55,1,234.16
23521,9695,24,2,64.42
23522,9695,36,2,110.15
23523,9695,18,2,275.14
23524,9695,55,2,220.07
23525,9696,55,2,220.07
23526,9696,23,2,16372.83
23527,9696,37,2,1079.33
23528,9697,36,1,110.15
23529,9697,96,1,324.95
23530,9697,97,2,276.56
23531,9697,74,1,128.05
23532,9698,74,2,128.05
23533,9698,36,2,110.15
23534,9699,67,2,310.66
23535,9699,95,1,22268.66
23536,9700,97,1,276.56
23537,9700,23,2,16372.83
23538,9701,95,1,20929.19
23539,9701,97,1,276.56
23540,9702,24,1,64.42
23541,9702,96,2,324.95
23542,9703,21,1,1028.72
23543,9703,76,1,247.7
23544,9704,36,2,110.15
23545,9704,97,2,276.56
23546,9704,96,1,324.95
23547,9704,37,2,1079.33
23548,9705,63,1,159.59
23549,9705,46,1,375.63
23550,9706,18,2,275.14
23551,9706,67,2,291.98
23552,9707,74,1,128.05
23553,9707,95,1,20929.19
23554,9707,72,1,387.08
23555,9707,46,1,353.04
23556,9708,55,1,220.07
23557,9708,95,1,20929.19
23558,9708,74,2,128.05
23559,9709,95,2,20929.19
23560,9710,24,1,68.55
23561,9710,67,1,310.66
23562,9711,72,1,411.85
23563,9712,97,2,276.56
23564,9712,46,1,353.04
23565,9712,55,1,220.07
23566,9713,74,1,128.05
23567,9713,63,2,149.99
23568,9713,95,1,20929.19
23569,9713,96,1,324.95
23570,9714,36,2,110.15
23571,9715,21,2,1028.72
23572,9715,18,2,275.14
23573,9715,63,1,149.99
23574,9716,96,1,324.95
23575,9716,72,2,387.08
23576,9717,21,1,1028.72
23577,9717,63,1,149.99
23578,9717,67,1,291.98
23579,9718,24,2,64.42
23580,9718,97,2,276.56
23581,9718,36,2,110.15
23582,9719,72,1,387.08
23583,9719,97,1,309.75
23584,9719,18,2,275.14
23585,9720,24,2,68.55
23586,9720,18,1,292.75
23587,9720,67,2,310.66
23588,9720,72,1,411.85
23589,9721,21,1,1218.01
23590,9721,36,1,117.2
23591,9722,96,1,324.95
23592,9722,95,1,20929.19
23593,9722,74,1,128.05
23594,9722,72,1,387.08
23595,9723,72,1,387.08
23596,9723,46,1,353.04
23597,9723,55,2,220.07
23598,9723,21,2,1152.17
23599,9724,72,2,411.85
23600,9724,18,2,292.75
23601,9724,74,2,136.25
23602,9725,46,2,353.04
23603,9726,74,1,148.54
23604,9726,95,1,21766.35
23605,9726,97,2,320.81
23606,9727,36,2,114.56
23607,9727,63,1,155.99
23608,9728,96,1,337.95
23609,9729,96,1,337.95
23610,9729,63,2,155.99
23611,9729,67,2,303.65
23612,9729,46,1,409.52
23613,9730,36,1,114.56
23614,9730,97,1,320.81
23615,9730,74,1,148.54
23616,9730,18,2,286.14
23617,9731,67,1,303.65
23618,9731,95,2,21766.35
23619,9731,36,2,114.56
23620,9732,36,1,121.61
23621,9732,55,2,242.96
23622,9732,46,2,432.12
23623,9732,67,1,322.34
23624,9733,95,2,23105.82
23625,9733,55,1,242.96
23626,9733,18,2,303.75
23627,9734,97,2,320.81
23628,9734,96,1,337.95
23629,9734,72,2,402.56
23630,9735,21,1,1193.32
23631,9735,63,1,155.99
23632,9736,72,2,402.56
23633,9737,18,1,286.14
23634,9737,24,1,67.0
23635,9737,67,1,303.65
23636,9738,55,2,242.96
23637,9738,67,2,322.34
23638,9739,21,2,1193.32
23639,9739,67,1,303.65
23640,9739,74,2,148.54
23641,9739,63,2,155.99
23642,9740,67,1,303.65
23643,9740,95,1,21766.35
23644,9740,21,1,1193.32
23645,9740,46,1,409.52
23646,9741,36,2,114.56
23647,9742,36,2,121.61
23648,9743,46,2,409.52
23649,9743,63,1,155.99
23650,9743,21,1,1193.32
23651,9743,67,1,303.65
23652,9744,55,2,228.88
23653,9745,36,2,114.56
23654,9745,46,1,409.52
23655,9745,55,1,228.88
23656,9746,74,1,148.54
23657,9746,36,2,114.56
23658,9746,67,2,303.65
23659,9746,63,2,155.99
23660,9747,96,2,337.95
23661,9748,67,1,322.34
23662,9748,18,1,303.75
23663,9748,97,1,338.51
23664,9748,46,2,432.12
23665,9749,74,1,148.54
23666,9749,67,2,303.65
23667,9749,96,2,376.94
23668,9750,67,2,303.65
23669,9750,96,1,376.94
23670,9751,96,1,397.74
23671,9752,36,2,114.56
23672,9753,72,2,427.33
23673,9754,46,1,409.52
23674,9755,63,2,155.99
23675,9755,97,1,320.81
23676,9755,55,1,228.88
23677,9755,36,2,114.56
23678,9756,72,2,402.56
23679,9756,55,2,228.88
23680,9756,95,2,21766.35
23681,9756,21,1,1193.32
23682,9757,74,2,156.73
23683,9757,63,1,165.59
23684,9757,67,1,357.38
23685,9757,18,2,303.75
23686,9758,21,2,1259.16
23687,9759,18,2,319.16
23688,9759,95,1,24277.86
23689,9760,97,1,320.81
23690,9760,74,1,148.54
23691,9760,24,2,67.0
23692,9760,96,1,376.94
23693,9761,63,1,155.99
23694,9761,36,2,127.77
23695,9762,24,2,72.16
23696,9762,36,2,123.37
23697,9762,96,2,363.94
23698,9763,72,1,433.52
23699,9763,96,2,363.94
23700,9763,95,2,23440.69
23701,9764,24,2,72.16
23702,9764,55,2,220.07
23703,9765,95,1,23440.69
23704,9765,74,1,143.42
23705,9765,67,2,327.01
23706,9765,55,2,220.07
23707,9766,67,2,327.01
23708,9766,55,2,220.07
23709,9766,95,2,23440.69
23710,9767,67,1,327.01
23711,9768,74,1,143.42
23712,9768,36,1,123.37
23713,9768,18,1,308.15
23714,9769,63,2,177.59
23715,9769,72,2,458.3
23716,9770,74,1,151.61
23717,9770,24,2,76.28
23718,9770,72,2,458.3
23719,9770,95,1,24780.16
23720,9771,67,2,345.7
23721,9771,36,2,130.42
23722,9772,63,2,177.59
23723,9772,36,2,130.42
23724,9772,97,1,327.45
23725,9773,63,1,177.59
23726,9773,46,1,418.0
23727,9773,67,1,345.7
23728,9773,95,2,24780.16
23729,9774,24,2,76.28
23730,9774,63,1,177.59
23731,9774,18,1,325.76
23732,9775,95,2,24780.16
23733,9775,18,1,325.76
23734,9775,24,1,76.28
23735,9776,55,2,260.57
23736,9777,18,2,325.76
23737,9777,72,1,458.3
23738,9778,18,1,308.15
23739,9778,36,1,123.37
23740,9778,63,2,167.99
23741,9778,55,1,246.48
23742,9779,55,2,246.48
23743,9779,36,2,123.37
23744,9780,18,2,308.15
23745,9780,55,2,246.48
23746,9781,72,2,458.3
23747,9782,63,1,177.59
23748,9782,18,1,325.76
23749,9783,55,2,246.48
23750,9783,72,1,433.52
23751,9783,63,2,167.99
23752,9784,55,2,246.48
23753,9785,72,1,433.52
23754,9786,72,1,433.52
23755,9787,63,1,155.99
23756,9787,58,1,18340.69
23757,9788,11,1,175.11
23758,9788,77,2,199.5
23759,9788,95,2,21766.35
23760,9788,82,2,153.31
23761,9789,11,1,175.11
23762,9789,68,1,9331.71
23763,9789,48,1,351.57
23764,9790,48,1,351.57
23765,9791,91,1,314.78
23766,9791,48,2,373.21
23767,9791,11,2,185.89
23768,9792,58,1,18340.69
23769,9792,91,2,296.53
23770,9793,95,1,21766.35
23771,9793,82,2,153.31
23772,9794,48,2,392.14
23773,9795,95,1,21766.35
23774,9795,48,2,392.14
23775,9795,82,2,153.31
23776,9796,89,1,231.05
23777,9796,95,1,21766.35
23778,9797,77,2,199.5
23779,9797,58,2,18340.69
23780,9798,29,2,1069.84
23781,9798,7,2,199.67
23782,9798,11,1,175.11
23783,9799,29,1,1028.69
23784,9799,77,2,191.83
23785,9799,68,2,8972.8
23786,9799,48,1,378.62
23787,9800,95,1,20929.19
23788,9800,14,1,384.62
23789,9800,89,1,222.16
23790,9800,82,2,147.41
23791,9801,58,1,17635.27
23792,9801,7,2,191.99
23793,9801,63,1,149.99
23794,9802,68,2,8972.8
23795,9802,91,1,285.12
23796,9803,89,1,222.16
23797,9803,54,1,7849.96
23798,9803,48,2,378.62
23799,9803,77,2,191.83
23800,9804,95,1,20929.19
23801,9804,82,2,147.41
23802,9804,54,2,7849.96
23803,9805,95,2,20929.19
23804,9805,11,2,168.38
23805,9805,58,2,17635.27
23806,9806,77,1,191.83
23807,9806,91,1,285.12
23808,9807,48,2,400.25
23809,9807,54,1,8352.36
23810,9807,77,1,204.1
23811,9808,7,2,191.99
23812,9808,63,1,149.99
23813,9808,95,2,20929.19
23814,9808,77,1,191.83
23815,9809,95,1,24780.16
23816,9809,14,1,409.24
23817,9809,82,1,156.85
23818,9809,89,2,236.38
23819,9810,14,1,409.24
23820,9810,68,1,9547.06
23821,9810,29,2,1094.52
23822,9811,58,2,18763.93
23823,9811,29,2,1217.97
23824,9811,54,1,8352.36
23825,9811,11,2,179.15
23826,9812,54,1,7849.96
23827,9812,63,2,149.99
23828,9813,89,1,236.38
23829,9813,77,1,204.1
23830,9814,95,1,24780.16
23831,9815,68,1,8972.8
23832,9815,63,2,149.99
23833,9815,29,2,1152.13
23834,9816,63,2,159.59
23835,9816,14,2,409.24
23836,9816,68,1,9547.06
23837,9816,82,1,156.85
23838,9817,14,1,384.62
23839,9817,48,2,378.62
23840,9817,77,2,191.83
23841,9817,91,1,285.12
23842,9818,63,1,159.59
23843,9818,82,1,156.85
23844,9819,58,2,17635.27
23845,9819,54,2,7849.96
23846,9820,48,2,400.25
23847,9821,89,1,236.38
23848,9822,63,1,159.59
23849,9822,11,2,179.15
23850,9823,29,2,1152.13
23851,9823,14,2,384.62
23852,9824,82,2,147.41
23853,9824,77,2,191.83
23854,9825,11,1,179.15
23855,9826,54,1,8791.96
23856,9827,29,2,1193.28
23857,9828,29,2,1193.28
23858,9828,77,2,199.5
23859,9828,91,2,296.53
23860,9829,91,2,314.78
23861,9829,89,1,245.27
23862,9830,7,2,199.67
23863,9830,89,2,231.05
23864,9831,91,1,330.75
23865,9831,14,1,400.01
23866,9831,82,2,153.31
23867,9831,89,2,257.71
23868,9832,58,1,18340.69
23869,9832,63,1,155.99
23870,9833,89,2,257.71
23871,9833,58,1,18340.69
23872,9834,54,1,9608.35
23873,9834,58,2,19469.34
23874,9835,54,2,9105.96
23875,9835,63,2,155.99
23876,9836,58,2,21585.58
23877,9836,11,1,185.89
23878,9837,82,1,162.74
23879,9838,54,1,9105.96
23880,9838,63,2,155.99
23881,9838,14,1,400.01
23882,9838,58,2,20456.92
23883,9839,63,1,155.99
23884,9839,95,2,24277.86
23885,9839,91,1,330.75
23886,9839,7,2,199.67
23887,9840,7,2,211.95
23888,9841,63,1,165.59
23889,9842,89,1,257.71
23890,9843,68,2,9331.71
23891,9843,82,2,153.31
23892,9843,95,1,24277.86
23893,9844,7,2,211.95
23894,9844,58,1,21585.58
23895,9844,82,2,162.74
23896,9845,89,2,271.93
23897,9845,14,1,424.63
23898,9845,68,1,9905.97
23899,9845,95,1,25617.33
23900,9846,68,1,9331.71
23901,9846,7,1,222.71
23902,9846,63,1,155.99
23903,9846,54,2,9105.96
23904,9847,77,1,211.77
23905,9847,7,1,234.99
23906,9848,7,1,222.71
23907,9848,63,1,155.99
23908,9849,77,1,199.5
23909,9849,82,1,153.31
23910,9850,91,2,330.75
23911,9850,68,1,9331.71
23912,9851,77,1,199.5
23913,9851,91,1,330.75
23914,9852,58,2,21585.58
23915,9852,91,2,348.99
23916,9852,63,2,165.59
23917,9853,89,1,257.71
23918,9853,11,2,175.11
23919,9853,7,2,222.71
23920,9853,14,2,400.01
23921,9854,63,1,173.99
23922,9854,95,2,24277.86
23923,9855,89,1,271.93
23924,9856,63,2,173.99
23925,9856,11,2,175.11
23926,9856,89,1,257.71
23927,9856,7,1,222.71
23928,9857,58,2,21585.58
23929,9858,14,2,470.78
23930,9858,7,2,234.99
23931,9858,63,2,183.58
23932,9859,89,2,271.93
23933,9859,11,1,185.89
23934,9859,77,1,211.77
23935,9860,89,1,257.71
23936,9860,14,2,446.16
23937,9860,68,2,9331.71
23938,9861,89,1,257.71
23939,9861,68,1,9331.71
23940,9861,77,1,199.5
23941,9862,82,2,153.31
23942,9862,58,1,20456.92
23943,9862,14,1,446.16
23944,9863,11,1,185.89
23945,9863,14,2,470.78
23946,9863,91,1,348.99
23947,9864,11,2,185.89
23948,9864,82,2,162.74
23949,9865,82,2,147.41
23950,9865,58,2,19751.51
23951,9865,91,1,319.34
23952,9865,14,1,430.78
23953,9866,63,2,167.99
23954,9866,82,1,147.41
23955,9867,91,1,337.59
23956,9867,95,1,24780.16
23957,9867,63,2,177.59
23958,9867,82,1,174.54
23959,9868,14,2,455.4
23960,9868,68,2,9547.06
23961,9869,82,1,165.1
23962,9869,11,2,168.38
23963,9870,63,1,177.59
23964,9870,68,1,9547.06
23965,9870,82,2,174.54
23966,9870,14,1,455.4
23967,9871,7,1,227.31
23968,9871,82,2,174.54
23969,9871,63,1,177.59
23970,9872,7,1,215.03
23971,9873,7,1,215.03
23972,9873,82,2,165.1
23973,9874,11,1,168.38
23974,9874,68,2,10049.54
23975,9874,77,2,214.84
23976,9875,68,2,10049.54
23977,9875,11,2,188.58
23978,9875,82,1,165.1
23979,9875,77,2,214.84
23980,9876,68,2,10049.54
23981,9876,11,1,188.58
23982,9877,77,1,214.84
23983,9878,77,1,227.12
23984,9879,11,1,199.36
23985,9880,11,2,199.36
23986,9880,68,2,10623.8
23987,9880,82,2,174.54
23988,9880,77,2,227.12
23989,9881,68,2,10049.54
23990,9882,11,1,188.58
23991,9882,68,1,10049.54
23992,9883,11,1,199.36
23993,9884,11,1,199.36
23994,9885,11,1,188.58
23995,9886,63,1,159.59
23996,9887,69,1,1772.99
23997,9888,22,1,299.84
23998,9888,37,1,963.69
23999,9888,74,1,128.05
24000,9889,67,1,310.66
24001,9890,92,1,27057.02
24002,9891,22,2,299.84
24003,9891,44,2,1101.44
24004,9891,9,2,537.08
24005,9891,21,2,1028.72
24006,9892,99,2,1171.26
24007,9892,74,2,128.05
24008,9892,69,2,1772.99
24009,9892,92,2,30303.87
24010,9893,21,2,1028.72
24011,9893,37,2,963.69
24012,9893,54,1,7849.96
24013,9894,40,2,1119.47
24014,9895,9,1,537.08
24015,9895,73,2,29552.71
24016,9896,67,2,291.98
24017,9897,5,2,179.51
24018,9897,69,1,1886.46
24019,9897,73,2,31444.09
24020,9898,93,2,354.56
24021,9899,73,1,29552.71
24022,9899,69,1,1772.99
24023,9899,40,1,1052.14
24024,9900,100,1,846.52
24025,9900,9,1,571.45
24026,9900,57,1,765.03
24027,9900,54,1,8352.36
24028,9901,44,1,1171.93
24029,9902,92,1,32035.52
24030,9902,37,2,1025.36
24031,9902,52,2,215.94
24032,9903,78,1,12302.77
24033,9904,40,1,1052.14
24034,9904,100,2,795.6
24035,9905,73,2,29552.71
24036,9905,78,2,12302.77
24037,9905,57,2,719.01
24038,9906,54,1,8352.36
24039,9906,74,2,136.25
24040,9907,78,1,13090.15
24041,9907,22,2,319.03
24042,9907,54,2,8352.36
24043,9908,59,2,386.66
24044,9909,99,1,1171.26
24045,9910,99,1,1246.22
24046,9910,63,1,177.59
24047,9910,21,2,1094.56
24048,9910,52,2,215.94
24049,9911,73,1,29552.71
24050,9911,74,1,128.05
24051,9911,19,1,213.21
24052,9912,33,1,439.06
24053,9913,93,2,333.24
24054,9914,74,1,136.25
24055,9914,9,1,571.45
24056,9914,99,1,1246.22
24057,9915,59,1,411.41
24058,9915,57,1,765.03
24059,9915,6,2,179.84
24060,9916,6,2,179.84
24061,9917,5,1,168.71
24062,9918,100,1,941.99
24063,9919,33,1,439.06
24064,9919,19,1,226.86
24065,9920,6,2,169.03
24066,9920,100,2,891.07
24067,9921,21,1,1094.56
24068,9921,44,1,1171.93
24069,9921,54,1,8352.36
24070,9922,78,1,13779.11
24071,9922,52,2,202.95
24072,9922,9,1,537.08
24073,9923,9,2,571.45
24074,9924,99,1,1246.22
24075,9924,22,1,319.03
24076,9925,73,2,32626.19
24077,9925,40,2,1161.56
24078,9925,44,2,1215.99
24079,9926,57,2,747.77
24080,9926,73,2,30734.82
24081,9926,37,2,1002.24
24082,9926,52,1,211.07
24083,9927,73,2,36172.52
24084,9928,21,2,1069.87
24085,9928,73,2,34281.15
24086,9929,93,2,346.57
24087,9929,19,1,221.74
24088,9929,57,2,747.77
24089,9930,5,1,206.5
24090,9931,37,1,1002.24
24091,9932,5,1,206.5
24092,9932,67,2,322.34
24093,9932,99,1,1293.07
24094,9933,5,1,195.71
24095,9933,59,2,402.13
24096,9933,44,1,1277.67
24097,9933,78,1,14271.22
24098,9934,67,2,303.65
24099,9935,37,2,1002.24
24100,9935,21,1,1069.87
24101,9935,40,2,1094.22
24102,9935,63,1,173.99
24103,9936,5,1,195.71
24104,9937,33,1,455.57
24105,9937,74,1,156.73
24106,9937,73,2,36172.52
24107,9937,21,1,1135.71
24108,9938,100,1,922.9
24109,9938,52,2,211.07
24110,9939,54,2,8163.96
24111,9940,22,1,311.83
24112,9940,69,1,2056.67
24113,9940,44,1,1277.67
24114,9941,67,1,303.65
24115,9941,54,2,8163.96
24116,9942,73,2,34281.15
24117,9942,99,1,1218.11
24118,9943,5,1,206.5
24119,9944,9,2,558.56
24120,9945,92,1,33117.8
24121,9945,54,1,8666.36
24122,9945,67,2,322.34
24123,9945,93,1,367.89
24124,9946,3,1,221.07
24125,9946,92,1,31386.15
24126,9947,40,1,1161.56
24127,9948,19,2,235.39
24128,9948,37,1,1063.91
24129,9949,63,1,173.99
24130,9950,67,1,303.65
24131,9950,57,1,747.77
24132,9951,33,1,429.16
24133,9951,22,2,311.83
24134,9951,74,1,148.54
24135,9951,69,2,2056.67
24136,9952,78,2,15058.6
24137,9952,52,1,248.41
24138,9952,59,1,426.88
24139,9952,19,2,235.39
24140,9953,99,2,1293.07
24141,9953,19,1,235.39
24142,9953,5,1,206.5
24143,9954,67,2,322.34
24144,9955,33,1,455.57
24145,9955,40,1,1161.56
24146,9956,92,2,31386.15
24147,9956,78,1,14271.22
24148,9956,99,2,1218.11
24149,9957,37,1,1063.91
24150,9958,54,2,8163.96
24151,9959,19,2,221.74
24152,9959,21,2,1069.87
24153,9960,44,1,1348.16
24154,9960,92,2,33117.8
24155,9961,52,1,248.41
24156,9961,19,1,235.39
24157,9962,74,1,148.54
24158,9962,57,2,747.77
24159,9962,3,1,221.07
24160,9962,40,2,1094.22
24161,9963,6,1,186.6
24162,9963,54,1,8666.36
24163,9964,59,2,402.13
24164,9964,52,1,235.42
24165,9965,93,1,346.57
24166,9966,40,1,1094.22
24167,9966,37,2,1002.24
24168,9966,33,1,429.16
24169,9966,21,2,1069.87
24170,9967,93,1,346.57
24171,9967,22,2,311.83
24172,9967,33,1,429.16
24173,9967,54,1,8163.96
24174,9968,54,1,8163.96
24175,9968,44,1,1277.67
24176,9969,99,2,1218.11
24177,9969,52,2,235.42
24178,9969,100,1,922.9
24179,9970,92,1,32035.52
24180,9970,100,1,941.99
24181,9971,5,2,188.96
24182,9972,73,2,33099.04
24183,9972,99,1,1171.26
24184,9973,73,1,34990.41
24185,9973,52,2,240.29
24186,9973,3,1,226.17
24187,9974,93,1,354.56
24188,9974,5,1,199.76
24189,9974,74,1,151.61
24190,9975,100,2,941.99
24191,9975,59,1,411.41
24192,9975,92,2,32035.52
24193,9976,9,1,571.45
24194,9976,3,2,226.17
24195,9976,33,1,439.06
24196,9977,100,1,891.07
24197,9977,78,2,13779.11
24198,9977,37,2,963.69
24199,9977,19,1,213.21
24200,9978,44,2,1304.1
24201,9978,6,2,179.84
24202,9978,99,1,1246.22
24203,9978,93,2,354.56
24204,9979,44,1,1304.1
24205,9980,22,2,299.84
24206,9980,40,1,1052.14
24207,9980,100,1,891.07
24208,9980,5,1,188.96
24209,9981,63,1,177.59
24210,9981,100,2,941.99
24211,9981,33,1,439.06
24212,9982,9,2,571.45
24213,9982,63,1,177.59
24214,9982,3,2,226.17
24215,9982,21,1,1094.56
24216,9983,52,1,240.29
24217,9983,21,1,1094.56
24218,9983,19,2,226.86
24219,9984,57,2,765.03
24220,9985,69,2,1985.75
24221,9985,9,1,537.08
24222,9986,92,1,32035.52
24223,9986,52,2,240.29
24224,9986,57,2,765.03
24225,9987,93,1,333.24
24226,9987,67,1,327.01
24227,9987,3,1,212.56
24228,9987,44,1,1233.61
24229,9988,19,1,213.21
24230,9988,92,1,30303.87
24231,9988,67,1,327.01
24232,9989,22,1,319.03
24233,9989,74,2,151.61
24234,9989,33,1,439.06
24235,9990,52,2,227.3
24236,9991,54,2,9294.36
24237,9991,3,1,226.17
24238,9992,5,1,188.96
24239,9993,99,2,1171.26
24240,9993,63,1,167.99
24241,9994,99,1,1171.26
24242,9995,59,1,386.66
24243,9995,40,2,1052.14
24244,9995,5,2,188.96
24245,9996,99,2,1311.81
24246,9997,3,1,226.17
24247,9998,99,1,1311.81
24248,9998,21,1,1028.72
24249,9998,57,2,719.01
24250,9999,67,2,327.01
24251,9999,22,2,299.84
24252,9999,59,1,386.66
24253,9999,54,2,8791.96
24254,10000,99,2,1311.81
24255,10000,44,1,1233.61
24256,10000,19,2,213.21
24257,10000,69,2,1985.75
24258,10001,6,1,169.03
24259,10002,67,2,345.7
24260,10002,3,1,226.17
24261,10002,9,1,571.45
24262,10003,9,1,537.08
24263,10004,6,1,169.03
24264,10004,74,1,143.42
24265,10005,40,1,1119.47
24266,10005,6,2,179.84
24267,10006,54,2,8791.96
24268,10006,22,1,299.84
24269,10006,93,2,333.24
24270,10007,78,1,13779.11
24271,10007,22,2,299.84
24272,10007,52,2,227.3
24273,10008,9,1,592.93
24274,10008,59,2,426.88
24275,10009,21,1,1069.87
24276,10009,74,1,148.54
24277,10010,69,1,2056.67
24278,10010,59,2,402.13
24279,10011,19,2,221.74
24280,10012,9,1,592.93
24281,10012,93,1,367.89
24282,10012,67,2,357.38
24283,10013,21,2,1069.87
24284,10013,69,1,2056.67
24285,10013,40,1,1094.22
24286,10013,6,2,175.79
24287,10014,33,2,455.57
24288,10015,22,2,311.83
24289,10015,21,1,1069.87
24290,10015,78,2,14271.22
24291,10016,9,1,592.93
24292,10016,93,2,367.89
24293,10016,19,1,235.39
24294,10016,37,1,1063.91
24295,10017,22,2,311.83
24296,10017,21,2,1069.87
24297,10017,40,2,1094.22
24298,10018,33,2,455.57
24299,10018,57,2,793.79
24300,10018,59,1,426.88
24301,10019,74,2,148.54
24302,10019,22,2,347.81
24303,10020,59,2,402.13
24304,10021,93,2,367.89
24305,10021,3,2,234.67
24306,10021,78,1,15058.6
24307,10021,37,2,1063.91
24308,10022,19,2,221.74
24309,10022,6,2,175.79
24310,10023,67,1,338.69
24311,10023,59,1,448.53
24312,10024,21,1,1193.32
24313,10024,63,2,173.99
24314,10025,63,1,183.58
24315,10026,99,2,1433.63
24316,10026,37,2,1063.91
24317,10026,19,2,260.97
24318,10027,3,1,234.67
24319,10027,57,2,880.07
24320,10028,19,2,260.97
24321,10028,93,2,407.88
24322,10029,21,1,1259.16
24323,10030,9,2,592.93
24324,10030,21,1,1259.16
24325,10030,54,1,9608.35
24326,10031,40,1,1220.48
24327,10031,99,1,1358.66
24328,10031,9,1,623.01
24329,10031,37,2,1117.88
24330,10032,19,2,247.33
24331,10032,57,2,834.05
24332,10032,99,2,1358.66
24333,10032,40,1,1220.48
24334,10033,3,2,234.67
24335,10033,33,1,505.08
24336,10033,54,2,9608.35
24337,10033,93,2,407.88
24338,10034,93,2,386.56
24339,10035,59,2,473.27
24340,10035,3,1,234.67
24341,10036,37,2,1117.88
24342,10036,59,2,448.53
24343,10037,22,2,347.81
24344,10037,93,1,386.56
24345,10038,9,1,623.01
24346,10039,93,2,386.56
24347,10039,6,2,175.79
24348,10039,9,1,623.01
24349,10039,3,1,221.07
24350,10040,19,2,247.33
24351,10041,37,1,1117.88
24352,10041,6,1,196.07
24353,10041,93,1,386.56
24354,10042,59,1,448.53
24355,10043,93,1,386.56
24356,10043,40,2,1220.48
24357,10044,6,1,196.07
24358,10044,57,2,834.05
24359,10044,40,2,1220.48
24360,10045,9,2,623.01
24361,10045,40,1,1220.48
24362,10046,33,1,478.67
24363,10046,59,2,448.53
24364,10047,93,2,386.56
24365,10047,37,2,1117.88
24366,10047,57,2,834.05
24367,10048,21,2,1193.32
24368,10048,19,1,247.33
24369,10048,59,1,448.53
24370,10049,93,1,386.56
24371,10050,57,1,880.07
24372,10051,40,2,1287.82
24373,10052,40,1,1220.48
24374,10052,19,2,247.33
24375,10052,21,2,1193.32
24376,10052,22,1,347.81
24377,10053,6,2,189.31
24378,10053,37,2,1079.33
24379,10053,19,2,238.8
24380,10053,22,2,335.82
24381,10054,22,2,335.82
24382,10055,6,2,189.31
24383,10055,21,2,1152.17
24384,10056,59,1,433.06
24385,10057,6,2,189.31
24386,10057,33,1,462.17
24387,10057,9,2,601.52
24388,10057,21,1,1152.17
24389,10058,3,2,212.56
24390,10058,57,1,805.29
24391,10058,37,1,1079.33
24392,10059,33,2,488.58
24393,10059,3,1,226.17
24394,10059,6,2,200.13
24395,10059,9,2,635.9
24396,10060,33,1,488.58
24397,10060,3,2,226.17
24398,10061,33,1,462.17
24399,10062,3,1,238.07
24400,10062,33,1,462.17
24401,10063,3,1,251.67
24402,10064,3,2,251.67
24403,10065,3,1,238.07
24404,10066,3,2,251.67
24405,10067,3,2,238.07
24406,10068,3,1,238.07
24407,10069,3,1,238.07
24408,10070,3,1,251.67
24409,10071,6,1,179.84
24410,10072,21,1,1028.72
24411,10072,17,2,15580.26
24412,10072,94,1,211.61
24413,10073,23,1,14618.6
24414,10073,76,2,221.16
24415,10074,88,1,32925.28
24416,10075,85,2,349.19
24417,10075,88,1,36876.31
24418,10076,87,1,31804.32
24419,10076,41,2,249.31
24420,10077,23,1,15554.19
24421,10077,52,1,215.94
24422,10077,21,1,1094.56
24423,10077,94,1,225.16
24424,10078,21,2,1152.17
24425,10078,94,1,211.61
24426,10078,52,2,202.95
24427,10078,60,1,165.4
24428,10079,67,1,310.66
24429,10080,41,2,249.31
24430,10080,12,1,344.47
24431,10081,52,2,202.95
24432,10081,50,1,214.94
24433,10081,100,2,795.6
24434,10082,21,1,1218.01
24435,10083,87,1,31804.32
24436,10083,90,2,763.95
24437,10083,12,2,344.47
24438,10083,94,1,225.16
24439,10084,87,1,31804.32
24440,10084,76,2,235.32
24441,10085,97,2,287.62
24442,10085,52,1,211.07
24443,10085,21,1,1193.32
24444,10086,23,1,16138.93
24445,10086,17,2,17200.61
24446,10087,88,2,38193.32
24447,10087,21,1,1193.32
24448,10087,12,2,336.7
24449,10087,100,2,827.42
24450,10088,67,1,303.65
24451,10088,60,2,172.02
24452,10089,94,1,245.47
24453,10089,58,2,18340.69
24454,10089,21,2,1193.32
24455,10089,6,1,175.79
24456,10090,87,2,32999.97
24457,10090,52,1,224.06
24458,10091,52,1,224.06
24459,10091,60,2,182.6
24460,10091,76,1,244.16
24461,10092,58,2,19469.34
24462,10093,76,2,230.01
24463,10093,94,2,245.47
24464,10093,87,1,31086.93
24465,10093,17,2,16203.47
24466,10094,97,1,287.62
24467,10094,52,1,211.07
24468,10095,23,2,15203.34
24469,10095,12,1,375.55
24470,10095,21,2,1193.32
24471,10096,90,2,746.72
24472,10097,97,2,305.32
24473,10097,50,1,237.29
24474,10098,21,2,1259.16
24475,10098,70,2,291.77
24476,10098,90,2,792.67
24477,10098,97,2,305.32
24478,10099,88,2,38193.32
24479,10099,76,2,230.01
24480,10099,19,1,221.74
24481,10099,55,1,228.88
24482,10100,87,2,31086.93
24483,10100,12,1,375.55
24484,10100,88,1,38193.32
24485,10100,63,2,155.99
24486,10101,50,1,223.53
24487,10101,67,1,303.65
24488,10101,88,1,38193.32
24489,10102,59,2,402.13
24490,10103,41,2,243.69
24491,10104,70,1,291.77
24492,10104,90,2,878.83
24493,10105,60,1,182.6
24494,10106,59,2,402.13
24495,10107,85,1,363.16
24496,10107,55,1,255.29
24497,10107,88,2,38193.32
24498,10108,50,1,237.29
24499,10108,41,1,258.68
24500,10108,67,1,322.34
24501,10108,76,2,244.16
24502,10109,88,1,38193.32
24503,10110,97,2,287.62
24504,10110,90,2,832.88
24505,10110,21,1,1193.32
24506,10110,100,2,827.42
24507,10111,70,1,291.77
24508,10111,88,2,40300.54
24509,10112,70,1,276.51
24510,10112,90,1,832.88
24511,10112,52,2,211.07
24512,10112,88,2,38193.32
24513,10113,19,2,221.74
24514,10113,100,1,827.42
24515,10113,94,1,245.47
24516,10114,70,2,276.51
24517,10114,6,1,175.79
24518,10114,17,2,16203.47
24519,10114,63,2,155.99
24520,10115,97,1,320.81
24521,10116,70,1,276.51
24522,10116,6,2,175.79
24523,10117,6,2,175.79
24524,10117,60,2,172.02
24525,10118,17,1,17200.61
24526,10119,6,1,186.6
24527,10119,67,1,322.34
24528,10119,12,2,396.27
24529,10120,17,2,18073.1
24530,10120,58,1,18340.69
24531,10120,23,1,15203.34
24532,10120,87,2,31086.93
24533,10121,50,1,223.53
24534,10121,58,1,18340.69
24535,10121,23,1,15203.34
24536,10121,90,1,832.88
24537,10122,70,1,276.51
24538,10122,87,2,34673.88
24539,10123,12,1,375.55
24540,10123,97,1,320.81
24541,10123,19,1,221.74
24542,10124,76,1,256.55
24543,10124,90,1,832.88
24544,10125,12,1,362.6
24545,10125,6,2,169.03
24546,10126,55,1,260.57
24547,10126,63,1,159.59
24548,10126,59,2,457.81
24549,10126,94,1,250.55
24550,10127,97,2,309.75
24551,10127,87,1,33478.23
24552,10128,94,2,237.01
24553,10128,23,1,14618.6
24554,10128,55,2,246.48
24555,10129,60,2,165.4
24556,10129,55,1,246.48
24557,10129,12,1,362.6
24558,10129,87,1,33478.23
24559,10130,94,1,237.01
24560,10130,87,2,33478.23
24561,10130,59,1,433.06
24562,10131,76,2,261.86
24563,10131,52,1,240.29
24564,10131,23,2,15554.19
24565,10132,50,1,214.94
24566,10132,63,2,149.99
24567,10132,12,2,362.6
24568,10133,63,2,149.99
24569,10133,97,1,309.75
24570,10134,70,1,266.98
24571,10134,23,1,14618.6
24572,10135,60,1,185.25
24573,10135,23,1,14618.6
24574,10135,97,1,309.75
24575,10136,97,2,309.75
24576,10136,52,1,227.3
24577,10136,60,1,185.25
24578,10137,41,2,262.43
24579,10137,17,1,17449.89
24580,10137,70,1,266.98
24581,10137,23,1,14618.6
24582,10138,87,1,35391.27
24583,10138,63,2,159.59
24584,10139,70,1,266.98
24585,10139,6,1,189.31
24586,10139,12,1,362.6
24587,10140,52,2,227.3
24588,10141,67,2,291.98
24589,10141,85,2,349.19
24590,10142,63,1,159.59
24591,10142,52,1,240.29
24592,10142,100,2,846.52
24593,10142,55,2,260.57
24594,10143,6,1,189.31
24595,10144,58,2,17635.27
24596,10144,6,1,189.31
24597,10144,90,2,804.16
24598,10145,94,1,237.01
24599,10145,58,1,17635.27
24600,10145,70,1,266.98
24601,10145,85,1,349.19
24602,10146,90,1,850.11
24603,10147,41,1,262.43
24604,10147,100,1,795.6
24605,10148,100,2,795.6
24606,10148,90,1,804.16
24607,10148,50,1,214.94
24608,10149,6,2,189.31
24609,10149,90,2,804.16
24610,10149,55,1,246.48
24611,10149,17,1,17449.89
24612,10150,55,1,246.48
24613,10150,60,2,185.25
24614,10150,63,2,149.99
24615,10151,60,1,195.83
24616,10151,41,1,277.43
24617,10152,63,2,149.99
24618,10152,6,2,189.31
24619,10152,100,2,795.6
24620,10152,59,1,433.06
24621,10153,6,1,189.31
24622,10153,19,1,238.8
24623,10153,58,2,17635.27
24624,10153,50,1,214.94
24625,10154,87,2,33478.23
24626,10154,60,1,185.25
24627,10154,52,2,227.3
24628,10155,94,1,237.01
24629,10155,97,1,309.75
24630,10156,23,1,14618.6
24631,10157,17,2,17449.89
24632,10157,52,1,227.3
24633,10157,63,2,149.99
24634,10158,94,1,250.55
24635,10159,63,2,149.99
24636,10159,59,2,433.06
24637,10159,60,1,185.25
24638,10159,85,2,349.19
24639,10160,23,1,17308.42
24640,10161,41,2,271.8
24641,10161,17,1,18073.1
24642,10161,60,2,191.86
24643,10162,67,2,303.65
24644,10162,85,1,363.16
24645,10162,100,2,827.42
24646,10162,6,2,196.07
24647,10163,58,1,21585.58
24648,10164,6,2,206.89
24649,10165,76,2,270.7
24650,10165,59,2,473.27
24651,10165,17,2,19070.24
24652,10166,100,1,827.42
24653,10166,60,1,191.86
24654,10166,23,2,16957.58
24655,10166,63,2,173.99
24656,10167,52,2,235.42
24657,10167,87,2,34673.88
24658,10168,50,1,223.53
24659,10168,85,1,363.16
24660,10168,60,1,191.86
24661,10168,6,1,196.07
24662,10169,52,2,248.41
24663,10169,85,1,385.5
24664,10169,59,2,473.27
24665,10169,17,1,19070.24
24666,10170,19,1,260.97
24667,10170,85,2,385.5
24668,10170,58,2,21585.58
24669,10170,100,2,878.34
24670,10171,76,2,256.55
24671,10172,85,1,385.5
24672,10172,41,2,286.8
24673,10172,17,1,19070.24
24674,10173,23,1,16957.58
24675,10173,50,2,223.53
24676,10173,41,1,271.8
24677,10173,100,1,827.42
24678,10174,19,2,260.97
24679,10175,19,1,247.33
24680,10175,59,1,448.53
24681,10175,41,1,271.8
24682,10176,76,2,270.7
24683,10176,19,1,260.97
24684,10176,50,2,237.29
24685,10177,100,1,827.42
24686,10177,76,1,256.55
24687,10178,63,1,173.99
24688,10178,58,2,20456.92
24689,10178,100,1,922.9
24690,10179,58,1,20456.92
24691,10179,19,2,247.33
24692,10179,76,1,256.55
24693,10179,85,2,405.06
24694,10180,52,1,235.42
24695,10180,59,1,448.53
24696,10181,50,1,249.33
24697,10181,19,2,247.33
24698,10182,85,2,405.06
24699,10182,50,1,249.33
24700,10182,19,1,247.33
24701,10182,67,1,303.65
24702,10183,19,2,247.33
24703,10184,63,1,173.99
24704,10184,23,2,16957.58
24705,10184,85,1,405.06
24706,10184,50,1,249.33
24707,10185,19,1,260.97
24708,10185,67,1,322.34
24709,10186,50,2,263.08
24710,10186,63,2,183.58
24711,10186,67,1,322.34
24712,10186,59,2,473.27
24713,10187,67,1,303.65
24714,10188,67,2,303.65
24715,10188,50,1,249.33
24716,10188,100,2,922.9
24717,10189,85,2,427.41
24718,10189,58,2,21585.58
24719,10189,50,1,263.08
24720,10190,23,1,16957.58
24721,10190,67,2,303.65
24722,10191,50,1,263.08
24723,10191,63,1,183.58
24724,10192,67,1,303.65
24725,10192,58,2,20456.92
24726,10192,50,2,249.33
24727,10192,23,1,16957.58
24728,10193,63,1,173.99
24729,10193,23,2,16957.58
24730,10194,100,2,922.9
24731,10194,63,2,173.99
24732,10195,100,2,973.81
24733,10196,23,1,16957.58
24734,10196,58,1,20456.92
24735,10196,50,2,249.33
24736,10197,67,1,322.34
24737,10197,100,2,973.81
24738,10197,58,2,21585.58
24739,10198,67,1,322.34
24740,10198,100,2,973.81
24741,10198,58,1,21585.58
24742,10198,85,2,427.41
24743,10199,67,1,303.65
24744,10199,85,1,405.06
24745,10200,85,1,405.06
24746,10200,67,2,303.65
24747,10201,67,1,303.65
24748,10202,67,2,303.65
24749,10203,67,1,357.38
24750,10204,67,1,357.38
24751,10205,67,1,357.38
24752,10206,67,1,357.38
24753,10207,67,1,327.01
24754,10208,67,1,327.01
24755,10209,67,1,345.7
24756,10210,67,1,345.7
24757,10211,14,1,424.63
24758,10211,39,2,40491.42
24759,10211,3,1,234.67
24760,10211,8,2,282.11
24761,10212,8,2,282.11
24762,10213,36,2,114.56
24763,10214,99,2,1218.11
24764,10214,25,1,13010.84
24765,10214,82,1,171.0
24766,10215,73,1,30734.82
24767,10215,25,2,13010.84
24768,10215,36,2,114.56
24769,10216,73,2,32626.19
24770,10216,3,2,234.67
24771,10217,25,2,13010.84
24772,10217,93,2,346.57
24773,10218,31,1,261.37
24774,10218,93,2,367.89
24775,10219,31,2,247.7
24776,10219,73,1,30734.82
24777,10219,36,2,127.77
24778,10220,99,1,1293.07
24779,10221,14,1,400.01
24780,10221,1,2,468.12
24781,10222,99,1,1293.07
24782,10222,3,2,234.67
24783,10223,25,2,14512.09
24784,10224,39,1,38144.09
24785,10224,25,2,14512.09
24786,10224,99,2,1218.11
24787,10225,14,2,400.01
24788,10226,1,1,468.12
24789,10226,36,2,127.77
24790,10227,27,2,17961.24
24791,10227,14,2,424.63
24792,10227,99,1,1293.07
24793,10227,93,2,367.89
24794,10228,36,1,127.77
24795,10228,73,2,30734.82
24796,10229,14,1,424.63
24797,10229,73,1,32626.19
24798,10230,82,2,171.0
24799,10230,31,2,247.7
24800,10231,14,2,424.63
24801,10232,40,2,1161.56
24802,10232,93,2,367.89
24803,10233,14,2,400.01
24804,10233,3,1,221.07
24805,10234,3,2,221.07
24806,10235,14,2,424.63
24807,10235,93,1,367.89
24808,10236,93,1,367.89
24809,10236,8,2,312.78
24810,10236,27,1,17961.24
24811,10237,3,1,221.07
24812,10237,1,2,468.12
24813,10237,93,2,346.57
24814,10238,14,1,430.78
24815,10238,31,1,239.16
24816,10238,27,2,16269.24
24817,10238,73,2,29552.71
24818,10239,82,1,165.1
24819,10240,99,1,1246.22
24820,10240,25,2,14812.34
24821,10240,8,1,302.56
24822,10240,93,1,354.56
24823,10241,8,1,286.2
24824,10241,36,2,123.37
24825,10241,31,2,239.16
24826,10241,14,1,430.78
24827,10242,25,1,14812.34
24828,10242,14,2,455.4
24829,10242,93,2,354.56
24830,10242,40,1,1119.47
24831,10243,14,1,430.78
24832,10243,27,1,16269.24
24833,10244,82,1,165.1
24834,10245,82,2,165.1
24835,10245,8,1,286.2
24836,10245,31,1,239.16
24837,10246,39,1,39024.34
24838,10246,25,1,14812.34
24839,10246,8,1,302.56
24840,10246,14,2,455.4
24841,10247,3,2,212.56
24842,10248,40,2,1119.47
24843,10249,93,1,333.24
24844,10249,99,2,1171.26
24845,10249,14,1,430.78
24846,10249,8,2,286.2
24847,10250,25,1,14011.68
24848,10250,27,2,16269.24
24849,10250,3,2,212.56
24850,10251,99,1,1246.22
24851,10252,8,1,286.2
24852,10252,99,2,1171.26
24853,10252,40,1,1052.14
24854,10252,39,2,36677.01
24855,10253,27,2,17310.47
24856,10253,8,1,302.56
24857,10253,99,1,1246.22
24858,10253,36,2,130.42
24859,10254,27,2,16269.24
24860,10254,73,1,29552.71
24861,10254,99,2,1171.26
24862,10254,93,1,333.24
24863,10255,25,1,14011.68
24864,10255,93,1,333.24
24865,10256,39,1,36677.01
24866,10256,36,1,123.37
24867,10257,93,2,333.24
24868,10257,40,2,1052.14
24869,10257,1,1,450.11
24870,10258,27,2,19262.78
24871,10259,40,2,1052.14
24872,10260,99,2,1386.77
24873,10261,40,1,1052.14
24874,10261,99,1,1311.81
24875,10261,27,1,18221.55
24876,10262,93,2,354.56
24877,10262,39,1,39024.34
24878,10263,39,2,36677.01
24879,10263,27,1,18221.55
24880,10263,93,2,333.24
24881,10264,27,2,18221.55
24882,10264,3,1,212.56
24883,10264,93,1,333.24
24884,10264,25,1,14011.68
24885,10265,73,1,31444.09
24886,10265,93,1,354.56
24887,10265,40,1,1119.47
24888,10265,39,1,39024.34
24889,10266,93,2,333.24
24890,10266,39,1,36677.01
24891,10266,40,2,1052.14
24892,10266,73,2,29552.71
24893,10267,27,2,19262.78
24894,10267,73,2,31444.09
24895,10267,3,1,226.17
24896,10267,25,2,14812.34
24897,10268,27,2,18221.55
24898,10268,1,1,450.11
24899,10269,99,2,1358.66
24900,10269,73,1,30734.82
24901,10269,39,1,38144.09
24902,10270,40,1,1094.22
24903,10270,1,1,468.12
24904,10270,3,1,221.07
24905,10271,73,1,36172.52
24906,10271,93,2,367.89
24907,10271,39,2,40491.42
24908,10271,99,2,1433.63
24909,10272,1,2,468.12
24910,10273,73,2,36172.52
24911,10273,1,2,496.92
24912,10273,99,1,1433.63
24913,10274,73,2,34281.15
24914,10274,3,2,246.57
24915,10274,40,2,1094.22
24916,10274,1,1,468.12
24917,10275,93,1,386.56
24918,10275,40,1,1220.48
24919,10275,3,1,246.57
24920,10276,93,2,386.56
24921,10276,39,1,38144.09
24922,10277,1,1,522.13
24923,10278,93,1,407.88
24924,10279,93,2,407.88
24925,10279,3,2,260.18
24926,10279,73,1,36172.52
24927,10279,39,1,44892.66
24928,10280,3,1,246.57
24929,10281,1,1,550.94
24930,10281,39,1,44892.66
24931,10281,3,1,260.18
24932,10282,40,2,1287.82
24933,10282,39,1,44892.66
24934,10282,3,1,260.18
24935,10283,39,1,42545.33
24936,10283,93,2,386.56
24937,10284,1,1,522.13
24938,10284,39,2,42545.33
24939,10285,93,2,386.56
24940,10286,39,2,42545.33
24941,10287,39,2,42545.33
24942,10287,1,2,522.13
24943,10288,1,1,522.13
24944,10289,40,1,1287.82
24945,10289,1,1,550.94
24946,10289,93,1,407.88
24947,10290,40,1,1220.48
24948,10290,1,2,522.13
24949,10291,40,1,1220.48
24950,10291,1,1,522.13
24951,10292,1,1,522.13
24952,10293,40,2,1287.82
24953,10294,40,2,1220.48
24954,10295,17,2,17200.61
24955,10296,53,1,882.53
24956,10296,64,2,383.68
24957,10296,97,2,287.62
24958,10297,74,2,133.17
24959,10297,87,1,31086.93
24960,10298,17,1,16203.47
24961,10299,17,2,16203.47
24962,10300,17,2,16203.47
24963,10301,17,2,17200.61
24964,10301,97,1,305.32
24965,10301,74,1,141.37
24966,10301,18,1,303.75
24967,10302,28,2,330.85
24968,10303,18,1,303.75
24969,10303,97,2,305.32
24970,10303,1,2,496.92
24971,10304,1,2,468.12
24972,10304,53,2,882.53
24973,10304,10,2,232.84
24974,10305,17,2,16203.47
24975,10305,87,1,31086.93
24976,10306,53,1,936.84
24977,10306,64,1,407.29
24978,10306,87,1,32999.97
24979,10306,97,2,338.51
24980,10307,28,2,330.85
24981,10307,64,1,383.68
24982,10307,10,1,232.84
24983,10307,17,2,16203.47
24984,10308,53,2,882.53
24985,10308,97,2,320.81
24986,10308,1,2,522.13
24987,10309,17,1,17200.61
24988,10309,28,1,351.21
24989,10309,64,1,407.29
24990,10310,97,1,338.51
24991,10310,10,1,247.17
24992,10311,53,2,882.53
24993,10311,64,1,383.68
24994,10311,74,2,133.17
24995,10312,64,1,407.29
24996,10312,53,1,936.84
24997,10312,10,1,247.17
24998,10313,53,2,936.84
24999,10313,97,2,338.51
25000,10313,82,2,162.74
25001,10313,100,1,878.34
25002,10314,28,2,351.21
25003,10314,87,1,32999.97
25004,10314,64,1,407.29
25005,10314,97,2,338.51
25006,10315,53,1,936.84
25007,10315,87,2,32999.97
25008,10315,28,1,351.21
25009,10316,17,1,16203.47
25010,10316,10,2,232.84
25011,10316,53,1,882.53
25012,10316,100,1,827.42
25013,10317,18,1,303.75
25014,10317,64,1,407.29
25015,10318,64,2,383.68
25016,10318,18,2,286.14
25017,10318,28,2,330.85
25018,10319,100,2,827.42
25019,10319,1,1,522.13
25020,10320,53,2,882.53
25021,10321,64,1,368.92
25022,10321,18,1,275.14
25023,10321,82,2,147.41
25024,10321,17,2,15580.26
25025,10322,10,1,238.22
25026,10322,100,1,846.52
25027,10323,82,2,147.41
25028,10323,10,1,223.89
25029,10324,18,2,292.75
25030,10325,87,1,29891.28
25031,10326,100,1,846.52
25032,10327,82,2,165.1
25033,10327,74,2,128.05
25034,10327,53,2,848.59
25035,10327,64,1,368.92
25036,10328,1,1,504.13
25037,10328,64,1,368.92
25038,10328,17,2,15580.26
25039,10328,10,1,223.89
25040,10329,28,2,318.12
25041,10330,28,2,338.49
25042,10330,64,1,392.54
25043,10330,87,2,31804.32
25044,10330,53,1,902.9
25045,10331,10,1,223.89
25046,10331,18,2,275.14
25047,10331,64,2,368.92
25048,10332,64,1,368.92
25049,10332,28,2,318.12
25050,10332,100,1,795.6
25051,10333,10,2,223.89
25052,10333,1,1,504.13
25053,10334,28,2,318.12
25054,10334,1,2,504.13
25055,10334,10,2,223.89
25056,10334,100,1,891.07
25057,10335,87,2,31804.32
25058,10335,17,2,18447.03
25059,10335,100,2,941.99
25060,10336,28,1,318.12
25061,10336,87,2,29891.28
25062,10336,53,2,848.59
25063,10336,18,2,275.14
25064,10337,28,1,338.49
25065,10337,18,1,292.75
25066,10337,100,1,941.99
25067,10338,18,1,292.75
25068,10339,53,1,902.9
25069,10339,74,2,151.61
25070,10339,64,2,436.81
25071,10339,18,2,292.75
25072,10340,28,1,338.49
25073,10341,53,2,902.9
25074,10342,1,2,504.13
25075,10342,18,2,275.14
25076,10343,53,1,848.59
25077,10344,82,1,165.1
25078,10345,64,2,413.2
25079,10346,53,2,848.59
25080,10346,10,1,223.89
25081,10346,18,1,275.14
25082,10347,10,1,250.75
25083,10347,64,1,413.2
25084,10348,17,2,17449.89
25085,10348,28,1,318.12
25086,10348,82,1,165.1
25087,10349,82,1,165.1
25088,10350,64,2,413.2
25089,10351,64,1,436.81
25090,10352,100,1,891.07
25091,10352,82,2,165.1
25092,10352,17,2,17449.89
25093,10352,18,1,275.14
25094,10353,10,1,265.08
25095,10354,100,1,891.07
25096,10354,87,2,29891.28
25097,10355,28,1,376.66
25098,10355,10,2,265.08
25099,10356,18,1,292.75
25100,10357,100,2,922.9
25101,10357,87,2,31086.93
25102,10357,18,2,286.14
25103,10358,82,1,171.0
25104,10359,100,1,922.9
25105,10360,18,1,303.75
25106,10360,28,1,389.38
25107,10360,82,2,180.43
25108,10360,53,2,1038.67
25109,10361,17,1,19070.24
25110,10361,28,1,389.38
25111,10362,87,2,31086.93
25112,10362,82,1,171.0
25113,10363,87,2,31086.93
25114,10363,10,1,259.71
25115,10363,74,2,148.54
25116,10364,18,1,286.14
25117,10364,74,1,148.54
25118,10364,87,2,31086.93
25119,10364,10,1,259.71
25120,10365,18,2,303.75
25121,10365,87,2,32999.97
25122,10366,53,2,984.36
25123,10366,87,1,31086.93
25124,10366,18,1,319.16
25125,10367,28,1,369.02
25126,10367,74,2,148.54
25127,10367,87,2,34673.88
25128,10368,18,1,319.16
25129,10368,17,1,18073.1
25130,10368,10,2,259.71
25131,10368,87,1,34673.88
25132,10369,87,1,34673.88
25133,10369,28,2,369.02
25134,10369,18,1,319.16
25135,10369,10,1,259.71
25136,10370,28,1,389.38
25137,10370,87,1,36586.92
25138,10370,18,1,336.77
25139,10371,87,2,34673.88
25140,10371,28,1,369.02
25141,10371,18,2,319.16
25142,10372,87,2,34673.88
25143,10372,18,2,319.16
25144,10372,28,1,369.02
25145,10373,87,1,34673.88
25146,10373,28,2,369.02
25147,10373,18,1,319.16
25148,10374,18,1,319.16
25149,10375,77,1,199.5
25150,10375,5,2,175.46
25151,10376,77,1,211.77
25152,10377,84,1,342.28
25153,10377,5,1,195.71
25154,10378,77,1,211.77
25155,10379,63,2,165.59
25156,10379,88,1,36349.5
25157,10379,84,1,363.34
25158,10379,7,2,211.95
25159,10380,90,1,792.67
25160,10381,90,1,746.72
25161,10382,99,2,1293.07
25162,10382,58,1,19469.34
25163,10382,84,2,363.34
25164,10382,63,2,165.59
25165,10383,7,1,211.95
25166,10383,40,2,1161.56
25167,10384,77,2,199.5
25168,10385,99,1,1218.11
25169,10385,55,1,228.88
25170,10385,79,1,231.85
25171,10385,64,2,383.68
25172,10386,7,1,211.95
25173,10386,67,1,322.34
25174,10387,90,2,746.72
25175,10387,64,2,383.68
25176,10388,90,2,746.72
25177,10388,45,1,65.25
25178,10388,63,2,155.99
25179,10389,63,2,165.59
25180,10389,64,1,407.29
25181,10389,40,2,1287.82
25182,10390,55,1,228.88
25183,10391,83,2,7797.42
25184,10391,84,2,329.11
25185,10391,79,2,222.94
25186,10391,40,2,1178.39
25187,10392,79,2,222.94
25188,10393,3,1,226.17
25189,10394,67,1,291.98
25190,10394,99,1,1171.26
25191,10394,88,2,32925.28
25192,10394,5,2,188.96
25193,10395,58,2,17635.27
25194,10396,5,1,188.96
25195,10396,90,1,718.0
25196,10397,58,2,17635.27
25197,10397,63,2,149.99
25198,10397,55,1,220.07
25199,10397,79,2,222.94
25200,10398,83,2,7797.42
25201,10398,63,1,149.99
25202,10398,40,2,1178.39
25203,10399,79,2,222.94
25204,10400,67,1,291.98
25205,10401,83,1,7797.42
25206,10401,88,1,36876.31
25207,10402,63,2,149.99
25208,10402,58,2,17635.27
25209,10403,88,2,36876.31
25210,10403,3,2,212.56
25211,10404,55,2,220.07
25212,10404,88,1,36876.31
25213,10404,64,1,368.92
25214,10404,79,2,222.94
25215,10405,99,1,1171.26
25216,10406,58,1,17635.27
25217,10406,7,1,191.99
25218,10406,90,2,718.0
25219,10406,84,2,329.11
25220,10407,55,2,220.07
25221,10407,84,2,329.11
25222,10408,58,2,17635.27
25223,10408,77,2,191.83
25224,10408,79,1,222.94
25225,10408,64,1,368.92
25226,10409,83,1,8296.46
25227,10409,58,2,18763.93
25228,10410,83,2,7797.42
25229,10411,40,1,1178.39
25230,10412,67,1,291.98
25231,10412,58,1,17635.27
25232,10413,84,2,329.11
25233,10414,83,1,8296.46
25234,10414,90,2,763.95
25235,10415,99,2,1246.22
25236,10415,83,1,8296.46
25237,10415,88,2,38983.53
25238,10415,79,2,237.21
25239,10416,55,2,260.57
25240,10417,79,1,222.94
25241,10417,67,1,291.98
25242,10417,29,1,1028.69
25243,10417,84,2,329.11
25244,10418,7,1,227.31
25245,10418,90,2,763.95
25246,10418,99,2,1246.22
25247,10419,77,2,191.83
25248,10419,7,2,215.03
25249,10419,79,1,222.94
25250,10419,84,1,329.11
25251,10420,45,1,62.74
25252,10420,63,1,149.99
25253,10420,29,1,1028.69
25254,10420,64,1,368.92
25255,10421,7,1,227.31
25256,10422,83,1,8296.46
25257,10422,29,1,1094.52
25258,10422,58,2,18763.93
25259,10422,79,1,237.21
25260,10423,29,2,1028.69
25261,10424,55,2,269.37
25262,10424,90,2,792.67
25263,10425,99,1,1293.07
25264,10425,55,1,269.37
25265,10425,45,1,69.26
25266,10426,64,1,407.29
25267,10427,99,1,1293.07
25268,10427,5,1,206.5
25269,10427,40,2,1287.82
25270,10427,84,2,363.34
25271,10428,63,1,155.99
25272,10428,77,2,199.5
25273,10428,88,1,38193.32
25274,10429,29,1,1259.11
25275,10429,84,2,363.34
25276,10430,90,2,746.72
25277,10431,63,1,155.99
25278,10431,77,1,199.5
25279,10432,55,2,255.29
25280,10433,40,1,1287.82
25281,10433,77,2,211.77
25282,10433,79,2,246.12
25283,10433,55,2,269.37
25284,10434,7,2,234.99
25285,10434,58,2,21585.58
25286,10434,45,2,69.26
25287,10434,83,1,8608.36
25288,10435,90,2,746.72
25289,10435,58,2,20456.92
25290,10435,88,2,38193.32
25291,10435,79,1,231.85
25292,10436,83,1,8109.32
25293,10436,45,2,65.25
25294,10437,63,1,155.99
25295,10437,83,1,8109.32
25296,10437,90,1,832.88
25297,10438,45,2,65.25
25298,10438,7,2,222.71
25299,10438,67,1,303.65
25300,10439,83,1,8608.36
25301,10439,58,1,21585.58
25302,10439,64,2,407.29
25303,10440,99,1,1293.07
25304,10440,88,1,40300.54
25305,10440,79,2,272.88
25306,10440,45,2,69.26
25307,10441,7,1,234.99
25308,10442,63,2,155.99
25309,10442,29,1,1193.28
25310,10442,88,1,38193.32
25311,10443,55,2,255.29
25312,10443,88,1,38193.32
25313,10443,79,2,258.61
25314,10443,83,1,8109.32
25315,10444,55,2,255.29
25316,10445,63,2,165.59
25317,10445,83,1,8608.36
25318,10445,29,1,1259.11
25319,10446,3,1,246.57
25320,10446,84,2,342.28
25321,10446,45,1,65.25
25322,10446,5,2,195.71
25323,10447,64,2,383.68
25324,10447,58,2,20456.92
25325,10447,83,2,8109.32
25326,10448,29,1,1193.28
25327,10448,45,2,65.25
25328,10448,63,1,155.99
25329,10448,84,2,342.28
25330,10449,64,1,451.56
25331,10450,99,2,1218.11
25332,10450,79,1,258.61
25333,10450,90,1,832.88
25334,10451,77,1,211.77
25335,10451,7,1,234.99
25336,10452,77,2,199.5
25337,10452,63,2,155.99
25338,10452,29,2,1193.28
25339,10453,99,1,1358.66
25340,10453,79,1,258.61
25341,10453,64,2,427.95
25342,10453,45,1,72.78
25343,10454,90,2,832.88
25344,10454,67,2,303.65
25345,10454,84,1,342.28
25346,10454,99,2,1358.66
25347,10455,77,1,199.5
25348,10455,79,1,258.61
25349,10455,3,1,246.57
25350,10455,5,2,195.71
25351,10456,90,2,878.83
25352,10456,84,1,363.34
25353,10457,5,2,195.71
25354,10457,58,2,20456.92
25355,10458,64,2,451.56
25356,10459,79,1,258.61
25357,10459,83,2,8109.32
25358,10460,99,1,1433.63
25359,10461,58,2,19751.51
25360,10462,90,1,804.16
25361,10462,84,2,329.11
25362,10463,90,2,804.16
25363,10463,58,1,19751.51
25364,10464,64,2,436.81
25365,10465,64,2,436.81
25366,10465,90,1,850.11
25367,10466,58,1,19751.51
25368,10467,64,2,436.81
25369,10467,45,1,74.28
25370,10467,84,2,350.18
25371,10467,90,2,850.11
25372,10468,99,2,1311.81
25373,10468,29,2,1152.13
25374,10469,99,2,1311.81
25375,10469,67,1,291.98
25376,10470,84,2,389.67
25377,10471,63,2,167.99
25378,10472,67,2,291.98
25379,10472,64,2,413.2
25380,10473,83,2,7797.42
25381,10473,63,2,167.99
25382,10474,77,2,204.1
25383,10474,99,1,1386.77
25384,10474,83,1,9232.15
25385,10474,45,1,74.28
25386,10475,45,2,70.27
25387,10475,99,1,1311.81
25388,10475,3,1,238.07
25389,10475,64,1,413.2
25390,10476,29,1,1152.13
25391,10476,3,1,238.07
25392,10476,77,1,191.83
25393,10476,45,1,70.27
25394,10477,29,2,1152.13
25395,10477,99,1,1311.81
25396,10477,77,1,191.83
25397,10477,63,2,167.99
25398,10478,63,2,167.99
25399,10479,3,1,251.67
25400,10479,79,2,263.96
25401,10479,77,2,204.1
25402,10480,63,2,167.99
25403,10481,67,2,291.98
25404,10482,67,1,310.66
25405,10482,63,2,177.59
25406,10482,77,1,204.1
25407,10483,77,1,191.83
25408,10484,83,2,8733.12
25409,10484,77,1,191.83
25410,10484,67,1,291.98
25411,10485,79,1,263.96
25412,10486,45,2,70.27
25413,10486,84,2,368.61
25414,10487,3,2,251.67
25415,10487,83,2,9232.15
25416,10487,63,1,177.59
25417,10488,84,1,368.61
25418,10488,67,1,327.01
25419,10488,3,2,238.07
25420,10489,83,2,9232.15
25421,10489,77,2,227.12
25422,10489,67,1,345.7
25423,10490,83,2,8733.12
25424,10490,84,1,368.61
25425,10490,67,2,327.01
25426,10490,77,1,214.84
25427,10491,77,1,227.12
25428,10491,84,1,389.67
25429,10491,67,2,345.7
25430,10492,77,2,214.84
25431,10493,67,2,327.01
25432,10493,83,2,8733.12
25433,10493,84,1,368.61
25434,10494,83,2,9232.15
25435,10495,84,2,389.67
25436,10495,77,1,227.12
25437,10495,67,1,345.7
25438,10496,67,2,345.7
25439,10497,84,1,381.77
25440,10497,77,1,222.52
25441,10498,67,1,357.38
25442,10498,77,1,234.79
25443,10499,67,1,357.38
25444,10500,40,2,1052.14
25445,10500,14,2,384.62
25446,10500,98,1,383.7
25447,10501,26,2,214.65
25448,10501,11,2,168.38
25449,10502,64,2,392.54
25450,10503,4,1,382.12
25451,10503,41,2,249.31
25452,10503,98,2,408.26
25453,10504,2,2,231.89
25454,10505,40,1,1052.14
25455,10505,71,1,376.55
25456,10505,26,2,214.65
25457,10505,76,1,221.16
25458,10506,71,2,400.65
25459,10507,40,2,1052.14
25460,10508,4,1,359.14
25461,10508,76,1,221.16
25462,10509,40,1,1119.47
25463,10509,74,1,136.25
25464,10510,41,2,234.31
25465,10510,4,1,359.14
25466,10511,26,2,214.65
25467,10511,14,2,384.62
25468,10512,14,2,409.24
25469,10512,88,2,35032.49
25470,10513,98,2,408.26
25471,10513,71,1,400.65
25472,10513,64,2,392.54
25473,10513,14,1,409.24
25474,10514,4,1,382.12
25475,10514,11,1,179.15
25476,10515,64,2,392.54
25477,10515,88,2,35032.49
25478,10516,2,2,231.89
25479,10516,40,1,1119.47
25480,10516,14,1,409.24
25481,10517,11,1,179.15
25482,10517,64,2,392.54
25483,10517,40,2,1119.47
25484,10518,4,1,402.23
25485,10518,98,1,383.7
25486,10518,41,1,234.31
25487,10519,76,1,221.16
25488,10519,4,1,402.23
25489,10519,64,1,368.92
25490,10520,40,2,1119.47
25491,10520,74,1,136.25
25492,10520,26,1,228.39
25493,10520,71,1,400.65
25494,10521,64,1,392.54
25495,10521,76,1,235.32
25496,10521,71,2,400.65
25497,10521,2,1,258.04
25498,10522,98,1,383.7
25499,10522,40,1,1052.14
25500,10522,11,2,168.38
25501,10522,71,2,376.55
25502,10523,98,1,408.26
25503,10524,26,2,228.39
25504,10524,2,2,258.04
25505,10524,41,2,249.31
25506,10525,41,2,262.43
25507,10526,41,2,277.43
25508,10526,76,1,235.32
25509,10526,88,2,35032.49
25510,10526,74,2,136.25
25511,10527,76,1,235.32
25512,10527,98,1,408.26
25513,10527,88,2,35032.49
25514,10527,11,1,179.15
25515,10528,40,2,1245.73
25516,10529,40,1,1245.73
25517,10529,11,1,179.15
25518,10529,76,2,235.32
25519,10529,98,2,408.26
25520,10530,4,1,425.22
25521,10531,26,2,228.39
25522,10531,41,1,277.43
25523,10532,74,1,136.25
25524,10532,64,2,392.54
25525,10533,41,2,262.43
25526,10534,76,2,221.16
25527,10535,74,1,128.05
25528,10535,64,1,368.92
25529,10535,40,1,1178.39
25530,10535,11,2,168.38
25531,10536,64,1,392.54
25532,10536,40,1,1245.73
25533,10536,98,1,408.26
25534,10537,14,1,424.63
25535,10537,26,2,236.97
25536,10537,41,2,286.8
25537,10537,2,1,266.76
25538,10538,74,1,133.17
25539,10539,64,2,383.68
25540,10539,2,1,252.81
25541,10539,71,1,391.61
25542,10539,26,1,223.24
25543,10540,98,2,399.05
25544,10540,64,1,383.68
25545,10540,11,2,175.11
25546,10541,64,1,383.68
25547,10542,64,2,383.68
25548,10543,2,2,252.81
25549,10544,14,1,400.01
25550,10544,11,1,175.11
25551,10544,41,2,271.8
25552,10544,64,1,383.68
25553,10545,11,1,175.11
25554,10546,11,2,185.89
25555,10546,4,2,439.58
25556,10547,71,2,391.61
25557,10547,76,2,256.55
25558,10547,2,1,252.81
25559,10547,64,2,383.68
25560,10548,76,1,256.55
25561,10548,2,2,252.81
25562,10548,71,1,391.61
25563,10548,40,1,1220.48
25564,10549,76,1,256.55
25565,10550,98,1,399.05
25566,10550,41,2,271.8
25567,10550,11,1,175.11
25568,10550,88,2,34242.29
25569,10551,71,2,415.71
25570,10551,11,2,206.09
25571,10551,88,2,40300.54
25572,10551,40,2,1287.82
25573,10552,26,2,248.99
25574,10553,76,2,270.7
25575,10553,88,1,40300.54
25576,10553,11,1,206.09
25577,10554,2,1,266.76
25578,10554,26,1,262.73
25579,10554,76,1,270.7
25580,10555,98,1,399.05
25581,10556,71,2,391.61
25582,10556,14,2,400.01
25583,10557,26,1,248.99
25584,10558,14,2,400.01
25585,10558,64,2,383.68
25586,10558,71,2,436.8
25587,10558,88,2,38193.32
25588,10559,71,1,460.9
25589,10559,76,1,270.7
25590,10559,64,2,407.29
25591,10559,74,2,141.37
25592,10560,64,2,383.68
25593,10560,74,2,133.17
25594,10561,71,1,436.8
25595,10562,26,1,248.99
25596,10563,4,1,416.6
25597,10563,26,2,248.99
25598,10563,14,1,400.01
25599,10563,11,2,195.31
25600,10564,64,2,407.29
25601,10564,11,1,206.09
25602,10564,14,1,424.63
25603,10565,40,2,1287.82
25604,10565,98,1,423.6
25605,10565,71,1,460.9
25606,10566,76,1,256.55
25607,10567,74,1,133.17
25608,10568,98,1,423.6
25609,10568,26,1,262.73
25610,10568,88,2,40300.54
25611,10569,76,1,270.7
25612,10569,11,2,206.09
25613,10570,11,1,195.31
25614,10570,4,1,416.6
25615,10571,98,1,445.09
25616,10571,40,1,1220.48
25617,10571,26,1,248.99
25618,10572,71,1,460.9
25619,10573,26,2,248.99
25620,10573,88,2,38193.32
25621,10573,14,2,400.01
25622,10574,71,2,436.8
25623,10575,71,1,460.9
25624,10575,88,1,40300.54
25625,10576,40,1,1220.48
25626,10576,88,2,38193.32
25627,10577,64,2,427.95
25628,10577,11,1,195.31
25629,10577,88,1,38193.32
25630,10577,71,1,436.8
25631,10578,74,1,133.17
25632,10578,98,2,445.09
25633,10578,11,1,195.31
25634,10578,64,2,427.95
25635,10579,98,1,429.74
25636,10579,4,1,402.23
25637,10579,74,1,128.05
25638,10579,11,2,188.58
25639,10580,74,1,128.05
25640,10580,64,2,413.2
25641,10580,71,1,421.74
25642,10580,4,1,402.23
25643,10581,14,1,384.62
25644,10581,98,2,429.74
25645,10581,74,2,128.05
25646,10582,14,2,409.24
25647,10582,74,1,136.25
25648,10583,98,2,429.74
25649,10584,98,2,429.74
25650,10584,74,2,128.05
25651,10584,14,2,384.62
25652,10585,98,1,429.74
25653,10586,64,2,413.2
25654,10586,4,1,402.23
25655,10587,4,1,402.23
25656,10587,14,2,384.62
25657,10587,74,1,128.05
25658,10587,98,2,429.74
25659,10588,98,1,429.74
25660,10588,14,1,384.62
25661,10588,74,1,143.42
25662,10589,74,2,143.42
25663,10589,14,1,384.62
25664,10590,74,1,151.61
25665,10590,14,2,409.24
25666,10591,74,1,151.61
25667,10592,74,2,151.61
25668,10592,14,1,409.24
25669,10593,74,2,143.42
25670,10594,74,2,143.42
25671,10594,14,1,430.78
25672,10595,74,1,143.42
25673,10596,14,1,430.78
25674,10597,14,1,455.4
25675,10598,14,1,455.4
25676,10599,14,2,430.78
25677,10600,14,2,455.4
25678,10601,14,1,430.78
25679,10602,14,2,430.78
25680,10603,14,1,430.78
25681,10604,67,2,291.98
25682,10604,17,1,15580.26
25683,10605,39,1,39024.34
25684,10605,49,1,454.49
25685,10605,17,2,16577.4
25686,10605,19,2,226.86
25687,10606,12,1,344.47
25688,10606,98,2,408.26
25689,10607,39,2,36677.01
25690,10608,43,2,481.02
25691,10608,7,2,204.27
25692,10608,17,2,16577.4
25693,10608,19,1,226.86
25694,10609,27,2,17310.47
25695,10610,98,2,408.26
25696,10610,21,2,1094.56
25697,10610,27,2,17310.47
25698,10611,12,2,344.47
25699,10611,39,1,39024.34
25700,10611,7,2,227.31
25701,10612,98,1,383.7
25702,10613,54,2,8352.36
25703,10613,67,2,345.7
25704,10613,86,2,35934.15
25705,10613,1,2,478.92
25706,10614,27,2,16269.24
25707,10615,60,2,175.99
25708,10616,39,2,36677.01
25709,10616,60,2,165.4
25710,10617,21,2,1028.72
25711,10617,19,1,238.8
25712,10618,43,2,481.02
25713,10618,19,2,252.44
25714,10619,86,2,33772.7
25715,10619,43,2,452.09
25716,10619,68,2,8972.8
25717,10620,86,1,35934.15
25718,10620,60,2,175.99
25719,10620,43,2,481.02
25720,10620,21,1,1094.56
25721,10621,27,1,16269.24
25722,10622,17,2,15580.26
25723,10622,54,2,7849.96
25724,10622,86,2,33772.7
25725,10622,22,2,299.84
25726,10623,17,2,16577.4
25727,10623,98,2,454.3
25728,10624,21,1,1094.56
25729,10624,49,1,454.49
25730,10624,39,2,39024.34
25731,10625,7,1,227.31
25732,10625,39,2,39024.34
25733,10626,60,2,175.99
25734,10627,7,1,234.99
25735,10628,12,2,336.7
25736,10628,60,2,172.02
25737,10629,98,2,469.65
25738,10630,1,1,496.92
25739,10630,12,2,357.42
25740,10630,54,1,8666.36
25741,10631,43,1,499.1
25742,10631,68,1,9905.97
25743,10631,29,1,1135.67
25744,10632,98,1,445.09
25745,10632,12,1,336.7
25746,10632,15,2,175.67
25747,10632,68,2,9331.71
25748,10633,49,2,444.24
25749,10633,1,2,468.12
25750,10634,17,1,16203.47
25751,10635,19,2,260.97
25752,10635,1,2,496.92
25753,10635,39,2,40491.42
25754,10635,43,2,499.1
25755,10636,12,2,336.7
25756,10636,27,1,16920.01
25757,10637,86,1,35123.61
25758,10637,67,2,338.69
25759,10637,17,1,16203.47
25760,10638,1,2,522.13
25761,10638,7,1,222.71
25762,10639,68,1,9331.71
25763,10640,21,1,1259.16
25764,10640,7,2,234.99
25765,10640,29,2,1135.67
25766,10641,1,2,522.13
25767,10641,15,1,175.67
25768,10641,29,1,1069.84
25769,10642,49,2,444.24
25770,10643,98,1,469.65
25771,10643,17,2,17200.61
25772,10643,1,1,550.94
25773,10644,60,1,182.6
25774,10645,27,1,16920.01
25775,10645,12,2,336.7
25776,10646,68,2,9905.97
25777,10646,22,1,331.02
25778,10646,15,1,186.48
25779,10646,27,2,17961.24
25780,10647,29,1,1069.84
25781,10647,68,2,9331.71
25782,10647,17,1,16203.47
25783,10648,67,1,357.38
25784,10648,39,2,40491.42
25785,10649,86,1,35123.61
25786,10650,1,2,550.94
25787,10651,29,1,1069.84
25788,10651,22,2,311.83
25789,10651,49,1,444.24
25790,10651,1,2,522.13
25791,10652,43,2,470.17
25792,10652,60,2,172.02
25793,10652,98,1,445.09
25794,10652,7,2,222.71
25795,10653,15,2,175.67
25796,10654,29,1,1069.84
25797,10654,39,2,38144.09
25798,10655,21,2,1193.32
25799,10655,22,2,311.83
25800,10655,67,2,338.69
25801,10655,29,1,1069.84
25802,10656,43,1,470.17
25803,10656,15,2,175.67
25804,10657,54,2,8666.36
25805,10657,21,1,1259.16
25806,10658,39,1,38144.09
25807,10658,27,1,16920.01
25808,10659,17,2,17200.61
25809,10660,22,1,367.0
25810,10660,86,1,37285.06
25811,10661,86,1,35123.61
25812,10661,39,2,42545.33
25813,10661,22,2,347.81
25814,10661,19,2,247.33
25815,10662,12,1,336.7
25816,10662,43,2,470.17
25817,10662,27,1,16920.01
25818,10662,39,1,42545.33
25819,10663,22,1,347.81
25820,10663,49,1,444.24
25821,10664,17,2,16203.47
25822,10664,43,1,470.17
25823,10664,67,2,338.69
25824,10665,67,1,338.69
25825,10665,27,1,16920.01
25826,10665,49,2,444.24
25827,10665,1,1,522.13
25828,10666,15,2,175.67
25829,10666,60,2,172.02
25830,10667,17,2,16203.47
25831,10667,60,2,172.02
25832,10667,1,1,522.13
25833,10668,12,2,336.7
25834,10669,54,2,8163.96
25835,10669,49,1,444.24
25836,10670,67,1,357.38
25837,10671,1,1,522.13
25838,10671,15,1,175.67
25839,10671,12,1,336.7
25840,10671,49,2,444.24
25841,10672,15,1,186.48
25842,10672,19,1,260.97
25843,10672,54,1,8666.36
25844,10673,98,1,445.09
25845,10673,39,2,42545.33
25846,10673,27,2,16920.01
25847,10674,54,1,8666.36
25848,10674,98,2,469.65
25849,10674,29,1,1135.67
25850,10675,98,1,469.65
25851,10675,68,1,9905.97
25852,10676,49,2,427.15
25853,10676,60,2,165.4
25854,10677,17,2,18447.03
25855,10677,22,2,355.01
25856,10677,15,2,179.72
25857,10677,39,2,43425.58
25858,10678,43,2,481.02
25859,10678,17,2,18447.03
25860,10678,19,1,252.44
25861,10679,43,2,452.09
25862,10679,15,1,168.91
25863,10679,49,2,427.15
25864,10680,12,2,323.75
25865,10681,98,1,454.3
25866,10681,54,2,8352.36
25867,10681,27,1,17310.47
25868,10682,39,1,43425.58
25869,10683,43,2,452.09
25870,10683,21,1,1152.17
25871,10683,68,2,8972.8
25872,10683,39,1,41078.25
25873,10684,68,2,9547.06
25874,10684,15,1,179.72
25875,10684,27,1,17310.47
25876,10684,22,1,355.01
25877,10685,60,2,175.99
25878,10685,39,2,43425.58
25879,10685,49,2,454.49
25880,10685,43,1,481.02
25881,10686,60,2,185.25
25882,10687,68,2,8972.8
25883,10687,43,1,452.09
25884,10687,49,2,427.15
25885,10687,86,1,33772.7
25886,10688,12,1,344.47
25887,10688,54,2,8352.36
25888,10689,12,2,323.75
25889,10689,54,2,7849.96
25890,10689,49,1,478.41
25891,10689,43,2,452.09
25892,10690,49,2,478.41
25893,10690,43,1,452.09
25894,10690,12,2,323.75
25895,10690,29,1,1028.69
25896,10691,15,1,179.72
25897,10691,21,2,1218.01
25898,10691,68,1,9547.06
25899,10691,22,2,355.01
25900,10692,17,2,18447.03
25901,10692,86,1,35934.15
25902,10693,17,2,17449.89
25903,10693,15,2,168.91
25904,10693,54,2,7849.96
25905,10694,54,1,7849.96
25906,10695,22,1,355.01
25907,10696,17,1,17449.89
25908,10696,60,2,185.25
25909,10696,54,2,7849.96
25910,10697,54,1,8791.96
25911,10697,49,1,478.41
25912,10697,17,2,17449.89
25913,10698,60,1,195.83
25914,10698,17,1,18447.03
25915,10698,68,1,9547.06
25916,10699,12,1,323.75
25917,10699,43,2,452.09
25918,10699,60,2,185.25
25919,10700,68,1,10623.8
25920,10700,29,2,1094.52
25921,10700,86,1,35934.15
25922,10700,22,2,355.01
25923,10701,22,1,335.82
25924,10701,29,1,1028.69
25925,10701,43,1,506.34
25926,10702,12,2,362.6
25927,10702,29,2,1028.69
25928,10703,86,1,35934.15
25929,10703,12,1,383.32
25930,10703,21,2,1218.01
25931,10704,29,1,1028.69
25932,10704,49,2,478.41
25933,10704,12,1,362.6
25934,10704,60,1,185.25
25935,10705,86,1,33772.7
25936,10706,49,1,478.41
25937,10706,54,2,8791.96
25938,10706,21,2,1152.17
25939,10706,86,2,33772.7
25940,10707,60,1,185.25
25941,10707,86,1,33772.7
25942,10707,68,2,10049.54
25943,10708,21,1,1218.01
25944,10709,86,1,35934.15
25945,10709,54,1,9294.36
25946,10709,43,1,535.27
25947,10709,29,2,1094.52
25948,10710,86,2,33772.7
25949,10710,27,2,16269.24
25950,10711,43,1,535.27
25951,10711,86,1,35934.15
25952,10711,54,1,9294.36
25953,10711,12,2,383.32
25954,10712,29,1,1028.69
25955,10712,27,1,16269.24
25956,10712,12,2,362.6
25957,10712,86,2,33772.7
25958,10713,12,1,383.32
25959,10714,15,2,168.91
25960,10714,29,2,1028.69
25961,10715,54,1,8791.96
25962,10715,27,2,16269.24
25963,10715,29,1,1028.69
25964,10715,15,1,168.91
25965,10716,15,2,168.91
25966,10716,29,2,1028.69
25967,10716,12,2,362.6
25968,10717,43,1,535.27
25969,10717,27,2,19262.78
25970,10718,54,2,8791.96
25971,10718,43,2,506.34
25972,10719,29,1,1069.84
25973,10720,49,2,495.49
25974,10720,86,2,35123.61
25975,10720,15,1,175.67
25976,10721,54,1,9608.35
25977,10721,27,2,19913.55
25978,10721,15,1,206.75
25979,10721,49,2,522.83
25980,10722,43,1,553.36
25981,10722,27,2,19913.55
25982,10722,54,2,9608.35
25983,10722,86,1,41337.78
25984,10723,54,1,9608.35
25985,10723,43,1,553.36
25986,10723,27,1,19913.55
25987,10724,15,2,195.94
25988,10725,86,1,41337.78
25989,10725,15,2,206.75
25990,10725,27,1,19913.55
25991,10726,54,1,9105.96
25992,10726,29,1,1069.84
25993,10726,43,1,524.42
25994,10726,15,1,195.94
25995,10727,29,2,1069.84
25996,10727,68,2,10408.45
25997,10727,27,2,18872.32
25998,10727,86,1,39176.33
25999,10728,68,2,10408.45
26000,10728,27,1,18872.32
26001,10728,15,2,195.94
26002,10729,86,1,39176.33
26003,10729,68,1,10408.45
26004,10729,43,2,524.42
26005,10729,29,2,1069.84
26006,10730,29,2,1069.84
26007,10730,68,2,10408.45
26008,10730,86,1,39176.33
26009,10730,54,1,9105.96
26010,10731,86,1,39176.33
26011,10731,15,2,195.94
26012,10731,27,2,18872.32
26013,10731,68,1,10408.45
26014,10732,68,1,10408.45
26015,10732,29,1,1069.84
26016,10732,15,1,195.94
26017,10733,86,1,41337.78
26018,10733,29,1,1135.67
26019,10734,86,1,39176.33
26020,10735,86,2,39176.33
26021,10735,29,2,1193.28
26022,10736,86,1,41337.78
26023,10736,29,2,1259.11
26024,10737,29,2,1259.11
26025,10738,29,2,1193.28
26026,10739,29,2,1193.28
26027,10740,29,2,1193.28
26028,10741,50,2,214.94
26029,10741,51,2,1298.15
26030,10742,24,1,64.42
26031,10742,38,1,223.95
26032,10742,16,1,370.6
26033,10743,43,1,452.09
26034,10744,73,1,31444.09
26035,10745,1,2,450.11
26036,10745,50,1,214.94
26037,10745,73,2,29552.71
26038,10745,31,2,213.54
26039,10746,51,1,1537.01
26040,10746,78,1,13090.15
26041,10746,1,1,478.92
26042,10747,46,2,375.63
26043,10747,73,1,31444.09
26044,10747,50,2,228.69
26045,10747,81,1,462.59
26046,10748,76,2,221.16
26047,10748,24,2,64.42
26048,10749,67,1,291.98
26049,10749,24,2,64.42
26050,10749,31,1,213.54
26051,10749,94,1,211.61
26052,10750,46,1,353.04
26053,10750,58,2,17635.27
26054,10751,65,2,15441.31
26055,10751,87,1,29891.28
26056,10751,46,2,353.04
26057,10751,76,2,221.16
26058,10752,38,1,223.95
26059,10752,58,1,17635.27
26060,10752,67,1,291.98
26061,10753,73,1,29552.71
26062,10753,46,2,353.04
26063,10753,94,2,211.61
26064,10754,67,1,310.66
26065,10755,67,1,303.65
26066,10755,80,1,1636.88
26067,10755,1,2,468.12
26068,10756,38,1,247.24
26069,10756,1,2,496.92
26070,10756,94,1,233.62
26071,10756,24,1,71.13
26072,10757,16,2,385.42
26073,10758,78,2,13582.26
26074,10759,81,2,452.15
26075,10759,49,1,495.49
26076,10759,43,1,470.17
26077,10760,16,2,409.14
26078,10760,1,1,496.92
26079,10760,72,2,427.33
26080,10760,76,1,244.16
26081,10761,38,1,247.24
26082,10761,65,2,17047.21
26083,10762,78,1,12794.89
26084,10762,67,2,303.65
26085,10762,16,2,385.42
26086,10763,73,2,32626.19
26087,10763,51,1,1588.94
26088,10764,72,2,427.33
26089,10764,80,1,1737.61
26090,10764,57,2,793.79
26091,10764,43,1,499.1
26092,10765,24,2,67.0
26093,10765,46,2,367.16
26094,10765,43,2,470.17
26095,10765,81,1,452.15
26096,10766,31,2,235.75
26097,10766,49,2,522.83
26098,10766,76,1,244.16
26099,10766,81,1,479.98
26100,10767,67,1,322.34
26101,10767,57,2,880.07
26102,10767,1,2,496.92
26103,10767,76,1,244.16
26104,10768,72,1,402.56
26105,10768,46,1,367.16
26106,10769,73,1,30734.82
26107,10769,31,2,222.08
26108,10770,55,2,228.88
26109,10770,94,1,220.08
26110,10770,80,1,1636.88
26111,10770,67,1,303.65
26112,10771,50,1,223.53
26113,10771,76,1,230.01
26114,10771,87,2,31086.93
26115,10771,73,2,30734.82
26116,10772,49,1,495.49
26117,10772,94,2,220.08
26118,10773,43,1,470.17
26119,10773,87,1,31086.93
26120,10773,49,1,495.49
26121,10774,49,1,522.83
26122,10774,16,2,409.14
26123,10775,55,2,228.88
26124,10775,73,1,30734.82
26125,10775,46,2,367.16
26126,10776,78,2,13582.26
26127,10777,72,2,402.56
26128,10777,43,1,470.17
26129,10777,38,1,232.91
26130,10778,1,2,468.12
26131,10779,67,2,357.38
26132,10779,78,2,13582.26
26133,10780,72,2,402.56
26134,10780,80,1,1636.88
26135,10781,58,2,18340.69
26136,10781,49,1,495.49
26137,10781,87,1,31086.93
26138,10781,16,1,385.42
26139,10782,80,1,1636.88
26140,10782,72,2,402.56
26141,10782,55,2,228.88
26142,10783,72,2,402.56
26143,10783,57,1,834.05
26144,10783,94,1,220.08
26145,10784,51,2,1505.85
26146,10784,24,1,67.0
26147,10785,43,2,499.1
26148,10785,72,2,427.33
26149,10785,16,1,409.14
26150,10785,65,2,17047.21
26151,10786,81,1,452.15
26152,10786,58,2,18340.69
26153,10787,50,1,223.53
26154,10787,80,1,1636.88
26155,10787,94,1,220.08
26156,10787,72,2,402.56
26157,10788,67,1,338.69
26158,10789,58,1,19469.34
26159,10789,78,2,13582.26
26160,10789,72,2,427.33
26161,10790,55,2,242.96
26162,10790,72,1,427.33
26163,10791,67,2,338.69
26164,10791,80,2,1636.88
26165,10791,94,2,220.08
26166,10792,38,1,247.24
26167,10793,57,2,834.05
26168,10793,31,2,222.08
26169,10793,38,1,232.91
26170,10793,78,2,14271.22
26171,10794,78,2,14271.22
26172,10795,49,1,522.83
26173,10795,67,1,357.38
26174,10795,87,1,32999.97
26175,10796,80,1,1636.88
26176,10796,72,1,402.56
26177,10797,72,2,402.56
26178,10797,94,1,220.08
26179,10797,50,2,223.53
26180,10797,51,2,1505.85
26181,10798,57,1,834.05
26182,10798,46,2,367.16
26183,10798,55,2,228.88
26184,10798,43,1,470.17
26185,10799,43,1,499.1
26186,10799,87,2,32999.97
26187,10799,72,2,473.78
26188,10799,65,2,17047.21
26189,10800,80,1,1636.88
26190,10800,76,1,256.55
26191,10800,67,2,338.69
26192,10801,24,2,67.0
26193,10801,49,2,495.49
26194,10801,50,1,223.53
26195,10801,16,2,385.42
26196,10802,50,1,223.53
26197,10802,57,2,834.05
26198,10802,31,2,222.08
26199,10803,65,1,15441.31
26200,10803,46,1,395.4
26201,10803,1,1,450.11
26202,10804,57,1,851.31
26203,10804,50,1,228.69
26204,10805,31,2,227.2
26205,10806,67,2,327.01
26206,10806,57,2,805.29
26207,10806,80,2,1573.93
26208,10807,76,2,261.86
26209,10807,46,2,418.0
26210,10807,50,1,228.69
26211,10808,65,2,15441.31
26212,10808,80,2,1573.93
26213,10809,65,1,15441.31
26214,10809,1,1,450.11
26215,10810,24,1,68.55
26216,10810,87,2,31804.32
26217,10810,67,2,345.7
26218,10811,55,1,220.07
26219,10811,57,2,805.29
26220,10812,81,2,434.76
26221,10812,46,2,395.4
26222,10812,80,2,1573.93
26223,10812,50,1,214.94
26224,10813,78,2,14566.49
26225,10814,1,2,450.11
26226,10814,80,2,1573.93
26227,10815,76,2,247.7
26228,10815,67,1,327.01
26229,10815,78,2,13779.11
26230,10815,38,1,223.95
26231,10816,65,1,16429.56
26232,10816,16,2,394.32
26233,10816,58,2,20880.17
26234,10817,81,1,434.76
26235,10818,78,1,13779.11
26236,10818,73,2,29552.71
26237,10818,94,2,211.61
26238,10818,65,2,15441.31
26239,10819,24,2,64.42
26240,10819,38,2,250.82
26241,10819,16,2,370.6
26242,10819,80,1,1573.93
26243,10820,31,2,252.83
26244,10820,81,1,462.59
26245,10820,73,1,31444.09
26246,10821,16,2,394.32
26247,10821,81,2,462.59
26248,10821,80,1,1674.66
26249,10821,46,2,418.0
26250,10822,73,1,29552.71
26251,10823,1,2,450.11
26252,10823,55,1,246.48
26253,10823,46,1,395.4
26254,10823,76,1,247.7
26255,10824,1,1,450.11
26256,10824,46,2,395.4
26257,10825,78,1,13779.11
26258,10825,1,2,450.11
26259,10825,49,2,478.41
26260,10825,73,2,29552.71
26261,10826,49,1,478.41
26262,10826,38,2,250.82
26263,10827,72,2,433.52
26264,10827,76,2,247.7
26265,10828,38,2,250.82
26266,10829,31,1,252.83
26267,10829,58,2,20880.17
26268,10830,58,1,19751.51
26269,10830,80,1,1573.93
26270,10830,73,2,29552.71
26271,10831,16,2,370.6
26272,10832,43,1,481.02
26273,10832,87,2,31804.32
26274,10832,16,2,438.79
26275,10833,43,2,481.02
26276,10834,81,1,462.59
26277,10835,43,2,452.09
26278,10836,38,2,265.16
26279,10836,50,1,228.69
26280,10836,65,2,16429.56
26281,10836,78,1,14566.49
26282,10837,73,1,31444.09
26283,10838,1,2,450.11
26284,10839,94,1,225.16
26285,10839,16,2,438.79
26286,10839,87,2,31804.32
26287,10840,1,1,478.92
26288,10840,31,2,252.83
26289,10841,1,1,450.11
26290,10841,80,2,1573.93
26291,10841,72,1,433.52
26292,10842,16,2,438.79
26293,10842,65,2,16429.56
26294,10842,73,1,31444.09
26295,10843,55,2,246.48
26296,10844,80,2,1636.88
26297,10844,55,1,255.29
26298,10845,24,2,71.13
26299,10845,76,1,270.7
26300,10846,1,1,468.12
26301,10847,38,1,259.78
26302,10848,58,1,21585.58
26303,10848,94,1,233.62
26304,10848,50,2,237.29
26305,10848,76,2,270.7
26306,10849,24,2,71.13
26307,10850,24,2,71.13
26308,10850,65,2,17047.21
26309,10850,58,2,21585.58
26310,10851,87,1,34673.88
26311,10851,50,2,223.53
26312,10851,73,2,30734.82
26313,10851,80,2,1636.88
26314,10852,72,1,473.78
26315,10853,58,2,20456.92
26316,10853,87,2,34673.88
26317,10854,94,1,233.62
26318,10854,55,1,269.37
26319,10854,80,1,1926.48
26320,10854,31,2,261.37
26321,10855,38,2,274.11
26322,10855,16,1,453.61
26323,10855,73,2,36172.52
26324,10855,50,2,237.29
26325,10856,50,1,237.29
26326,10856,80,1,1926.48
26327,10857,55,1,255.29
26328,10857,94,2,220.08
26329,10857,31,1,247.7
26330,10857,1,2,468.12
26331,10858,73,2,34281.15
26332,10858,81,1,504.32
26333,10858,24,1,67.0
26334,10859,16,2,429.9
26335,10859,87,2,34673.88
26336,10860,16,2,429.9
26337,10861,50,1,237.29
26338,10861,73,1,36172.52
26339,10861,55,1,269.37
26340,10862,1,1,522.13
26341,10862,65,1,16058.97
26342,10862,24,1,67.0
26343,10863,94,2,245.47
26344,10864,81,2,504.32
26345,10864,87,2,34673.88
26346,10864,72,2,449.01
26347,10865,1,2,522.13
26348,10865,24,1,67.0
26349,10866,73,1,36172.52
26350,10866,1,2,550.94
26351,10866,87,2,36586.92
26352,10866,43,2,499.1
26353,10867,50,2,237.29
26354,10867,55,2,269.37
26355,10867,80,1,1926.48
26356,10868,65,2,17047.21
26357,10868,80,2,1926.48
26358,10869,81,2,504.32
26359,10870,55,2,255.29
26360,10871,1,2,522.13
26361,10872,43,2,553.36
26362,10873,87,1,36586.92
26363,10873,81,1,532.15
26364,10874,43,2,524.42
26365,10874,76,1,256.55
26366,10874,24,1,67.0
26367,10874,50,1,223.53
26368,10875,24,2,67.0
26369,10876,94,1,245.47
26370,10877,65,1,18900.17
26371,10877,24,2,71.13
26372,10877,94,1,259.01
26373,10878,50,2,223.53
26374,10878,1,2,522.13
26375,10879,43,1,553.36
26376,10880,65,2,18900.17
26377,10880,94,1,259.01
26378,10880,73,1,36172.52
26379,10881,80,2,1825.75
26380,10882,81,1,532.15
26381,10883,24,1,74.73
26382,10883,94,1,245.47
26383,10884,24,1,78.86
26384,10884,43,2,553.36
26385,10884,50,2,263.08
26386,10885,73,1,36172.52
26387,10886,73,1,34281.15
26388,10886,24,2,74.73
26389,10887,94,1,259.01
26390,10887,43,1,553.36
26391,10888,94,2,259.01
26392,10889,43,1,553.36
26393,10889,94,2,259.01
26394,10890,50,2,249.33
26395,10890,43,2,524.42
26396,10890,65,1,17911.92
26397,10891,24,1,74.73
26398,10892,50,2,249.33
26399,10892,24,1,74.73
26400,10893,24,1,74.73
26401,10893,50,1,249.33
26402,10893,43,1,524.42
26403,10893,65,2,17911.92
26404,10894,50,2,249.33
26405,10894,43,1,524.42
26406,10894,24,2,74.73
26407,10895,65,1,17911.92
26408,10895,24,1,74.73
26409,10896,65,1,17911.92
26410,10896,24,1,74.73
26411,10897,65,2,17911.92
26412,10898,84,2,342.28
26413,10898,14,2,400.01
26414,10898,68,2,9331.71
26415,10898,38,2,232.91
26416,10899,30,1,347.04
26417,10900,27,1,16920.01
26418,10900,70,1,247.91
26419,10900,49,1,444.24
26420,10901,15,1,175.67
26421,10901,68,2,9331.71
26422,10901,50,2,223.53
26423,10901,79,2,231.85
26424,10902,30,1,347.04
26425,10903,50,1,237.29
26426,10904,76,1,230.01
26427,10904,38,1,232.91
26428,10905,57,1,793.79
26429,10905,4,2,396.49
26430,10906,53,1,882.53
26431,10907,4,1,396.49
26432,10907,79,2,272.88
26433,10908,53,1,1038.67
26434,10909,53,2,984.36
26435,10909,34,2,672.98
26436,10910,45,1,65.25
26437,10910,30,2,347.04
26438,10911,14,2,424.63
26439,10911,15,1,186.48
26440,10911,70,1,263.17
26441,10912,34,2,672.98
26442,10913,84,2,342.28
26443,10914,68,2,9331.71
26444,10915,34,2,714.4
26445,10915,57,2,793.79
26446,10915,84,1,363.34
26447,10915,14,1,424.63
26448,10916,76,2,230.01
26449,10916,57,1,747.77
26450,10916,56,1,265.88
26451,10916,93,2,346.57
26452,10917,84,2,363.34
26453,10918,79,2,272.88
26454,10918,3,1,234.67
26455,10918,56,2,282.24
26456,10919,70,2,247.91
26457,10919,45,2,65.25
26458,10919,3,1,221.07
26459,10919,21,2,1069.87
26460,10920,56,2,265.88
26461,10920,45,1,65.25
26462,10920,68,1,9331.71
26463,10921,79,2,272.88
26464,10921,15,2,186.48
26465,10922,37,2,1063.91
26466,10922,50,1,237.29
26467,10922,34,2,714.4
26468,10923,38,2,247.24
26469,10923,89,1,245.27
26470,10924,37,1,1117.88
26471,10925,3,1,221.07
26472,10925,37,2,1117.88
26473,10926,37,1,1117.88
26474,10926,56,2,265.88
26475,10927,4,1,373.5
26476,10927,68,2,10408.45
26477,10928,3,1,221.07
26478,10928,38,1,232.91
26479,10928,70,2,247.91
26480,10929,30,1,368.39
26481,10929,79,1,272.88
26482,10929,89,1,245.27
26483,10930,27,2,18872.32
26484,10930,3,1,221.07
26485,10931,34,2,672.98
26486,10932,84,1,342.28
26487,10932,49,1,444.24
26488,10932,4,2,373.5
26489,10933,37,2,1117.88
26490,10933,21,2,1069.87
26491,10934,76,2,244.16
26492,10934,68,2,10982.71
26493,10935,30,2,347.04
26494,10935,76,2,230.01
26495,10935,19,1,221.74
26496,10935,49,2,444.24
26497,10936,14,2,424.63
26498,10936,56,1,312.92
26499,10936,21,1,1135.71
26500,10937,89,2,245.27
26501,10937,19,2,235.39
26502,10937,49,2,471.57
26503,10937,4,1,396.49
26504,10938,50,1,237.29
26505,10938,4,2,396.49
26506,10938,89,2,245.27
26507,10938,34,2,714.4
26508,10939,14,2,424.63
26509,10939,79,2,272.88
26510,10940,93,1,346.57
26511,10940,37,1,1117.88
26512,10940,89,1,231.05
26513,10941,70,2,247.91
26514,10942,4,1,373.5
26515,10942,15,1,175.67
26516,10942,19,1,221.74
26517,10943,68,1,10408.45
26518,10944,30,1,347.04
26519,10945,49,1,444.24
26520,10946,56,2,296.55
26521,10946,50,2,223.53
26522,10946,68,1,10408.45
26523,10946,37,2,1117.88
26524,10947,93,2,346.57
26525,10947,68,2,10408.45
26526,10947,19,2,221.74
26527,10947,50,1,223.53
26528,10948,50,2,237.29
26529,10948,89,1,245.27
26530,10948,19,1,235.39
26531,10949,3,2,226.17
26532,10949,89,2,236.38
26533,10950,30,2,355.04
26534,10951,30,2,355.04
26535,10951,53,1,1004.73
26536,10951,3,2,226.17
26537,10952,14,1,384.62
26538,10953,56,2,286.33
26539,10953,89,1,222.16
26540,10953,84,2,329.11
26541,10953,30,1,333.69
26542,10954,30,2,333.69
26543,10954,27,2,18221.55
26544,10955,30,1,355.04
26545,10955,56,2,302.69
26546,10956,56,1,286.33
26547,10956,21,2,1028.72
26548,10956,3,2,238.07
26549,10957,89,2,222.16
26550,10958,68,1,10623.8
26551,10958,76,2,235.32
26552,10959,84,2,329.11
26553,10960,70,1,253.63
26554,10960,57,2,765.03
26555,10960,4,2,382.12
26556,10961,84,1,329.11
26557,10961,15,1,168.91
26558,10962,4,2,359.14
26559,10962,34,2,647.1
26560,10963,3,1,251.67
26561,10964,38,1,223.95
26562,10964,56,2,286.33
26563,10964,37,2,1079.33
26564,10964,57,1,719.01
26565,10965,53,2,950.42
26566,10965,45,1,62.74
26567,10965,84,1,329.11
26568,10965,14,2,384.62
26569,10966,19,1,226.86
26570,10966,70,1,253.63
26571,10966,38,1,238.28
26572,10966,37,2,1141.01
26573,10967,38,2,223.95
26574,10968,56,2,286.33
26575,10969,4,2,382.12
26576,10969,38,1,238.28
26577,10969,93,1,354.56
26578,10969,70,1,253.63
26579,10970,21,2,1028.72
26580,10970,84,2,329.11
26581,10970,34,2,647.1
26582,10971,14,1,384.62
26583,10971,68,2,10049.54
26584,10972,21,1,1028.72
26585,10972,57,2,719.01
26586,10972,38,1,223.95
26587,10973,34,2,688.51
26588,10973,27,1,19262.78
26589,10973,50,1,228.69
26590,10973,93,1,354.56
26591,10974,53,2,950.42
26592,10974,14,1,384.62
26593,10974,49,1,427.15
26594,10975,14,2,384.62
26595,10975,93,1,333.24
26596,10975,45,2,62.74
26597,10976,30,2,355.04
26598,10976,38,2,265.16
26599,10977,76,1,221.16
26600,10978,53,1,1004.73
26601,10978,15,1,179.72
26602,10978,57,2,851.31
26603,10978,70,1,253.63
26604,10979,49,1,454.49
26605,10979,15,2,179.72
26606,10979,84,1,350.18
26607,10980,19,2,226.86
26608,10981,14,2,409.24
26609,10981,70,2,253.63
26610,10981,15,1,199.99
26611,10982,76,2,221.16
26612,10982,57,1,805.29
26613,10982,27,1,18221.55
26614,10982,38,2,250.82
26615,10983,89,2,222.16
26616,10983,30,2,333.69
26617,10983,70,1,238.38
26618,10984,84,1,329.11
26619,10984,37,1,1079.33
26620,10984,21,1,1028.72
26621,10984,93,1,333.24
26622,10985,34,1,647.1
26623,10985,15,1,189.18
26624,10985,84,2,368.61
26625,10985,38,1,250.82
26626,10986,38,2,250.82
26627,10986,70,1,238.38
26628,10986,4,1,402.23
26629,10986,76,2,221.16
26630,10987,3,2,238.07
26631,10988,38,1,265.16
26632,10989,93,2,373.23
26633,10989,84,2,368.61
26634,10990,84,2,368.61
26635,10991,76,2,221.16
26636,10992,38,1,250.82
26637,10993,4,2,425.22
26638,10993,45,2,66.75
26639,10994,57,1,805.29
26640,10995,68,1,10623.8
26641,10996,14,2,409.24
26642,10996,21,2,1094.56
26643,10996,15,2,199.99
26644,10996,4,1,425.22
26645,10997,15,2,199.99
26646,10998,30,1,333.69
26647,10998,4,2,402.23
26648,10998,45,2,62.74
26649,10998,76,1,221.16
26650,10999,30,1,333.69
26651,10999,27,1,18221.55
26652,10999,4,1,402.23
26653,11000,84,2,389.67
26654,11000,15,1,199.99
26655,11000,30,2,355.04
26656,11000,53,2,1004.73
26657,11001,21,2,1028.72
26658,11001,53,2,950.42
26659,11001,89,2,222.16
26660,11002,93,2,394.55
26661,11002,50,1,228.69
26662,11002,4,1,425.22
26663,11003,45,2,66.75
26664,11003,93,1,394.55
26665,11004,57,1,880.07
26666,11004,53,1,1038.67
26667,11004,14,2,424.63
26668,11005,49,2,444.24
26669,11005,45,1,65.25
26670,11005,50,1,223.53
26671,11006,57,1,880.07
26672,11006,76,2,244.16
26673,11006,84,1,402.83
26674,11007,50,1,237.29
26675,11007,45,2,69.26
26676,11008,3,2,246.57
26677,11008,76,2,230.01
26678,11008,49,1,444.24
26679,11009,49,2,444.24
26680,11009,34,2,672.98
26681,11009,45,1,65.25
26682,11010,70,2,276.51
26683,11011,70,2,291.77
26684,11011,21,1,1135.71
26685,11011,89,1,245.27
26686,11012,49,1,444.24
26687,11012,30,1,347.04
26688,11012,19,2,221.74
26689,11012,57,2,834.05
26690,11013,49,2,444.24
26691,11013,38,1,259.78
26692,11013,57,2,834.05
26693,11014,45,2,65.25
26694,11014,19,2,221.74
26695,11014,14,2,400.01
26696,11014,3,2,246.57
26697,11015,21,2,1069.87
26698,11016,50,1,237.29
26699,11016,76,1,244.16
26700,11016,38,1,274.11
26701,11016,57,2,880.07
26702,11017,38,2,259.78
26703,11017,76,1,230.01
26704,11018,4,1,439.58
26705,11018,45,1,69.26
26706,11018,3,1,260.18
26707,11018,14,1,424.63
26708,11019,89,1,245.27
26709,11019,14,1,424.63
26710,11020,21,2,1069.87
26711,11020,19,1,221.74
26712,11021,45,2,69.26
26713,11021,89,1,245.27
26714,11022,50,1,237.29
26715,11022,84,1,402.83
26716,11023,70,2,291.77
26717,11023,14,2,424.63
26718,11023,34,2,714.4
26719,11024,84,2,402.83
26720,11024,45,2,69.26
26721,11025,49,2,444.24
26722,11025,45,1,65.25
26723,11025,14,2,446.16
26724,11026,4,2,416.6
26725,11027,50,2,237.29
26726,11027,38,1,274.11
26727,11028,21,2,1069.87
26728,11028,34,2,672.98
26729,11029,14,2,470.78
26730,11030,3,1,260.18
26731,11030,49,1,522.83
26732,11030,15,1,206.75
26733,11031,76,2,244.16
26734,11031,50,1,237.29
26735,11031,34,1,714.4
26736,11031,49,1,522.83
26737,11032,15,2,195.94
26738,11032,93,1,386.56
26739,11033,19,2,235.39
26740,11033,76,1,270.7
26741,11033,70,1,291.77
26742,11034,84,1,381.77
26743,11035,49,2,495.49
26744,11036,93,1,386.56
26745,11036,21,2,1069.87
26746,11037,19,1,260.97
26747,11037,34,2,714.4
26748,11037,76,1,270.7
26749,11038,21,2,1069.87
26750,11038,50,1,223.53
26751,11039,30,2,347.04
26752,11040,70,2,291.77
26753,11040,15,1,206.75
26754,11041,15,1,195.94
26755,11041,76,2,256.55
26756,11041,14,2,446.16
26757,11041,70,2,276.51
26758,11042,49,2,522.83
26759,11043,76,2,256.55
26760,11043,70,1,276.51
26761,11044,93,1,386.56
26762,11044,14,2,446.16
26763,11045,89,1,245.27
26764,11045,30,1,408.43
26765,11045,50,2,237.29
26766,11045,76,1,270.7
26767,11046,14,2,446.16
26768,11046,34,1,672.98
26769,11046,89,1,231.05
26770,11046,49,1,495.49
26771,11047,19,1,247.33
26772,11047,93,1,386.56
26773,11048,76,1,256.55
26774,11048,30,2,387.08
26775,11048,21,1,1069.87
26776,11048,19,2,247.33
26777,11049,49,1,495.49
26778,11049,50,2,223.53
26779,11050,50,1,237.29
26780,11050,21,2,1135.71
26781,11050,93,1,407.88
26782,11050,34,2,714.4
26783,11051,49,2,522.83
26784,11051,30,1,408.43
26785,11051,76,1,270.7
26786,11051,45,1,69.26
26787,11052,19,1,247.33
26788,11052,45,2,65.25
26789,11052,14,2,446.16
26790,11053,21,1,1193.32
26791,11053,45,2,72.78
26792,11053,89,1,231.05
26793,11053,19,2,247.33
26794,11054,34,2,688.51
26795,11054,76,2,261.86
26796,11054,45,2,74.28
26797,11054,21,2,1218.01
26798,11055,45,2,70.27
26799,11055,50,1,214.94
26800,11055,34,1,724.75
26801,11055,89,1,222.16
26802,11056,89,2,222.16
26803,11056,50,1,214.94
26804,11056,21,1,1152.17
26805,11057,89,2,222.16
26806,11057,19,2,238.8
26807,11057,30,1,373.73
26808,11058,34,2,724.75
26809,11058,93,1,373.23
26810,11058,19,1,238.8
26811,11059,21,2,1218.01
26812,11059,45,1,74.28
26813,11060,30,1,395.09
26814,11060,19,2,252.44
26815,11061,89,1,236.38
26816,11062,50,2,214.94
26817,11062,89,1,222.16
26818,11062,34,1,724.75
26819,11063,30,2,395.09
26820,11063,21,2,1218.01
26821,11064,50,1,240.73
26822,11064,21,2,1152.17
26823,11064,19,1,238.8
26824,11065,89,1,222.16
26825,11065,21,2,1152.17
26826,11065,50,2,240.73
26827,11066,45,1,70.27
26828,11067,89,1,222.16
26829,11067,34,2,724.75
26830,11068,34,2,766.17
26831,11068,89,2,263.04
26832,11069,30,2,395.09
26833,11069,89,2,263.04
26834,11070,45,1,74.28
26835,11070,34,2,766.17
26836,11070,89,2,263.04
26837,11070,50,1,254.49
26838,11071,50,1,254.49
26839,11071,45,2,74.28
26840,11071,89,1,263.04
26841,11072,50,1,240.73
26842,11072,89,2,248.82
26843,11072,45,2,70.27
26844,11073,50,2,240.73
26845,11073,89,1,248.82
26846,11074,50,2,240.73
26847,11074,89,1,248.82
26848,11075,89,1,263.04
26849,11075,50,2,254.49
26850,11076,89,1,263.04
26851,11077,12,1,336.7
26852,11077,68,1,9331.71
26853,11077,100,2,827.42
26854,11077,73,1,30734.82
26855,11078,12,2,336.7
26856,11078,73,2,30734.82
26857,11079,38,1,232.91
26858,11079,42,1,23033.74
26859,11079,77,2,199.5
26860,11079,100,1,827.42
26861,11080,12,1,357.42
26862,11080,34,2,714.4
26863,11080,28,2,351.21
26864,11080,38,2,247.24
26865,11081,28,2,389.38
26866,11081,12,1,357.42
26867,11081,42,1,24451.2
26868,11082,34,2,672.98
26869,11082,73,1,30734.82
26870,11082,25,1,13010.84
26871,11083,28,2,389.38
26872,11083,73,1,32626.19
26873,11083,77,1,211.77
26874,11084,28,1,369.02
26875,11084,38,1,232.91
26876,11085,25,1,13811.51
26877,11085,34,2,714.4
26878,11085,28,2,389.38
26879,11085,12,1,357.42
26880,11086,77,1,199.5
26881,11087,38,1,247.24
26882,11087,34,2,714.4
26883,11088,100,1,878.34
26884,11088,25,1,13811.51
26885,11088,77,1,211.77
26886,11088,34,2,714.4
26887,11089,73,1,32626.19
26888,11090,34,2,672.98
26889,11090,38,2,232.91
26890,11091,28,1,389.38
26891,11091,34,1,714.4
26892,11092,28,2,389.38
26893,11092,73,1,32626.19
26894,11093,42,2,23033.74
26895,11094,38,2,232.91
26896,11094,34,2,672.98
26897,11094,25,1,13010.84
26898,11094,12,1,336.7
26899,11095,34,2,672.98
26900,11095,73,2,30734.82
26901,11095,12,2,336.7
26902,11095,42,1,23033.74
26903,11096,34,1,672.98
26904,11097,25,2,13010.84
26905,11098,68,1,9905.97
26906,11098,34,1,714.4
26907,11098,77,1,211.77
26908,11098,100,1,878.34
26909,11099,42,1,23033.74
26910,11099,25,1,13010.84
26911,11099,100,1,827.42
26912,11099,34,1,672.98
26913,11100,80,1,1737.61
26914,11100,34,2,714.4
26915,11101,38,2,232.91
26916,11101,25,2,13010.84
26917,11101,34,1,672.98
26918,11102,38,2,232.91
26919,11103,12,2,336.7
26920,11103,100,2,827.42
26921,11103,73,2,30734.82
26922,11103,25,1,13010.84
26923,11104,28,2,356.3
26924,11104,68,2,8972.8
26925,11104,77,1,191.83
26926,11104,80,2,1573.93
26927,11105,80,1,1674.66
26928,11105,100,1,846.52
26929,11105,28,2,376.66
26930,11105,12,1,344.47
26931,11106,25,1,12510.42
26932,11106,68,2,8972.8
26933,11107,100,2,795.6
26934,11108,80,2,1674.66
26935,11108,68,2,9547.06
26936,11109,25,2,12510.42
26937,11109,12,1,323.75
26938,11109,73,1,29552.71
26939,11110,77,2,204.1
26940,11110,25,2,13311.09
26941,11110,38,2,238.28
26942,11110,73,1,31444.09
26943,11111,80,1,1573.93
26944,11112,38,2,238.28
26945,11112,42,1,23565.29
26946,11112,73,2,31444.09
26947,11113,38,1,250.82
26948,11113,34,2,724.75
26949,11114,77,2,214.84
26950,11114,68,1,8972.8
26951,11115,38,1,250.82
26952,11116,42,1,22147.82
26953,11116,77,2,214.84
26954,11116,80,1,1573.93
26955,11117,77,2,214.84
26956,11118,38,1,265.16
26957,11118,12,1,344.47
26958,11119,80,2,1573.93
26959,11119,12,1,362.6
26960,11120,38,1,250.82
26961,11120,77,2,214.84
26962,11121,42,1,22147.82
26963,11121,34,1,724.75
26964,11121,12,2,362.6
26965,11122,12,1,383.32
26966,11123,42,1,22147.82
26967,11124,80,1,1674.66
26968,11124,100,2,846.52
26969,11125,38,1,250.82
26970,11125,25,2,12510.42
26971,11126,80,1,1573.93
26972,11126,34,2,724.75
26973,11126,100,1,795.6
26974,11127,12,1,362.6
26975,11127,73,2,29552.71
26976,11127,80,2,1573.93
26977,11128,25,1,12510.42
26978,11128,68,2,8972.8
26979,11129,25,2,12510.42
26980,11129,42,1,22147.82
26981,11130,80,2,1573.93
26982,11130,12,1,362.6
26983,11130,68,1,8972.8
26984,11130,42,1,24805.56
26985,11131,73,2,31444.09
26986,11132,77,1,214.84
26987,11133,80,1,1573.93
26988,11133,25,1,14011.68
26989,11134,100,1,846.52
26990,11134,80,1,1674.66
26991,11134,73,2,34990.41
26992,11135,73,1,33099.04
26993,11135,68,1,8972.8
26994,11135,25,1,14011.68
26995,11135,80,2,1573.93
26996,11136,68,2,8972.8
26997,11137,68,2,9547.06
26998,11137,77,2,227.12
26999,11137,73,1,34990.41
27000,11137,34,1,766.17
27001,11138,42,1,26223.02
27002,11139,42,2,26223.02
27003,11139,25,2,14812.34
27004,11139,77,1,227.12
27005,11139,100,1,846.52
27006,11140,25,2,14011.68
27007,11140,100,2,795.6
27008,11140,80,1,1573.93
27009,11141,12,1,383.32
27010,11142,42,1,26223.02
27011,11142,38,1,265.16
27012,11143,68,1,9547.06
27013,11144,12,1,362.6
27014,11144,100,1,795.6
27015,11145,34,2,724.75
27016,11146,73,1,33099.04
27017,11146,38,2,250.82
27018,11147,73,1,34990.41
27019,11148,100,1,846.52
27020,11148,73,2,34990.41
27021,11149,100,1,846.52
27022,11150,25,2,14011.68
27023,11150,73,1,33099.04
27024,11150,100,1,795.6
27025,11150,38,1,250.82
27026,11151,68,1,8972.8
27027,11151,38,1,250.82
27028,11151,42,2,24805.56
27029,11152,68,1,8972.8
27030,11153,42,2,24805.56
27031,11153,80,1,1573.93
27032,11153,68,1,8972.8
27033,11154,100,2,795.6
27034,11154,38,2,250.82
27035,11154,25,2,14011.68
27036,11154,68,2,8972.8
27037,11155,80,2,1674.66
27038,11155,73,1,34990.41
27039,11156,38,1,265.16
27040,11156,80,2,1863.53
27041,11156,73,2,34990.41
27042,11156,42,2,26223.02
27043,11157,68,1,9331.71
27044,11158,68,2,9905.97
27045,11158,73,1,36172.52
27046,11159,68,1,10982.71
27047,11159,80,1,1926.48
27048,11159,100,2,973.81
27049,11160,80,1,1825.75
27050,11161,100,1,973.81
27051,11161,68,2,10982.71
27052,11162,80,2,1825.75
27053,11162,68,1,10408.45
27054,11163,100,2,922.9
27055,11163,68,1,10408.45
27056,11164,68,1,10408.45
27057,11164,80,1,1825.75
27058,11164,100,1,922.9
27059,11165,100,2,922.9
27060,11165,68,2,10408.45
27061,11166,100,2,922.9
27062,11167,68,1,10408.45
27063,11168,94,2,225.16
27064,11168,54,1,8352.36
27065,11169,1,1,478.92
27066,11169,96,1,345.75
27067,11169,42,1,23565.29
27068,11169,94,2,225.16
27069,11170,94,2,211.61
27070,11170,1,1,450.11
27071,11170,96,2,324.95
27072,11170,55,2,220.07
27073,11171,31,2,227.2
27074,11171,96,1,345.75
27075,11171,1,2,478.92
27076,11171,94,1,225.16
27077,11172,75,1,422.74
27078,11172,79,1,222.94
27079,11172,42,1,22147.82
27080,11173,20,2,14427.7
27081,11174,79,1,237.21
27082,11174,31,1,227.2
27083,11174,5,2,179.51
27084,11174,7,1,204.27
27085,11175,75,2,422.74
27086,11175,42,1,22147.82
27087,11175,48,2,338.05
27088,11175,79,1,222.94
27089,11176,48,1,359.69
27090,11176,79,1,237.21
27091,11177,75,1,449.79
27092,11177,1,2,478.92
27093,11177,7,2,204.27
27094,11178,5,1,168.71
27095,11178,7,2,191.99
27096,11178,20,1,14427.7
27097,11179,54,2,8352.36
27098,11179,31,1,227.2
27099,11180,5,2,168.71
27100,11180,31,2,213.54
27101,11180,42,1,22147.82
27102,11180,1,1,450.11
27103,11181,54,2,7849.96
27104,11182,31,2,227.2
27105,11182,42,2,23565.29
27106,11183,7,2,191.99
27107,11184,7,1,204.27
27108,11184,96,2,345.75
27109,11185,5,2,168.71
27110,11185,94,2,211.61
27111,11186,48,2,338.05
27112,11186,20,1,14427.7
27113,11186,31,2,213.54
27114,11187,7,1,191.99
27115,11187,55,1,220.07
27116,11187,31,2,213.54
27117,11188,75,2,449.79
27118,11188,20,1,15351.07
27119,11188,31,1,227.2
27120,11189,54,1,7849.96
27121,11189,5,1,168.71
27122,11189,1,2,450.11
27123,11190,55,1,220.07
27124,11190,20,2,14427.7
27125,11190,48,1,338.05
27126,11191,55,1,220.07
27127,11191,48,1,338.05
27128,11192,54,1,8352.36
27129,11192,94,2,250.55
27130,11193,31,2,213.54
27131,11194,20,1,14427.7
27132,11194,42,2,22147.82
27133,11194,34,1,647.1
27134,11195,7,2,204.27
27135,11195,94,1,250.55
27136,11195,42,2,23565.29
27137,11195,75,1,449.79
27138,11196,5,2,168.71
27139,11196,55,2,220.07
27140,11197,1,1,450.11
27141,11197,34,1,724.75
27142,11198,48,2,359.69
27143,11199,20,1,14427.7
27144,11200,1,1,468.12
27145,11200,54,1,8163.96
27146,11200,96,1,376.94
27147,11201,48,1,351.57
27148,11201,79,2,231.85
27149,11201,20,2,15004.81
27150,11201,7,1,199.67
27151,11202,5,1,175.46
27152,11202,7,1,199.67
27153,11203,75,1,466.7
27154,11203,48,1,373.21
27155,11203,94,1,259.01
27156,11204,5,2,175.46
27157,11205,55,2,242.96
27158,11205,1,2,496.92
27159,11206,79,1,231.85
27160,11207,34,1,792.05
27161,11208,7,1,199.67
27162,11209,34,1,750.64
27163,11209,7,2,222.71
27164,11210,7,1,222.71
27165,11210,31,2,222.08
27166,11210,20,2,15004.81
27167,11210,42,1,23033.74
27168,11211,20,1,15004.81
27169,11211,79,2,231.85
27170,11211,1,2,468.12
27171,11212,42,2,24451.2
27172,11213,34,1,750.64
27173,11213,42,1,23033.74
27174,11213,94,2,245.47
27175,11214,94,1,245.47
27176,11214,54,1,8163.96
27177,11214,31,1,222.08
27178,11215,75,1,439.65
27179,11215,1,2,522.13
27180,11215,79,2,258.61
27181,11216,20,1,15928.18
27182,11216,5,2,186.26
27183,11217,55,2,255.29
27184,11218,96,1,376.94
27185,11218,94,2,245.47
27186,11218,55,2,255.29
27187,11218,54,2,8163.96
27188,11219,7,2,234.99
27189,11219,5,1,186.26
27190,11220,96,1,376.94
27191,11220,75,1,439.65
27192,11220,20,1,15004.81
27193,11220,54,1,8163.96
27194,11221,48,2,373.21
27195,11221,7,1,234.99
27196,11221,1,1,550.94
27197,11221,79,1,272.88
27198,11222,42,1,24451.2
27199,11222,20,2,15928.18
27200,11223,48,2,351.57
27201,11223,5,1,175.46
27202,11224,31,1,222.08
27203,11225,20,2,15928.18
27204,11226,42,1,23033.74
27205,11227,42,1,27108.94
27206,11227,31,2,235.75
27207,11227,5,1,186.26
27208,11227,20,2,15928.18
27209,11228,96,1,376.94
27210,11228,48,1,351.57
27211,11228,42,1,25691.48
27212,11228,20,2,15004.81
27213,11229,79,2,272.88
27214,11229,54,1,8666.36
27215,11229,48,2,373.21
27216,11229,42,1,27108.94
27217,11230,5,1,175.46
27218,11230,54,1,8163.96
27219,11231,7,2,222.71
27220,11232,75,1,490.38
27221,11232,96,1,376.94
27222,11232,20,2,16736.13
27223,11232,54,2,8163.96
27224,11233,55,1,255.29
27225,11233,34,1,750.64
27226,11233,1,1,522.13
27227,11233,42,1,25691.48
27228,11234,42,1,25691.48
27229,11234,5,1,175.46
27230,11235,20,1,16736.13
27231,11235,1,1,522.13
27232,11236,1,2,550.94
27233,11236,96,1,397.74
27234,11236,20,1,17659.5
27235,11237,31,2,247.7
27236,11237,20,2,16736.13
27237,11237,5,1,175.46
27238,11238,5,2,186.26
27239,11239,75,1,490.38
27240,11240,48,1,392.14
27241,11240,34,1,750.64
27242,11241,48,1,413.77
27243,11241,54,1,9608.35
27244,11242,42,1,25691.48
27245,11242,54,1,9105.96
27246,11243,55,2,255.29
27247,11243,94,2,245.47
27248,11244,31,2,247.7
27249,11244,5,2,195.71
27250,11245,1,1,550.94
27251,11246,34,2,750.64
27252,11246,55,2,255.29
27253,11246,5,1,195.71
27254,11246,7,2,222.71
27255,11247,75,1,517.43
27256,11248,54,1,9105.96
27257,11248,96,1,376.94
27258,11249,34,2,750.64
27259,11249,79,2,258.61
27260,11250,42,1,27108.94
27261,11250,20,1,17659.5
27262,11251,96,2,376.94
27263,11252,42,2,27108.94
27264,11252,48,1,413.77
27265,11253,79,2,249.69
27266,11253,34,2,724.75
27267,11253,20,1,16159.02
27268,11254,31,1,239.16
27269,11255,1,1,504.13
27270,11255,42,1,24805.56
27271,11255,31,1,239.16
27272,11255,75,1,473.47
27273,11256,55,1,260.57
27274,11257,96,1,363.94
27275,11257,31,2,239.16
27276,11257,54,1,8791.96
27277,11257,55,2,246.48
27278,11258,75,1,473.47
27279,11258,54,2,8791.96
27280,11259,7,2,215.03
27281,11259,42,1,24805.56
27282,11259,20,2,16159.02
27283,11259,79,1,249.69
27284,11260,1,1,504.13
27285,11260,7,1,215.03
27286,11260,48,1,378.62
27287,11261,20,1,17082.4
27288,11261,75,1,500.52
27289,11262,48,1,400.25
27290,11263,48,2,400.25
27291,11263,54,2,9294.36
27292,11264,75,1,500.52
27293,11264,5,1,199.76
27294,11264,48,2,400.25
27295,11265,54,1,8791.96
27296,11266,31,1,239.16
27297,11266,5,2,188.96
27298,11266,75,2,473.47
27299,11267,75,1,473.47
27300,11267,5,1,188.96
27301,11268,5,1,188.96
27302,11268,31,2,239.16
27303,11268,20,2,16159.02
27304,11269,31,2,239.16
27305,11270,73,1,29552.71
27306,11271,26,2,214.65
27307,11271,5,2,168.71
27308,11271,92,1,27057.02
27309,11272,33,1,439.06
27310,11272,63,2,159.59
27311,11273,53,2,848.59
27312,11273,90,1,718.0
27313,11273,14,2,384.62
27314,11273,71,2,376.55
27315,11274,90,1,718.0
27316,11274,6,2,169.03
27317,11275,92,2,28788.67
27318,11276,82,1,147.41
27319,11276,34,1,647.1
27320,11276,95,2,20929.19
27321,11276,63,2,149.99
27322,11277,6,1,179.84
27323,11277,90,2,763.95
27324,11277,33,1,439.06
27325,11277,34,2,688.51
27326,11278,63,1,149.99
27327,11278,90,1,718.0
27328,11278,82,2,147.41
27329,11278,20,1,14427.7
27330,11279,95,1,22268.66
27331,11279,33,1,488.58
27332,11280,70,1,253.63
27333,11280,82,2,156.85
27334,11280,72,2,411.85
27335,11280,73,2,31444.09
27336,11281,71,1,376.55
27337,11282,5,1,188.96
27338,11282,14,2,384.62
27339,11282,90,2,718.0
27340,11282,64,1,368.92
27341,11283,94,1,225.16
27342,11283,33,2,488.58
27343,11284,5,1,199.76
27344,11284,33,2,488.58
27345,11285,76,2,235.32
27346,11285,52,1,215.94
27347,11286,53,1,848.59
27348,11286,64,1,368.92
27349,11286,52,1,202.95
27350,11286,6,1,169.03
27351,11287,70,1,253.63
27352,11288,6,1,169.03
27353,11288,71,1,376.55
27354,11288,64,2,368.92
27355,11289,94,2,211.61
27356,11290,94,1,211.61
27357,11290,20,1,14427.7
27358,11290,92,1,27057.02
27359,11291,63,2,149.99
27360,11292,26,2,214.65
27361,11292,30,1,333.69
27362,11292,5,2,188.96
27363,11292,14,1,430.78
27364,11293,95,2,20929.19
27365,11294,26,2,228.39
27366,11294,92,1,28788.67
27367,11294,6,2,179.84
27368,11295,92,1,27057.02
27369,11295,5,2,188.96
27370,11295,20,2,14427.7
27371,11296,52,2,202.95
27372,11296,53,1,848.59
27373,11296,2,1,217.94
27374,11297,64,1,392.54
27375,11297,26,2,228.39
27376,11297,90,1,763.95
27377,11298,6,2,169.03
27378,11298,30,2,333.69
27379,11298,92,1,27057.02
27380,11299,82,1,147.41
27381,11299,72,2,387.08
27382,11300,90,2,746.72
27383,11300,70,2,247.91
27384,11301,92,2,28139.31
27385,11302,26,2,223.24
27386,11302,5,2,195.71
27387,11302,72,1,402.56
27388,11303,33,2,505.08
27389,11303,94,2,233.62
27390,11303,2,2,240.6
27391,11303,82,1,162.74
27392,11304,33,1,478.67
27393,11304,5,1,195.71
27394,11304,64,2,383.68
27395,11304,63,2,155.99
27396,11305,30,1,368.39
27397,11305,73,1,32626.19
27398,11305,5,2,206.5
27399,11305,63,1,165.59
27400,11306,30,1,368.39
27401,11306,90,1,792.67
27402,11306,2,1,240.6
27403,11306,70,1,263.17
27404,11307,52,1,235.42
27405,11307,2,1,226.66
27406,11308,26,1,223.24
27407,11308,95,1,21766.35
27408,11308,6,2,175.79
27409,11309,52,1,235.42
27410,11310,63,1,155.99
27411,11310,14,1,446.16
27412,11311,72,2,427.33
27413,11312,71,1,415.71
27414,11312,41,2,258.68
27415,11313,94,1,220.08
27416,11313,53,2,882.53
27417,11314,76,2,230.01
27418,11314,6,1,175.79
27419,11315,30,1,347.04
27420,11315,94,2,220.08
27421,11315,71,1,391.61
27422,11315,70,2,276.51
27423,11316,6,1,175.79
27424,11316,70,1,276.51
27425,11316,82,2,153.31
27426,11316,64,2,383.68
27427,11317,52,1,235.42
27428,11317,95,1,21766.35
27429,11317,20,1,15004.81
27430,11318,26,1,248.99
27431,11319,95,1,21766.35
27432,11320,34,2,672.98
27433,11321,90,2,746.72
27434,11321,95,1,21766.35
27435,11321,94,2,220.08
27436,11322,30,2,347.04
27437,11323,92,2,28139.31
27438,11323,34,2,672.98
27439,11323,73,1,30734.82
27440,11324,92,2,28139.31
27441,11324,70,2,276.51
27442,11324,30,1,347.04
27443,11324,14,1,446.16
27444,11325,70,2,276.51
27445,11325,34,2,672.98
27446,11325,76,2,230.01
27447,11326,2,2,226.66
27448,11327,71,1,415.71
27449,11327,76,1,244.16
27450,11327,2,1,240.6
27451,11328,95,2,21766.35
27452,11328,76,1,230.01
27453,11329,92,1,28139.31
27454,11330,92,2,28139.31
27455,11331,30,2,368.39
27456,11332,92,2,28139.31
27457,11332,30,2,347.04
27458,11333,52,2,235.42
27459,11333,30,2,347.04
27460,11334,30,2,347.04
27461,11334,6,2,175.79
27462,11334,82,2,153.31
27463,11335,26,1,262.73
27464,11335,30,2,368.39
27465,11336,6,1,175.79
27466,11336,53,1,882.53
27467,11336,64,2,383.68
27468,11336,14,1,446.16
27469,11337,71,2,391.61
27470,11338,33,2,478.67
27471,11338,34,1,672.98
27472,11338,92,2,28139.31
27473,11339,52,1,248.41
27474,11340,14,2,455.4
27475,11340,6,2,179.84
27476,11340,26,1,254.15
27477,11341,64,1,392.54
27478,11341,20,2,15351.07
27479,11341,70,2,282.24
27480,11341,14,2,455.4
27481,11342,26,2,254.15
27482,11343,33,1,462.17
27483,11343,26,1,240.41
27484,11343,34,2,647.1
27485,11344,6,1,179.84
27486,11344,90,1,850.11
27487,11344,94,2,225.16
27488,11345,73,2,29552.71
27489,11345,41,2,262.43
27490,11345,64,1,368.92
27491,11346,20,2,15351.07
27492,11347,30,2,333.69
27493,11348,92,1,27057.02
27494,11349,30,1,333.69
27495,11350,20,2,14427.7
27496,11350,2,2,217.94
27497,11350,6,2,169.03
27498,11351,72,1,387.08
27499,11351,53,1,848.59
27500,11351,71,2,421.74
27501,11351,92,1,27057.02
27502,11352,90,1,804.16
27503,11353,73,2,31444.09
27504,11353,95,2,22268.66
27505,11353,41,1,277.43
27506,11353,72,1,411.85
27507,11354,73,1,29552.71
27508,11354,30,2,333.69
27509,11354,2,1,217.94
27510,11355,6,2,169.03
27511,11356,63,2,149.99
27512,11357,64,2,368.92
27513,11358,63,2,159.59
27514,11359,14,1,455.4
27515,11359,76,2,235.32
27516,11360,6,1,169.03
27517,11361,2,2,231.89
27518,11361,82,2,174.54
27519,11362,73,2,31444.09
27520,11362,41,1,277.43
27521,11362,30,1,355.04
27522,11363,64,1,392.54
27523,11363,34,2,688.51
27524,11363,6,2,179.84
27525,11363,94,2,225.16
27526,11364,92,2,27057.02
27527,11364,72,2,387.08
27528,11365,70,2,266.98
27529,11366,72,1,411.85
27530,11366,76,1,235.32
27531,11366,90,2,850.11
27532,11366,73,2,31444.09
27533,11367,95,2,22268.66
27534,11367,76,1,235.32
27535,11367,14,1,455.4
27536,11367,72,2,411.85
27537,11368,92,2,27057.02
27538,11368,2,2,217.94
27539,11368,94,2,211.61
27540,11369,76,1,221.16
27541,11369,71,2,421.74
27542,11369,94,2,211.61
27543,11369,73,2,29552.71
27544,11370,73,2,29552.71
27545,11370,64,1,368.92
27546,11370,76,2,221.16
27547,11371,6,2,200.13
27548,11371,41,2,277.43
27549,11371,82,2,174.54
27550,11371,72,2,411.85
27551,11372,90,1,804.16
27552,11372,70,1,266.98
27553,11372,41,1,262.43
27554,11372,94,1,211.61
27555,11373,63,2,159.59
27556,11373,6,2,200.13
27557,11373,95,2,22268.66
27558,11373,64,1,392.54
27559,11374,94,2,211.61
27560,11374,26,1,240.41
27561,11374,53,1,848.59
27562,11374,30,1,333.69
27563,11375,6,1,189.31
27564,11375,2,2,217.94
27565,11375,73,2,29552.71
27566,11375,30,1,333.69
27567,11376,95,2,20929.19
27568,11376,30,1,333.69
27569,11377,94,1,225.16
27570,11377,26,1,254.15
27571,11377,95,1,22268.66
27572,11377,76,2,235.32
27573,11378,52,1,235.42
27574,11378,53,1,882.53
27575,11379,94,1,220.08
27576,11380,52,1,248.41
27577,11381,90,2,878.83
27578,11381,20,1,15928.18
27579,11381,41,2,286.8
27580,11382,30,2,368.39
27581,11382,72,1,427.33
27582,11382,64,2,407.29
27583,11383,52,1,235.42
27584,11384,94,2,220.08
27585,11385,53,1,882.53
27586,11385,71,1,436.8
27587,11385,72,1,402.56
27588,11385,92,1,28139.31
27589,11386,53,1,882.53
27590,11386,64,1,383.68
27591,11386,34,1,672.98
27592,11386,41,2,271.8
27593,11387,6,2,206.89
27594,11387,90,2,878.83
27595,11387,82,2,180.43
27596,11387,34,2,714.4
27597,11388,90,2,832.88
27598,11388,94,2,220.08
27599,11388,72,1,402.56
27600,11388,71,2,436.8
27601,11389,2,1,226.66
27602,11389,82,1,171.0
27603,11389,64,2,383.68
27604,11389,63,2,155.99
27605,11390,71,1,460.9
27606,11391,30,1,368.39
27607,11391,90,1,878.83
27608,11392,92,1,29870.96
27609,11393,64,1,407.29
27610,11393,53,2,936.84
27611,11394,30,1,368.39
27612,11394,94,1,259.01
27613,11395,64,1,407.29
27614,11395,34,2,714.4
27615,11395,6,2,206.89
27616,11395,76,1,244.16
27617,11396,95,1,23105.82
27618,11397,6,1,196.07
27619,11397,26,1,248.99
27620,11398,6,1,196.07
27621,11399,92,1,29870.96
27622,11399,20,1,17659.5
27623,11400,34,2,672.98
27624,11400,64,1,383.68
27625,11400,94,2,245.47
27626,11400,71,2,436.8
27627,11401,34,2,672.98
27628,11402,92,1,29870.96
27629,11402,94,1,259.01
27630,11403,95,2,23105.82
27631,11403,64,1,407.29
27632,11403,63,2,165.59
27633,11404,72,1,473.78
27634,11404,76,1,244.16
27635,11404,34,2,792.05
27636,11405,76,1,230.01
27637,11405,63,1,155.99
27638,11405,20,1,16736.13
27639,11405,95,1,21766.35
27640,11406,95,2,23105.82
27641,11407,95,1,23105.82
27642,11408,92,2,28139.31
27643,11408,20,1,16736.13
27644,11409,14,1,470.78
27645,11409,53,1,1038.67
27646,11409,72,1,473.78
27647,11409,71,1,460.9
27648,11410,53,2,1038.67
27649,11410,94,1,259.01
27650,11411,53,2,984.36
27651,11411,95,2,21766.35
27652,11412,82,1,171.0
27653,11412,63,1,155.99
27654,11412,95,1,24277.86
27655,11412,2,1,226.66
27656,11413,76,2,244.16
27657,11413,94,2,259.01
27658,11413,20,1,17659.5
27659,11413,72,2,473.78
27660,11414,64,1,451.56
27661,11414,95,2,25617.33
27662,11414,20,2,17659.5
27663,11415,63,2,155.99
27664,11415,2,2,226.66
27665,11416,30,2,387.08
27666,11416,63,2,155.99
27667,11416,73,2,34281.15
27668,11416,92,2,31386.15
27669,11417,53,2,984.36
27670,11417,76,1,230.01
27671,11417,64,1,427.95
27672,11418,76,1,221.16
27673,11418,73,2,33099.04
27674,11418,72,2,433.52
27675,11419,30,1,395.09
27676,11419,92,2,32035.52
27677,11419,76,1,235.32
27678,11420,63,2,167.99
27679,11420,53,1,950.42
27680,11420,76,2,221.16
27681,11420,92,2,30303.87
27682,11421,20,1,17082.4
27683,11421,64,2,436.81
27684,11421,95,1,24780.16
27685,11422,76,1,221.16
27686,11422,95,2,23440.69
27687,11423,20,1,17082.4
27688,11423,94,2,250.55
27689,11423,95,1,24780.16
27690,11424,76,2,221.16
27691,11425,30,1,395.09
27692,11425,20,2,17082.4
27693,11426,20,1,17082.4
27694,11427,30,1,373.73
27695,11427,92,1,30303.87
27696,11427,53,1,950.42
27697,11428,63,2,167.99
27698,11429,53,2,950.42
27699,11429,92,2,30303.87
27700,11429,95,2,23440.69
27701,11429,73,2,33099.04
27702,11430,34,1,724.75
27703,11430,76,1,221.16
27704,11430,2,1,217.94
27705,11430,53,1,950.42
27706,11431,73,1,33099.04
27707,11432,30,2,373.73
27708,11432,53,1,950.42
27709,11432,95,2,23440.69
27710,11433,2,1,231.89
27711,11433,64,2,436.81
27712,11433,73,1,34990.41
27713,11434,76,1,247.7
27714,11434,92,2,30303.87
27715,11435,34,2,724.75
27716,11435,2,1,217.94
27717,11436,76,2,261.86
27718,11436,63,2,177.59
27719,11436,72,2,458.3
27720,11437,72,1,433.52
27721,11437,64,2,413.2
27722,11437,34,2,724.75
27723,11437,95,1,23440.69
27724,11438,72,1,433.52
27725,11439,2,1,217.94
27726,11439,34,1,724.75
27727,11439,63,1,167.99
27728,11439,64,1,413.2
27729,11440,76,2,261.86
27730,11441,76,2,261.86
27731,11441,2,1,231.89
27732,11441,63,1,177.59
27733,11441,34,1,766.17
27734,11442,37,1,1025.36
27735,11442,21,1,1094.56
27736,11442,45,1,66.75
27737,11442,3,2,226.17
27738,11443,37,2,963.69
27739,11444,99,1,1171.26
27740,11445,89,1,236.38
27741,11445,82,1,156.85
27742,11445,59,1,411.41
27743,11445,99,2,1246.22
27744,11446,2,1,217.94
27745,11446,8,2,255.54
27746,11446,47,1,554.39
27747,11446,3,1,212.56
27748,11447,48,2,338.05
27749,11448,13,1,244.64
27750,11448,82,2,147.41
27751,11448,8,2,255.54
27752,11448,99,1,1171.26
27753,11449,2,1,217.94
27754,11449,13,2,244.64
27755,11449,88,2,32925.28
27756,11449,78,2,12302.77
27757,11450,95,2,22268.66
27758,11451,86,1,35123.61
27759,11451,94,2,220.08
27760,11451,58,2,18340.69
27761,11452,91,2,296.53
27762,11452,89,2,231.05
27763,11452,86,1,35123.61
27764,11453,3,2,234.67
27765,11453,76,2,270.7
27766,11453,64,1,407.29
27767,11453,45,1,69.26
27768,11454,64,2,407.29
27769,11454,88,2,36349.5
27770,11454,13,1,270.08
27771,11455,45,2,69.26
27772,11456,29,2,1135.67
27773,11456,58,2,21585.58
27774,11456,54,1,8666.36
27775,11456,47,2,612.04
27776,11457,91,2,314.78
27777,11458,86,2,35123.61
27778,11459,97,2,305.32
27779,11460,99,1,1218.11
27780,11460,47,1,576.56
27781,11460,48,1,351.57
27782,11460,82,2,153.31
27783,11461,37,1,1002.24
27784,11461,95,1,21766.35
27785,11461,91,1,296.53
27786,11461,99,1,1218.11
27787,11462,78,1,13582.26
27788,11462,94,1,233.62
27789,11462,82,2,162.74
27790,11463,86,2,37285.06
27791,11464,97,1,287.62
27792,11464,89,2,231.05
27793,11464,91,2,296.53
27794,11464,99,1,1218.11
27795,11465,47,2,612.04
27796,11465,45,2,69.26
27797,11465,86,2,37285.06
27798,11466,2,2,226.66
27799,11466,58,2,20456.92
27800,11466,88,2,34242.29
27801,11466,59,2,402.13
27802,11467,29,2,1069.84
27803,11467,64,2,383.68
27804,11467,86,1,35123.61
27805,11468,64,2,407.29
27806,11468,97,1,305.32
27807,11468,82,2,162.74
27808,11468,13,1,270.08
27809,11469,45,2,65.25
27810,11469,13,1,254.42
27811,11469,29,1,1069.84
27812,11470,78,2,13582.26
27813,11470,3,1,234.67
27814,11471,58,2,20456.92
27815,11472,45,2,65.25
27816,11472,86,1,35123.61
27817,11472,2,2,252.81
27818,11473,8,1,265.76
27819,11473,94,1,220.08
27820,11473,89,2,231.05
27821,11473,21,1,1069.87
27822,11474,37,2,1063.91
27823,11475,72,1,427.33
27824,11475,78,2,13582.26
27825,11476,45,1,65.25
27826,11476,86,2,35123.61
27827,11476,95,1,21766.35
27828,11476,54,1,8163.96
27829,11477,37,1,1002.24
27830,11477,64,2,383.68
27831,11477,89,1,257.71
27832,11478,99,2,1433.63
27833,11478,94,2,233.62
27834,11478,98,1,423.6
27835,11479,3,1,221.07
27836,11479,47,1,576.56
27837,11479,64,1,427.95
27838,11480,82,2,153.31
27839,11480,89,1,257.71
27840,11481,78,2,12794.89
27841,11481,59,1,402.13
27842,11482,2,1,252.81
27843,11482,45,2,65.25
27844,11482,88,2,34242.29
27845,11483,98,1,423.6
27846,11483,97,1,305.32
27847,11484,21,2,1135.71
27848,11484,2,1,266.76
27849,11484,99,2,1433.63
27850,11484,94,1,233.62
27851,11485,45,2,69.26
27852,11486,82,2,171.0
27853,11486,86,1,35123.61
27854,11487,48,2,351.57
27855,11488,95,1,20929.19
27856,11488,72,1,433.52
27857,11488,99,1,1311.81
27858,11488,45,1,62.74
27859,11489,29,2,1028.69
27860,11489,95,2,20929.19
27861,11490,3,2,212.56
27862,11490,58,2,19751.51
27863,11490,72,2,433.52
27864,11491,91,1,285.12
27865,11491,72,2,433.52
27866,11491,37,2,963.69
27867,11492,89,1,248.82
27868,11492,48,2,338.05
27869,11492,58,1,19751.51
27870,11492,94,2,211.61
27871,11493,89,1,263.04
27872,11493,99,1,1386.77
27873,11493,13,2,260.29
27874,11494,89,2,263.04
27875,11494,29,2,1094.52
27876,11494,54,2,8352.36
27877,11495,86,1,33772.7
27878,11495,64,2,413.2
27879,11496,8,2,255.54
27880,11496,97,2,276.56
27881,11497,91,1,285.12
27882,11498,3,1,212.56
27883,11498,95,2,20929.19
27884,11499,64,2,436.81
27885,11499,8,2,271.89
27886,11499,89,2,263.04
27887,11500,13,1,244.64
27888,11501,59,2,386.66
27889,11501,88,2,32925.28
27890,11502,99,1,1311.81
27891,11502,72,2,433.52
27892,11502,21,1,1152.17
27893,11502,82,2,165.1
27894,11503,99,2,1311.81
27895,11504,97,2,276.56
27896,11504,59,2,386.66
27897,11504,2,1,244.09
27898,11505,82,2,165.1
27899,11505,91,1,285.12
27900,11505,37,2,963.69
27901,11505,2,1,244.09
27902,11506,95,1,22268.66
27903,11506,37,2,1141.01
27904,11506,78,1,14566.49
27905,11507,99,2,1311.81
27906,11507,86,1,33772.7
27907,11507,97,1,276.56
27908,11507,37,1,1079.33
27909,11508,88,2,38983.53
27910,11508,86,2,35934.15
27911,11508,59,1,411.41
27912,11509,78,2,14566.49
27913,11509,99,2,1386.77
27914,11509,94,2,225.16
27915,11510,82,1,174.54
27916,11510,91,2,303.37
27917,11510,54,2,8352.36
27918,11511,45,1,62.74
27919,11512,64,1,413.2
27920,11512,2,2,244.09
27921,11512,88,2,36876.31
27922,11513,8,1,255.54
27923,11514,78,1,14566.49
27924,11514,29,2,1094.52
27925,11514,88,1,38983.53
27926,11515,98,2,383.7
27927,11515,47,2,554.39
27928,11516,59,2,386.66
27929,11516,8,1,255.54
27930,11516,86,2,33772.7
27931,11517,29,1,1135.67
27932,11517,8,1,282.11
27933,11518,82,1,180.43
27934,11518,29,2,1135.67
27935,11518,89,2,271.93
27936,11519,95,2,23105.82
27937,11519,97,1,305.32
27938,11519,3,2,234.67
27939,11520,54,1,8163.96
27940,11520,95,2,21766.35
27941,11520,82,1,171.0
27942,11521,82,1,171.0
27943,11521,47,1,576.56
27944,11522,95,2,21766.35
27945,11522,98,2,399.05
27946,11522,3,2,221.07
27947,11522,48,1,351.57
27948,11523,64,2,451.56
27949,11523,48,1,373.21
27950,11523,94,1,233.62
27951,11523,97,1,305.32
27952,11524,13,1,254.42
27953,11524,91,2,296.53
27954,11524,95,1,21766.35
27955,11524,47,2,576.56
27956,11525,78,1,15058.6
27957,11525,59,1,426.88
27958,11525,91,1,314.78
27959,11526,47,1,612.04
27960,11526,82,1,180.43
27961,11527,72,1,473.78
27962,11527,21,1,1259.16
27963,11527,86,1,37285.06
27964,11528,72,1,449.01
27965,11528,59,1,448.53
27966,11529,37,2,1117.88
27967,11530,13,1,270.08
27968,11530,29,1,1259.11
27969,11531,48,2,413.77
27970,11531,91,1,348.99
27971,11531,37,1,1179.55
27972,11532,48,1,413.77
27973,11532,95,2,25617.33
27974,11532,78,2,15058.6
27975,11532,91,2,348.99
27976,11533,89,1,271.93
27977,11533,91,1,348.99
27978,11533,37,2,1179.55
27979,11534,45,2,65.25
27980,11534,88,1,38193.32
27981,11534,95,1,24277.86
27982,11535,59,1,448.53
27983,11536,95,1,24277.86
27984,11537,98,2,445.09
27985,11537,37,2,1117.88
27986,11537,94,1,220.08
27987,11537,91,1,330.75
27988,11538,8,2,282.11
27989,11538,29,2,1259.11
27990,11539,72,1,449.01
27991,11539,97,1,287.62
27992,11539,45,1,72.78
27993,11539,48,2,392.14
27994,11540,54,1,8666.36
27995,11540,45,1,76.79
27996,11540,13,1,270.08
27997,11541,98,2,469.65
27998,11542,94,2,233.62
27999,11542,59,2,473.27
28000,11542,45,2,76.79
28001,11543,86,2,37285.06
28002,11543,47,2,612.04
28003,11543,78,2,15058.6
28004,11544,29,2,1193.28
28005,11544,21,1,1193.32
28006,11545,78,2,15058.6
28007,11545,91,1,348.99
28008,11545,97,1,338.51
28009,11546,72,1,449.01
28010,11546,37,2,1117.88
28011,11547,78,2,15058.6
28012,11547,95,1,25617.33
28013,11547,98,1,469.65
28014,11548,47,2,576.56
28015,11548,45,1,72.78
28016,11549,13,1,254.42
28017,11549,8,2,265.76
28018,11549,64,1,427.95
28019,11550,91,2,330.75
28020,11550,97,2,320.81
28021,11551,21,1,1259.16
28022,11551,97,2,338.51
28023,11552,54,1,8163.96
28024,11553,98,1,469.65
28025,11554,8,2,312.78
28026,11555,95,2,24277.86
28027,11555,88,1,38193.32
28028,11555,54,2,8163.96
28029,11556,94,2,220.08
28030,11556,97,1,320.81
28031,11556,98,1,445.09
28032,11556,59,1,448.53
28033,11557,59,1,448.53
28034,11557,21,1,1193.32
28035,11558,97,2,338.51
28036,11558,95,1,25617.33
28037,11559,13,1,260.29
28038,11559,54,2,8352.36
28039,11560,59,2,433.06
28040,11560,98,2,429.74
28041,11561,45,2,70.27
28042,11561,91,1,319.34
28043,11562,91,1,319.34
28044,11562,86,1,33772.7
28045,11562,21,1,1152.17
28046,11562,95,2,23440.69
28047,11563,8,2,302.56
28048,11564,48,1,378.62
28049,11565,54,2,8352.36
28050,11566,88,2,36876.31
28051,11566,29,1,1152.13
28052,11566,59,2,433.06
28053,11566,8,2,286.2
28054,11567,13,2,260.29
28055,11567,98,1,454.3
28056,11567,48,2,400.25
28057,11567,8,1,302.56
28058,11568,98,2,429.74
28059,11569,91,1,319.34
28060,11570,94,2,211.61
28061,11570,47,2,554.39
28062,11571,13,2,260.29
28063,11572,8,1,286.2
28064,11573,29,2,1152.13
28065,11574,86,1,33772.7
28066,11575,59,1,433.06
28067,11575,13,1,244.64
28068,11576,29,2,1152.13
28069,11576,94,1,211.61
28070,11576,86,2,33772.7
28071,11576,95,2,23440.69
28072,11577,29,1,1152.13
28073,11577,47,1,554.39
28074,11578,59,2,433.06
28075,11578,3,1,212.56
28076,11578,48,2,378.62
28077,11579,86,2,37825.42
28078,11579,45,1,70.27
28079,11579,13,2,244.64
28080,11580,13,1,244.64
28081,11580,47,1,554.39
28082,11581,8,2,286.2
28083,11581,48,2,378.62
28084,11582,47,1,554.39
28085,11582,8,2,286.2
28086,11582,97,1,309.75
28087,11583,86,1,37825.42
28088,11584,97,1,309.75
28089,11584,94,2,211.61
28090,11584,3,1,212.56
28091,11584,54,2,7849.96
28092,11585,29,1,1152.13
28093,11586,13,2,260.29
28094,11586,86,2,39986.88
28095,11587,13,1,244.64
28096,11587,54,2,7849.96
28097,11587,3,1,212.56
28098,11588,54,1,7849.96
28099,11588,47,1,554.39
28100,11588,13,1,244.64
28101,11588,97,2,309.75
28102,11589,13,1,244.64
28103,11589,94,2,211.61
28104,11589,45,2,70.27
28105,11590,54,1,7849.96
28106,11591,13,1,273.99
28107,11591,86,1,37825.42
28108,11592,94,2,211.61
28109,11593,47,2,656.39
28110,11593,3,1,226.17
28111,11594,3,1,226.17
28112,11594,54,2,8352.36
28113,11594,13,1,289.65
28114,11594,21,1,1218.01
28115,11595,3,1,212.56
28116,11595,21,1,1152.17
28117,11595,54,1,8791.96
28118,11596,3,1,212.56
28119,11596,47,1,620.91
28120,11597,54,1,8791.96
28121,11597,94,2,237.01
28122,11597,13,2,273.99
28123,11597,3,2,212.56
28124,11598,94,1,250.55
28125,11598,54,1,9294.36
28126,11599,3,1,212.56
28127,11600,3,1,238.07
28128,11601,86,2,37825.42
28129,11601,3,1,238.07
28130,11602,21,1,1152.17
28131,11602,13,2,273.99
28132,11602,94,1,237.01
28133,11602,47,1,620.91
28134,11603,3,2,238.07
28135,11603,13,2,273.99
28136,11603,94,2,237.01
28137,11603,54,1,8791.96
28138,11604,14,1,400.01
28139,11605,86,1,39176.33
28140,11605,13,2,283.78
28141,11605,63,1,155.99
28142,11606,89,2,245.27
28143,11606,8,2,282.11
28144,11606,75,1,466.7
28145,11607,99,2,1293.07
28146,11607,67,1,322.34
28147,11607,13,1,299.44
28148,11608,3,1,260.18
28149,11609,64,2,407.29
28150,11609,93,2,367.89
28151,11609,89,2,245.27
28152,11609,94,2,259.01
28153,11610,80,1,1636.88
28154,11610,47,2,643.09
28155,11611,3,2,246.57
28156,11611,93,1,346.57
28157,11612,85,1,385.5
28158,11613,47,1,678.57
28159,11614,89,2,231.05
28160,11614,63,1,155.99
28161,11614,76,1,230.01
28162,11615,53,2,882.53
28163,11615,20,1,15004.81
28164,11615,28,1,330.85
28165,11616,99,1,1293.07
28166,11616,14,2,424.63
28167,11616,54,2,9608.35
28168,11616,80,1,1737.61
28169,11617,85,1,363.16
28170,11617,32,1,211.5
28171,11618,86,1,39176.33
28172,11619,13,1,283.78
28173,11620,54,2,9608.35
28174,11620,75,1,466.7
28175,11621,86,1,41337.78
28176,11621,14,1,424.63
28177,11621,76,1,244.16
28178,11621,89,2,271.93
28179,11622,76,1,230.01
28180,11623,30,1,368.39
28181,11623,28,2,351.21
28182,11624,47,1,643.09
28183,11624,3,2,246.57
28184,11625,76,2,230.01
28185,11626,85,2,363.16
28186,11626,8,1,265.76
28187,11627,77,2,211.77
28188,11628,30,2,368.39
28189,11628,54,1,9608.35
28190,11628,51,1,1433.16
28191,11628,77,2,211.77
28192,11629,47,2,678.57
28193,11630,38,2,232.91
28194,11630,54,2,9105.96
28195,11630,30,1,347.04
28196,11631,32,1,224.51
28197,11631,85,1,385.5
28198,11632,28,2,330.85
28199,11632,80,1,1636.88
28200,11632,47,1,643.09
28201,11633,14,1,400.01
28202,11634,93,2,346.57
28203,11634,63,1,155.99
28204,11635,30,2,347.04
28205,11635,99,2,1218.11
28206,11635,76,2,256.55
28207,11635,67,1,303.65
28208,11636,80,1,1737.61
28209,11636,85,1,385.5
28210,11636,8,1,282.11
28211,11636,32,2,224.51
28212,11637,76,2,270.7
28213,11637,10,2,247.17
28214,11638,10,1,247.17
28215,11639,28,1,351.21
28216,11639,89,2,271.93
28217,11640,3,1,246.57
28218,11640,28,1,330.85
28219,11640,63,1,155.99
28220,11640,99,1,1218.11
28221,11641,63,1,155.99
28222,11641,67,2,303.65
28223,11641,38,2,232.91
28224,11642,89,2,263.04
28225,11643,99,1,1171.26
28226,11643,64,1,368.92
28227,11643,20,1,14427.7
28228,11643,67,1,291.98
28229,11644,77,1,204.1
28230,11644,63,2,159.59
28231,11644,76,2,261.86
28232,11645,20,2,15351.07
28233,11645,8,2,271.89
28234,11645,75,2,449.79
28235,11645,3,1,251.67
28236,11646,30,2,355.04
28237,11646,53,1,902.9
28238,11646,14,2,409.24
28239,11647,80,2,1573.93
28240,11647,51,1,1298.15
28241,11647,10,1,223.89
28242,11647,76,2,247.7
28243,11648,76,2,261.86
28244,11649,99,2,1171.26
28245,11649,85,1,349.19
28246,11650,63,2,149.99
28247,11650,85,2,349.19
28248,11650,75,2,473.47
28249,11650,77,2,191.83
28250,11651,80,2,1573.93
28251,11652,28,1,338.49
28252,11652,32,1,216.38
28253,11652,8,1,271.89
28254,11652,64,1,392.54
28255,11653,75,2,500.52
28256,11653,10,1,238.22
28257,11653,8,2,271.89
28258,11654,76,2,247.7
28259,11654,77,1,191.83
28260,11654,93,1,333.24
28261,11655,10,1,223.89
28262,11656,67,1,310.66
28263,11656,14,2,409.24
28264,11656,89,1,263.04
28265,11656,53,2,902.9
28266,11657,3,2,251.67
28267,11657,14,1,409.24
28268,11657,20,2,15351.07
28269,11657,89,2,263.04
28270,11658,10,1,223.89
28271,11659,38,2,223.95
28272,11660,85,2,349.19
28273,11660,93,1,333.24
28274,11660,80,2,1573.93
28275,11660,38,1,223.95
28276,11661,76,1,247.7
28277,11661,89,1,248.82
28278,11662,63,2,149.99
28279,11662,20,2,14427.7
28280,11662,80,1,1573.93
28281,11663,38,1,223.95
28282,11663,8,1,255.54
28283,11664,93,1,333.24
28284,11664,20,1,14427.7
28285,11664,89,1,248.82
28286,11664,28,2,356.3
28287,11665,77,1,191.83
28288,11666,93,1,354.56
28289,11667,28,2,376.66
28290,11667,99,1,1246.22
28291,11667,75,1,500.52
28292,11667,64,1,392.54
28293,11668,64,2,368.92
28294,11668,51,2,1298.15
28295,11669,76,1,247.7
28296,11669,64,1,368.92
28297,11669,99,1,1171.26
28298,11669,20,1,14427.7
28299,11670,63,1,149.99
28300,11670,75,2,473.47
28301,11670,14,1,384.62
28302,11671,32,1,227.77
28303,11672,10,2,223.89
28304,11672,8,1,255.54
28305,11673,14,1,384.62
28306,11673,53,1,848.59
28307,11674,32,1,227.77
28308,11674,14,2,384.62
28309,11674,53,1,848.59
28310,11675,32,1,240.78
28311,11676,32,2,227.77
28312,11676,38,2,223.95
28313,11676,51,1,1298.15
28314,11676,10,2,223.89
28315,11677,14,2,409.24
28316,11677,51,1,1381.23
28317,11678,14,1,409.24
28318,11678,67,1,310.66
28319,11679,53,1,848.59
28320,11679,10,1,223.89
28321,11679,75,1,473.47
28322,11680,64,1,368.92
28323,11680,20,1,14427.7
28324,11680,75,2,473.47
28325,11681,30,2,347.04
28326,11682,38,1,247.24
28327,11682,53,2,936.84
28328,11683,93,2,367.89
28329,11684,38,1,232.91
28330,11685,51,2,1433.16
28331,11685,77,2,211.77
28332,11685,8,2,282.11
28333,11685,64,2,407.29
28334,11686,63,1,155.99
28335,11687,8,2,265.76
28336,11688,53,2,984.36
28337,11688,14,2,400.01
28338,11688,32,2,235.9
28339,11688,51,1,1350.08
28340,11689,77,2,199.5
28341,11689,75,1,490.38
28342,11690,64,1,407.29
28343,11691,77,2,211.77
28344,11691,64,2,407.29
28345,11691,14,1,424.63
28346,11692,93,2,367.89
28347,11692,77,2,211.77
28348,11693,38,2,232.91
28349,11693,75,1,490.38
28350,11694,14,2,424.63
28351,11694,99,1,1293.07
28352,11695,64,2,407.29
28353,11695,53,1,1038.67
28354,11695,32,1,248.92
28355,11696,85,2,363.16
28356,11696,51,2,1350.08
28357,11697,64,1,383.68
28358,11697,10,2,232.84
28359,11698,32,1,235.9
28360,11698,53,2,984.36
28361,11698,30,1,347.04
28362,11698,85,2,363.16
28363,11699,20,2,15004.81
28364,11699,10,2,232.84
28365,11700,14,2,400.01
28366,11701,30,2,347.04
28367,11701,51,1,1350.08
28368,11702,32,2,248.92
28369,11702,85,1,385.5
28370,11702,80,1,1926.48
28371,11702,77,2,211.77
28372,11703,80,2,1926.48
28373,11703,51,2,1433.16
28374,11703,20,2,15928.18
28375,11703,14,1,424.63
28376,11704,93,1,367.89
28377,11704,8,2,282.11
28378,11704,28,1,389.38
28379,11704,80,1,1926.48
28380,11705,63,1,155.99
28381,11706,10,2,247.17
28382,11707,53,1,984.36
28383,11707,93,2,346.57
28384,11707,32,2,235.9
28385,11707,85,1,363.16
28386,11708,51,2,1433.16
28387,11708,80,2,1926.48
28388,11708,64,2,451.56
28389,11709,77,2,199.5
28390,11709,20,1,15004.81
28391,11710,14,2,400.01
28392,11710,64,2,427.95
28393,11711,53,2,984.36
28394,11711,38,2,232.91
28395,11711,51,2,1350.08
28396,11712,64,1,427.95
28397,11712,10,1,232.84
28398,11713,51,1,1433.16
28399,11713,53,1,1038.67
28400,11714,8,2,265.76
28401,11714,99,1,1218.11
28402,11714,80,1,1825.75
28403,11715,20,2,15004.81
28404,11715,99,1,1218.11
28405,11715,10,1,232.84
28406,11715,63,2,155.99
28407,11716,64,2,427.95
28408,11716,8,2,265.76
28409,11716,10,2,232.84
28410,11717,20,2,15928.18
28411,11718,99,2,1218.11
28412,11719,85,2,363.16
28413,11719,99,2,1218.11
28414,11719,30,1,387.08
28415,11720,85,1,349.19
28416,11720,38,1,223.95
28417,11721,10,1,223.89
28418,11721,38,1,223.95
28419,11722,99,2,1246.22
28420,11722,38,1,238.28
28421,11722,53,2,1004.73
28422,11723,99,1,1246.22
28423,11724,67,1,310.66
28424,11724,8,2,302.56
28425,11725,93,2,333.24
28426,11726,63,2,159.59
28427,11726,85,1,371.54
28428,11727,28,2,356.3
28429,11728,10,2,223.89
28430,11728,20,1,14427.7
28431,11728,67,1,291.98
28432,11729,64,2,413.2
28433,11730,38,1,223.95
28434,11730,30,2,373.73
28435,11730,77,1,214.84
28436,11730,51,1,1298.15
28437,11731,63,2,159.59
28438,11731,85,2,371.54
28439,11732,20,1,14427.7
28440,11732,85,2,349.19
28441,11733,28,1,356.3
28442,11734,85,2,349.19
28443,11734,14,2,430.78
28444,11734,64,1,413.2
28445,11734,30,1,373.73
28446,11735,10,1,223.89
28447,11735,8,1,286.2
28448,11736,93,1,333.24
28449,11736,38,2,223.95
28450,11736,77,1,214.84
28451,11737,63,2,149.99
28452,11737,67,1,291.98
28453,11738,85,2,391.09
28454,11738,77,2,214.84
28455,11738,8,1,286.2
28456,11738,38,1,223.95
28457,11739,99,1,1171.26
28458,11740,20,1,17082.4
28459,11740,93,2,354.56
28460,11741,10,2,250.75
28461,11741,85,2,391.09
28462,11741,14,2,430.78
28463,11742,8,1,286.2
28464,11743,99,1,1171.26
28465,11744,51,1,1298.15
28466,11744,77,2,214.84
28467,11745,8,2,302.56
28468,11745,10,1,265.08
28469,11746,93,1,373.23
28470,11746,63,1,149.99
28471,11746,14,2,430.78
28472,11746,51,2,1298.15
28473,11747,51,2,1381.23
28474,11747,14,1,455.4
28475,11747,20,1,17082.4
28476,11747,8,1,302.56
28477,11748,38,2,223.95
28478,11749,38,2,223.95
28479,11749,99,2,1171.26
28480,11749,85,1,391.09
28481,11750,77,1,227.12
28482,11750,10,2,265.08
28483,11750,38,2,238.28
28484,11751,85,2,413.44
28485,11752,10,1,265.08
28486,11752,77,1,227.12
28487,11752,51,1,1381.23
28488,11753,14,2,430.78
28489,11753,10,1,250.75
28490,11753,63,1,149.99
28491,11754,14,1,430.78
28492,11754,99,1,1311.81
28493,11755,20,2,16159.02
28494,11756,30,1,395.09
28495,11757,38,1,265.16
28496,11757,77,2,227.12
28497,11757,85,2,413.44
28498,11757,93,2,394.55
28499,11758,74,1,136.25
28500,11758,38,2,265.16
28501,11758,85,1,413.44
28502,11759,19,1,213.21
28503,11759,74,1,128.05
28504,11760,93,1,394.55
28505,11761,98,1,408.26
28506,11761,50,1,228.69
28507,11762,51,2,1381.23
28508,11762,10,2,265.08
28509,11763,77,2,227.12
28510,11763,8,2,302.56
28511,11763,85,2,413.44
28512,11763,30,1,395.09
28513,11764,67,2,291.98
28514,11764,23,1,14618.6
28515,11764,63,1,149.99
28516,11765,40,2,1119.47
28517,11765,13,2,260.29
28518,11765,56,2,272.01
28519,11766,22,1,311.83
28520,11766,40,2,1094.22
28521,11766,30,1,387.08
28522,11766,56,2,265.88
28523,11767,22,1,311.83
28524,11767,50,2,223.53
28525,11768,8,2,296.42
28526,11768,77,1,222.52
28527,11768,19,2,221.74
28528,11768,74,1,133.17
28529,11769,63,1,155.99
28530,11769,67,1,303.65
28531,11770,30,1,387.08
28532,11771,50,2,237.29
28533,11772,50,1,223.53
28534,11772,8,2,296.42
28535,11772,19,2,221.74
28536,11773,40,1,1161.56
28537,11774,56,2,282.24
28538,11774,50,1,237.29
28539,11774,51,2,1588.94
28540,11774,10,2,274.04
28541,11775,67,1,303.65
28542,11775,23,1,15203.34
28543,11776,23,1,15203.34
28544,11776,13,2,254.42
28545,11776,64,2,427.95
28546,11777,89,2,245.27
28547,11777,34,2,714.4
28548,11778,5,1,175.46
28549,11778,22,1,311.83
28550,11779,50,1,237.29
28551,11779,35,1,245.92
28552,11779,10,1,274.04
28553,11780,64,2,451.56
28554,11780,34,1,714.4
28555,11781,50,1,237.29
28556,11781,38,2,274.11
28557,11782,98,1,399.05
28558,11783,74,2,141.37
28559,11784,40,2,1094.22
28560,11784,56,1,265.88
28561,11784,35,1,258.39
28562,11785,14,2,400.01
28563,11785,19,1,221.74
28564,11785,63,2,155.99
28565,11786,13,1,254.42
28566,11786,64,1,427.95
28567,11787,93,1,386.56
28568,11787,89,2,257.71
28569,11788,22,2,331.02
28570,11788,99,1,1293.07
28571,11789,23,2,16138.93
28572,11789,13,1,270.08
28573,11789,98,2,423.6
28574,11789,22,2,331.02
28575,11790,14,2,424.63
28576,11791,63,2,155.99
28577,11791,13,1,254.42
28578,11791,56,2,265.88
28579,11792,63,1,165.59
28580,11793,64,1,427.95
28581,11793,56,2,265.88
28582,11794,14,2,446.16
28583,11794,35,2,258.39
28584,11795,99,2,1293.07
28585,11795,40,2,1161.56
28586,11796,93,2,407.88
28587,11796,50,1,237.29
28588,11796,63,1,165.59
28589,11796,38,2,274.11
28590,11797,67,2,303.65
28591,11798,63,1,155.99
28592,11798,56,2,265.88
28593,11798,89,2,257.71
28594,11799,64,2,451.56
28595,11799,13,2,270.08
28596,11800,74,1,156.73
28597,11800,14,1,470.78
28598,11801,34,2,714.4
28599,11802,64,2,436.81
28600,11802,13,2,260.29
28601,11803,99,2,1171.26
28602,11804,5,1,199.76
28603,11804,23,2,15554.19
28604,11804,14,1,455.4
28605,11804,50,1,228.69
28606,11805,20,1,17082.4
28607,11806,23,2,14618.6
28608,11807,56,2,272.01
28609,11807,50,2,254.49
28610,11807,67,2,310.66
28611,11808,51,1,1453.93
28612,11809,38,1,250.82
28613,11809,63,2,149.99
28614,11809,34,2,647.1
28615,11810,63,2,149.99
28616,11811,99,1,1171.26
28617,11812,63,1,159.59
28618,11812,14,1,455.4
28619,11812,50,2,254.49
28620,11813,20,1,16159.02
28621,11813,74,2,143.42
28622,11813,35,1,249.48
28623,11813,22,2,299.84
28624,11814,56,1,255.65
28625,11814,34,2,647.1
28626,11814,20,2,16159.02
28627,11814,93,2,373.23
28628,11815,74,1,151.61
28629,11815,51,2,1537.01
28630,11815,40,1,1119.47
28631,11816,14,1,430.78
28632,11816,5,1,188.96
28633,11816,93,2,373.23
28634,11817,51,2,1453.93
28635,11817,63,1,149.99
28636,11817,5,1,188.96
28637,11817,98,2,383.7
28638,11818,34,2,688.51
28639,11818,51,2,1537.01
28640,11818,89,1,263.04
28641,11818,22,1,319.03
28642,11819,89,1,248.82
28643,11819,34,2,647.1
28644,11819,5,2,188.96
28645,11820,38,1,250.82
28646,11820,67,1,291.98
28647,11820,22,1,335.82
28648,11821,19,2,213.21
28649,11821,99,2,1171.26
28650,11821,93,1,373.23
28651,11821,35,1,249.48
28652,11822,74,1,143.42
28653,11823,20,2,17082.4
28654,11823,50,2,254.49
28655,11823,51,2,1537.01
28656,11823,74,1,151.61
28657,11824,5,1,188.96
28658,11824,13,1,244.64
28659,11825,13,2,244.64
28660,11825,23,2,14618.6
28661,11825,34,1,647.1
28662,11826,56,2,255.65
28663,11826,35,2,249.48
28664,11827,14,2,430.78
28665,11828,74,1,143.42
28666,11828,50,1,240.73
28667,11828,22,2,335.82
28668,11829,64,1,413.2
28669,11829,98,2,383.7
28670,11829,56,2,255.65
28671,11830,34,2,714.4
28672,11830,35,2,272.65
28673,11831,34,2,672.98
28674,11831,40,1,1094.22
28675,11831,23,2,15203.34
28676,11832,56,2,282.24
28677,11832,50,1,263.08
28678,11833,63,1,155.99
28679,11834,74,1,148.54
28680,11834,98,2,399.05
28681,11835,89,1,271.93
28682,11836,13,1,299.44
28683,11837,5,2,206.5
28684,11838,19,2,221.74
28685,11839,89,1,257.71
28686,11839,22,1,347.81
28687,11839,74,1,148.54
28688,11839,23,2,15203.34
28689,11840,34,1,672.98
28690,11840,23,2,15203.34
28691,11840,22,1,347.81
28692,11841,14,1,446.16
28693,11841,19,1,221.74
28694,11841,35,1,258.39
28695,11842,19,1,235.39
28696,11843,19,1,235.39
28697,11843,22,1,367.0
28698,11843,63,2,165.59
28699,11844,74,2,148.54
28700,11844,63,1,155.99
28701,11844,34,1,672.98
28702,11844,35,1,258.39
28703,11845,19,2,221.74
28704,11845,14,2,446.16
28705,11846,99,2,1293.07
28706,11847,34,1,714.4
28707,11847,56,1,312.92
28708,11847,40,2,1161.56
28709,11847,5,1,206.5
28710,11848,56,1,296.55
28711,11848,22,2,347.81
28712,11848,34,1,672.98
28713,11849,13,2,283.78
28714,11849,63,1,155.99
28715,11849,98,1,399.05
28716,11850,56,1,296.55
28717,11850,40,1,1094.22
28718,11850,13,2,283.78
28719,11850,74,1,148.54
28720,11851,99,1,1293.07
28721,11851,67,2,322.34
28722,11852,56,1,312.92
28723,11852,34,2,792.05
28724,11853,89,2,257.71
28725,11853,56,1,296.55
28726,11853,23,1,15203.34
28727,11854,50,1,263.08
28728,11855,23,2,15203.34
28729,11855,56,2,296.55
28730,11856,13,1,283.78
28731,11857,22,1,367.0
28732,11858,99,1,1218.11
28733,11858,67,2,303.65
28734,11858,35,2,258.39
28735,11858,13,1,283.78
28736,11859,89,1,257.71
28737,11859,98,1,399.05
28738,11859,23,1,15203.34
28739,11860,98,2,399.05
28740,11860,50,1,249.33
28741,11860,34,2,750.64
28742,11860,56,1,296.55
28743,11861,13,2,299.44
28744,11861,56,2,312.92
28745,11861,98,2,423.6
28746,11862,22,2,347.81
28747,11863,23,2,16138.93
28748,11864,40,1,1161.56
28749,11864,63,2,165.59
28750,11864,23,1,17893.17
28751,11864,67,2,322.34
28752,11865,23,2,16957.58
28753,11865,67,1,338.69
28754,11865,98,2,399.05
28755,11866,98,1,423.6
28756,11866,99,2,1293.07
28757,11867,98,1,408.26
28758,11867,22,1,355.01
28759,11867,19,2,252.44
28760,11867,34,1,766.17
28761,11868,40,2,1052.14
28762,11868,63,1,149.99
28763,11868,99,2,1171.26
28764,11868,98,1,383.7
28765,11869,63,1,149.99
28766,11869,34,2,724.75
28767,11870,34,1,766.17
28768,11870,99,2,1246.22
28769,11870,67,2,345.7
28770,11870,98,2,408.26
28771,11871,99,2,1171.26
28772,11871,56,2,286.33
28773,11871,34,2,724.75
28774,11872,23,1,16372.83
28775,11872,98,2,383.7
28776,11872,40,2,1052.14
28777,11872,19,1,238.8
28778,11873,34,1,766.17
28779,11873,67,1,345.7
28780,11874,67,2,327.01
28781,11875,67,2,345.7
28782,11875,99,2,1246.22
28783,11876,34,2,766.17
28784,11876,40,2,1119.47
28785,11877,98,2,429.74
28786,11878,40,1,1052.14
28787,11878,23,2,16372.83
28788,11879,98,2,429.74
28789,11879,63,1,149.99
28790,11879,99,2,1171.26
28791,11879,23,1,16372.83
28792,11880,99,1,1246.22
28793,11880,98,2,454.3
28794,11881,34,1,724.75
28795,11881,63,1,149.99
28796,11881,67,1,327.01
28797,11881,19,2,238.8
28798,11882,98,2,454.3
28799,11883,98,2,429.74
28800,11883,23,2,16372.83
28801,11883,40,1,1052.14
28802,11883,19,1,238.8
28803,11884,67,1,345.7
28804,11884,99,2,1246.22
28805,11884,63,2,177.59
28806,11884,98,1,454.3
28807,11885,63,2,167.99
28808,11885,99,1,1171.26
28809,11886,40,2,1052.14
28810,11886,23,1,16372.83
28811,11887,40,1,1245.73
28812,11887,63,1,177.59
28813,11888,98,1,454.3
28814,11888,23,1,17308.42
28815,11889,40,2,1245.73
28816,11889,99,1,1246.22
28817,11889,63,2,177.59
28818,11890,63,2,167.99
28819,11890,40,1,1178.39
28820,11890,99,2,1171.26
28821,11891,99,2,1311.81
28822,11891,63,2,167.99
28823,11892,40,1,1245.73
28824,11893,40,1,1245.73
28825,11893,99,1,1386.77
28826,11894,99,2,1386.77
28827,11895,99,1,1311.81
28828,11896,99,2,1386.77
28829,11897,99,1,1311.81
28830,11898,37,2,1063.91
28831,11899,20,1,15928.18
28832,11900,9,2,558.56
28833,11901,99,2,1293.07
28834,11902,26,2,236.97
28835,11902,46,2,389.75
28836,11902,51,1,1433.16
28837,11903,25,1,13010.84
28838,11903,20,1,15004.81
28839,11904,37,2,1002.24
28840,11904,46,2,367.16
28841,11904,16,2,385.42
28842,11904,98,2,399.05
28843,11905,9,1,558.56
28844,11905,98,2,399.05
28845,11905,84,2,342.28
28846,11906,14,2,400.01
28847,11906,99,2,1218.11
28848,11907,57,2,747.77
28849,11907,93,1,346.57
28850,11907,64,2,383.68
28851,11907,38,1,232.91
28852,11908,14,2,400.01
28853,11908,7,1,199.67
28854,11908,57,1,834.05
28855,11909,57,1,834.05
28856,11909,16,1,385.42
28857,11909,75,1,439.65
28858,11910,26,1,236.97
28859,11910,7,1,211.95
28860,11910,93,1,367.89
28861,11910,17,1,17200.61
28862,11911,37,1,1117.88
28863,11911,57,1,834.05
28864,11912,46,1,367.16
28865,11912,17,2,16203.47
28866,11912,93,2,346.57
28867,11912,95,1,21766.35
28868,11913,37,1,1117.88
28869,11913,25,1,13010.84
28870,11913,99,2,1218.11
28871,11913,93,2,346.57
28872,11914,51,2,1433.16
28873,11914,84,1,363.34
28874,11915,51,2,1433.16
28875,11915,26,1,262.73
28876,11915,75,1,466.7
28877,11916,93,1,346.57
28878,11916,99,1,1218.11
28879,11917,57,1,834.05
28880,11917,26,1,248.99
28881,11917,17,2,16203.47
28882,11917,25,1,13010.84
28883,11918,57,1,834.05
28884,11918,98,2,399.05
28885,11918,38,2,232.91
28886,11919,95,2,23105.82
28887,11920,26,1,262.73
28888,11920,99,1,1293.07
28889,11920,14,2,470.78
28890,11921,64,1,407.29
28891,11922,99,2,1218.11
28892,11922,74,1,133.17
28893,11922,9,1,558.56
28894,11922,46,1,367.16
28895,11923,75,1,466.7
28896,11923,99,2,1293.07
28897,11924,64,1,407.29
28898,11924,84,2,363.34
28899,11924,7,1,211.95
28900,11925,93,1,367.89
28901,11925,37,1,1179.55
28902,11925,38,2,247.24
28903,11925,14,2,470.78
28904,11926,64,1,383.68
28905,11926,93,1,346.57
28906,11926,14,2,446.16
28907,11927,95,2,21766.35
28908,11928,38,2,232.91
28909,11929,9,2,558.56
28910,11929,16,1,385.42
28911,11930,37,2,1079.33
28912,11931,75,1,422.74
28913,11932,99,2,1386.77
28914,11932,17,1,18447.03
28915,11933,25,1,13311.09
28916,11933,7,2,204.27
28917,11934,75,2,422.74
28918,11934,84,2,329.11
28919,11934,98,1,383.7
28920,11934,26,2,240.41
28921,11935,57,1,805.29
28922,11935,75,1,422.74
28923,11935,99,1,1311.81
28924,11935,9,1,537.08
28925,11936,14,1,430.78
28926,11936,75,2,422.74
28927,11936,26,2,240.41
28928,11937,14,2,430.78
28929,11938,46,2,375.63
28930,11939,17,1,18447.03
28931,11940,46,2,353.04
28932,11940,98,2,383.7
28933,11940,38,2,223.95
28934,11940,93,1,333.24
28935,11941,25,1,12510.42
28936,11941,46,2,353.04
28937,11941,9,2,537.08
28938,11942,46,2,353.04
28939,11942,7,2,191.99
28940,11942,9,1,537.08
28941,11942,14,1,430.78
28942,11943,37,2,1079.33
28943,11943,64,2,368.92
28944,11944,14,1,430.78
28945,11945,46,2,353.04
28946,11945,9,1,537.08
28947,11945,38,1,223.95
28948,11946,14,1,430.78
28949,11946,20,2,14427.7
28950,11946,25,1,12510.42
28951,11946,57,1,805.29
28952,11947,20,1,14427.7
28953,11947,37,2,1079.33
28954,11947,9,2,537.08
28955,11948,95,1,20929.19
28956,11948,93,2,333.24
28957,11948,25,2,12510.42
28958,11948,51,1,1298.15
28959,11949,51,1,1298.15
28960,11949,74,1,128.05
28961,11950,51,2,1298.15
28962,11950,64,1,368.92
28963,11951,64,1,368.92
28964,11952,25,1,12510.42
28965,11952,7,1,215.03
28966,11952,20,1,14427.7
28967,11953,7,2,227.31
28968,11954,57,2,851.31
28969,11954,9,2,571.45
28970,11955,16,1,394.32
28971,11955,84,1,350.18
28972,11955,74,2,136.25
28973,11956,57,1,851.31
28974,11957,75,1,473.47
28975,11957,16,1,370.6
28976,11957,74,2,128.05
28977,11957,46,2,353.04
28978,11958,93,1,333.24
28979,11958,38,1,223.95
28980,11959,7,2,215.03
28981,11959,16,2,370.6
28982,11959,99,1,1311.81
28983,11959,75,2,473.47
28984,11960,7,1,227.31
28985,11961,16,1,415.07
28986,11961,38,2,223.95
28987,11961,84,1,329.11
28988,11962,75,1,473.47
28989,11962,17,1,17449.89
28990,11962,20,2,14427.7
28991,11963,9,2,592.93
28992,11963,16,1,453.61
28993,11963,38,2,247.24
28994,11963,25,2,13811.51
28995,11964,20,2,15928.18
28996,11965,20,2,15928.18
28997,11965,46,2,389.75
28998,11965,16,2,453.61
28999,11966,26,1,262.73
29000,11967,93,1,346.57
29001,11968,57,1,834.05
29002,11968,46,1,409.52
29003,11968,93,1,346.57
29004,11968,98,2,399.05
29005,11969,25,2,13010.84
29006,11969,38,2,232.91
29007,11970,93,2,346.57
29008,11970,20,2,16736.13
29009,11971,25,2,13010.84
29010,11971,84,1,342.28
29011,11971,7,2,222.71
29012,11972,51,2,1433.16
29013,11972,16,1,453.61
29014,11972,38,2,247.24
29015,11972,20,1,17659.5
29016,11973,51,1,1350.08
29017,11974,46,2,409.52
29018,11974,95,2,21766.35
29019,11975,51,1,1433.16
29020,11976,25,1,15312.76
29021,11976,75,2,517.43
29022,11976,46,2,432.12
29023,11977,20,2,16736.13
29024,11977,16,2,429.9
29025,11978,46,1,409.52
29026,11978,99,1,1358.66
29027,11979,26,1,248.99
29028,11979,7,1,222.71
29029,11979,74,1,133.17
29030,11980,75,1,517.43
29031,11980,20,1,17659.5
29032,11981,16,1,453.61
29033,11982,7,1,234.99
29034,11982,9,2,592.93
29035,11982,84,1,363.34
29036,11983,95,2,21766.35
29037,11984,25,2,15312.76
29038,11985,25,1,14512.09
29039,11985,95,2,21766.35
29040,11985,17,1,18073.1
29041,11985,84,1,342.28
29042,11986,75,1,490.38
29043,11987,20,2,17659.5
29044,11987,38,1,247.24
29045,11987,75,2,517.43
29046,11987,25,2,15312.76
29047,11988,17,1,18073.1
29048,11989,7,2,222.71
29049,11989,17,1,18073.1
29050,11990,98,1,399.05
29051,11991,93,1,346.57
29052,11991,98,1,399.05
29053,11992,51,1,1433.16
29054,11992,74,2,141.37
29055,11992,98,2,423.6
29056,11993,25,1,14512.09
29057,11994,7,1,222.71
29058,11994,93,2,346.57
29059,11994,51,2,1350.08
29060,11994,25,2,14512.09
29061,11995,98,2,399.05
29062,11995,26,1,248.99
29063,11995,25,1,14512.09
29064,11996,51,2,1350.08
29065,11996,74,2,133.17
29066,11996,38,2,232.91
29067,11996,99,2,1358.66
29068,11997,64,1,383.68
29069,11997,95,1,21766.35
29070,11998,84,1,342.28
29071,11998,9,2,558.56
29072,11999,25,1,14512.09
29073,11999,9,2,558.56
29074,12000,95,2,23105.82
29075,12000,74,1,141.37
29076,12001,93,2,346.57
29077,12002,17,2,19070.24
29078,12002,46,2,432.12
29079,12003,93,1,346.57
29080,12003,46,2,409.52
29081,12003,74,1,133.17
29082,12004,99,2,1433.63
29083,12004,93,1,367.89
29084,12004,25,1,15312.76
29085,12005,95,1,23105.82
29086,12006,17,2,18073.1
29087,12006,46,1,409.52
29088,12006,95,2,21766.35
29089,12006,38,1,232.91
29090,12007,98,1,408.26
29091,12007,99,1,1386.77
29092,12007,95,1,24780.16
29093,12008,74,2,128.05
29094,12008,17,2,17449.89
29095,12008,38,2,250.82
29096,12009,95,1,24780.16
29097,12010,98,1,383.7
29098,12010,38,2,250.82
29099,12010,20,1,16159.02
29100,12011,9,1,601.52
29101,12011,74,1,128.05
29102,12011,51,2,1453.93
29103,12011,95,1,23440.69
29104,12012,51,2,1453.93
29105,12012,84,2,329.11
29106,12012,46,1,395.4
29107,12012,64,2,368.92
29108,12013,95,2,24780.16
29109,12014,98,1,408.26
29110,12014,9,1,635.9
29111,12014,51,2,1537.01
29112,12015,95,2,23440.69
29113,12015,93,2,373.23
29114,12015,51,2,1453.93
29115,12015,74,1,128.05
29116,12016,64,1,368.92
29117,12016,9,2,601.52
29118,12016,84,2,329.11
29119,12016,51,2,1453.93
29120,12017,38,2,265.16
29121,12017,74,2,136.25
29122,12017,84,2,350.18
29123,12018,98,1,383.7
29124,12018,64,1,368.92
29125,12019,64,2,368.92
29126,12019,74,2,128.05
29127,12019,84,1,329.11
29128,12019,38,1,250.82
29129,12020,98,2,454.3
29130,12021,95,2,24780.16
29131,12021,9,2,635.9
29132,12021,38,2,265.16
29133,12021,93,1,394.55
29134,12022,74,2,128.05
29135,12023,64,1,368.92
29136,12023,9,2,601.52
29137,12023,51,2,1453.93
29138,12024,95,1,24780.16
29139,12025,98,2,429.74
29140,12025,95,1,23440.69
29141,12025,84,1,329.11
29142,12026,9,1,601.52
29143,12026,98,2,429.74
29144,12026,38,1,250.82
29145,12027,98,1,454.3
29146,12027,84,2,350.18
29147,12027,38,1,265.16
29148,12028,74,1,128.05
29149,12028,64,1,368.92
29150,12028,98,2,429.74
29151,12028,93,2,373.23
29152,12029,84,1,350.18
29153,12030,93,2,373.23
29154,12030,64,2,368.92
29155,12031,93,1,373.23
29156,12032,38,1,265.16
29157,12032,74,1,151.61
29158,12032,93,1,394.55
29159,12033,93,1,394.55
29160,12034,64,2,436.81
29161,12034,74,1,151.61
29162,12034,84,2,389.67
29163,12035,84,2,368.61
29164,12035,64,2,413.2
29165,12035,74,2,143.42
29166,12036,64,2,436.81
29167,12036,84,2,389.67
29168,12036,74,2,151.61
29169,12037,64,1,427.95
29170,12037,84,1,381.77
29171,12038,84,2,381.77
29172,12038,74,1,148.54
29173,12039,74,2,148.54
29174,12039,84,1,381.77
29175,12040,84,2,402.83
29176,12040,74,1,156.73
29177,12041,54,2,8163.96
29178,12041,75,2,439.65
29179,12041,17,2,16203.47
29180,12041,98,2,399.05
29181,12042,75,1,466.7
29182,12042,89,1,245.27
29183,12042,72,2,427.33
29184,12043,45,2,65.25
29185,12043,60,2,172.02
29186,12043,72,2,402.56
29187,12043,54,2,8163.96
29188,12044,72,2,402.56
29189,12044,60,2,172.02
29190,12044,98,1,445.09
29191,12044,59,1,402.13
29192,12045,65,2,16058.97
29193,12046,21,1,1135.71
29194,12046,65,2,17047.21
29195,12046,45,1,69.26
29196,12046,62,2,39686.0
29197,12047,45,1,65.25
29198,12048,1,1,496.92
29199,12048,75,2,466.7
29200,12048,65,1,17047.21
29201,12048,17,2,17200.61
29202,12049,7,1,211.95
29203,12049,21,2,1135.71
29204,12050,62,2,39686.0
29205,12050,54,2,8666.36
29206,12050,17,2,17200.61
29207,12051,75,1,439.65
29208,12051,21,1,1069.87
29209,12051,72,1,402.56
29210,12052,54,1,8666.36
29211,12052,98,2,469.65
29212,12053,89,1,231.05
29213,12053,72,2,402.56
29214,12054,60,1,175.99
29215,12055,72,1,387.08
29216,12055,21,2,1028.72
29217,12055,7,1,191.99
29218,12055,98,1,429.74
29219,12056,59,2,386.66
29220,12056,21,1,1028.72
29221,12056,89,1,222.16
29222,12056,54,1,7849.96
29223,12057,21,2,1028.72
29224,12057,60,2,165.4
29225,12058,21,2,1028.72
29226,12058,62,1,35947.46
29227,12059,60,1,175.99
29228,12059,45,2,66.75
29229,12059,21,1,1094.56
29230,12059,75,1,449.79
29231,12060,54,1,8352.36
29232,12060,76,2,235.32
29233,12061,65,2,16429.56
29234,12061,7,2,204.27
29235,12061,62,2,38248.1
29236,12062,98,2,429.74
29237,12063,1,2,478.92
29238,12063,65,2,16429.56
29239,12063,89,1,236.38
29240,12063,17,1,16577.4
29241,12064,60,1,165.4
29242,12064,62,1,35947.46
29243,12064,1,2,450.11
29244,12065,54,2,7849.96
29245,12066,60,2,165.4
29246,12066,7,1,191.99
29247,12066,75,1,422.74
29248,12067,59,1,386.66
29249,12068,45,1,62.74
29250,12068,17,2,15580.26
29251,12069,98,2,429.74
29252,12069,59,1,386.66
29253,12070,62,1,35947.46
29254,12070,17,2,15580.26
29255,12071,45,1,62.74
29256,12072,59,2,386.66
29257,12072,17,2,15580.26
29258,12073,7,1,191.99
29259,12073,98,1,429.74
29260,12073,76,1,221.16
29261,12073,65,2,15441.31
29262,12074,1,2,478.92
29263,12075,98,1,454.3
29264,12076,72,2,411.85
29265,12076,60,2,195.83
29266,12076,76,1,235.32
29267,12077,62,1,38248.1
29268,12077,65,1,16429.56
29269,12078,59,2,411.41
29270,12079,54,2,7849.96
29271,12079,7,2,215.03
29272,12079,59,2,386.66
29273,12079,17,1,17449.89
29274,12080,1,1,478.92
29275,12080,75,2,449.79
29276,12081,98,1,429.74
29277,12081,17,2,17449.89
29278,12081,76,1,221.16
29279,12082,72,2,387.08
29280,12083,89,2,236.38
29281,12083,60,1,195.83
29282,12083,45,1,66.75
29283,12083,65,1,16429.56
29284,12084,89,2,236.38
29285,12084,98,1,454.3
29286,12084,65,2,16429.56
29287,12085,60,1,185.25
29288,12085,59,2,386.66
29289,12086,89,2,222.16
29290,12087,1,2,478.92
29291,12088,62,2,38248.1
29292,12088,60,1,195.83
29293,12088,76,1,235.32
29294,12088,17,1,18447.03
29295,12089,76,1,235.32
29296,12090,65,1,17294.27
29297,12090,76,2,221.16
29298,12090,17,1,17449.89
29299,12090,59,1,386.66
29300,12091,1,1,532.93
29301,12091,76,1,235.32
29302,12092,62,2,38248.1
29303,12092,98,1,454.3
29304,12092,72,2,458.3
29305,12092,76,1,235.32
29306,12093,60,1,185.25
29307,12094,60,2,185.25
29308,12094,72,2,433.52
29309,12094,65,1,17294.27
29310,12094,75,1,422.74
29311,12095,60,1,185.25
29312,12095,89,2,222.16
29313,12096,21,2,1218.01
29314,12097,89,1,257.71
29315,12097,21,1,1193.32
29316,12097,45,1,65.25
29317,12098,21,1,1259.16
29318,12098,75,1,466.7
29319,12098,72,2,473.78
29320,12099,17,2,19070.24
29321,12099,45,2,69.26
29322,12099,89,1,271.93
29323,12100,17,2,18073.1
29324,12100,45,1,65.25
29325,12100,1,1,522.13
29326,12101,59,2,402.13
29327,12101,54,1,8163.96
29328,12101,45,2,65.25
29329,12101,72,2,449.01
29330,12102,21,1,1259.16
29331,12103,72,1,449.01
29332,12104,72,1,473.78
29333,12105,17,2,19070.24
29334,12105,72,2,473.78
29335,12105,65,2,18900.17
29336,12106,65,2,18900.17
29337,12106,60,2,202.45
29338,12106,45,1,69.26
29339,12107,60,1,191.86
29340,12107,17,1,18073.1
29341,12108,72,1,473.78
29342,12108,1,1,550.94
29343,12108,7,1,234.99
29344,12109,65,1,17911.92
29345,12109,17,1,18073.1
29346,12109,76,2,230.01
29347,12110,1,1,550.94
29348,12111,54,1,8163.96
29349,12111,62,1,37385.36
29350,12111,65,2,17911.92
29351,12111,17,1,18073.1
29352,12112,54,2,8163.96
29353,12113,54,1,8666.36
29354,12113,1,2,550.94
29355,12114,45,1,72.78
29356,12115,76,1,244.16
29357,12116,7,2,234.99
29358,12117,75,2,439.65
29359,12118,89,2,271.93
29360,12118,59,1,473.27
29361,12119,21,2,1193.32
29362,12119,7,2,222.71
29363,12120,65,1,17911.92
29364,12120,62,2,37385.36
29365,12120,75,2,439.65
29366,12120,76,2,230.01
29367,12121,7,1,222.71
29368,12121,65,1,17911.92
29369,12121,59,1,448.53
29370,12122,89,1,257.71
29371,12122,54,1,8163.96
29372,12122,21,1,1193.32
29373,12123,21,2,1193.32
29374,12123,62,1,37385.36
29375,12123,1,2,522.13
29376,12123,45,1,72.78
29377,12124,1,1,522.13
29378,12124,89,1,257.71
29379,12125,45,2,72.78
29380,12125,54,1,8163.96
29381,12125,1,1,522.13
29382,12125,59,2,448.53
29383,12126,7,2,234.99
29384,12126,54,1,8666.36
29385,12126,59,1,473.27
29386,12126,1,1,550.94
29387,12127,54,1,8666.36
29388,12127,21,1,1259.16
29389,12127,62,2,39686.0
29390,12127,76,2,244.16
29391,12128,62,1,37385.36
29392,12128,76,2,230.01
29393,12128,89,1,257.71
29394,12128,54,1,8163.96
29395,12129,45,2,76.79
29396,12129,62,2,39686.0
29397,12129,54,1,8666.36
29398,12130,62,1,39686.0
29399,12131,45,1,76.79
29400,12131,62,1,39686.0
29401,12131,59,1,473.27
29402,12132,1,1,550.94
29403,12132,59,2,473.27
29404,12132,54,2,8666.36
29405,12132,76,2,244.16
29406,12133,76,2,270.7
29407,12133,89,2,271.93
29408,12133,75,2,517.43
29409,12133,45,1,76.79
29410,12134,75,1,473.47
29411,12134,76,2,247.7
29412,12134,89,2,248.82
29413,12134,62,2,35947.46
29414,12135,54,2,7849.96
29415,12135,76,2,247.7
29416,12136,54,1,7849.96
29417,12137,62,1,42561.8
29418,12137,76,1,261.86
29419,12137,75,2,500.52
29420,12137,54,2,9294.36
29421,12138,75,1,473.47
29422,12138,54,1,8791.96
29423,12138,62,1,40261.16
29424,12139,62,2,40261.16
29425,12139,75,2,473.47
29426,12139,76,2,247.7
29427,12139,54,2,8791.96
29428,12140,62,2,40261.16
29429,12140,76,2,247.7
29430,12140,75,2,473.47
29431,12140,54,2,8791.96
29432,12141,75,1,500.52
29433,12141,76,1,261.86
29434,12142,62,2,40261.16
29435,12142,54,1,8791.96
29436,12143,54,2,9294.36
29437,12143,62,1,42561.8
29438,12144,54,1,8791.96
29439,12144,62,1,40261.16
29440,12145,54,2,9294.36
29441,12146,76,1,221.16
29442,12146,15,2,168.91
29443,12146,39,2,36677.01
29444,12147,74,1,136.25
29445,12147,78,2,13090.15
29446,12147,46,2,375.63
29447,12148,45,2,62.74
29448,12148,76,1,221.16
29449,12148,36,2,110.15
29450,12149,36,2,110.15
29451,12149,17,1,15580.26
29452,12149,57,2,719.01
29453,12149,39,1,36677.01
29454,12150,29,2,1028.69
29455,12151,15,1,168.91
29456,12151,76,2,221.16
29457,12152,74,2,136.25
29458,12152,57,2,765.03
29459,12153,76,1,221.16
29460,12154,17,1,16577.4
29461,12155,94,2,211.61
29462,12155,17,2,15580.26
29463,12155,30,1,333.69
29464,12155,76,1,221.16
29465,12156,45,1,66.75
29466,12156,36,2,117.2
29467,12156,29,1,1094.52
29468,12157,94,1,225.16
29469,12157,15,2,179.72
29470,12157,29,2,1094.52
29471,12157,39,2,39024.34
29472,12158,36,1,110.15
29473,12158,76,2,221.16
29474,12158,45,2,70.27
29475,12158,94,1,211.61
29476,12159,30,2,333.69
29477,12159,46,1,353.04
29478,12159,36,2,110.15
29479,12160,78,1,12302.77
29480,12160,34,1,647.1
29481,12160,74,1,128.05
29482,12161,36,2,110.15
29483,12161,29,1,1028.69
29484,12162,17,2,16577.4
29485,12162,74,1,136.25
29486,12162,15,2,179.72
29487,12163,57,2,719.01
29488,12163,94,2,211.61
29489,12163,39,1,36677.01
29490,12164,29,1,1094.52
29491,12164,74,2,136.25
29492,12164,45,2,74.28
29493,12165,30,1,355.04
29494,12165,57,2,765.03
29495,12165,45,1,74.28
29496,12166,78,1,14566.49
29497,12167,46,2,375.63
29498,12167,45,1,74.28
29499,12168,46,2,375.63
29500,12168,74,1,136.25
29501,12168,17,1,16577.4
29502,12169,76,1,261.86
29503,12169,30,2,355.04
29504,12169,17,1,16577.4
29505,12170,45,1,70.27
29506,12170,34,1,647.1
29507,12170,29,2,1028.69
29508,12171,15,2,168.91
29509,12171,34,2,647.1
29510,12172,17,1,16577.4
29511,12172,36,2,117.2
29512,12172,94,1,225.16
29513,12172,76,2,261.86
29514,12173,15,1,168.91
29515,12173,30,2,333.69
29516,12174,78,2,14271.22
29517,12174,94,2,220.08
29518,12174,74,1,133.17
29519,12175,76,1,256.55
29520,12175,15,2,175.67
29521,12176,17,1,16203.47
29522,12176,76,1,256.55
29523,12176,39,2,38144.09
29524,12177,34,2,714.4
29525,12177,39,2,40491.42
29526,12178,34,1,714.4
29527,12179,39,2,38144.09
29528,12179,74,1,133.17
29529,12180,57,2,747.77
29530,12181,30,1,347.04
29531,12181,36,1,114.56
29532,12181,39,1,38144.09
29533,12182,45,1,76.79
29534,12182,36,1,121.61
29535,12183,78,1,15058.6
29536,12183,36,2,121.61
29537,12183,74,1,141.37
29538,12183,17,1,17200.61
29539,12184,78,1,14271.22
29540,12184,57,2,834.05
29541,12185,45,2,72.78
29542,12185,78,1,14271.22
29543,12185,34,2,672.98
29544,12185,15,2,175.67
29545,12186,94,1,245.47
29546,12186,76,2,256.55
29547,12187,36,1,114.56
29548,12187,46,1,367.16
29549,12188,57,2,834.05
29550,12188,29,1,1069.84
29551,12188,39,2,38144.09
29552,12189,15,1,186.48
29553,12189,74,2,141.37
29554,12189,94,2,259.01
29555,12189,45,2,76.79
29556,12190,15,2,175.67
29557,12190,78,2,14271.22
29558,12191,46,1,367.16
29559,12192,46,1,367.16
29560,12192,74,2,133.17
29561,12192,36,2,114.56
29562,12192,17,1,16203.47
29563,12193,34,2,672.98
29564,12193,57,2,834.05
29565,12193,29,2,1069.84
29566,12193,36,1,114.56
29567,12194,36,2,114.56
29568,12194,74,1,133.17
29569,12194,57,1,834.05
29570,12194,76,1,256.55
29571,12195,46,2,389.75
29572,12195,45,1,76.79
29573,12195,39,2,40491.42
29574,12195,36,2,121.61
29575,12196,39,1,38144.09
29576,12196,76,2,256.55
29577,12197,36,1,121.61
29578,12197,39,2,40491.42
29579,12198,78,2,15058.6
29580,12198,39,2,40491.42
29581,12198,57,2,880.07
29582,12199,34,2,672.98
29583,12199,15,2,175.67
29584,12200,29,2,1193.28
29585,12201,34,1,672.98
29586,12201,57,1,834.05
29587,12202,39,2,38144.09
29588,12202,74,1,133.17
29589,12203,39,2,38144.09
29590,12203,36,1,114.56
29591,12203,46,1,409.52
29592,12203,15,1,175.67
29593,12204,74,2,141.37
29594,12204,39,2,40491.42
29595,12204,78,2,15058.6
29596,12204,34,1,714.4
29597,12205,17,2,16203.47
29598,12205,29,1,1193.28
29599,12206,57,1,880.07
29600,12206,15,1,186.48
29601,12207,34,2,672.98
29602,12207,94,1,245.47
29603,12207,74,2,133.17
29604,12207,46,2,409.52
29605,12208,94,2,259.01
29606,12208,57,2,880.07
29607,12208,39,1,40491.42
29608,12208,74,2,141.37
29609,12209,46,2,409.52
29610,12209,74,2,133.17
29611,12209,29,2,1193.28
29612,12210,17,1,15580.26
29613,12210,74,1,143.42
29614,12210,36,2,110.15
29615,12211,36,2,117.2
29616,12211,30,2,395.09
29617,12211,15,2,179.72
29618,12212,17,1,16577.4
29619,12213,34,2,766.17
29620,12213,94,2,250.55
29621,12214,36,2,123.37
29622,12214,39,1,36677.01
29623,12214,46,1,395.4
29624,12214,34,2,724.75
29625,12215,46,2,395.4
29626,12216,36,1,123.37
29627,12216,46,1,395.4
29628,12216,94,1,237.01
29629,12216,30,2,373.73
29630,12217,46,1,395.4
29631,12217,34,1,724.75
29632,12218,74,1,151.61
29633,12218,17,2,16577.4
29634,12219,30,1,395.09
29635,12219,15,2,179.72
29636,12220,17,2,18447.03
29637,12221,30,1,395.09
29638,12221,15,2,199.99
29639,12221,36,2,130.42
29640,12221,34,2,766.17
29641,12222,34,1,724.75
29642,12222,39,2,41078.25
29643,12222,30,1,373.73
29644,12223,17,1,17449.89
29645,12223,30,2,373.73
29646,12224,74,2,143.42
29647,12225,74,1,151.61
29648,12225,94,2,250.55
29649,12226,15,2,199.99
29650,12227,94,1,250.55
29651,12227,17,1,18447.03
29652,12228,34,1,724.75
29653,12228,36,1,123.37
29654,12228,94,1,237.01
29655,12228,15,1,189.18
29656,12229,74,2,143.42
29657,12230,15,1,199.99
29658,12230,94,1,250.55
29659,12230,17,2,18447.03
29660,12230,36,1,130.42
29661,12231,30,1,373.73
29662,12231,17,1,17449.89
29663,12232,36,2,123.37
29664,12232,74,1,143.42
29665,12233,30,1,373.73
29666,12233,15,1,189.18
29667,12233,36,1,123.37
29668,12234,17,2,18447.03
29669,12235,39,1,43425.58
29670,12236,15,1,199.99
29671,12236,39,1,43425.58
29672,12236,36,2,130.42
29673,12237,15,1,189.18
29674,12237,17,1,17449.89
29675,12237,39,2,41078.25
29676,12237,30,1,373.73
29677,12238,17,1,17449.89
29678,12238,15,1,189.18
29679,12238,39,2,41078.25
29680,12239,36,1,123.37
29681,12239,39,1,41078.25
29682,12239,17,2,17449.89
29683,12239,15,2,189.18
29684,12240,39,2,41078.25
29685,12241,17,1,18447.03
29686,12242,41,1,249.31
29687,12242,34,1,688.51
29688,12242,32,2,216.38
29689,12242,98,2,408.26
29690,12243,32,2,216.38
29691,12244,24,2,68.55
29692,12244,98,1,408.26
29693,12244,48,2,359.69
29694,12244,13,2,260.29
29695,12245,13,1,244.64
29696,12245,34,2,647.1
29697,12245,98,1,383.7
29698,12246,41,2,249.31
29699,12246,98,2,408.26
29700,12246,42,1,23565.29
29701,12247,48,1,338.05
29702,12247,2,2,217.94
29703,12247,34,1,647.1
29704,12248,41,2,249.31
29705,12248,62,1,38248.1
29706,12248,2,2,231.89
29707,12249,48,2,338.05
29708,12249,41,1,234.31
29709,12249,42,1,22147.82
29710,12250,62,1,38248.1
29711,12250,48,2,359.69
29712,12250,41,2,249.31
29713,12250,13,1,260.29
29714,12251,13,1,260.29
29715,12251,2,2,231.89
29716,12251,48,2,359.69
29717,12252,62,2,35947.46
29718,12252,98,2,383.7
29719,12253,36,1,110.15
29720,12253,65,2,15441.31
29721,12253,42,2,22147.82
29722,12254,41,1,249.31
29723,12254,36,2,117.2
29724,12254,65,1,16429.56
29725,12254,48,1,359.69
29726,12255,13,1,244.64
29727,12255,41,2,234.31
29728,12255,62,2,35947.46
29729,12255,48,2,338.05
29730,12256,48,2,338.05
29731,12256,2,2,217.94
29732,12256,13,1,244.64
29733,12256,65,2,15441.31
29734,12257,34,2,688.51
29735,12258,36,1,110.15
29736,12259,2,2,231.89
29737,12260,62,2,38248.1
29738,12261,98,2,408.26
29739,12262,42,1,22147.82
29740,12263,48,2,359.69
29741,12263,62,2,38248.1
29742,12263,41,1,249.31
29743,12264,36,1,117.2
29744,12264,24,2,68.55
29745,12264,34,1,688.51
29746,12264,65,2,16429.56
29747,12265,48,2,338.05
29748,12266,62,1,35947.46
29749,12266,34,2,647.1
29750,12266,32,1,203.36
29751,12267,42,2,22147.82
29752,12267,36,1,110.15
29753,12268,36,1,117.2
29754,12268,48,1,359.69
29755,12268,2,1,231.89
29756,12269,62,1,35947.46
29757,12269,24,2,64.42
29758,12269,2,2,217.94
29759,12270,41,2,234.31
29760,12271,62,1,35947.46
29761,12271,13,2,244.64
29762,12271,98,1,383.7
29763,12272,62,1,38248.1
29764,12273,98,2,408.26
29765,12273,2,2,231.89
29766,12273,42,1,23565.29
29767,12273,32,1,216.38
29768,12274,98,2,423.6
29769,12274,2,1,240.6
29770,12274,36,1,121.61
29771,12275,98,2,423.6
29772,12275,62,1,39686.0
29773,12276,24,1,74.73
29774,12276,32,2,211.5
29775,12276,65,1,17911.92
29776,12277,98,2,423.6
29777,12278,65,2,18900.17
29778,12278,98,1,423.6
29779,12278,13,1,270.08
29780,12278,42,2,24451.2
29781,12279,62,2,37385.36
29782,12279,98,2,399.05
29783,12279,13,1,254.42
29784,12279,34,1,672.98
29785,12280,98,1,423.6
29786,12280,32,2,224.51
29787,12280,41,1,258.68
29788,12280,42,2,24451.2
29789,12281,36,2,114.56
29790,12281,24,1,74.73
29791,12281,41,2,243.69
29792,12281,65,2,17911.92
29793,12282,65,2,17911.92
29794,12282,24,1,74.73
29795,12282,32,2,211.5
29796,12283,41,1,243.69
29797,12283,65,1,17911.92
29798,12283,13,1,254.42
29799,12284,62,1,37385.36
29800,12284,98,2,399.05
29801,12285,13,1,254.42
29802,12285,48,1,351.57
29803,12286,36,2,121.61
29804,12287,42,1,23033.74
29805,12287,65,1,17911.92
29806,12288,32,1,224.51
29807,12288,62,1,39686.0
29808,12288,42,1,24451.2
29809,12289,42,2,24451.2
29810,12289,36,2,121.61
29811,12289,34,1,714.4
29812,12290,2,2,226.66
29813,12290,13,1,254.42
29814,12291,36,2,121.61
29815,12291,62,2,39686.0
29816,12292,24,2,74.73
29817,12293,98,1,423.6
29818,12294,41,1,258.68
29819,12294,13,2,270.08
29820,12294,62,1,39686.0
29821,12295,24,2,74.73
29822,12295,34,2,672.98
29823,12296,62,2,39686.0
29824,12296,34,2,714.4
29825,12296,32,1,224.51
29826,12297,34,1,750.64
29827,12297,62,1,37385.36
29828,12297,13,1,254.42
29829,12297,48,1,392.14
29830,12298,48,1,392.14
29831,12298,2,2,226.66
29832,12299,34,1,750.64
29833,12299,32,1,211.5
29834,12299,48,1,392.14
29835,12299,42,1,23033.74
29836,12300,13,2,254.42
29837,12300,24,1,74.73
29838,12300,48,2,392.14
29839,12301,34,1,750.64
29840,12302,62,1,39686.0
29841,12303,98,1,399.05
29842,12304,48,1,392.14
29843,12304,41,1,243.69
29844,12305,13,1,270.08
29845,12306,13,1,254.42
29846,12306,36,2,127.77
29847,12307,36,1,127.77
29848,12307,32,1,211.5
29849,12307,13,2,283.78
29850,12307,41,1,243.69
29851,12308,13,1,299.44
29852,12308,24,2,78.86
29853,12308,32,2,224.51
29854,12309,2,1,240.6
29855,12309,98,1,423.6
29856,12310,24,1,78.86
29857,12310,2,1,240.6
29858,12311,98,2,408.26
29859,12312,2,1,231.89
29860,12313,36,2,130.42
29861,12314,42,2,22147.82
29862,12314,2,2,244.09
29863,12314,36,1,123.37
29864,12314,41,1,262.43
29865,12315,48,1,400.25
29866,12315,13,2,289.65
29867,12315,2,2,258.04
29868,12316,32,2,203.36
29869,12316,98,2,429.74
29870,12317,62,2,35947.46
29871,12317,13,1,273.99
29872,12317,36,2,123.37
29873,12318,42,1,23565.29
29874,12319,62,1,35947.46
29875,12319,41,2,262.43
29876,12320,34,1,724.75
29877,12320,41,1,262.43
29878,12320,62,1,35947.46
29879,12321,13,2,289.65
29880,12321,32,2,216.38
29881,12322,62,2,38248.1
29882,12323,42,1,22147.82
29883,12323,48,1,378.62
29884,12324,2,2,244.09
29885,12324,62,2,40261.16
29886,12324,36,2,123.37
29887,12325,41,1,277.43
29888,12325,48,2,400.25
29889,12325,98,2,454.3
29890,12326,48,1,400.25
29891,12326,62,2,42561.8
29892,12326,2,2,258.04
29893,12326,34,2,766.17
29894,12327,34,2,724.75
29895,12328,32,2,216.38
29896,12328,42,1,23565.29
29897,12328,34,2,766.17
29898,12328,98,1,454.3
29899,12329,41,1,262.43
29900,12329,32,2,203.36
29901,12329,42,1,24805.56
29902,12330,62,1,40261.16
29903,12330,34,1,724.75
29904,12330,42,1,24805.56
29905,12330,32,2,203.36
29906,12331,62,1,40261.16
29907,12331,34,2,724.75
29908,12332,41,2,262.43
29909,12332,13,1,273.99
29910,12332,42,1,24805.56
29911,12332,2,1,244.09
29912,12333,13,2,273.99
29913,12333,2,2,244.09
29914,12333,32,1,203.36
29915,12334,13,1,273.99
29916,12334,98,2,429.74
29917,12335,98,1,429.74
29918,12335,41,2,262.43
29919,12335,62,2,40261.16
29920,12336,42,1,26223.02
29921,12336,41,1,277.43
29922,12336,32,1,240.78
29923,12337,62,2,40261.16
29924,12337,32,2,227.77
29925,12337,42,2,24805.56
29926,12338,42,1,24805.56
29927,12338,62,1,40261.16
29928,12339,32,1,240.78
29929,12339,42,1,26223.02
29930,12340,32,1,227.77
29931,12341,32,1,240.78
29932,12342,32,1,227.77
29933,12343,19,1,213.21
29934,12343,36,1,110.15
29935,12343,51,1,1298.15
29936,12344,82,2,147.41
29937,12344,7,1,191.99
29938,12344,98,2,383.7
29939,12344,36,2,110.15
29940,12345,36,1,110.15
29941,12345,84,2,329.11
29942,12345,61,2,195.07
29943,12346,91,2,285.12
29944,12346,68,1,8972.8
29945,12347,75,2,422.74
29946,12347,83,2,7797.42
29947,12348,75,2,473.47
29948,12349,61,2,207.56
29949,12349,19,2,226.86
29950,12350,18,2,292.75
29951,12351,36,2,110.15
29952,12351,82,2,147.41
29953,12352,7,1,191.99
29954,12353,84,1,350.18
29955,12353,82,2,156.85
29956,12354,27,2,16269.24
29957,12354,89,2,222.16
29958,12354,18,2,275.14
29959,12355,36,2,110.15
29960,12356,61,1,218.48
29961,12356,89,2,222.16
29962,12357,46,1,353.04
29963,12357,75,1,473.47
29964,12358,19,1,213.21
29965,12358,64,1,368.92
29966,12359,82,2,147.41
29967,12359,21,2,1028.72
29968,12360,64,1,368.92
29969,12360,27,2,16269.24
29970,12361,36,1,110.15
29971,12362,61,2,230.97
29972,12363,98,1,408.26
29973,12363,36,1,117.2
29974,12363,51,2,1381.23
29975,12364,89,1,263.04
29976,12364,51,2,1381.23
29977,12365,40,2,1287.82
29978,12365,36,2,121.61
29979,12365,7,1,234.99
29980,12365,18,1,303.75
29981,12366,8,2,282.11
29982,12366,91,1,314.78
29983,12366,46,1,432.12
29984,12367,82,2,162.74
29985,12367,19,2,235.39
29986,12367,75,2,517.43
29987,12368,98,1,423.6
29988,12368,46,1,432.12
29989,12369,83,1,8109.32
29990,12369,75,2,490.38
29991,12369,89,2,257.71
29992,12370,82,2,162.74
29993,12371,18,2,286.14
29994,12371,27,1,16920.01
29995,12371,82,1,153.31
29996,12371,75,2,490.38
29997,12372,34,2,672.98
29998,12373,91,1,296.53
29999,12374,68,2,9905.97
30000,12374,36,2,121.61
30001,12374,34,1,714.4
30002,12374,27,1,17961.24
30003,12375,64,2,383.68
30004,12375,36,2,127.77
30005,12376,8,2,265.76
30006,12376,34,2,672.98
30007,12377,98,1,423.6
30008,12378,19,2,235.39
30009,12378,40,1,1287.82
30010,12378,64,2,407.29
30011,12379,34,2,672.98
30012,12379,18,1,286.14
30013,12379,89,2,257.71
30014,12379,51,1,1350.08
30015,12380,34,2,672.98
30016,12380,21,1,1193.32
30017,12380,7,1,222.71
30018,12381,34,2,672.98
30019,12381,84,1,342.28
30020,12381,91,2,296.53
30021,12382,61,2,226.29
30022,12382,84,2,342.28
30023,12382,46,1,409.52
30024,12382,21,2,1193.32
30025,12383,91,1,330.75
30026,12384,68,2,9905.97
30027,12384,91,2,348.99
30028,12385,27,2,16920.01
30029,12385,61,1,226.29
30030,12386,46,1,432.12
30031,12386,84,1,363.34
30032,12387,8,2,296.42
30033,12387,98,1,399.05
30034,12387,7,1,222.71
30035,12388,34,1,714.4
30036,12389,51,1,1350.08
30037,12389,36,2,127.77
30038,12389,100,1,827.42
30039,12389,91,2,330.75
30040,12390,27,2,16920.01
30041,12390,7,2,222.71
30042,12391,18,2,303.75
30043,12392,98,1,423.6
30044,12393,19,2,221.74
30045,12393,46,2,409.52
30046,12393,18,1,286.14
30047,12394,61,1,226.29
30048,12394,64,2,383.68
30049,12395,19,2,221.74
30050,12395,18,1,286.14
30051,12395,98,1,399.05
30052,12395,64,1,383.68
30053,12396,89,1,257.71
30054,12396,84,2,342.28
30055,12397,21,1,1193.32
30056,12397,18,2,286.14
30057,12397,36,2,127.77
30058,12398,21,1,1259.16
30059,12398,51,1,1433.16
30060,12399,7,1,234.99
30061,12400,40,2,1220.48
30062,12400,21,1,1193.32
30063,12400,91,1,330.75
30064,12401,40,1,1220.48
30065,12402,36,1,127.77
30066,12402,27,2,16920.01
30067,12402,82,1,153.31
30068,12403,46,1,432.12
30069,12403,89,2,271.93
30070,12403,34,2,714.4
30071,12404,84,2,402.83
30072,12404,18,1,336.77
30073,12404,100,2,878.34
30074,12405,51,2,1350.08
30075,12406,84,2,381.77
30076,12406,89,1,257.71
30077,12407,18,1,308.15
30078,12407,40,2,1178.39
30079,12407,100,2,795.6
30080,12408,61,2,230.97
30081,12408,8,2,302.56
30082,12409,27,1,17310.47
30083,12409,51,2,1381.23
30084,12409,34,2,688.51
30085,12409,84,2,389.67
30086,12410,64,2,368.92
30087,12410,61,1,218.48
30088,12410,7,2,215.03
30089,12410,19,2,213.21
30090,12411,68,1,8972.8
30091,12411,19,1,213.21
30092,12412,100,2,846.52
30093,12412,7,1,227.31
30094,12413,91,2,319.34
30095,12413,27,1,16269.24
30096,12414,91,1,337.59
30097,12414,7,2,227.31
30098,12415,98,1,383.7
30099,12415,36,1,123.37
30100,12415,68,2,8972.8
30101,12415,100,1,795.6
30102,12416,36,1,123.37
30103,12416,98,1,383.7
30104,12416,46,1,395.4
30105,12417,75,1,473.47
30106,12417,98,1,383.7
30107,12418,18,2,325.76
30108,12418,83,2,8296.46
30109,12418,46,1,418.0
30110,12418,51,2,1381.23
30111,12419,100,1,795.6
30112,12420,98,2,408.26
30113,12420,18,2,325.76
30114,12420,100,2,846.52
30115,12420,68,2,9547.06
30116,12421,34,1,647.1
30117,12421,27,1,16269.24
30118,12421,91,1,319.34
30119,12421,68,2,8972.8
30120,12422,64,1,368.92
30121,12422,51,2,1298.15
30122,12422,91,1,319.34
30123,12422,83,1,7797.42
30124,12423,64,1,368.92
30125,12423,8,2,286.2
30126,12424,18,2,325.76
30127,12425,18,2,308.15
30128,12425,51,2,1298.15
30129,12426,68,2,8972.8
30130,12427,18,2,325.76
30131,12428,82,1,147.41
30132,12428,19,2,238.8
30133,12429,34,1,647.1
30134,12429,51,1,1298.15
30135,12429,83,1,7797.42
30136,12429,19,1,238.8
30137,12430,18,1,308.15
30138,12430,82,2,165.1
30139,12430,27,2,16269.24
30140,12430,34,1,647.1
30141,12431,21,1,1218.01
30142,12432,84,2,389.67
30143,12433,27,1,17310.47
30144,12433,82,1,174.54
30145,12434,34,1,724.75
30146,12435,34,1,724.75
30147,12435,19,1,238.8
30148,12435,82,2,165.1
30149,12436,21,1,1152.17
30150,12437,84,1,368.61
30151,12437,83,2,7797.42
30152,12437,21,1,1152.17
30153,12438,82,1,165.1
30154,12438,83,1,7797.42
30155,12439,21,1,1259.16
30156,12439,27,1,17961.24
30157,12439,64,2,451.56
30158,12440,8,1,312.78
30159,12440,27,1,17961.24
30160,12440,21,2,1259.16
30161,12440,83,2,8608.36
30162,12441,34,1,792.05
30163,12441,51,2,1433.16
30164,12441,82,1,180.43
30165,12441,84,1,402.83
30166,12442,100,1,827.42
30167,12443,27,1,17961.24
30168,12443,83,1,8608.36
30169,12443,64,1,451.56
30170,12444,82,2,180.43
30171,12444,19,1,260.97
30172,12445,8,2,296.42
30173,12445,68,1,9331.71
30174,12445,34,1,750.64
30175,12445,51,2,1350.08
30176,12446,83,1,8109.32
30177,12446,51,2,1350.08
30178,12447,83,1,8608.36
30179,12447,82,1,180.43
30180,12447,64,2,451.56
30181,12448,68,1,9331.71
30182,12448,19,1,247.33
30183,12449,64,1,427.95
30184,12449,83,1,8109.32
30185,12449,100,1,922.9
30186,12450,100,1,973.81
30187,12451,64,2,427.95
30188,12451,82,2,171.0
30189,12451,8,1,296.42
30190,12452,64,1,427.95
30191,12452,68,2,9331.71
30192,12452,98,2,399.05
30193,12452,83,1,8109.32
30194,12453,34,1,792.05
30195,12453,64,2,451.56
30196,12453,100,2,973.81
30197,12454,51,2,1505.85
30198,12454,64,1,427.95
30199,12454,82,1,171.0
30200,12455,98,1,445.09
30201,12455,83,1,8109.32
30202,12455,27,1,16920.01
30203,12456,34,2,792.05
30204,12456,98,1,469.65
30205,12457,34,1,792.05
30206,12457,68,2,9905.97
30207,12457,100,2,973.81
30208,12457,19,2,260.97
30209,12458,100,1,973.81
30210,12459,98,2,445.09
30211,12460,68,2,9905.97
30212,12460,51,1,1588.94
30213,12461,68,2,9905.97
30214,12461,19,2,260.97
30215,12461,27,1,17961.24
30216,12462,100,2,922.9
30217,12463,34,2,792.05
30218,12463,51,1,1588.94
30219,12463,100,2,973.81
30220,12463,27,1,17961.24
30221,12464,27,2,19913.55
30222,12464,98,1,469.65
30223,12465,27,1,19913.55
30224,12465,83,2,8608.36
30225,12466,100,2,973.81
30226,12466,27,2,19913.55
30227,12466,98,2,469.65
30228,12466,19,1,260.97
30229,12467,27,2,19913.55
30230,12467,34,1,792.05
30231,12467,68,2,9905.97
30232,12467,98,1,469.65
30233,12468,68,2,10982.71
30234,12469,98,1,445.09
30235,12470,68,1,10982.71
30236,12470,83,2,8608.36
30237,12471,100,1,922.9
30238,12472,83,2,8109.32
30239,12473,98,2,445.09
30240,12474,51,2,1505.85
30241,12475,83,1,8608.36
30242,12475,19,1,260.97
30243,12476,51,1,1588.94
30244,12476,83,1,8608.36
30245,12476,27,1,19913.55
30246,12477,68,1,10982.71
30247,12477,51,2,1588.94
30248,12477,83,2,8608.36
30249,12477,27,2,19913.55
30250,12478,83,1,9544.05
30251,12479,27,1,18872.32
30252,12479,68,1,10408.45
30253,12479,83,2,9045.01
30254,12480,83,1,9045.01
30255,12480,68,1,10408.45
30256,12481,83,1,9544.05
30257,12482,83,1,9232.15
30258,12482,68,1,10623.8
30259,12483,68,1,10049.54
30260,12484,83,2,8733.12
30261,12485,83,1,9232.15
30262,12486,23,2,16138.93
30263,12486,96,2,358.74
30264,12486,44,2,1215.99
30265,12486,77,2,211.77
30266,12487,77,2,199.5
30267,12487,39,2,38144.09
30268,12487,96,2,337.95
30269,12488,80,2,1636.88
30270,12488,30,1,347.04
30271,12488,57,2,747.77
30272,12489,98,1,399.05
30273,12489,80,1,1825.75
30274,12489,65,1,16058.97
30275,12489,38,1,232.91
30276,12490,12,1,357.42
30277,12491,44,1,1145.5
30278,12491,23,1,15203.34
30279,12491,4,2,373.5
30280,12491,12,2,336.7
30281,12492,52,2,224.06
30282,12492,60,2,182.6
30283,12493,23,2,15203.34
30284,12493,38,2,232.91
30285,12494,91,2,314.78
30286,12494,70,2,263.17
30287,12494,99,1,1293.07
30288,12494,98,1,423.6
30289,12495,38,2,232.91
30290,12496,44,1,1145.5
30291,12496,15,1,175.67
30292,12496,38,2,232.91
30293,12497,96,2,337.95
30294,12497,30,2,347.04
30295,12497,15,2,175.67
30296,12497,80,2,1825.75
30297,12498,77,2,199.5
30298,12499,77,1,199.5
30299,12499,96,2,337.95
30300,12500,4,1,396.49
30301,12501,80,2,1825.75
30302,12502,44,1,1145.5
30303,12502,77,1,199.5
30304,12502,96,1,337.95
30305,12502,38,1,232.91
30306,12503,23,2,15203.34
30307,12503,30,1,347.04
30308,12504,38,1,232.91
30309,12505,4,1,373.5
30310,12505,44,1,1145.5
30311,12505,96,1,337.95
30312,12505,99,1,1218.11
30313,12506,60,2,172.02
30314,12506,80,2,1825.75
30315,12506,15,1,175.67
30316,12506,70,1,276.51
30317,12507,98,2,399.05
30318,12507,96,2,337.95
30319,12507,52,2,211.07
30320,12508,70,1,276.51
30321,12508,77,1,199.5
30322,12509,23,1,16138.93
30323,12510,52,2,211.07
30324,12511,70,1,291.77
30325,12512,99,2,1218.11
30326,12513,4,2,373.5
30327,12513,15,2,175.67
30328,12513,44,1,1145.5
30329,12513,7,2,199.67
30330,12514,30,1,347.04
30331,12515,15,1,175.67
30332,12515,52,1,211.07
30333,12515,12,2,336.7
30334,12516,77,2,199.5
30335,12516,57,2,747.77
30336,12516,98,2,399.05
30337,12516,38,1,232.91
30338,12517,30,2,347.04
30339,12517,44,1,1145.5
30340,12518,52,2,224.06
30341,12519,99,2,1218.11
30342,12520,60,1,182.6
30343,12520,38,2,247.24
30344,12520,4,1,396.49
30345,12521,91,2,314.78
30346,12522,4,2,373.5
30347,12522,65,1,16058.97
30348,12523,65,2,16058.97
30349,12524,96,1,397.74
30350,12524,77,1,211.77
30351,12524,52,2,248.41
30352,12525,60,2,172.02
30353,12525,52,2,235.42
30354,12526,65,2,17047.21
30355,12526,44,1,1215.99
30356,12526,57,1,793.79
30357,12526,23,1,16138.93
30358,12527,49,1,444.24
30359,12527,4,1,373.5
30360,12527,96,2,376.94
30361,12528,96,1,376.94
30362,12529,44,2,1145.5
30363,12529,96,1,376.94
30364,12530,12,2,357.42
30365,12530,38,2,247.24
30366,12530,49,2,522.83
30367,12530,99,2,1293.07
30368,12531,96,2,363.94
30369,12532,52,1,227.3
30370,12532,57,1,719.01
30371,12532,65,1,15441.31
30372,12533,70,1,282.24
30373,12533,38,2,238.28
30374,12533,57,2,765.03
30375,12533,65,1,16429.56
30376,12534,30,2,355.04
30377,12535,77,1,204.1
30378,12535,15,1,179.72
30379,12535,98,2,408.26
30380,12536,57,2,719.01
30381,12537,4,1,382.12
30382,12537,12,1,344.47
30383,12537,57,2,765.03
30384,12538,70,1,266.98
30385,12538,65,1,15441.31
30386,12538,77,1,191.83
30387,12538,98,1,383.7
30388,12539,70,2,266.98
30389,12540,77,2,191.83
30390,12540,91,2,285.12
30391,12541,57,1,765.03
30392,12541,96,1,384.74
30393,12541,15,1,179.72
30394,12542,49,2,505.75
30395,12542,70,2,282.24
30396,12543,15,1,168.91
30397,12543,7,2,191.99
30398,12544,99,2,1246.22
30399,12544,52,1,240.29
30400,12544,12,1,344.47
30401,12545,70,2,266.98
30402,12545,91,1,285.12
30403,12545,49,1,478.41
30404,12545,12,1,323.75
30405,12546,39,1,36677.01
30406,12546,77,2,191.83
30407,12546,98,2,383.7
30408,12547,44,2,1101.44
30409,12548,77,2,204.1
30410,12548,12,2,344.47
30411,12548,91,2,303.37
30412,12548,49,1,505.75
30413,12549,15,2,168.91
30414,12549,99,2,1171.26
30415,12549,96,1,363.94
30416,12550,60,1,165.4
30417,12550,70,2,266.98
30418,12551,60,1,175.99
30419,12552,91,1,285.12
30420,12552,12,1,323.75
30421,12553,39,2,36677.01
30422,12553,15,2,168.91
30423,12554,77,2,191.83
30424,12554,98,2,429.74
30425,12554,60,1,165.4
30426,12555,23,2,17308.42
30427,12555,38,2,238.28
30428,12556,96,2,363.94
30429,12556,38,2,223.95
30430,12556,12,1,323.75
30431,12556,44,2,1101.44
30432,12557,23,1,16372.83
30433,12557,15,1,168.91
30434,12557,7,1,191.99
30435,12557,44,1,1101.44
30436,12558,38,2,223.95
30437,12558,77,1,191.83
30438,12558,7,2,191.99
30439,12559,60,2,185.25
30440,12559,77,1,191.83
30441,12560,91,1,285.12
30442,12560,52,1,227.3
30443,12560,98,2,429.74
30444,12561,15,1,168.91
30445,12562,38,1,238.28
30446,12562,91,2,337.59
30447,12562,77,2,204.1
30448,12563,98,2,429.74
30449,12563,99,1,1171.26
30450,12563,30,1,333.69
30451,12563,65,2,15441.31
30452,12564,30,2,355.04
30453,12564,39,2,39024.34
30454,12565,39,1,36677.01
30455,12565,96,2,363.94
30456,12565,23,2,16372.83
30457,12566,52,2,227.3
30458,12566,99,2,1311.81
30459,12566,38,2,250.82
30460,12566,77,1,191.83
30461,12567,77,2,191.83
30462,12568,52,2,227.3
30463,12568,39,1,36677.01
30464,12569,38,2,250.82
30465,12569,12,1,323.75
30466,12570,12,1,323.75
30467,12570,38,2,250.82
30468,12570,15,1,168.91
30469,12571,30,1,355.04
30470,12571,23,2,17308.42
30471,12571,4,2,382.12
30472,12571,7,1,204.27
30473,12572,99,1,1386.77
30474,12573,77,2,199.5
30475,12573,38,2,259.78
30476,12573,52,2,235.42
30477,12574,77,2,199.5
30478,12575,80,1,1926.48
30479,12575,39,1,40491.42
30480,12575,98,2,469.65
30481,12576,23,1,17893.17
30482,12576,98,1,469.65
30483,12577,77,2,222.52
30484,12577,60,2,191.86
30485,12577,91,2,330.75
30486,12578,91,1,348.99
30487,12579,77,2,222.52
30488,12579,15,2,175.67
30489,12579,30,2,347.04
30490,12579,38,1,259.78
30491,12580,57,1,747.77
30492,12581,65,2,16058.97
30493,12581,98,2,445.09
30494,12581,80,2,1825.75
30495,12582,80,1,1926.48
30496,12582,99,1,1433.63
30497,12583,23,1,17893.17
30498,12583,49,2,522.83
30499,12584,39,2,38144.09
30500,12584,15,2,175.67
30501,12585,39,1,38144.09
30502,12585,91,2,330.75
30503,12585,44,2,1145.5
30504,12586,39,1,38144.09
30505,12586,98,1,445.09
30506,12586,49,1,495.49
30507,12586,4,1,373.5
30508,12587,4,1,396.49
30509,12587,39,1,40491.42
30510,12588,60,1,191.86
30511,12588,12,2,375.55
30512,12589,38,1,259.78
30513,12589,7,2,199.67
30514,12590,65,2,16058.97
30515,12590,77,1,222.52
30516,12590,39,2,38144.09
30517,12590,60,1,191.86
30518,12591,38,1,274.11
30519,12591,23,1,17893.17
30520,12591,39,2,40491.42
30521,12592,7,1,211.95
30522,12592,30,1,368.39
30523,12592,65,1,17047.21
30524,12592,99,1,1433.63
30525,12593,65,2,17047.21
30526,12594,49,2,522.83
30527,12594,44,2,1215.99
30528,12595,39,2,40491.42
30529,12596,57,1,747.77
30530,12596,77,1,222.52
30531,12597,65,1,17047.21
30532,12597,91,1,348.99
30533,12598,65,1,16058.97
30534,12598,44,2,1277.67
30535,12599,65,1,17047.21
30536,12599,49,1,522.83
30537,12599,57,2,793.79
30538,12599,15,2,186.48
30539,12600,39,2,38144.09
30540,12601,15,2,195.94
30541,12601,60,1,191.86
30542,12601,23,1,16957.58
30543,12602,99,1,1358.66
30544,12602,65,2,16058.97
30545,12602,30,2,347.04
30546,12603,30,2,368.39
30547,12603,7,2,211.95
30548,12603,77,2,234.79
30549,12604,39,1,38144.09
30550,12604,30,1,347.04
30551,12604,77,1,222.52
30552,12604,99,1,1358.66
30553,12605,39,2,40491.42
30554,12605,30,2,368.39
30555,12605,12,1,396.27
30556,12606,15,2,195.94
30557,12606,57,1,747.77
30558,12606,12,2,375.55
30559,12606,23,2,16957.58
30560,12607,77,1,214.84
30561,12607,15,1,189.18
30562,12607,91,2,319.34
30563,12608,60,1,185.25
30564,12608,4,1,359.14
30565,12608,39,1,36677.01
30566,12608,15,2,189.18
30567,12609,99,2,1386.77
30568,12609,44,2,1304.1
30569,12609,30,1,355.04
30570,12609,77,1,227.12
30571,12610,39,1,36677.01
30572,12611,44,1,1304.1
30573,12612,44,2,1233.61
30574,12612,7,1,191.99
30575,12613,60,2,185.25
30576,12613,99,2,1311.81
30577,12613,7,2,191.99
30578,12614,39,2,36677.01
30579,12614,57,2,719.01
30580,12615,12,2,362.6
30581,12616,57,1,765.03
30582,12617,65,2,18282.51
30583,12617,57,2,765.03
30584,12618,12,1,362.6
30585,12618,65,1,17294.27
30586,12619,39,2,41078.25
30587,12619,15,1,189.18
30588,12620,57,2,765.03
30589,12620,12,1,383.32
30590,12621,44,1,1304.1
30591,12621,39,1,43425.58
30592,12621,7,2,204.27
30593,12621,65,1,18282.51
30594,12622,4,1,382.12
30595,12623,57,1,805.29
30596,12623,4,1,359.14
30597,12623,7,2,191.99
30598,12624,57,1,851.31
30599,12625,65,1,18282.51
30600,12626,30,2,373.73
30601,12626,7,1,191.99
30602,12627,15,1,189.18
30603,12627,7,1,191.99
30604,12628,39,2,41078.25
30605,12628,15,2,189.18
30606,12628,30,1,373.73
30607,12629,30,2,373.73
30608,12629,57,1,805.29
30609,12629,4,1,359.14
30610,12629,65,2,17294.27
30611,12630,4,1,359.14
30612,12630,15,1,189.18
30613,12631,39,1,41078.25
30614,12632,30,2,373.73
30615,12633,57,1,805.29
30616,12633,65,1,17294.27
30617,12633,4,2,359.14
30618,12633,30,1,373.73
30619,12634,57,2,805.29
30620,12634,7,2,191.99
30621,12635,39,2,41078.25
30622,12635,30,2,373.73
30623,12636,30,2,395.09
30624,12636,4,1,382.12
30625,12637,39,2,41078.25
30626,12638,4,1,382.12
30627,12638,39,1,43425.58
30628,12639,57,1,851.31
30629,12640,57,1,805.29
30630,12640,7,1,191.99
30631,12640,39,1,41078.25
30632,12640,30,1,373.73
30633,12641,7,1,191.99
30634,12641,4,1,359.14
30635,12641,57,1,805.29
30636,12642,4,2,382.12
30637,12642,7,2,204.27
30638,12643,57,2,805.29
30639,12644,57,1,805.29
30640,12644,7,2,215.03
30641,12645,7,2,215.03
30642,12646,4,2,382.12
30643,12647,7,2,234.99
30644,12647,4,1,439.58
30645,12648,4,2,416.6
30646,12648,7,1,222.71
30647,12649,7,1,222.71
30648,12649,4,1,416.6
30649,12650,7,2,222.71
30650,12650,4,1,416.6
30651,12651,4,1,416.6
30652,12652,4,2,439.58
30653,12652,7,2,234.99
30654,12653,7,1,222.71
30655,12653,4,1,416.6
30656,12654,4,1,416.6
30657,12655,4,2,416.6
30658,12656,4,1,416.6
30659,12657,27,1,17961.24
30660,12657,69,2,1957.38
30661,12658,3,1,221.07
30662,12658,78,1,12794.89
30663,12659,78,2,12794.89
30664,12659,100,1,827.42
30665,12659,37,1,1002.24
30666,12660,74,2,133.17
30667,12660,24,2,67.0
30668,12660,38,2,232.91
30669,12661,34,2,714.4
30670,12661,65,2,17047.21
30671,12661,74,1,156.73
30672,12661,80,1,1737.61
30673,12662,38,2,232.91
30674,12662,45,2,65.25
30675,12662,3,2,221.07
30676,12663,78,2,12794.89
30677,12663,24,1,67.0
30678,12664,100,1,878.34
30679,12665,51,2,1350.08
30680,12665,38,2,232.91
30681,12665,80,2,1636.88
30682,12666,80,2,1737.61
30683,12666,100,1,878.34
30684,12666,74,2,156.73
30685,12666,24,1,71.13
30686,12667,34,1,714.4
30687,12667,41,1,258.68
30688,12668,20,2,15004.81
30689,12669,37,2,1063.91
30690,12670,20,2,15928.18
30691,12670,51,2,1433.16
30692,12671,74,2,148.54
30693,12672,65,2,16058.97
30694,12672,37,2,1002.24
30695,12673,37,1,1002.24
30696,12674,74,2,156.73
30697,12674,45,2,69.26
30698,12675,65,2,16058.97
30699,12675,37,1,1002.24
30700,12675,74,1,148.54
30701,12676,3,1,221.07
30702,12677,65,1,16058.97
30703,12677,20,1,15004.81
30704,12677,45,2,65.25
30705,12677,78,1,12794.89
30706,12678,36,1,114.56
30707,12679,100,2,827.42
30708,12679,38,1,232.91
30709,12679,36,1,114.56
30710,12679,27,1,16920.01
30711,12680,27,1,16920.01
30712,12681,69,2,1957.38
30713,12681,78,2,13582.26
30714,12682,38,2,232.91
30715,12682,41,1,243.69
30716,12682,100,1,827.42
30717,12683,100,2,795.6
30718,12683,69,2,1772.99
30719,12683,78,1,13779.11
30720,12684,100,1,941.99
30721,12684,65,1,16429.56
30722,12685,38,2,223.95
30723,12686,47,2,554.39
30724,12686,37,1,963.69
30725,12686,36,1,110.15
30726,12686,65,1,15441.31
30727,12687,34,2,647.1
30728,12687,27,2,16269.24
30729,12687,45,2,62.74
30730,12688,27,1,16269.24
30731,12689,37,1,1025.36
30732,12689,24,2,68.55
30733,12689,27,2,17310.47
30734,12690,24,2,68.55
30735,12690,51,1,1381.23
30736,12690,47,1,589.87
30737,12690,41,1,277.43
30738,12691,74,2,143.42
30739,12691,69,2,1772.99
30740,12691,47,2,554.39
30741,12692,3,2,212.56
30742,12692,27,2,16269.24
30743,12692,65,1,15441.31
30744,12692,74,2,143.42
30745,12693,36,1,117.2
30746,12694,27,2,17310.47
30747,12695,24,2,64.42
30748,12696,65,1,15441.31
30749,12696,34,1,647.1
30750,12696,37,1,963.69
30751,12697,36,1,110.15
30752,12697,80,2,1762.8
30753,12698,45,1,62.74
30754,12699,69,1,1772.99
30755,12699,65,1,15441.31
30756,12700,41,1,262.43
30757,12700,37,1,963.69
30758,12700,3,1,212.56
30759,12700,69,1,1772.99
30760,12701,78,1,14566.49
30761,12702,51,1,1298.15
30762,12702,38,1,223.95
30763,12702,24,1,64.42
30764,12703,65,2,16429.56
30765,12704,65,1,18282.51
30766,12704,78,2,14566.49
30767,12705,3,2,212.56
30768,12705,24,1,64.42
30769,12705,41,2,262.43
30770,12706,27,1,17310.47
30771,12706,37,1,1025.36
30772,12706,51,1,1381.23
30773,12706,65,1,18282.51
30774,12707,34,1,688.51
30775,12707,51,1,1381.23
30776,12708,41,1,277.43
30777,12708,65,2,18282.51
30778,12708,78,2,14566.49
30779,12709,65,2,17294.27
30780,12709,27,2,16269.24
30781,12709,3,2,238.07
30782,12710,51,2,1298.15
30783,12710,27,2,18221.55
30784,12710,45,1,62.74
30785,12711,65,2,18282.51
30786,12711,41,2,277.43
30787,12711,37,1,1025.36
30788,12711,45,2,66.75
30789,12712,47,1,554.39
30790,12712,69,2,1772.99
30791,12712,34,1,647.1
30792,12712,51,2,1298.15
30793,12713,100,1,941.99
30794,12713,41,1,277.43
30795,12713,20,1,15351.07
30796,12713,51,1,1381.23
30797,12714,69,1,1772.99
30798,12714,38,1,223.95
30799,12714,3,2,238.07
30800,12715,80,1,1863.53
30801,12715,27,1,19262.78
30802,12716,41,1,262.43
30803,12716,3,1,238.07
30804,12716,45,2,62.74
30805,12716,27,1,18221.55
30806,12717,47,1,589.87
30807,12718,41,1,262.43
30808,12718,65,1,17294.27
30809,12718,36,2,110.15
30810,12719,69,1,1772.99
30811,12720,20,2,15928.18
30812,12720,100,2,973.81
30813,12721,20,2,15004.81
30814,12721,69,1,1843.91
30815,12721,36,1,114.56
30816,12722,45,1,65.25
30817,12722,37,1,1002.24
30818,12723,36,1,114.56
30819,12723,45,1,65.25
30820,12723,69,1,1843.91
30821,12724,37,2,1002.24
30822,12724,34,1,672.98
30823,12724,80,1,1825.75
30824,12724,78,1,14271.22
30825,12725,51,2,1350.08
30826,12725,47,1,576.56
30827,12726,78,1,15058.6
30828,12726,65,2,18900.17
30829,12726,24,1,71.13
30830,12727,24,2,71.13
30831,12727,36,1,121.61
30832,12727,45,1,69.26
30833,12728,24,2,71.13
30834,12729,65,1,17911.92
30835,12729,47,1,576.56
30836,12730,36,2,114.56
30837,12730,47,2,576.56
30838,12730,78,2,14271.22
30839,12731,47,2,576.56
30840,12732,36,2,121.61
30841,12733,65,1,18900.17
30842,12733,27,1,19913.55
30843,12733,34,1,714.4
30844,12734,27,1,19913.55
30845,12734,100,1,973.81
30846,12734,69,1,1957.38
30847,12735,37,1,1002.24
30848,12735,34,2,672.98
30849,12736,45,1,65.25
30850,12737,3,1,260.18
30851,12737,36,2,121.61
30852,12738,20,1,17659.5
30853,12738,78,1,15058.6
30854,12738,3,2,260.18
30855,12739,3,1,260.18
30856,12739,69,2,1957.38
30857,12740,45,1,65.25
30858,12740,36,1,114.56
30859,12740,51,2,1350.08
30860,12741,45,2,72.78
30861,12742,24,1,67.0
30862,12743,80,1,1825.75
30863,12744,27,2,18872.32
30864,12745,51,1,1433.16
30865,12745,69,1,1957.38
30866,12746,38,2,274.11
30867,12746,100,2,973.81
30868,12746,69,2,1957.38
30869,12747,47,1,612.04
30870,12748,20,1,16736.13
30871,12748,100,1,922.9
30872,12748,69,1,2056.67
30873,12748,51,1,1350.08
30874,12749,37,1,1002.24
30875,12749,36,2,114.56
30876,12749,20,2,16736.13
30877,12749,69,1,2056.67
30878,12750,37,2,1002.24
30879,12750,38,2,259.78
30880,12750,34,2,672.98
30881,12751,36,1,114.56
30882,12752,20,2,16736.13
30883,12752,69,1,2056.67
30884,12752,34,2,672.98
30885,12753,20,2,16736.13
30886,12753,36,1,114.56
30887,12753,34,2,672.98
30888,12753,38,1,259.78
30889,12754,47,1,612.04
30890,12754,38,2,274.11
30891,12754,69,2,2170.14
30892,12754,37,2,1179.55
30893,12755,37,1,1117.88
30894,12756,24,1,71.13
30895,12756,51,1,1433.16
30896,12756,45,2,76.79
30897,12757,45,2,76.79
30898,12758,34,1,672.98
30899,12758,45,1,72.78
30900,12758,51,2,1350.08
30901,12758,37,2,1117.88
30902,12759,51,2,1433.16
30903,12759,34,1,714.4
30904,12759,45,1,76.79
30905,12759,37,2,1179.55
30906,12760,47,2,554.39
30907,12760,69,1,1985.75
30908,12760,24,1,64.42
30909,12761,34,1,647.1
30910,12761,36,1,110.15
30911,12761,37,2,1079.33
30912,12762,20,2,16159.02
30913,12763,47,2,554.39
30914,12764,24,2,64.42
30915,12764,37,2,1079.33
30916,12764,45,2,70.27
30917,12764,34,2,647.1
30918,12765,34,1,647.1
30919,12765,47,1,554.39
30920,12765,37,1,1079.33
30921,12766,69,1,2099.22
30922,12766,38,2,265.16
30923,12766,34,2,688.51
30924,12767,38,2,250.82
30925,12767,51,2,1298.15
30926,12767,24,2,64.42
30927,12767,45,1,70.27
30928,12768,38,1,250.82
30929,12769,51,1,1298.15
30930,12769,20,1,16159.02
30931,12769,69,1,1985.75
30932,12769,24,2,64.42
30933,12770,34,1,647.1
30934,12771,47,2,554.39
30935,12772,36,1,110.15
30936,12772,47,1,620.91
30937,12772,34,1,647.1
30938,12773,69,2,2099.22
30939,12773,34,2,688.51
30940,12773,47,2,656.39
30941,12774,51,1,1381.23
30942,12774,36,1,117.2
30943,12774,34,2,766.17
30944,12775,47,1,656.39
30945,12776,34,1,766.17
30946,12776,47,1,656.39
30947,12777,36,2,123.37
30948,12777,47,1,620.91
30949,12778,51,1,1298.15
30950,12778,34,2,724.75
30951,12778,36,2,123.37
30952,12778,47,2,620.91
30953,12779,24,1,64.42
30954,12779,51,1,1298.15
30955,12780,51,1,1537.01
30956,12781,47,2,620.91
30957,12782,24,1,64.42
30958,12783,47,1,620.91
30959,12783,34,2,724.75
30960,12784,24,1,68.55
30961,12784,34,1,766.17
30962,12785,34,1,724.75
30963,12786,24,1,64.42
30964,12787,36,2,130.42
30965,12787,34,2,766.17
30966,12788,36,1,123.37
30967,12788,24,2,64.42
30968,12788,51,2,1453.93
30969,12789,24,1,72.16
30970,12789,51,1,1453.93
30971,12790,36,2,130.42
30972,12790,51,1,1537.01
30973,12790,24,2,76.28
30974,12791,51,2,1537.01
30975,12791,24,2,76.28
30976,12792,51,1,1453.93
30977,12792,24,2,72.16
30978,12792,36,2,123.37
30979,12793,51,2,1537.01
30980,12793,24,1,76.28
30981,12793,36,1,130.42
30982,12794,24,1,76.28
30983,12795,51,1,1453.93
30984,12796,49,2,444.24
30985,12796,89,2,231.05
30986,12796,69,2,1843.91
30987,12796,97,1,287.62
30988,12797,97,2,287.62
30989,12797,72,2,402.56
30990,12797,69,1,1843.91
30991,12798,69,2,1957.38
30992,12799,44,2,1145.5
30993,12799,12,1,336.7
30994,12800,89,1,231.05
30995,12800,12,1,336.7
30996,12800,72,2,402.56
30997,12801,97,1,287.62
30998,12801,69,2,1843.91
30999,12801,56,1,265.88
31000,12802,44,1,1215.99
31001,12802,97,2,305.32
31002,12803,64,1,383.68
31003,12803,69,2,1843.91
31004,12804,49,1,471.57
31005,12805,44,1,1145.5
31006,12805,89,1,231.05
31007,12805,64,2,383.68
31008,12806,44,2,1215.99
31009,12807,69,1,2056.67
31010,12808,61,2,202.88
31011,12808,72,1,402.56
31012,12808,89,2,231.05
31013,12808,56,2,265.88
31014,12809,56,1,282.24
31015,12809,69,2,2170.14
31016,12809,64,2,407.29
31017,12810,64,1,407.29
31018,12810,69,2,2170.14
31019,12810,49,2,471.57
31020,12811,69,2,1985.75
31021,12812,56,2,255.65
31022,12812,72,1,387.08
31023,12812,97,1,276.56
31024,12813,49,1,427.15
31025,12813,89,2,222.16
31026,12813,12,2,323.75
31027,12814,69,1,1985.75
31028,12815,12,1,344.47
31029,12815,72,1,411.85
31030,12815,97,1,294.26
31031,12816,69,1,1985.75
31032,12816,64,2,368.92
31033,12816,97,1,276.56
31034,12816,72,1,387.08
31035,12817,61,1,195.07
31036,12818,61,2,195.07
31037,12819,56,2,255.65
31038,12819,61,1,195.07
31039,12820,49,1,427.15
31040,12820,89,1,222.16
31041,12821,64,1,368.92
31042,12821,72,2,387.08
31043,12822,72,1,458.3
31044,12822,49,1,454.49
31045,12823,64,1,368.92
31046,12823,61,2,195.07
31047,12823,49,2,427.15
31048,12824,64,2,392.54
31049,12824,56,2,272.01
31050,12824,12,2,344.47
31051,12824,72,2,458.3
31052,12825,44,1,1171.93
31053,12825,56,2,272.01
31054,12825,64,1,436.81
31055,12826,56,2,255.65
31056,12826,89,2,222.16
31057,12826,49,1,427.15
31058,12826,12,2,323.75
31059,12827,72,2,433.52
31060,12827,97,1,276.56
31061,12828,12,1,323.75
31062,12828,49,1,427.15
31063,12828,44,1,1101.44
31064,12829,89,1,236.38
31065,12829,97,2,294.26
31066,12829,44,2,1171.93
31067,12830,56,2,272.01
31068,12830,97,1,294.26
31069,12830,64,1,436.81
31070,12830,44,2,1171.93
31071,12831,97,2,294.26
31072,12831,44,1,1171.93
31073,12831,64,1,436.81
31074,12831,72,2,458.3
31075,12832,89,2,236.38
31076,12832,72,2,458.3
31077,12832,97,1,327.45
31078,12833,61,2,207.56
31079,12833,72,1,458.3
31080,12833,56,2,272.01
31081,12834,89,2,263.04
31082,12835,97,2,309.75
31083,12835,89,1,248.82
31084,12836,44,2,1101.44
31085,12836,64,1,413.2
31086,12836,61,2,195.07
31087,12836,89,1,248.82
31088,12837,64,1,436.81
31089,12838,61,2,195.07
31090,12839,64,2,436.81
31091,12839,56,2,272.01
31092,12840,49,1,478.41
31093,12840,72,2,433.52
31094,12840,44,2,1101.44
31095,12841,56,2,255.65
31096,12841,89,1,248.82
31097,12841,97,1,309.75
31098,12842,56,1,255.65
31099,12842,49,1,478.41
31100,12842,44,2,1101.44
31101,12843,89,1,248.82
31102,12843,56,2,255.65
31103,12844,49,1,505.75
31104,12844,64,1,436.81
31105,12845,89,1,248.82
31106,12845,56,1,255.65
31107,12846,64,2,451.56
31108,12846,44,1,1215.99
31109,12846,97,1,338.51
31110,12846,12,2,357.42
31111,12847,56,1,265.88
31112,12848,97,1,320.81
31113,12848,89,2,257.71
31114,12848,12,2,336.7
31115,12849,61,1,215.36
31116,12849,56,2,282.24
31117,12849,89,2,271.93
31118,12850,97,1,320.81
31119,12850,89,1,257.71
31120,12850,61,2,202.88
31121,12851,44,2,1215.99
31122,12852,61,2,202.88
31123,12852,12,2,375.55
31124,12852,49,1,495.49
31125,12853,49,1,495.49
31126,12853,97,1,320.81
31127,12853,61,2,202.88
31128,12853,44,2,1145.5
31129,12854,97,1,320.81
31130,12854,49,2,495.49
31131,12854,56,1,296.55
31132,12854,61,1,202.88
31133,12855,44,1,1215.99
31134,12856,12,2,396.27
31135,12856,56,2,312.92
31136,12856,61,2,215.36
31137,12856,44,1,1348.16
31138,12857,61,1,202.88
31139,12857,12,1,375.55
31140,12857,44,2,1277.67
31141,12858,49,2,522.83
31142,12858,44,1,1348.16
31143,12859,49,2,495.49
31144,12860,56,2,296.55
31145,12860,44,2,1277.67
31146,12861,44,1,1348.16
31147,12861,12,1,396.27
31148,12861,61,2,215.36
31149,12862,12,2,375.55
31150,12862,44,2,1277.67
31151,12863,12,2,396.27
31152,12863,56,2,312.92
31153,12863,44,1,1348.16
31154,12863,61,2,215.36
31155,12864,56,2,296.55
31156,12864,44,1,1277.67
31157,12865,56,1,312.92
31158,12865,44,1,1348.16
31159,12865,61,1,238.77
31160,12865,12,2,396.27
31161,12866,61,2,226.29
31162,12867,61,2,238.77
31163,12868,61,2,226.29
31164,12869,61,2,226.29
31165,12870,61,1,238.77
31166,12871,61,1,238.77
31167,12872,61,2,226.29
31168,12873,79,2,222.94
31169,12873,23,2,14618.6
31170,12874,92,2,27057.02
31171,12875,83,1,8296.46
31172,12875,44,2,1171.93
31173,12876,24,2,68.55
31174,12876,68,1,9547.06
31175,12876,58,1,18763.93
31176,12876,72,1,411.85
31177,12877,65,2,15441.31
31178,12877,93,1,333.24
31179,12878,11,2,168.38
31180,12878,32,1,203.36
31181,12878,52,1,202.95
31182,12879,77,1,191.83
31183,12879,83,1,7797.42
31184,12879,32,2,203.36
31185,12879,46,2,353.04
31186,12880,24,2,64.42
31187,12881,65,2,16429.56
31188,12881,58,2,18763.93
31189,12881,11,2,179.15
31190,12882,23,2,14618.6
31191,12882,68,2,8972.8
31192,12882,79,2,222.94
31193,12882,40,1,1052.14
31194,12883,52,1,215.94
31195,12884,65,1,16429.56
31196,12885,68,2,9547.06
31197,12885,11,1,179.15
31198,12886,78,1,12302.77
31199,12886,23,1,14618.6
31200,12886,72,2,387.08
31201,12887,40,2,1119.47
31202,12888,23,2,15554.19
31203,12888,72,1,411.85
31204,12889,78,1,12302.77
31205,12890,23,2,15554.19
31206,12890,66,1,352.13
31207,12890,93,2,354.56
31208,12890,52,2,215.94
31209,12891,68,1,9547.06
31210,12891,11,2,179.15
31211,12891,44,2,1171.93
31212,12891,53,1,902.9
31213,12892,65,2,16429.56
31214,12892,23,2,15554.19
31215,12893,35,2,222.75
31216,12893,44,1,1101.44
31217,12893,79,1,222.94
31218,12893,23,1,14618.6
31219,12894,44,2,1101.44
31220,12894,46,1,353.04
31221,12894,50,1,214.94
31222,12894,93,1,333.24
31223,12895,92,2,28788.67
31224,12895,66,2,391.84
31225,12895,9,2,571.45
31226,12896,72,1,387.08
31227,12896,44,1,1101.44
31228,12896,65,2,15441.31
31229,12896,79,1,222.94
31230,12897,40,2,1052.14
31231,12897,78,2,12302.77
31232,12897,24,1,64.42
31233,12898,23,2,15554.19
31234,12898,46,1,375.63
31235,12899,35,1,237.01
31236,12900,72,2,387.08
31237,12901,23,2,14618.6
31238,12902,50,2,228.69
31239,12902,46,2,375.63
31240,12902,11,1,179.15
31241,12902,24,1,68.55
31242,12903,50,1,214.94
31243,12903,23,2,14618.6
31244,12904,23,2,15554.19
31245,12904,72,2,411.85
31246,12904,77,1,204.1
31247,12905,77,1,204.1
31248,12905,65,1,16429.56
31249,12906,32,2,203.36
31250,12906,68,1,8972.8
31251,12907,52,1,202.95
31252,12908,35,2,222.75
31253,12908,46,2,353.04
31254,12908,66,2,370.66
31255,12908,78,1,12302.77
31256,12909,52,2,202.95
31257,12909,35,2,222.75
31258,12909,92,2,30303.87
31259,12910,50,2,228.69
31260,12910,83,2,8296.46
31261,12910,77,1,204.1
31262,12910,46,1,375.63
31263,12911,11,2,168.38
31264,12911,79,1,222.94
31265,12911,50,2,214.94
31266,12912,46,2,353.04
31267,12912,53,2,848.59
31268,12912,40,1,1052.14
31269,12912,52,1,202.95
31270,12913,92,1,30303.87
31271,12913,23,1,14618.6
31272,12913,77,1,191.83
31273,12913,52,1,202.95
31274,12914,79,2,222.94
31275,12915,93,2,333.24
31276,12916,9,2,537.08
31277,12917,32,2,216.38
31278,12918,46,2,367.16
31279,12918,53,1,882.53
31280,12918,11,2,175.11
31281,12918,50,1,223.53
31282,12919,23,2,15203.34
31283,12919,9,2,558.56
31284,12919,53,1,882.53
31285,12920,40,1,1161.56
31286,12920,32,2,224.51
31287,12920,53,2,936.84
31288,12920,46,2,389.75
31289,12921,53,1,882.53
31290,12922,53,1,936.84
31291,12923,40,2,1094.22
31292,12923,23,1,15203.34
31293,12923,24,2,67.0
31294,12923,50,1,223.53
31295,12924,11,1,175.11
31296,12924,83,1,8109.32
31297,12924,77,2,199.5
31298,12925,58,2,19469.34
31299,12925,9,2,657.38
31300,12925,79,2,246.12
31301,12926,40,1,1161.56
31302,12926,72,1,427.33
31303,12926,79,2,246.12
31304,12926,83,2,8608.36
31305,12927,11,1,175.11
31306,12927,58,1,18340.69
31307,12927,9,2,623.01
31308,12928,53,1,882.53
31309,12928,92,1,31386.15
31310,12928,52,1,211.07
31311,12928,78,2,14271.22
31312,12929,35,1,245.92
31313,12929,23,1,17893.17
31314,12930,68,1,9331.71
31315,12930,93,2,346.57
31316,12930,83,2,8109.32
31317,12931,52,2,211.07
31318,12932,79,1,246.12
31319,12932,52,1,224.06
31320,12933,66,1,383.9
31321,12933,44,2,1145.5
31322,12934,83,2,8109.32
31323,12935,58,2,18340.69
31324,12935,92,1,31386.15
31325,12936,40,2,1161.56
31326,12936,50,1,237.29
31327,12936,65,2,18900.17
31328,12936,32,2,224.51
31329,12937,9,2,623.01
31330,12937,32,1,235.9
31331,12937,93,1,346.57
31332,12937,58,1,20456.92
31333,12938,66,1,405.08
31334,12938,46,2,389.75
31335,12938,23,1,17893.17
31336,12939,9,2,657.38
31337,12939,93,1,367.89
31338,12940,40,2,1094.22
31339,12940,77,1,199.5
31340,12940,11,1,195.31
31341,12940,78,2,14271.22
31342,12941,32,2,235.9
31343,12941,24,1,67.0
31344,12941,66,2,383.9
31345,12941,23,2,16957.58
31346,12942,40,1,1094.22
31347,12942,58,2,20456.92
31348,12942,9,1,623.01
31349,12942,11,2,195.31
31350,12943,53,2,882.53
31351,12943,35,1,231.66
31352,12943,40,2,1094.22
31353,12943,50,2,223.53
31354,12944,65,2,18900.17
31355,12944,72,1,427.33
31356,12945,65,1,17911.92
31357,12946,77,2,199.5
31358,12947,52,2,211.07
31359,12947,40,1,1094.22
31360,12947,72,2,402.56
31361,12948,77,2,199.5
31362,12949,72,2,402.56
31363,12949,40,1,1094.22
31364,12950,72,2,427.33
31365,12950,68,2,9905.97
31366,12950,66,1,405.08
31367,12951,58,2,20456.92
31368,12951,23,2,16957.58
31369,12951,11,2,195.31
31370,12951,93,1,386.56
31371,12952,79,1,246.12
31372,12952,50,1,237.29
31373,12952,52,1,248.41
31374,12953,44,1,1145.5
31375,12953,72,2,449.01
31376,12954,58,2,21585.58
31377,12954,65,1,18900.17
31378,12954,32,2,248.92
31379,12955,44,1,1145.5
31380,12955,9,1,623.01
31381,12955,92,2,31386.15
31382,12955,23,1,16957.58
31383,12956,92,1,33117.8
31384,12956,40,1,1161.56
31385,12956,23,2,17893.17
31386,12956,46,2,389.75
31387,12957,46,1,389.75
